网站简称	网站详细名称	网站所属大类	网站详细标签	网站简介	网站详细简介	网站官网网址	是否需要加速器
12306	铁路12306	出行	生活服务,出行服务	铁路官方购票平台	铁路官方购票平台。这里提供铁路12306的官方服务与相关信息，支持通过官网了解产品、功能、使用方式及最新动态；具体服务范围、开放地区和使用规则请以官方网站当前页面为准。官方网站：12306.cn。	https://www.12306.cn	否
台铃	Tailg台铃	出行	生活服务,出行服务	国产电动车品牌	国产电动车品牌。这里提供Tailg台铃的官方服务与相关信息，支持通过官网了解产品、功能、使用方式及最新动态；具体服务范围、开放地区和使用规则请以官方网站当前页面为准。官方网站：tailg.cn。	https://www.tailg.cn	否
哈啰	Hellobike哈啰	出行	生活服务,出行服务	共享单车与出行服务平台	共享单车与出行服务平台。这里提供Hellobike哈啰的官方服务与相关信息，支持通过官网了解产品、功能、使用方式及最新动态；具体服务范围、开放地区和使用规则请以官方网站当前页面为准。官方网站：hellobike.com。	https://www.hellobike.com	否
小牛	NIU小牛	出行	生活服务,出行服务	智能电动车品牌	智能电动车品牌。这里提供NIU小牛的官方服务与相关信息，支持通过官网了解产品、功能、使用方式及最新动态；具体服务范围、开放地区和使用规则请以官方网站当前页面为准。官方网站：niu.com。	https://www.niu.com	否
携程旅行	携程	出行	生活服务,出行服务	综合旅游服务平台	综合旅游服务平台。这里提供携程的官方服务与相关信息，支持通过官网了解产品、功能、使用方式及最新动态；具体服务范围、开放地区和使用规则请以官方网站当前页面为准。官方网站：ctrip.com。	https://www.ctrip.com	否
滴滴	Didi滴滴	出行	生活服务,出行服务	中国领先出行平台	中国领先出行平台。这里提供Didi滴滴的官方服务与相关信息，支持通过官网了解产品、功能、使用方式及最新动态；具体服务范围、开放地区和使用规则请以官方网站当前页面为准。官方网站：didiglobal.com。	https://www.didiglobal.com	否
绿源	Luyuan绿源	出行	生活服务,出行服务	国产电动车品牌	国产电动车品牌。这里提供Luyuan绿源的官方服务与相关信息，支持通过官网了解产品、功能、使用方式及最新动态；具体服务范围、开放地区和使用规则请以官方网站当前页面为准。官方网站：luyuan.com。	https://www.luyuan.com	否
美团	美团	出行	生活服务,出行服务	生活服务电商平台	生活服务电商平台。这里提供美团的官方服务与相关信息，支持通过官网了解产品、功能、使用方式及最新动态；具体服务范围、开放地区和使用规则请以官方网站当前页面为准。官方网站：meituan.com。	https://www.meituan.com	否
雅迪	Yadea雅迪	出行	生活服务,出行服务	国产电动车品牌	国产电动车品牌。这里提供Yadea雅迪的官方服务与相关信息，支持通过官网了解产品、功能、使用方式及最新动态；具体服务范围、开放地区和使用规则请以官方网站当前页面为准。官方网站：yadea.com。	https://www.yadea.com	否
飞猪旅行	飞猪	出行	生活服务,出行服务	阿里旗下旅行平台	阿里旗下旅行平台。这里提供飞猪的官方服务与相关信息，支持通过官网了解产品、功能、使用方式及最新动态；具体服务范围、开放地区和使用规则请以官方网站当前页面为准。官方网站：fliggy.com。	https://www.fliggy.com	否
饿了么	饿了么	出行	生活服务,出行服务	阿里旗下外卖平台	阿里旗下外卖平台。这里提供饿了么的官方服务与相关信息，支持通过官网了解产品、功能、使用方式及最新动态；具体服务范围、开放地区和使用规则请以官方网站当前页面为准。官方网站：ele.me。	https://www.ele.me	否
大众点评	大众点评	出行	生活服务,出行服务	本地生活	本地生活。这里提供大众点评的官方服务与相关信息，支持通过官网了解产品、功能、使用方式及最新动态；具体服务范围、开放地区和使用规则请以官方网站当前页面为准。官方网站：dianping.com。	https://www.dianping.com	否
去哪儿旅行	去哪儿旅行	出行	生活服务,出行服务	在线旅游	在线旅游。这里提供去哪儿旅行的官方服务与相关信息，支持通过官网了解产品、功能、使用方式及最新动态；具体服务范围、开放地区和使用规则请以官方网站当前页面为准。官方网站：qunar.com。	https://www.qunar.com	否
百度地图	百度地图	出行	生活服务,出行服务	地图导航	地图导航。这里提供百度地图的官方服务与相关信息，支持通过官网了解产品、功能、使用方式及最新动态；具体服务范围、开放地区和使用规则请以官方网站当前页面为准。官方网站：map.baidu.com。	https://map.baidu.com	否
腾讯地图	腾讯地图	出行	生活服务,出行服务	地图导航	地图导航。这里提供腾讯地图的官方服务与相关信息，支持通过官网了解产品、功能、使用方式及最新动态；具体服务范围、开放地区和使用规则请以官方网站当前页面为准。官方网站：map.qq.com。	https://map.qq.com	否
墨迹天气	墨迹天气	出行	生活服务,出行服务	天气应用	天气应用。这里提供墨迹天气的官方服务与相关信息，支持通过官网了解产品、功能、使用方式及最新动态；具体服务范围、开放地区和使用规则请以官方网站当前页面为准。官方网站：moji.com。	https://www.moji.com	否
中国天气	中国天气网	出行	生活服务,出行服务	天气预报	天气预报。这里提供中国天气网的官方服务与相关信息，支持通过官网了解产品、功能、使用方式及最新动态；具体服务范围、开放地区和使用规则请以官方网站当前页面为准。官方网站：weather.com.cn。	http://www.weather.com.cn	否
58同城	58同城	出行	生活服务,出行服务	分类信息	分类信息。这里提供58同城的官方服务与相关信息，支持通过官网了解产品、功能、使用方式及最新动态；具体服务范围、开放地区和使用规则请以官方网站当前页面为准。官方网站：58.com。	https://www.58.com	否
赶集网	赶集网	出行	生活服务,出行服务	分类信息	分类信息。这里提供赶集网的官方服务与相关信息，支持通过官网了解产品、功能、使用方式及最新动态；具体服务范围、开放地区和使用规则请以官方网站当前页面为准。官方网站：ganji.com。	https://www.ganji.com	否
贝壳找房	贝壳找房	出行	生活服务,出行服务	房产平台	房产平台。这里提供贝壳找房的官方服务与相关信息，支持通过官网了解产品、功能、使用方式及最新动态；具体服务范围、开放地区和使用规则请以官方网站当前页面为准。官方网站：ke.com。	https://www.ke.com	否
安居客	安居客	出行	生活服务,出行服务	房产平台	房产平台。这里提供安居客的官方服务与相关信息，支持通过官网了解产品、功能、使用方式及最新动态；具体服务范围、开放地区和使用规则请以官方网站当前页面为准。官方网站：anjuke.com。	https://www.anjuke.com	否
链家	链家	出行	生活服务,出行服务	房产平台	房产平台。这里提供链家的官方服务与相关信息，支持通过官网了解产品、功能、使用方式及最新动态；具体服务范围、开放地区和使用规则请以官方网站当前页面为准。官方网站：lianjia.com。	https://www.lianjia.com	否
智联招聘	智联招聘	出行	生活服务,出行服务	招聘平台	招聘平台。这里提供智联招聘的官方服务与相关信息，支持通过官网了解产品、功能、使用方式及最新动态；具体服务范围、开放地区和使用规则请以官方网站当前页面为准。官方网站：zhaopin.com。	https://www.zhaopin.com	否
前程无忧	前程无忧	出行	生活服务,出行服务	招聘平台	招聘平台。这里提供前程无忧的官方服务与相关信息，支持通过官网了解产品、功能、使用方式及最新动态；具体服务范围、开放地区和使用规则请以官方网站当前页面为准。官方网站：51job.com。	https://www.51job.com	否
BOSS直聘	BOSS直聘	出行	生活服务,出行服务	招聘平台	招聘平台。这里提供BOSS直聘的官方服务与相关信息，支持通过官网了解产品、功能、使用方式及最新动态；具体服务范围、开放地区和使用规则请以官方网站当前页面为准。官方网站：zhipin.com。	https://www.zhipin.com	否
拉勾网	拉勾网	出行	生活服务,出行服务	招聘平台	招聘平台。这里提供拉勾网的官方服务与相关信息，支持通过官网了解产品、功能、使用方式及最新动态；具体服务范围、开放地区和使用规则请以官方网站当前页面为准。官方网站：lagou.com。	https://www.lagou.com	否
京东物流	京东物流	出行	生活服务,出行服务	物流	物流。这里提供京东物流的官方服务与相关信息，支持通过官网了解产品、功能、使用方式及最新动态；具体服务范围、开放地区和使用规则请以官方网站当前页面为准。官方网站：jdl.com。	https://www.jdl.com	否
顺丰速运	顺丰速运	出行	生活服务,出行服务	快递	快递。这里提供顺丰速运的官方服务与相关信息，支持通过官网了解产品、功能、使用方式及最新动态；具体服务范围、开放地区和使用规则请以官方网站当前页面为准。官方网站：sf-express.com。	https://www.sf-express.com	否
中通快递	中通快递	出行	生活服务,出行服务	快递	快递。这里提供中通快递的官方服务与相关信息，支持通过官网了解产品、功能、使用方式及最新动态；具体服务范围、开放地区和使用规则请以官方网站当前页面为准。官方网站：zto.com。	https://www.zto.com	否
圆通速递	圆通速递	出行	生活服务,出行服务	快递	快递。这里提供圆通速递的官方服务与相关信息，支持通过官网了解产品、功能、使用方式及最新动态；具体服务范围、开放地区和使用规则请以官方网站当前页面为准。官方网站：yto.net.cn。	https://www.yto.net.cn	否
韵达快递	韵达快递	出行	生活服务,出行服务	快递	快递。这里提供韵达快递的官方服务与相关信息，支持通过官网了解产品、功能、使用方式及最新动态；具体服务范围、开放地区和使用规则请以官方网站当前页面为准。官方网站：yundaex.com。	https://www.yundaex.com	否
申通快递	申通快递	出行	生活服务,出行服务	快递	快递。这里提供申通快递的官方服务与相关信息，支持通过官网了解产品、功能、使用方式及最新动态；具体服务范围、开放地区和使用规则请以官方网站当前页面为准。官方网站：sto.cn。	https://www.sto.cn	否
EMS	中国邮政速递物流	出行	生活服务,出行服务	快递	快递。这里提供中国邮政速递物流的官方服务与相关信息，支持通过官网了解产品、功能、使用方式及最新动态；具体服务范围、开放地区和使用规则请以官方网站当前页面为准。官方网站：ems.com.cn。	http://www.ems.com.cn	否
菜鸟裹裹	菜鸟裹裹	出行	生活服务,出行服务	快递	快递。这里提供菜鸟裹裹的官方服务与相关信息，支持通过官网了解产品、功能、使用方式及最新动态；具体服务范围、开放地区和使用规则请以官方网站当前页面为准。官方网站：cainiao.com。	https://www.cainiao.com	否
蜂巢快递柜	丰巢	出行	生活服务,出行服务	快递	快递。这里提供丰巢的官方服务与相关信息，支持通过官网了解产品、功能、使用方式及最新动态；具体服务范围、开放地区和使用规则请以官方网站当前页面为准。官方网站：fcbox.com。	https://www.fcbox.com	否
智行火车票	智行火车票	出行	生活服务,出行服务	火车购票	火车购票。这里提供智行火车票的官方服务与相关信息，支持通过官网了解产品、功能、使用方式及最新动态；具体服务范围、开放地区和使用规则请以官方网站当前页面为准。官方网站：zhixing.com。	https://www.zhixing.com	否
同程旅行	同程旅行	出行	生活服务,出行服务	在线旅游	在线旅游。这里提供同程旅行的官方服务与相关信息，支持通过官网了解产品、功能、使用方式及最新动态；具体服务范围、开放地区和使用规则请以官方网站当前页面为准。官方网站：ly.com。	https://www.ly.com	否
马蜂窝	马蜂窝	出行	生活服务,出行服务	旅游攻略	旅游攻略。这里提供马蜂窝的官方服务与相关信息，支持通过官网了解产品、功能、使用方式及最新动态；具体服务范围、开放地区和使用规则请以官方网站当前页面为准。官方网站：mafengwo.cn。	https://www.mafengwo.cn	否
途牛	途牛旅游	出行	生活服务,出行服务	在线旅游	在线旅游。这里提供途牛旅游的官方服务与相关信息，支持通过官网了解产品、功能、使用方式及最新动态；具体服务范围、开放地区和使用规则请以官方网站当前页面为准。官方网站：tuniu.com。	https://www.tuniu.com	否
Airbnb	爱彼迎	出行	生活服务,出行服务	民宿预订	民宿预订。这里提供爱彼迎的官方服务与相关信息，支持通过官网了解产品、功能、使用方式及最新动态；具体服务范围、开放地区和使用规则请以官方网站当前页面为准。官方网站：airbnb.cn。	https://www.airbnb.cn	是
Booking	Booking.com	出行	生活服务,出行服务	酒店预订	酒店预订。这里提供Booking.com的官方服务与相关信息，支持通过官网了解产品、功能、使用方式及最新动态；具体服务范围、开放地区和使用规则请以官方网站当前页面为准。官方网站：booking.com。	https://www.booking.com	是
Agoda	Agoda	出行	生活服务,出行服务	酒店预订	酒店预订。这里提供Agoda的官方服务与相关信息，支持通过官网了解产品、功能、使用方式及最新动态；具体服务范围、开放地区和使用规则请以官方网站当前页面为准。官方网站：agoda.com。	https://www.agoda.com	是
TripAdvisor	TripAdvisor	出行	生活服务,出行服务	旅行社区	旅行社区。这里提供TripAdvisor的官方服务与相关信息，支持通过官网了解产品、功能、使用方式及最新动态；具体服务范围、开放地区和使用规则请以官方网站当前页面为准。官方网站：tripadvisor.com。	https://www.tripadvisor.com	是
Expedia	Expedia	出行	生活服务,出行服务	旅行预订	旅行预订。这里提供Expedia的官方服务与相关信息，支持通过官网了解产品、功能、使用方式及最新动态；具体服务范围、开放地区和使用规则请以官方网站当前页面为准。官方网站：expedia.com。	https://www.expedia.com	是
Kayak	Kayak	出行	生活服务,出行服务	旅行比价	旅行比价。这里提供Kayak的官方服务与相关信息，支持通过官网了解产品、功能、使用方式及最新动态；具体服务范围、开放地区和使用规则请以官方网站当前页面为准。官方网站：kayak.com。	https://www.kayak.com	是
Skyscanner	Skyscanner	出行	生活服务,出行服务	机票比价	机票比价。这里提供Skyscanner的官方服务与相关信息，支持通过官网了解产品、功能、使用方式及最新动态；具体服务范围、开放地区和使用规则请以官方网站当前页面为准。官方网站：skyscanner.com。	https://www.skyscanner.com	是
Airbnb	Airbnb	出行	生活服务,出行服务	民宿预订	民宿预订。这里提供Airbnb的官方服务与相关信息，支持通过官网了解产品、功能、使用方式及最新动态；具体服务范围、开放地区和使用规则请以官方网站当前页面为准。官方网站：airbnb.com。	https://www.airbnb.com	是
Hotels.com	Hotels.com	出行	生活服务,出行服务	酒店预订	酒店预订。这里提供Hotels.com的官方服务与相关信息，支持通过官网了解产品、功能、使用方式及最新动态；具体服务范围、开放地区和使用规则请以官方网站当前页面为准。官方网站：hotels.com。	https://www.hotels.com	是
Klook	Klook	出行	生活服务,出行服务	旅行体验	旅行体验。这里提供Klook的官方服务与相关信息，支持通过官网了解产品、功能、使用方式及最新动态；具体服务范围、开放地区和使用规则请以官方网站当前页面为准。官方网站：klook.com。	https://www.klook.com	是
GetYourGuide	GetYourGuide	出行	生活服务,出行服务	旅行体验	旅行体验。这里提供GetYourGuide的官方服务与相关信息，支持通过官网了解产品、功能、使用方式及最新动态；具体服务范围、开放地区和使用规则请以官方网站当前页面为准。官方网站：getyourguide.com。	https://www.getyourguide.com	是
Lonely Planet	Lonely Planet	出行	生活服务,出行服务	旅行指南	旅行指南。这里提供Lonely Planet的官方服务与相关信息，支持通过官网了解产品、功能、使用方式及最新动态；具体服务范围、开放地区和使用规则请以官方网站当前页面为准。官方网站：lonelyplanet.com。	https://www.lonelyplanet.com	是
Google Maps	Google Maps	出行	生活服务,出行服务	地图导航	地图导航。这里提供Google Maps的官方服务与相关信息，支持通过官网了解产品、功能、使用方式及最新动态；具体服务范围、开放地区和使用规则请以官方网站当前页面为准。官方网站：maps.google.com。	https://maps.google.com	是
Waze	Waze	出行	生活服务,出行服务	导航应用	导航应用。这里提供Waze的官方服务与相关信息，支持通过官网了解产品、功能、使用方式及最新动态；具体服务范围、开放地区和使用规则请以官方网站当前页面为准。官方网站：waze.com。	https://www.waze.com	是
Apple Maps	Apple Maps	出行	生活服务,出行服务	地图导航	地图导航。这里提供Apple Maps的官方服务与相关信息，支持通过官网了解产品、功能、使用方式及最新动态；具体服务范围、开放地区和使用规则请以官方网站当前页面为准。官方网站：maps.apple.com。	https://maps.apple.com	是
Uber	Uber	出行	生活服务,出行服务	网约车	网约车。这里提供Uber的官方服务与相关信息，支持通过官网了解产品、功能、使用方式及最新动态；具体服务范围、开放地区和使用规则请以官方网站当前页面为准。官方网站：uber.com。	https://www.uber.com	是
Lyft	Lyft	出行	生活服务,出行服务	网约车	网约车。这里提供Lyft的官方服务与相关信息，支持通过官网了解产品、功能、使用方式及最新动态；具体服务范围、开放地区和使用规则请以官方网站当前页面为准。官方网站：lyft.com。	https://www.lyft.com	是
Grab	Grab	出行	生活服务,出行服务	出行平台	出行平台。这里提供Grab的官方服务与相关信息，支持通过官网了解产品、功能、使用方式及最新动态；具体服务范围、开放地区和使用规则请以官方网站当前页面为准。官方网站：grab.com。	https://www.grab.com	是
Uber Eats	Uber Eats	出行	生活服务,出行服务	外卖平台	外卖平台。这里提供Uber Eats的官方服务与相关信息，支持通过官网了解产品、功能、使用方式及最新动态；具体服务范围、开放地区和使用规则请以官方网站当前页面为准。官方网站：ubereats.com。	https://www.ubereats.com	是
DoorDash	DoorDash	出行	生活服务,出行服务	外卖平台	外卖平台。这里提供DoorDash的官方服务与相关信息，支持通过官网了解产品、功能、使用方式及最新动态；具体服务范围、开放地区和使用规则请以官方网站当前页面为准。官方网站：doordash.com。	https://www.doordash.com	是
AMD官网	AMD	电商	数码硬件,电商购物,生活服务	AMD中国官网	AMD中国官网。这里提供AMD的官方服务与相关信息，支持通过官网了解产品、功能、使用方式及最新动态；具体服务范围、开放地区和使用规则请以官方网站当前页面为准。官方网站：amd.com。	https://www.amd.com/zh-hans	是
NVIDIA商店	英伟达	电商	数码硬件,电商购物,生活服务	英伟达官方商店	英伟达官方商店。这里提供英伟达的官方服务与相关信息，支持通过官网了解产品、功能、使用方式及最新动态；具体服务范围、开放地区和使用规则请以官方网站当前页面为准。官方网站：nvidia.cn。	https://www.nvidia.cn	否
OPPO官网	OPPO	电商	数码硬件,电商购物,生活服务	OPPO官方商城	OPPO官方商城。这里提供OPPO的官方服务与相关信息，支持通过官网了解产品、功能、使用方式及最新动态；具体服务范围、开放地区和使用规则请以官方网站当前页面为准。官方网站：oppo.com。	https://www.oppo.com	否
Vivo官网	Vivo	电商	数码硬件,电商购物,生活服务	Vivo官方商城	Vivo官方商城。这里提供Vivo的官方服务与相关信息，支持通过官网了解产品、功能、使用方式及最新动态；具体服务范围、开放地区和使用规则请以官方网站当前页面为准。官方网站：vivo.com.cn。	https://www.vivo.com.cn	否
三星官网	三星	电商	数码硬件,电商购物,生活服务	三星中国官网	三星中国官网。这里提供三星的官方服务与相关信息，支持通过官网了解产品、功能、使用方式及最新动态；具体服务范围、开放地区和使用规则请以官方网站当前页面为准。官方网站：samsung.com.cn。	https://www.samsung.com.cn	是
亚马逊	Amazon亚马逊	电商	电商购物,生活服务	全球电商与科技巨头	全球电商与科技巨头。这里提供Amazon亚马逊的官方服务与相关信息，支持通过官网了解产品、功能、使用方式及最新动态；具体服务范围、开放地区和使用规则请以官方网站当前页面为准。官方网站：amazon.com。	https://www.amazon.com	是
京东	JD京东	电商	电商购物,生活服务	自营电商与物流平台	自营电商与物流平台。这里提供JD京东的官方服务与相关信息，支持通过官网了解产品、功能、使用方式及最新动态；具体服务范围、开放地区和使用规则请以官方网站当前页面为准。官方网站：jd.com。	https://www.jd.com	否
优衣库	UNIQLO优衣库	电商	电商购物,生活服务	日本快时尚品牌	日本快时尚品牌。这里提供UNIQLO优衣库的官方服务与相关信息，支持通过官网了解产品、功能、使用方式及最新动态；具体服务范围、开放地区和使用规则请以官方网站当前页面为准。官方网站：uniqlo.com。	https://www.uniqlo.com	否
华为官网	华为	电商	数码硬件,电商购物,生活服务	华为官方商城	华为官方商城。这里提供华为的官方服务与相关信息，支持通过官网了解产品、功能、使用方式及最新动态；具体服务范围、开放地区和使用规则请以官方网站当前页面为准。官方网站：huawei.com。	https://www.huawei.com	否
唯品会	唯品会	电商	电商购物,生活服务	品牌特卖电商平台	品牌特卖电商平台。这里提供唯品会的官方服务与相关信息，支持通过官网了解产品、功能、使用方式及最新动态；具体服务范围、开放地区和使用规则请以官方网站当前页面为准。官方网站：vip.com。	https://www.vip.com	否
天猫	Tmall天猫	电商	电商购物,生活服务	天猫电商平台	天猫电商平台。这里提供Tmall天猫的官方服务与相关信息，支持通过官网了解产品、功能、使用方式及最新动态；具体服务范围、开放地区和使用规则请以官方网站当前页面为准。官方网站：tmall.com。	https://www.tmall.com	否
小米商城	小米	电商	数码硬件,电商购物,生活服务	小米官方电商平台	小米官方电商平台。这里提供小米的官方服务与相关信息，支持通过官网了解产品、功能、使用方式及最新动态；具体服务范围、开放地区和使用规则请以官方网站当前页面为准。官方网站：mi.com。	https://www.mi.com	否
拼多多	PDD拼多多	电商	电商购物,生活服务	社交拼团电商平台	社交拼团电商平台。这里提供PDD拼多多的官方服务与相关信息，支持通过官网了解产品、功能、使用方式及最新动态；具体服务范围、开放地区和使用规则请以官方网站当前页面为准。官方网站：pinduoduo.com。	https://www.pinduoduo.com	否
新华书店	Xinhua Bookstore新华书店	电商	电商购物,生活服务	国有图书发行渠道	国有图书发行渠道。这里提供Xinhua Bookstore新华书店的官方服务与相关信息，支持通过官网了解产品、功能、使用方式及最新动态；具体服务范围、开放地区和使用规则请以官方网站当前页面为准。官方网站：xhsd.com.cn。	https://www.xhsd.com.cn	否
淘宝	Taobao淘宝	电商	电商购物,生活服务	阿里巴巴旗下购物平台	阿里巴巴旗下购物平台。这里提供Taobao淘宝的官方服务与相关信息，支持通过官网了解产品、功能、使用方式及最新动态；具体服务范围、开放地区和使用规则请以官方网站当前页面为准。官方网站：taobao.com。	https://www.taobao.com	否
爱回收	Aihuishou爱回收	电商	电商购物,生活服务	数码产品回收平台	数码产品回收平台。这里提供Aihuishou爱回收的官方服务与相关信息，支持通过官网了解产品、功能、使用方式及最新动态；具体服务范围、开放地区和使用规则请以官方网站当前页面为准。官方网站：aihuishou.com。	https://www.aihuishou.com	否
苏宁易购	苏宁易购	电商	电商购物,生活服务	苏宁电器电商平台	苏宁电器电商平台。这里提供苏宁易购的官方服务与相关信息，支持通过官网了解产品、功能、使用方式及最新动态；具体服务范围、开放地区和使用规则请以官方网站当前页面为准。官方网站：suning.com。	https://www.suning.com	否
英特尔官网	英特尔	电商	数码硬件,电商购物,生活服务	英特尔中国官网	英特尔中国官网。这里提供英特尔的官方服务与相关信息，支持通过官网了解产品、功能、使用方式及最新动态；具体服务范围、开放地区和使用规则请以官方网站当前页面为准。官方网站：intel.cn。	https://www.intel.cn	否
苹果官网	苹果	电商	数码硬件,电商购物,生活服务	苹果中国官网	苹果中国官网。这里提供苹果的官方服务与相关信息，支持通过官网了解产品、功能、使用方式及最新动态；具体服务范围、开放地区和使用规则请以官方网站当前页面为准。官方网站：apple.com.cn。	https://www.apple.com.cn	否
转转	Zhuanzhuan转转	电商	电商购物,生活服务	二手交易平台	二手交易平台。这里提供Zhuanzhuan转转的官方服务与相关信息，支持通过官网了解产品、功能、使用方式及最新动态；具体服务范围、开放地区和使用规则请以官方网站当前页面为准。官方网站：zhuanzhuan.com。	https://www.zhuanzhuan.com	否
当当	当当网	电商	电商购物,生活服务	图书电商	图书电商。这里提供当当网的官方服务与相关信息，支持通过官网了解产品、功能、使用方式及最新动态；具体服务范围、开放地区和使用规则请以官方网站当前页面为准。官方网站：dangdang.com。	https://www.dangdang.com	否
孔夫子旧书网	孔夫子旧书网	电商	电商购物,生活服务	二手图书	二手图书。这里提供孔夫子旧书网的官方服务与相关信息，支持通过官网了解产品、功能、使用方式及最新动态；具体服务范围、开放地区和使用规则请以官方网站当前页面为准。官方网站：kongfz.com。	https://www.kongfz.com	否
eBay	eBay	电商	电商购物,生活服务	拍卖电商	拍卖电商。这里提供eBay的官方服务与相关信息，支持通过官网了解产品、功能、使用方式及最新动态；具体服务范围、开放地区和使用规则请以官方网站当前页面为准。官方网站：ebay.com。	https://www.ebay.com	是
Etsy	Etsy	电商	电商购物,生活服务	手工艺电商	手工艺电商。这里提供Etsy的官方服务与相关信息，支持通过官网了解产品、功能、使用方式及最新动态；具体服务范围、开放地区和使用规则请以官方网站当前页面为准。官方网站：etsy.com。	https://www.etsy.com	是
Walmart	Walmart	电商	电商购物,生活服务	电商平台	电商平台。这里提供Walmart的官方服务与相关信息，支持通过官网了解产品、功能、使用方式及最新动态；具体服务范围、开放地区和使用规则请以官方网站当前页面为准。官方网站：walmart.com。	https://www.walmart.com	是
Target	Target	电商	电商购物,生活服务	电商平台	电商平台。这里提供Target的官方服务与相关信息，支持通过官网了解产品、功能、使用方式及最新动态；具体服务范围、开放地区和使用规则请以官方网站当前页面为准。官方网站：target.com。	https://www.target.com	是
Best Buy	Best Buy	电商	电商购物,生活服务	数码零售	数码零售。这里提供Best Buy的官方服务与相关信息，支持通过官网了解产品、功能、使用方式及最新动态；具体服务范围、开放地区和使用规则请以官方网站当前页面为准。官方网站：bestbuy.com。	https://www.bestbuy.com	是
Costco	Costco	电商	电商购物,生活服务	仓储零售	仓储零售。这里提供Costco的官方服务与相关信息，支持通过官网了解产品、功能、使用方式及最新动态；具体服务范围、开放地区和使用规则请以官方网站当前页面为准。官方网站：costco.com。	https://www.costco.com	是
Newegg	Newegg	电商	电商购物,生活服务	数码电商	数码电商。这里提供Newegg的官方服务与相关信息，支持通过官网了解产品、功能、使用方式及最新动态；具体服务范围、开放地区和使用规则请以官方网站当前页面为准。官方网站：newegg.com。	https://www.newegg.com	是
B&H Photo	B&H Photo	电商	电商购物,生活服务	摄影器材	摄影器材。这里提供B&H Photo的官方服务与相关信息，支持通过官网了解产品、功能、使用方式及最新动态；具体服务范围、开放地区和使用规则请以官方网站当前页面为准。官方网站：bhphotovideo.com。	https://www.bhphotovideo.com	是
AliExpress	AliExpress	电商	电商购物,生活服务	跨境电商	跨境电商。这里提供AliExpress的官方服务与相关信息，支持通过官网了解产品、功能、使用方式及最新动态；具体服务范围、开放地区和使用规则请以官方网站当前页面为准。官方网站：aliexpress.com。	https://www.aliexpress.com	是
SHEIN	SHEIN	电商	电商购物,生活服务	快时尚	快时尚。这里提供SHEIN的官方服务与相关信息，支持通过官网了解产品、功能、使用方式及最新动态；具体服务范围、开放地区和使用规则请以官方网站当前页面为准。官方网站：shein.com。	https://www.shein.com	是
Temu	Temu	电商	电商购物,生活服务	跨境电商	跨境电商。这里提供Temu的官方服务与相关信息，支持通过官网了解产品、功能、使用方式及最新动态；具体服务范围、开放地区和使用规则请以官方网站当前页面为准。官方网站：temu.com。	https://www.temu.com	是
Shopify	Shopify	电商	电商购物,生活服务	电商建站	电商建站。这里提供Shopify的官方服务与相关信息，支持通过官网了解产品、功能、使用方式及最新动态；具体服务范围、开放地区和使用规则请以官方网站当前页面为准。官方网站：shopify.com。	https://www.shopify.com	是
Rakuten	Rakuten	电商	电商购物,生活服务	电商平台	电商平台。这里提供Rakuten的官方服务与相关信息，支持通过官网了解产品、功能、使用方式及最新动态；具体服务范围、开放地区和使用规则请以官方网站当前页面为准。官方网站：rakuten.co.jp。	https://www.rakuten.co.jp	是
Shopee	Shopee	电商	电商购物,生活服务	电商平台	电商平台。这里提供Shopee的官方服务与相关信息，支持通过官网了解产品、功能、使用方式及最新动态；具体服务范围、开放地区和使用规则请以官方网站当前页面为准。官方网站：shopee.com。	https://shopee.com	是
Lazada	Lazada	电商	电商购物,生活服务	电商平台	电商平台。这里提供Lazada的官方服务与相关信息，支持通过官网了解产品、功能、使用方式及最新动态；具体服务范围、开放地区和使用规则请以官方网站当前页面为准。官方网站：lazada.com。	https://www.lazada.com	是
MercadoLibre	MercadoLibre	电商	电商购物,生活服务	电商平台	电商平台。这里提供MercadoLibre的官方服务与相关信息，支持通过官网了解产品、功能、使用方式及最新动态；具体服务范围、开放地区和使用规则请以官方网站当前页面为准。官方网站：mercadolibre.com。	https://www.mercadolibre.com	是
Flipkart	Flipkart	电商	电商购物,生活服务	电商平台	电商平台。这里提供Flipkart的官方服务与相关信息，支持通过官网了解产品、功能、使用方式及最新动态；具体服务范围、开放地区和使用规则请以官方网站当前页面为准。官方网站：flipkart.com。	https://www.flipkart.com	是
Ozon	Ozon	电商	电商购物,生活服务	电商平台	电商平台。这里提供Ozon的官方服务与相关信息，支持通过官网了解产品、功能、使用方式及最新动态；具体服务范围、开放地区和使用规则请以官方网站当前页面为准。官方网站：ozon.ru。	https://www.ozon.ru	是
Wish	Wish	电商	电商购物,生活服务	电商平台	电商平台。这里提供Wish的官方服务与相关信息，支持通过官网了解产品、功能、使用方式及最新动态；具体服务范围、开放地区和使用规则请以官方网站当前页面为准。官方网站：wish.com。	https://www.wish.com	是
Alibaba	阿里巴巴	电商	电商购物,生活服务	科技公司	科技公司。这里提供阿里巴巴的官方服务与相关信息，支持通过官网了解产品、功能、使用方式及最新动态；具体服务范围、开放地区和使用规则请以官方网站当前页面为准。官方网站：alibaba.com。	https://www.alibaba.com	否
闲鱼	闲鱼	电商	电商购物,生活服务	二手交易平台	二手交易平台。这里提供闲鱼的官方服务与相关信息，支持通过官网了解产品、功能、使用方式及最新动态；具体服务范围、开放地区和使用规则请以官方网站当前页面为准。官方网站：goofish.com。	https://www.goofish.com	否
三星	Samsung三星	电子	数码硬件,科技	韩国综合电子巨头	韩国综合电子巨头。这里提供Samsung三星的官方服务与相关信息，支持通过官网了解产品、功能、使用方式及最新动态；具体服务范围、开放地区和使用规则请以官方网站当前页面为准。官方网站：samsung.com。	https://www.samsung.com	否
松下	Panasonic松下	电子	数码硬件,科技	日本综合电子品牌	日本综合电子品牌。这里提供Panasonic松下的官方服务与相关信息，支持通过官网了解产品、功能、使用方式及最新动态；具体服务范围、开放地区和使用规则请以官方网站当前页面为准。官方网站：panasonic.com.cn。	https://www.panasonic.com.cn	否
索尼	索尼（中国）	电子	数码硬件,科技	日本综合电子品牌	日本综合电子品牌。这里提供索尼（中国）的官方服务与相关信息，支持通过官网了解产品、功能、使用方式及最新动态；具体服务范围、开放地区和使用规则请以官方网站当前页面为准。官方网站：sony.com.cn。	https://www.sony.com.cn	否
苹果	Apple苹果	电子	数码硬件,科技	美国消费电子巨头	全球市值最高的科技公司之一，以iPhone、Mac、iPad、Apple Watch等硬件产品和iOS生态闻名于世	https://www.apple.com	是
iCloud	iCloud	电子	云盘与云服务,数码硬件,科技	苹果iCloud云服务	苹果iCloud云服务。这里提供iCloud的官方服务与相关信息，支持通过官网了解产品、功能、使用方式及最新动态；具体服务范围、开放地区和使用规则请以官方网站当前页面为准。官方网站：icloud.com。	https://www.icloud.com	否
中关村在线	中关村在线	电子	数码硬件,科技	IT资讯	IT资讯。这里提供中关村在线的官方服务与相关信息，支持通过官网了解产品、功能、使用方式及最新动态；具体服务范围、开放地区和使用规则请以官方网站当前页面为准。官方网站：zol.com.cn。	https://www.zol.com.cn	否
太平洋电脑网	太平洋电脑网	电子	数码硬件,科技	IT资讯	IT资讯。这里提供太平洋电脑网的官方服务与相关信息，支持通过官网了解产品、功能、使用方式及最新动态；具体服务范围、开放地区和使用规则请以官方网站当前页面为准。官方网站：pconline.com.cn。	https://www.pconline.com.cn	否
IT之家	IT之家	电子	数码硬件,科技	IT资讯	IT资讯。这里提供IT之家的官方服务与相关信息，支持通过官网了解产品、功能、使用方式及最新动态；具体服务范围、开放地区和使用规则请以官方网站当前页面为准。官方网站：ithome.com。	https://www.ithome.com	否
驱动之家	驱动之家	电子	效率工具,数码硬件,科技	驱动下载	驱动下载。这里提供驱动之家的官方服务与相关信息，支持通过官网了解产品、功能、使用方式及最新动态；具体服务范围、开放地区和使用规则请以官方网站当前页面为准。官方网站：mydrivers.com。	https://www.mydrivers.com	否
华为商城	华为商城	电子	数码硬件,科技	华为官方	华为官方。这里提供华为商城的官方服务与相关信息，支持通过官网了解产品、功能、使用方式及最新动态；具体服务范围、开放地区和使用规则请以官方网站当前页面为准。官方网站：vmall.com。	https://www.vmall.com	否
vivo官网	vivo官网	电子	数码硬件,科技	vivo官方	vivo官方。这里提供vivo官网的官方服务与相关信息，支持通过官网了解产品、功能、使用方式及最新动态；具体服务范围、开放地区和使用规则请以官方网站当前页面为准。官方网站：vivo.com。	https://www.vivo.com	否
三星官网	三星电子中国	电子	数码硬件,科技	三星官方	三星官方。这里提供三星电子中国的官方服务与相关信息，支持通过官网了解产品、功能、使用方式及最新动态；具体服务范围、开放地区和使用规则请以官方网站当前页面为准。官方网站：samsung.com。	https://www.samsung.com/cn/	否
荣耀	荣耀	电子	数码硬件,科技	品牌官网	品牌官网。这里提供荣耀的官方服务与相关信息，支持通过官网了解产品、功能、使用方式及最新动态；具体服务范围、开放地区和使用规则请以官方网站当前页面为准。官方网站：honor.com。	https://www.honor.com	否
一加	OnePlus	电子	数码硬件,科技	品牌官网	品牌官网。这里提供OnePlus的官方服务与相关信息，支持通过官网了解产品、功能、使用方式及最新动态；具体服务范围、开放地区和使用规则请以官方网站当前页面为准。官方网站：oneplus.com。	https://www.oneplus.com	是
联想	联想	电子	数码硬件,科技	品牌官网	品牌官网。这里提供联想的官方服务与相关信息，支持通过官网了解产品、功能、使用方式及最新动态；具体服务范围、开放地区和使用规则请以官方网站当前页面为准。官方网站：lenovo.com.cn。	https://www.lenovo.com.cn	否
戴尔	戴尔	电子	数码硬件,科技	品牌官网	品牌官网。这里提供戴尔的官方服务与相关信息，支持通过官网了解产品、功能、使用方式及最新动态；具体服务范围、开放地区和使用规则请以官方网站当前页面为准。官方网站：dell.com。	https://www.dell.com	是
惠普	惠普	电子	数码硬件,科技	品牌官网	品牌官网。这里提供惠普的官方服务与相关信息，支持通过官网了解产品、功能、使用方式及最新动态；具体服务范围、开放地区和使用规则请以官方网站当前页面为准。官方网站：hp.com。	https://www.hp.com	是
华硕	华硕	电子	数码硬件,科技	品牌官网	品牌官网。这里提供华硕的官方服务与相关信息，支持通过官网了解产品、功能、使用方式及最新动态；具体服务范围、开放地区和使用规则请以官方网站当前页面为准。官方网站：asus.com.cn。	https://www.asus.com.cn	否
宏碁	Acer	电子	数码硬件,科技	品牌官网	品牌官网。这里提供Acer的官方服务与相关信息，支持通过官网了解产品、功能、使用方式及最新动态；具体服务范围、开放地区和使用规则请以官方网站当前页面为准。官方网站：acer.com。	https://www.acer.com	是
大疆	大疆	电子	数码硬件,科技	品牌官网	品牌官网。这里提供大疆的官方服务与相关信息，支持通过官网了解产品、功能、使用方式及最新动态；具体服务范围、开放地区和使用规则请以官方网站当前页面为准。官方网站：dji.com。	https://www.dji.com	是
GoPro	GoPro	电子	数码硬件,科技	品牌官网	品牌官网。这里提供GoPro的官方服务与相关信息，支持通过官网了解产品、功能、使用方式及最新动态；具体服务范围、开放地区和使用规则请以官方网站当前页面为准。官方网站：gopro.com。	https://gopro.com	是
台积电	台积电	电子	数码硬件,科技	品牌官网	品牌官网。这里提供台积电的官方服务与相关信息，支持通过官网了解产品、功能、使用方式及最新动态；具体服务范围、开放地区和使用规则请以官方网站当前页面为准。官方网站：tsmc.com。	https://www.tsmc.com	是
七彩虹	七彩虹	电子	数码硬件,科技	显卡品牌	显卡品牌。这里提供七彩虹的官方服务与相关信息，支持通过官网了解产品、功能、使用方式及最新动态；具体服务范围、开放地区和使用规则请以官方网站当前页面为准。官方网站：colorful.cn。	https://www.colorful.cn	否
微星	微星	电子	数码硬件,科技	电脑硬件	电脑硬件。这里提供微星的官方服务与相关信息，支持通过官网了解产品、功能、使用方式及最新动态；具体服务范围、开放地区和使用规则请以官方网站当前页面为准。官方网站：cn.msi.com。	https://cn.msi.com	否
前行者	前行者科技	电子	效率工具,数码硬件,科技	外设品牌	外设品牌。这里提供前行者科技的官方服务与相关信息，支持通过官网了解产品、功能、使用方式及最新动态；具体服务范围、开放地区和使用规则请以官方网站当前页面为准。官方网站：eweadn.cn。	https://www.eweadn.cn	否
123云盘	123云盘	工具	云盘与云服务,效率工具,在线服务	免费高速云盘	免费高速云盘。这里提供123云盘的官方服务与相关信息，支持通过官网了解产品、功能、使用方式及最新动态；具体服务范围、开放地区和使用规则请以官方网站当前页面为准。官方网站：123pan.com。	https://www.123pan.com	否
360	360安全卫士	工具	效率工具,在线服务	一站式安全平台	一站式安全平台。这里提供360安全卫士的官方服务与相关信息，支持通过官网了解产品、功能、使用方式及最新动态；具体服务范围、开放地区和使用规则请以官方网站当前页面为准。官方网站：360.cn。	https://www.360.cn	否
7-ZIP	7-ZIP压缩工具	工具	效率工具,在线服务	免费开源压缩软件	免费开源压缩软件。这里提供7-ZIP压缩工具的官方服务与相关信息，支持通过官网了解产品、功能、使用方式及最新动态；具体服务范围、开放地区和使用规则请以官方网站当前页面为准。官方网站：7-zip.org。	https://www.7-zip.org	否
After Effects	Adobe After Effects	工具	设计与创意,效率工具,在线服务	影视特效合成软件	影视特效合成软件。这里提供Adobe After Effects的官方服务与相关信息，支持通过官网了解产品、功能、使用方式及最新动态；具体服务范围、开放地区和使用规则请以官方网站当前页面为准。官方网站：adobe.com。	https://www.adobe.com/products/after-effects	是
Bandzip	Bandzip压缩软件	工具	效率工具,在线服务	快速压缩解压工具	快速压缩解压工具。这里提供Bandzip压缩软件的官方服务与相关信息，支持通过官网了解产品、功能、使用方式及最新动态；具体服务范围、开放地区和使用规则请以官方网站当前页面为准。官方网站：bandisoft.com。	https://www.bandisoft.com/bandizip	否
BigJPG放大	BigJPG	工具	设计与创意,效率工具,在线服务	AI图片放大增强工具	AI图片放大增强工具。这里提供BigJPG的官方服务与相关信息，支持通过官网了解产品、功能、使用方式及最新动态；具体服务范围、开放地区和使用规则请以官方网站当前页面为准。官方网站：bigjpg.com。	https://bigjpg.com	否
C/C++	C/C++开发环境	工具	效率工具,在线服务	系统级编程语言	系统级编程语言。这里提供C/C++开发环境的官方服务与相关信息，支持通过官网了解产品、功能、使用方式及最新动态；具体服务范围、开放地区和使用规则请以官方网站当前页面为准。官方网站：visualstudio.microsoft.com。	https://visualstudio.microsoft.com/vs/features/cplusplus/	是
Carbon代码图	Carbon	工具	编程开发,效率工具,在线服务	生成精美代码截图	生成精美代码截图。这里提供Carbon的官方服务与相关信息，支持通过官网了解产品、功能、使用方式及最新动态；具体服务范围、开放地区和使用规则请以官方网站当前页面为准。官方网站：carbon.now.sh。	https://carbon.now.sh	否
Chrome浏览器	Google Chrome	工具	效率工具,在线服务	谷歌Chrome浏览器	谷歌Chrome浏览器。这里提供Google Chrome的官方服务与相关信息，支持通过官网了解产品、功能、使用方式及最新动态；具体服务范围、开放地区和使用规则请以官方网站当前页面为准。官方网站：google.com。	https://www.google.com/chrome	否
Convertio转换	Convertio	工具	效率工具,在线服务	万能文件格式转换器	万能文件格式转换器。这里提供Convertio的官方服务与相关信息，支持通过官网了解产品、功能、使用方式及最新动态；具体服务范围、开放地区和使用规则请以官方网站当前页面为准。官方网站：convertio.co。	https://convertio.co	否
DevDocs文档	DevDocs	工具	编程开发,效率工具,在线服务	开发者文档聚合平台	开发者文档聚合平台。这里提供DevDocs的官方服务与相关信息，支持通过官网了解产品、功能、使用方式及最新动态；具体服务范围、开放地区和使用规则请以官方网站当前页面为准。官方网站：devdocs.io。	https://devdocs.io	否
Discord	Discord	工具	效率工具,在线服务	面向社区的文字语音聊天工具	面向社区的文字语音聊天工具。这里提供Discord的官方服务与相关信息，支持通过官网了解产品、功能、使用方式及最新动态；具体服务范围、开放地区和使用规则请以官方网站当前页面为准。官方网站：discord.com。	https://discord.com	是
Docker Hub	Docker Hub	工具	编程开发,效率工具,在线服务	Docker镜像仓库	Docker镜像仓库。这里提供Docker Hub的官方服务与相关信息，支持通过官网了解产品、功能、使用方式及最新动态；具体服务范围、开放地区和使用规则请以官方网站当前页面为准。官方网站：hub.docker.com。	https://hub.docker.com	否
Edge浏览器	Microsoft Edge	工具	效率工具,在线服务	微软Edge浏览器	微软Edge浏览器。这里提供Microsoft Edge的官方服务与相关信息，支持通过官网了解产品、功能、使用方式及最新动态；具体服务范围、开放地区和使用规则请以官方网站当前页面为准。官方网站：microsoft.com。	https://www.microsoft.com/edge	是
Gitee	码云	工具	编程开发,效率工具,在线服务	国内代码托管平台	国内代码托管平台。这里提供码云的官方服务与相关信息，支持通过官网了解产品、功能、使用方式及最新动态；具体服务范围、开放地区和使用规则请以官方网站当前页面为准。官方网站：gitee.com。	https://www.gitee.com	否
GitHub	GitHub	工具	编程开发,效率工具,在线服务	全球最大代码托管平台	全球最大代码托管平台。这里提供GitHub的官方服务与相关信息，支持通过官网了解产品、功能、使用方式及最新动态；具体服务范围、开放地区和使用规则请以官方网站当前页面为准。官方网站：github.com。	https://github.com	是
Illustrator	Adobe Illustrator	工具	设计与创意,效率工具,在线服务	专业矢量图形设计软件	专业矢量图形设计软件。这里提供Adobe Illustrator的官方服务与相关信息，支持通过官网了解产品、功能、使用方式及最新动态；具体服务范围、开放地区和使用规则请以官方网站当前页面为准。官方网站：adobe.com。	https://www.adobe.com/products/illustrator	是
iLovePDF	iLovePDF	工具	效率工具,在线服务	在线PDF处理工具	在线PDF处理工具。这里提供iLovePDF的官方服务与相关信息，支持通过官网了解产品、功能、使用方式及最新动态；具体服务范围、开放地区和使用规则请以官方网站当前页面为准。官方网站：ilovepdf.com。	https://www.ilovepdf.com	否
JustWatch	JustWatch	工具	视频与直播,效率工具,在线服务	影视流媒体搜索指南	影视流媒体搜索指南。这里提供JustWatch的官方服务与相关信息，支持通过官网了解产品、功能、使用方式及最新动态；具体服务范围、开放地区和使用规则请以官方网站当前页面为准。官方网站：justwatch.com。	https://www.justwatch.com	是
MikuTools	MikuTools	工具	效率工具,在线服务	一站式在线工具合集	一站式在线工具合集。这里提供MikuTools的官方服务与相关信息，支持通过官网了解产品、功能、使用方式及最新动态；具体服务范围、开放地区和使用规则请以官方网站当前页面为准。官方网站：miku.tools。	https://miku.tools	否
Nature	Nature	工具	效率工具,在线服务	国际顶级综合性科学期刊	国际顶级综合性科学期刊。这里提供Nature的官方服务与相关信息，支持通过官网了解产品、功能、使用方式及最新动态；具体服务范围、开放地区和使用规则请以官方网站当前页面为准。官方网站：nature.com。	https://www.nature.com	否
Node.js	Node.js	工具	编程开发,效率工具,在线服务	JavaScript运行环境	JavaScript运行环境。这里提供Node.js的官方服务与相关信息，支持通过官网了解产品、功能、使用方式及最新动态；具体服务范围、开放地区和使用规则请以官方网站当前页面为准。官方网站：nodejs.org。	https://nodejs.org	否
NoSignups	NoSignups	工具	效率工具,在线服务	无需注册的在线工具站	无需注册的在线工具站。这里提供NoSignups的官方服务与相关信息，支持通过官网了解产品、功能、使用方式及最新动态；具体服务范围、开放地区和使用规则请以官方网站当前页面为准。官方网站：nosignups.com。	https://nosignups.com	是
Notion	Notion	工具	办公协作,效率工具,在线服务	全能型笔记与协作平台	全能型笔记与协作平台。这里提供Notion的官方服务与相关信息，支持通过官网了解产品、功能、使用方式及最新动态；具体服务范围、开放地区和使用规则请以官方网站当前页面为准。官方网站：notion.so。	https://www.notion.so	是
npm	npm包管理	工具	编程开发,效率工具,在线服务	JavaScript包管理器	JavaScript包管理器。这里提供npm包管理的官方服务与相关信息，支持通过官网了解产品、功能、使用方式及最新动态；具体服务范围、开放地区和使用规则请以官方网站当前页面为准。官方网站：npmjs.com。	https://www.npmjs.com	否
Open Culture	The best free cultural & education	工具	效率工具,在线服务	免费文化和教育资源聚合	免费文化和教育资源聚合。这里提供The best free cultural & education的官方服务与相关信息，支持通过官网了解产品、功能、使用方式及最新动态；具体服务范围、开放地区和使用规则请以官方网站当前页面为准。官方网站：openculture.com。	https://www.openculture.com	是
PCL2启动器	PCL2	工具	游戏,效率工具,在线服务	Minecraft轻量级启动器	Minecraft轻量级启动器。这里提供PCL2的官方服务与相关信息，支持通过官网了解产品、功能、使用方式及最新动态；具体服务范围、开放地区和使用规则请以官方网站当前页面为准。官方网站：hdslb.net。	https://www.hdslb.net	否
PDF24工具	PDF24 Tools	工具	效率工具,在线服务	免费PDF工具合集	免费PDF工具合集。这里提供PDF24 Tools的官方服务与相关信息，支持通过官网了解产品、功能、使用方式及最新动态；具体服务范围、开放地区和使用规则请以官方网站当前页面为准。官方网站：tools.pdf24.org。	https://tools.pdf24.org	否
Photopea	Photopea	工具	设计与创意,效率工具,在线服务	在线免费图片编辑器	在线免费图片编辑器。这里提供Photopea的官方服务与相关信息，支持通过官网了解产品、功能、使用方式及最新动态；具体服务范围、开放地区和使用规则请以官方网站当前页面为准。官方网站：photopea.com。	https://www.photopea.com	否
Photoshop	Adobe Photoshop	工具	设计与创意,效率工具,在线服务	行业标准图像编辑软件	行业标准图像编辑软件。这里提供Adobe Photoshop的官方服务与相关信息，支持通过官网了解产品、功能、使用方式及最新动态；具体服务范围、开放地区和使用规则请以官方网站当前页面为准。官方网站：adobe.com。	https://www.adobe.com/products/photoshop	是
Premiere	Adobe Premiere Pro	工具	设计与创意,效率工具,在线服务	专业视频剪辑软件	专业视频剪辑软件。这里提供Adobe Premiere Pro的官方服务与相关信息，支持通过官网了解产品、功能、使用方式及最新动态；具体服务范围、开放地区和使用规则请以官方网站当前页面为准。官方网站：adobe.com。	https://www.adobe.com/products/premiere	是
Python	Python	工具	编程开发,效率工具,在线服务	通用编程语言	Python Software Foundation推广的通用编程语言，以简洁优雅著称，广泛应用于AI、数据分析、自动化等领域	https://www.python.org	否
QQ邮箱	QQ邮箱	工具	效率工具,在线服务	腾讯QQ邮箱服务	腾讯QQ邮箱服务。这里提供QQ邮箱的官方服务与相关信息，支持通过官网了解产品、功能、使用方式及最新动态；具体服务范围、开放地区和使用规则请以官方网站当前页面为准。官方网站：mail.qq.com。	https://mail.qq.com	否
Radio Garden	Radio Garden	工具	音乐,效率工具,在线服务	探索全球实时广播电台	探索全球实时广播电台。这里提供Radio Garden的官方服务与相关信息，支持通过官网了解产品、功能、使用方式及最新动态；具体服务范围、开放地区和使用规则请以官方网站当前页面为准。官方网站：radio.garden。	https://radio.garden	是
Remove.bg	Remove.bg	工具	设计与创意,效率工具,在线服务	一键智能去除图片背景	一键智能去除图片背景。这里提供Remove.bg的官方服务与相关信息，支持通过官网了解产品、功能、使用方式及最新动态；具体服务范围、开放地区和使用规则请以官方网站当前页面为准。官方网站：remove.bg。	https://www.remove.bg	否
SauceNAO搜图	SauceNAO Reverse Image Search	工具	视频与直播,效率工具,在线服务	动漫图片反向搜索引擎	动漫图片反向搜索引擎。这里提供SauceNAO Reverse Image Search的官方服务与相关信息，支持通过官网了解产品、功能、使用方式及最新动态；具体服务范围、开放地区和使用规则请以官方网站当前页面为准。官方网站：saucenao.com。	https://saucenao.com	是
Science	Science	工具	效率工具,在线服务	国际顶级科学期刊	国际顶级科学期刊。这里提供Science的官方服务与相关信息，支持通过官网了解产品、功能、使用方式及最新动态；具体服务范围、开放地区和使用规则请以官方网站当前页面为准。官方网站：science.org。	https://www.science.org	否
Shell命令解析	explainshell.com	工具	编程开发,效率工具,在线服务	Shell命令参数解释器	Shell命令参数解释器。这里提供explainshell.com的官方服务与相关信息，支持通过官网了解产品、功能、使用方式及最新动态；具体服务范围、开放地区和使用规则请以官方网站当前页面为准。官方网站：explainshell.com。	https://explainshell.com	否
Stack Overflow	Stack Overflow	工具	编程开发,效率工具,在线服务	全球程序员问答社区	全球程序员问答社区。这里提供Stack Overflow的官方服务与相关信息，支持通过官网了解产品、功能、使用方式及最新动态；具体服务范围、开放地区和使用规则请以官方网站当前页面为准。官方网站：stackoverflow.com。	https://stackoverflow.com	是
TinyWow	TinyWow	工具	效率工具,在线服务	免费在线工具合集	免费在线工具合集。这里提供TinyWow的官方服务与相关信息，支持通过官网了解产品、功能、使用方式及最新动态；具体服务范围、开放地区和使用规则请以官方网站当前页面为准。官方网站：tinywow.com。	https://www.tinywow.com	是
TOOOLS设计	设计师设计资源与工具	工具	设计与创意,效率工具,在线服务	设计师资源与工具导航	设计师资源与工具导航。这里提供设计师设计资源与工具的官方服务与相关信息，支持通过官网了解产品、功能、使用方式及最新动态；具体服务范围、开放地区和使用规则请以官方网站当前页面为准。官方网站：toools.design。	https://toools.design	否
unDraw插画	unDraw	工具	设计与创意,效率工具,在线服务	开源可定制插画素材库	开源可定制插画素材库。这里提供unDraw的官方服务与相关信息，支持通过官网了解产品、功能、使用方式及最新动态；具体服务范围、开放地区和使用规则请以官方网站当前页面为准。官方网站：undraw.co。	https://undraw.co	否
UU加速器	UU加速器	工具	效率工具,在线服务	网易旗下网络加速工具	网易旗下网络加速工具。这里提供UU加速器的官方服务与相关信息，支持通过官网了解产品、功能、使用方式及最新动态；具体服务范围、开放地区和使用规则请以官方网站当前页面为准。官方网站：uu.163.com。	https://uu.163.com	否
V2EX	V2EX	工具	编程开发,效率工具,在线服务	创意工作者社区	创意工作者社区。这里提供V2EX的官方服务与相关信息，支持通过官网了解产品、功能、使用方式及最新动态；具体服务范围、开放地区和使用规则请以官方网站当前页面为准。官方网站：v2ex.com。	https://www.v2ex.com	否
VS Code	Visual Studio Code	工具	编程开发,效率工具,在线服务	微软开源代码编辑器	微软开源代码编辑器。这里提供Visual Studio Code的官方服务与相关信息，支持通过官网了解产品、功能、使用方式及最新动态；具体服务范围、开放地区和使用规则请以官方网站当前页面为准。官方网站：code.visualstudio.com。	https://code.visualstudio.com	否
WindowSwap	WindowSwap	工具	效率工具,在线服务	看看世界各地人们的窗外	看看世界各地人们的窗外。这里提供WindowSwap的官方服务与相关信息，支持通过官网了解产品、功能、使用方式及最新动态；具体服务范围、开放地区和使用规则请以官方网站当前页面为准。官方网站：window-swap.com。	https://www.window-swap.com	是
Work Tools	Work Tools	工具	效率工具,在线服务	一站式在线办公工具箱	一站式在线办公工具箱。这里提供Work Tools的官方服务与相关信息，支持通过官网了解产品、功能、使用方式及最新动态；具体服务范围、开放地区和使用规则请以官方网站当前页面为准。官方网站：worktools.cc。	https://worktools.cc	否
WPS Office	WPS Office	工具	办公协作,效率工具,在线服务	金山旗下办公软件套件	金山旗下办公软件套件。这里提供WPS Office的官方服务与相关信息，支持通过官网了解产品、功能、使用方式及最新动态；具体服务范围、开放地区和使用规则请以官方网站当前页面为准。官方网站：wps.cn。	https://www.wps.cn	否
Xmind	Xmind思维导图	工具	效率工具,在线服务	专业思维导图软件	专业思维导图软件。这里提供Xmind思维导图的官方服务与相关信息，支持通过官网了解产品、功能、使用方式及最新动态；具体服务范围、开放地区和使用规则请以官方网站当前页面为准。官方网站：xmind.cn。	https://www.xmind.cn	否
Yandex搜索	Yandex	工具	效率工具,在线服务	俄罗斯最大搜索引擎	俄罗斯最大搜索引擎。这里提供Yandex的官方服务与相关信息，支持通过官网了解产品、功能、使用方式及最新动态；具体服务范围、开放地区和使用规则请以官方网站当前页面为准。官方网站：yandex.com。	https://yandex.com	是
YayText花体字	花体字文本生成器	工具	设计与创意,效率工具,在线服务	花体特殊字体生成器	花体特殊字体生成器。这里提供花体字文本生成器的官方服务与相关信息，支持通过官网了解产品、功能、使用方式及最新动态；具体服务范围、开放地区和使用规则请以官方网站当前页面为准。官方网站：yaytext.com。	https://yaytext.com	否
Zoom	Zoom	工具	办公协作,效率工具,在线服务	视频会议与远程办公工具	视频会议与远程办公工具。这里提供Zoom的官方服务与相关信息，支持通过官网了解产品、功能、使用方式及最新动态；具体服务范围、开放地区和使用规则请以官方网站当前页面为准。官方网站：zoom.us。	https://zoom.us	否
万能命令	针对站点可用的工具-万能命令	工具	效率工具,在线服务	站点万能命令合集	站点万能命令合集。这里提供针对站点可用的工具-万能命令的官方服务与相关信息，支持通过官网了解产品、功能、使用方式及最新动态；具体服务范围、开放地区和使用规则请以官方网站当前页面为准。官方网站：wannengrun.net。	https://wannengrun.net/zh/	否
中国知网	中国知网	工具	在线学习,效率工具,在线服务	中国学术文献综合数据库	中国学术文献综合数据库。这里提供中国知网的官方服务与相关信息，支持通过官网了解产品、功能、使用方式及最新动态；具体服务范围、开放地区和使用规则请以官方网站当前页面为准。官方网站：cnki.net。	https://www.cnki.net	否
京东云	JD Cloud京东云	工具	云盘与云服务,效率工具,在线服务	京东云计算平台	京东云计算平台。这里提供JD Cloud京东云的官方服务与相关信息，支持通过官网了解产品、功能、使用方式及最新动态；具体服务范围、开放地区和使用规则请以官方网站当前页面为准。官方网站：jdcloud.com。	https://www.jdcloud.com	否
倒数日	Days Matter倒数日	工具	效率工具,在线服务	倒数日应用	倒数日应用。这里提供Days Matter倒数日的官方服务与相关信息，支持通过官网了解产品、功能、使用方式及最新动态；具体服务范围、开放地区和使用规则请以官方网站当前页面为准。官方网站：daysmatter.com。	https://www.daysmatter.com	否
剪映	剪映专业版	工具	设计与创意,效率工具,在线服务	字节跳动旗下视频剪辑工具	字节跳动旗下视频剪辑工具。这里提供剪映专业版的官方服务与相关信息，支持通过官网了解产品、功能、使用方式及最新动态；具体服务范围、开放地区和使用规则请以官方网站当前页面为准。官方网站：capcut.com。	https://www.capcut.com	否
卡巴斯基	卡巴斯基反病毒	工具	效率工具,在线服务	国际知名杀毒软件	国际知名杀毒软件。这里提供卡巴斯基反病毒的官方服务与相关信息，支持通过官网了解产品、功能、使用方式及最新动态；具体服务范围、开放地区和使用规则请以官方网站当前页面为准。官方网站：kaspersky.com。	https://www.kaspersky.com	否
古腾堡计划	免费电子书-古腾堡计划	工具	在线学习,效率工具,在线服务	免费电子书图书馆	免费电子书图书馆。这里提供免费电子书-古腾堡计划的官方服务与相关信息，支持通过官网了解产品、功能、使用方式及最新动态；具体服务范围、开放地区和使用规则请以官方网站当前页面为准。官方网站：gutenberg.org。	https://www.gutenberg.org	是
台词搜电影	台词找影片	工具	视频与直播,效率工具,在线服务	通过台词搜索电影	通过台词搜索电影。这里提供台词找影片的官方服务与相关信息，支持通过官网了解产品、功能、使用方式及最新动态；具体服务范围、开放地区和使用规则请以官方网站当前页面为准。官方网站：the-vault.org。	https://www.the-vault.org	否
坚果云	坚果云	工具	云盘与云服务,效率工具,在线服务	高效文件同步云盘	高效文件同步云盘。这里提供坚果云的官方服务与相关信息，支持通过官网了解产品、功能、使用方式及最新动态；具体服务范围、开放地区和使用规则请以官方网站当前页面为准。官方网站：jianguoyun.com。	https://www.jianguoyun.com	否
墨迹天气	墨迹天气	工具	生活服务,效率工具,在线服务	天气预报与生活服务	天气预报与生活服务。这里提供墨迹天气的官方服务与相关信息，支持通过官网了解产品、功能、使用方式及最新动态；具体服务范围、开放地区和使用规则请以官方网站当前页面为准。官方网站：tianqi.com。	https://www.tianqi.com	否
夸克	夸克浏览器	工具	效率工具,在线服务	智能搜索浏览器	智能搜索浏览器。这里提供夸克浏览器的官方服务与相关信息，支持通过官网了解产品、功能、使用方式及最新动态；具体服务范围、开放地区和使用规则请以官方网站当前页面为准。官方网站：m.quark.cn。	https://m.quark.cn	否
小鸡词典	小鸡词典	工具	在线学习,效率工具,在线服务	网络流行语查询词典	网络流行语查询词典。这里提供小鸡词典的官方服务与相关信息，支持通过官网了解产品、功能、使用方式及最新动态；具体服务范围、开放地区和使用规则请以官方网站当前页面为准。官方网站：jikipedia.com。	https://jikipedia.com	否
微信网页传输助手	微信网页传输助手	工具	效率工具,在线服务	微信网页版文件传输工具	微信网页版文件传输工具。这里提供微信网页传输助手的官方服务与相关信息，支持通过官网了解产品、功能、使用方式及最新动态；具体服务范围、开放地区和使用规则请以官方网站当前页面为准。官方网站：file.weixin.qq.com。	https://file.weixin.qq.com	否
微信读书	微信读书	工具	在线学习,效率工具,在线服务	微信旗下在线阅读平台	微信旗下在线阅读平台。这里提供微信读书的官方服务与相关信息，支持通过官网了解产品、功能、使用方式及最新动态；具体服务范围、开放地区和使用规则请以官方网站当前页面为准。官方网站：weread.qq.com。	https://weread.qq.com	否
微软365	Microsoft 365	工具	办公协作,效率工具,在线服务	微软官方办公软件套件	微软官方办公软件套件。这里提供Microsoft 365的官方服务与相关信息，支持通过官网了解产品、功能、使用方式及最新动态；具体服务范围、开放地区和使用规则请以官方网站当前页面为准。官方网站：microsoft.com。	https://www.microsoft.com/microsoft-365	是
微软官网	Microsoft	工具	效率工具,在线服务	微软官方网站	微软官方网站。这里提供Microsoft的官方服务与相关信息，支持通过官网了解产品、功能、使用方式及最新动态；具体服务范围、开放地区和使用规则请以官方网站当前页面为准。官方网站：microsoft.com。	https://www.microsoft.com	否
快递100	快递100	工具	生活服务,效率工具,在线服务	快递物流查询平台	快递物流查询平台。这里提供快递100的官方服务与相关信息，支持通过官网了解产品、功能、使用方式及最新动态；具体服务范围、开放地区和使用规则请以官方网站当前页面为准。官方网站：kuaidi100.com。	https://www.kuaidi100.com	否
懂车帝	Dongchedi懂车帝	工具	汽车,效率工具,在线服务	汽车信息平台	汽车信息平台。这里提供Dongchedi懂车帝的官方服务与相关信息，支持通过官网了解产品、功能、使用方式及最新动态；具体服务范围、开放地区和使用规则请以官方网站当前页面为准。官方网站：dongchedi.com。	https://www.dongchedi.com	否
掘金	掘金	工具	编程开发,效率工具,在线服务	开发者技术社区	开发者技术社区。这里提供掘金的官方服务与相关信息，支持通过官网了解产品、功能、使用方式及最新动态；具体服务范围、开放地区和使用规则请以官方网站当前页面为准。官方网站：juejin.cn。	https://juejin.cn	否
推特下载器	下载推特视频	工具	视频与直播,效率工具,在线服务	推特视频下载工具	推特视频下载工具。这里提供下载推特视频的官方服务与相关信息，支持通过官网了解产品、功能、使用方式及最新动态；具体服务范围、开放地区和使用规则请以官方网站当前页面为准。官方网站：twittervideodownloader.com。	https://twittervideodownloader.com	是
斗图啦	斗图啦	工具	设计与创意,效率工具,在线服务	表情包分享平台	表情包分享平台。这里提供斗图啦的官方服务与相关信息，支持通过官网了解产品、功能、使用方式及最新动态；具体服务范围、开放地区和使用规则请以官方网站当前页面为准。官方网站：doutula.com。	https://www.doutula.com	否
晋江文学城	晋江文学城	工具	在线学习,效率工具,在线服务	女性向网络文学平台	女性向网络文学平台。这里提供晋江文学城的官方服务与相关信息，支持通过官网了解产品、功能、使用方式及最新动态；具体服务范围、开放地区和使用规则请以官方网站当前页面为准。官方网站：jjwxc.net。	https://www.jjwxc.net	否
海明威编辑器	Hemingway Editor	工具	效率工具,在线服务	让文字更简洁有力的写作工具	让文字更简洁有力的写作工具。这里提供Hemingway Editor的官方服务与相关信息，支持通过官网了解产品、功能、使用方式及最新动态；具体服务范围、开放地区和使用规则请以官方网站当前页面为准。官方网站：hemingwayapp.com。	https://hemingwayapp.com	否
火绒	火绒安全	工具	效率工具,在线服务	轻量级安全软件	轻量级安全软件。这里提供火绒安全的官方服务与相关信息，支持通过官网了解产品、功能、使用方式及最新动态；具体服务范围、开放地区和使用规则请以官方网站当前页面为准。官方网站：huorong.cn。	https://www.huorong.cn	否
番茄时钟	番茄钟（Forest等）	工具	效率工具,在线服务	番茄工作法工具	番茄工作法工具。这里提供番茄钟（Forest等）的官方服务与相关信息，支持通过官网了解产品、功能、使用方式及最新动态；具体服务范围、开放地区和使用规则请以官方网站当前页面为准。官方网站：forestapp.cc。	https://www.forestapp.cc	否
百度地图	百度地图	工具	生活服务,效率工具,在线服务	百度旗下地图导航服务	百度旗下地图导航服务。这里提供百度地图的官方服务与相关信息，支持通过官网了解产品、功能、使用方式及最新动态；具体服务范围、开放地区和使用规则请以官方网站当前页面为准。官方网站：ditu.baidu.com。	https://ditu.baidu.com	否
百度百科	百度百科	工具	在线学习,效率工具,在线服务	中文在线百科全书	中文在线百科全书。这里提供百度百科的官方服务与相关信息，支持通过官网了解产品、功能、使用方式及最新动态；具体服务范围、开放地区和使用规则请以官方网站当前页面为准。官方网站：baike.baidu.com。	https://baike.baidu.com	否
百度网盘	百度网盘	工具	云盘与云服务,效率工具,在线服务	百度旗下云存储服务	百度旗下云存储服务。这里提供百度网盘的官方服务与相关信息，支持通过官网了解产品、功能、使用方式及最新动态；具体服务范围、开放地区和使用规则请以官方网站当前页面为准。官方网站：pan.baidu.com。	https://pan.baidu.com	否
石墨文档	石墨文档	工具	办公协作,效率工具,在线服务	在线协作文档平台	在线协作文档平台。这里提供石墨文档的官方服务与相关信息，支持通过官网了解产品、功能、使用方式及最新动态；具体服务范围、开放地区和使用规则请以官方网站当前页面为准。官方网站：shimo.im。	https://www.shimo.im	否
维基百科	Wikipedia	工具	在线学习,效率工具,在线服务	全球自由百科全书	全球自由百科全书。这里提供Wikipedia的官方服务与相关信息，支持通过官网了解产品、功能、使用方式及最新动态；具体服务范围、开放地区和使用规则请以官方网站当前页面为准。官方网站：wikipedia.org。	https://www.wikipedia.org	是
网易邮箱	网易邮箱	工具	效率工具,在线服务	网易免费邮箱服务	网易免费邮箱服务。这里提供网易邮箱的官方服务与相关信息，支持通过官网了解产品、功能、使用方式及最新动态；具体服务范围、开放地区和使用规则请以官方网站当前页面为准。官方网站：mail.163.com。	https://mail.163.com	否
腾讯云	Tencent Cloud腾讯云	工具	云盘与云服务,效率工具,在线服务	腾讯云计算平台	腾讯云计算平台。这里提供Tencent Cloud腾讯云的官方服务与相关信息，支持通过官网了解产品、功能、使用方式及最新动态；具体服务范围、开放地区和使用规则请以官方网站当前页面为准。官方网站：cloud.tencent.com。	https://cloud.tencent.com	否
腾讯微云	腾讯微云	工具	云盘与云服务,效率工具,在线服务	腾讯旗下云存储服务	腾讯旗下云存储服务。这里提供腾讯微云的官方服务与相关信息，支持通过官网了解产品、功能、使用方式及最新动态；具体服务范围、开放地区和使用规则请以官方网站当前页面为准。官方网站：weiyun.com。	https://www.weiyun.com	否
腾讯文档	腾讯文档	工具	办公协作,效率工具,在线服务	腾讯在线协作文档	腾讯在线协作文档。这里提供腾讯文档的官方服务与相关信息，支持通过官网了解产品、功能、使用方式及最新动态；具体服务范围、开放地区和使用规则请以官方网站当前页面为准。官方网站：docs.qq.com。	https://docs.qq.com	否
草料二维码	草料二维码	工具	效率工具,在线服务	二维码生成与管理工具	二维码生成与管理工具。这里提供草料二维码的官方服务与相关信息，支持通过官网了解产品、功能、使用方式及最新动态；具体服务范围、开放地区和使用规则请以官方网站当前页面为准。官方网站：cli.im。	https://cli.im	否
菜鸟教程	菜鸟教程	工具	编程开发,效率工具,在线服务	编程开发学习教程	编程开发学习教程。这里提供菜鸟教程的官方服务与相关信息，支持通过官网了解产品、功能、使用方式及最新动态；具体服务范围、开放地区和使用规则请以官方网站当前页面为准。官方网站：runoob.com。	https://www.runoob.com	否
语雀	语雀	工具	办公协作,效率工具,在线服务	阿里巴巴旗下知识库工具	阿里巴巴旗下知识库工具。这里提供语雀的官方服务与相关信息，支持通过官网了解产品、功能、使用方式及最新动态；具体服务范围、开放地区和使用规则请以官方网站当前页面为准。官方网站：yuque.com。	https://www.yuque.com	否
谷歌	Google	工具	效率工具,在线服务	全球领先搜索引擎	全球领先搜索引擎。这里提供Google的官方服务与相关信息，支持通过官网了解产品、功能、使用方式及最新动态；具体服务范围、开放地区和使用规则请以官方网站当前页面为准。官方网站：google.com。	https://www.google.com	是
起点中文网	起点中文网	工具	在线学习,效率工具,在线服务	网络文学原创平台	网络文学原创平台。这里提供起点中文网的官方服务与相关信息，支持通过官网了解产品、功能、使用方式及最新动态；具体服务范围、开放地区和使用规则请以官方网站当前页面为准。官方网站：qidian.com。	https://www.qidian.com	否
达芬奇官网	DaVinci Resolve	工具	设计与创意,效率工具,在线服务	专业视频调色与剪辑软件	专业视频调色与剪辑软件。这里提供DaVinci Resolve的官方服务与相关信息，支持通过官网了解产品、功能、使用方式及最新动态；具体服务范围、开放地区和使用规则请以官方网站当前页面为准。官方网站：blackmagicdesign.com。	https://www.blackmagicdesign.com/products/davinciresolve	否
迅雷	迅雷下载	工具	效率工具,在线服务	高速下载工具	高速下载工具。这里提供迅雷下载的官方服务与相关信息，支持通过官网了解产品、功能、使用方式及最新动态；具体服务范围、开放地区和使用规则请以官方网站当前页面为准。官方网站：xunlei.com。	https://www.xunlei.com	否
酷安	Coolapk酷安	工具	效率工具,在线服务	数码应用社区	数码应用社区。这里提供Coolapk酷安的官方服务与相关信息，支持通过官网了解产品、功能、使用方式及最新动态；具体服务范围、开放地区和使用规则请以官方网站当前页面为准。官方网站：coolapk.com。	https://www.coolapk.com	否
钉钉	钉钉	工具	办公协作,效率工具,在线服务	阿里巴巴旗下企业协作平台	阿里巴巴旗下企业协作平台。这里提供钉钉的官方服务与相关信息，支持通过官网了解产品、功能、使用方式及最新动态；具体服务范围、开放地区和使用规则请以官方网站当前页面为准。官方网站：dingtalk.com。	https://www.dingtalk.com	否
阿里云	阿里云	工具	云盘与云服务,效率工具,在线服务	阿里巴巴旗下云计算平台	阿里巴巴旗下云计算平台。这里提供阿里云的官方服务与相关信息，支持通过官网了解产品、功能、使用方式及最新动态；具体服务范围、开放地区和使用规则请以官方网站当前页面为准。官方网站：aliyun.com。	https://www.aliyun.com	否
阿里云盘	阿里云盘	工具	云盘与云服务,效率工具,在线服务	阿里巴巴旗下云存储服务	阿里巴巴旗下云存储服务。这里提供阿里云盘的官方服务与相关信息，支持通过官网了解产品、功能、使用方式及最新动态；具体服务范围、开放地区和使用规则请以官方网站当前页面为准。官方网站：alipan.com。	https://www.alipan.com	否
飞书	飞书	工具	办公协作,效率工具,在线服务	字节跳动旗下企业协作平台	字节跳动旗下企业协作平台。这里提供飞书的官方服务与相关信息，支持通过官网了解产品、功能、使用方式及最新动态；具体服务范围、开放地区和使用规则请以官方网站当前页面为准。官方网站：feishu.cn。	https://www.feishu.cn	否
高德地图	高德地图	工具	生活服务,效率工具,在线服务	阿里旗下地图导航服务	阿里旗下地图导航服务。这里提供高德地图的官方服务与相关信息，支持通过官网了解产品、功能、使用方式及最新动态；具体服务范围、开放地区和使用规则请以官方网站当前页面为准。官方网站：amap.com。	https://www.amap.com	否
魔极客驱动	MonsGeek Driver	工具	效率工具,在线服务	魔极客外设驱动工具	魔极客外设驱动工具。这里提供MonsGeek Driver的官方服务与相关信息，支持通过官网了解产品、功能、使用方式及最新动态；具体服务范围、开放地区和使用规则请以官方网站当前页面为准。官方网站：monsgeek.com。	https://www.monsgeek.com	否
麦高驱动	麦高中枢	工具	效率工具,在线服务	电脑驱动自动更新工具	电脑驱动自动更新工具。这里提供麦高中枢的官方服务与相关信息，支持通过官网了解产品、功能、使用方式及最新动态；具体服务范围、开放地区和使用规则请以官方网站当前页面为准。官方网站：mg-driver.com。	https://www.mg-driver.com	否
黑猫投诉	315投诉维权-黑猫投诉	工具	生活服务,效率工具,在线服务	消费者投诉维权平台	消费者投诉维权平台。这里提供315投诉维权-黑猫投诉的官方服务与相关信息，支持通过官网了解产品、功能、使用方式及最新动态；具体服务范围、开放地区和使用规则请以官方网站当前页面为准。官方网站：tousu.sina.com.cn。	https://tousu.sina.com.cn	否
YayText	YayText	工具	设计与创意,效率工具,在线服务	花体字文本生成器	提供24种以上的花式字体风格，可将普通文字转换为特殊Unicode字体，适用于Instagram、Twitter等社交平台	https://yaytext.app	否
SaveTwitter	SaveTwitter	工具	视频与直播,效率工具,在线服务	推特视频下载工具	推特视频下载工具。这里提供SaveTwitter的官方服务与相关信息，支持通过官网了解产品、功能、使用方式及最新动态；具体服务范围、开放地区和使用规则请以官方网站当前页面为准。官方网站：savetwitter.net。	https://savetwitter.net	是
新华字典	新华字典在线	工具	在线学习,效率工具,在线服务	在线新华字典查询	在线新华字典查询。这里提供新华字典在线的官方服务与相关信息，支持通过官网了解产品、功能、使用方式及最新动态；具体服务范围、开放地区和使用规则请以官方网站当前页面为准。官方网站：zidian.gushici.net。	https://zidian.gushici.net	否
无影云电脑	阿里云无影	工具	云盘与云服务,效率工具,在线服务	阿里云无影云电脑	阿里云无影云电脑。这里提供阿里云无影的官方服务与相关信息，支持通过官网了解产品、功能、使用方式及最新动态；具体服务范围、开放地区和使用规则请以官方网站当前页面为准。官方网站：wuying.aliyun.com。	https://wuying.aliyun.com	否
麦高中枢	MCHOSE麦高	工具	效率工具,在线服务	麦高外设驱动管理中心	麦高外设驱动管理中心。这里提供MCHOSE麦高的官方服务与相关信息，支持通过官网了解产品、功能、使用方式及最新动态；具体服务范围、开放地区和使用规则请以官方网站当前页面为准。官方网站：mchose.com.cn。	https://www.mchose.com.cn	否
Blackmagic Design	Blackmagic Design	工具	设计与创意,效率工具,在线服务	专业视频后期制作公司	专业视频后期制作公司。这里提供Blackmagic Design的官方服务与相关信息，支持通过官网了解产品、功能、使用方式及最新动态；具体服务范围、开放地区和使用规则请以官方网站当前页面为准。官方网站：blackmagicdesign.com。	https://www.blackmagicdesign.com	否
TinyPNG	TinyPNG	工具	效率工具,在线服务	图片智能压缩	图片智能压缩。这里提供TinyPNG的官方服务与相关信息，支持通过官网了解产品、功能、使用方式及最新动态；具体服务范围、开放地区和使用规则请以官方网站当前页面为准。官方网站：tinypng.com。	https://tinypng.com	是
Smallpdf	Smallpdf	工具	效率工具,在线服务	PDF在线工具箱	PDF在线工具箱。这里提供Smallpdf的官方服务与相关信息，支持通过官网了解产品、功能、使用方式及最新动态；具体服务范围、开放地区和使用规则请以官方网站当前页面为准。官方网站：smallpdf.com。	https://smallpdf.com	是
文叔叔	文叔叔	工具	效率工具,在线服务	免注册大文件传输	免注册大文件传输。这里提供文叔叔的官方服务与相关信息，支持通过官网了解产品、功能、使用方式及最新动态；具体服务范围、开放地区和使用规则请以官方网站当前页面为准。官方网站：wenshushu.cn。	https://www.wenshushu.cn	否
Regex101	Regex101	工具	效率工具,在线服务	正则表达式测试	正则表达式测试。这里提供Regex101的官方服务与相关信息，支持通过官网了解产品、功能、使用方式及最新动态；具体服务范围、开放地区和使用规则请以官方网站当前页面为准。官方网站：regex101.com。	https://regex101.com	是
幕布	幕布	工具	效率工具,在线服务	大纲笔记工具	大纲笔记工具。这里提供幕布的官方服务与相关信息，支持通过官网了解产品、功能、使用方式及最新动态；具体服务范围、开放地区和使用规则请以官方网站当前页面为准。官方网站：mubu.com。	https://mubu.com	否
draw.io	draw.io	工具	效率工具,在线服务	免费流程图绘制	免费流程图绘制。这里提供draw.io的官方服务与相关信息，支持通过官网了解产品、功能、使用方式及最新动态；具体服务范围、开放地区和使用规则请以官方网站当前页面为准。官方网站：app.diagrams.net。	https://app.diagrams.net	是
百度搜索	百度搜索	工具	效率工具,在线服务	中文搜索引擎	中文搜索引擎。这里提供百度搜索的官方服务与相关信息，支持通过官网了解产品、功能、使用方式及最新动态；具体服务范围、开放地区和使用规则请以官方网站当前页面为准。官方网站：baidu.com。	https://www.baidu.com	否
必应	Microsoft Bing	工具	效率工具,在线服务	微软搜索引擎	微软搜索引擎。这里提供Microsoft Bing的官方服务与相关信息，支持通过官网了解产品、功能、使用方式及最新动态；具体服务范围、开放地区和使用规则请以官方网站当前页面为准。官方网站：bing.com。	https://www.bing.com	否
搜狗	搜狗搜索	工具	效率工具,在线服务	中文搜索	中文搜索。这里提供搜狗搜索的官方服务与相关信息，支持通过官网了解产品、功能、使用方式及最新动态；具体服务范围、开放地区和使用规则请以官方网站当前页面为准。官方网站：sogou.com。	https://www.sogou.com	否
360搜索	360搜索	工具	效率工具,在线服务	中文搜索	中文搜索。这里提供360搜索的官方服务与相关信息，支持通过官网了解产品、功能、使用方式及最新动态；具体服务范围、开放地区和使用规则请以官方网站当前页面为准。官方网站：so.com。	https://www.so.com	否
Firefox	Mozilla Firefox	工具	效率工具,在线服务	火狐浏览器	火狐浏览器。这里提供Mozilla Firefox的官方服务与相关信息，支持通过官网了解产品、功能、使用方式及最新动态；具体服务范围、开放地区和使用规则请以官方网站当前页面为准。官方网站：mozilla.org。	https://www.mozilla.org/firefox/	是
新浪邮箱	新浪邮箱	工具	效率工具,在线服务	电子邮箱	电子邮箱。这里提供新浪邮箱的官方服务与相关信息，支持通过官网了解产品、功能、使用方式及最新动态；具体服务范围、开放地区和使用规则请以官方网站当前页面为准。官方网站：mail.sina.com.cn。	https://mail.sina.com.cn	否
Gmail	Gmail	工具	效率工具,在线服务	谷歌邮箱	谷歌邮箱。这里提供Gmail的官方服务与相关信息，支持通过官网了解产品、功能、使用方式及最新动态；具体服务范围、开放地区和使用规则请以官方网站当前页面为准。官方网站：mail.google.com。	https://mail.google.com	是
华为云	华为云	工具	数码硬件,效率工具,在线服务	云计算	云计算。这里提供华为云的官方服务与相关信息，支持通过官网了解产品、功能、使用方式及最新动态；具体服务范围、开放地区和使用规则请以官方网站当前页面为准。官方网站：huaweicloud.com。	https://www.huaweicloud.com	否
百度智能云	百度智能云	工具	效率工具,在线服务	云计算	云计算。这里提供百度智能云的官方服务与相关信息，支持通过官网了解产品、功能、使用方式及最新动态；具体服务范围、开放地区和使用规则请以官方网站当前页面为准。官方网站：cloud.baidu.com。	https://cloud.baidu.com	否
企业微信	企业微信	工具	效率工具,在线服务	办公协作	办公协作。这里提供企业微信的官方服务与相关信息，支持通过官网了解产品、功能、使用方式及最新动态；具体服务范围、开放地区和使用规则请以官方网站当前页面为准。官方网站：work.weixin.qq.com。	https://work.weixin.qq.com	否
Microsoft 365	Microsoft 365	工具	办公协作,效率工具,在线服务	办公套件	办公套件。这里提供Microsoft 365的官方服务与相关信息，支持通过官网了解产品、功能、使用方式及最新动态；具体服务范围、开放地区和使用规则请以官方网站当前页面为准。官方网站：office.com。	https://www.office.com	是
百度翻译	百度翻译	工具	效率工具,在线服务	翻译工具	翻译工具。这里提供百度翻译的官方服务与相关信息，支持通过官网了解产品、功能、使用方式及最新动态；具体服务范围、开放地区和使用规则请以官方网站当前页面为准。官方网站：fanyi.baidu.com。	https://fanyi.baidu.com	否
谷歌翻译	谷歌翻译	工具	效率工具,在线服务	翻译工具	翻译工具。这里提供谷歌翻译的官方服务与相关信息，支持通过官网了解产品、功能、使用方式及最新动态；具体服务范围、开放地区和使用规则请以官方网站当前页面为准。官方网站：translate.google.com。	https://translate.google.com	是
有道翻译	有道翻译	工具	效率工具,在线服务	翻译工具	翻译工具。这里提供有道翻译的官方服务与相关信息，支持通过官网了解产品、功能、使用方式及最新动态；具体服务范围、开放地区和使用规则请以官方网站当前页面为准。官方网站：fanyi.youdao.com。	https://fanyi.youdao.com	否
DeepL	DeepL翻译	工具	效率工具,在线服务	翻译工具	翻译工具。这里提供DeepL翻译的官方服务与相关信息，支持通过官网了解产品、功能、使用方式及最新动态；具体服务范围、开放地区和使用规则请以官方网站当前页面为准。官方网站：deepl.com。	https://www.deepl.com	是
金山词霸	金山词霸	工具	效率工具,在线服务	词典	词典。这里提供金山词霸的官方服务与相关信息，支持通过官网了解产品、功能、使用方式及最新动态；具体服务范围、开放地区和使用规则请以官方网站当前页面为准。官方网站：iciba.com。	https://www.iciba.com	否
百度文库	百度文库	工具	效率工具,在线服务	文档库	文档库。这里提供百度文库的官方服务与相关信息，支持通过官网了解产品、功能、使用方式及最新动态；具体服务范围、开放地区和使用规则请以官方网站当前页面为准。官方网站：wenku.baidu.com。	https://wenku.baidu.com	否
道客巴巴	道客巴巴	工具	效率工具,在线服务	文档库	文档库。这里提供道客巴巴的官方服务与相关信息，支持通过官网了解产品、功能、使用方式及最新动态；具体服务范围、开放地区和使用规则请以官方网站当前页面为准。官方网站：doc88.com。	https://www.doc88.com	否
豆丁网	豆丁网	工具	效率工具,在线服务	文档库	文档库。这里提供豆丁网的官方服务与相关信息，支持通过官网了解产品、功能、使用方式及最新动态；具体服务范围、开放地区和使用规则请以官方网站当前页面为准。官方网站：docin.com。	https://www.docin.com	否
腾讯会议	腾讯会议	工具	效率工具,在线服务	在线会议	在线会议。这里提供腾讯会议的官方服务与相关信息，支持通过官网了解产品、功能、使用方式及最新动态；具体服务范围、开放地区和使用规则请以官方网站当前页面为准。官方网站：meeting.tencent.com。	https://meeting.tencent.com	否
钉钉文档	钉钉文档	工具	办公协作,效率工具,在线服务	协同文档	协同文档。这里提供钉钉文档的官方服务与相关信息，支持通过官网了解产品、功能、使用方式及最新动态；具体服务范围、开放地区和使用规则请以官方网站当前页面为准。官方网站：alidocs.dingtalk.com。	https://alidocs.dingtalk.com	否
WPS云文档	WPS云文档	工具	办公协作,效率工具,在线服务	协同文档	协同文档。这里提供WPS云文档的官方服务与相关信息，支持通过官网了解产品、功能、使用方式及最新动态；具体服务范围、开放地区和使用规则请以官方网站当前页面为准。官方网站：kdocs.cn。	https://www.kdocs.cn	否
微软翻译	Microsoft Translator	工具	效率工具,在线服务	翻译工具	翻译工具。这里提供Microsoft Translator的官方服务与相关信息，支持通过官网了解产品、功能、使用方式及最新动态；具体服务范围、开放地区和使用规则请以官方网站当前页面为准。官方网站：bing.com。	https://www.bing.com/translator	是
阿里旺旺	阿里旺旺	工具	效率工具,在线服务	聊天工具	聊天工具。这里提供阿里旺旺的官方服务与相关信息，支持通过官网了解产品、功能、使用方式及最新动态；具体服务范围、开放地区和使用规则请以官方网站当前页面为准。官方网站：wangwang.taobao.com。	https://wangwang.taobao.com	否
115网盘	115网盘	工具	效率工具,在线服务	云存储	云存储。这里提供115网盘的官方服务与相关信息，支持通过官网了解产品、功能、使用方式及最新动态；具体服务范围、开放地区和使用规则请以官方网站当前页面为准。官方网站：115.com。	https://115.com	否
idm	Internet Download Manager	工具	效率工具,在线服务	下载工具	下载工具。这里提供Internet Download Manager的官方服务与相关信息，支持通过官网了解产品、功能、使用方式及最新动态；具体服务范围、开放地区和使用规则请以官方网站当前页面为准。官方网站：internetdownloadmanager.com。	https://www.internetdownloadmanager.com	是
卡巴斯基	卡巴斯基	工具	效率工具,在线服务	杀毒软件	杀毒软件。这里提供卡巴斯基的官方服务与相关信息，支持通过官网了解产品、功能、使用方式及最新动态；具体服务范围、开放地区和使用规则请以官方网站当前页面为准。官方网站：kaspersky.com.cn。	https://www.kaspersky.com.cn	否
QQ安全中心	QQ安全中心	工具	效率工具,在线服务	账号安全	账号安全。这里提供QQ安全中心的官方服务与相关信息，支持通过官网了解产品、功能、使用方式及最新动态；具体服务范围、开放地区和使用规则请以官方网站当前页面为准。官方网站：aq.qq.com。	https://aq.qq.com	否
微信安全中心	微信安全中心	工具	效率工具,在线服务	账号安全	账号安全。这里提供微信安全中心的官方服务与相关信息，支持通过官网了解产品、功能、使用方式及最新动态；具体服务范围、开放地区和使用规则请以官方网站当前页面为准。官方网站：weixin110.qq.com。	https://weixin110.qq.com	否
ProcessOn	ProcessOn	工具	效率工具,在线服务	在线绘图	在线绘图。这里提供ProcessOn的官方服务与相关信息，支持通过官网了解产品、功能、使用方式及最新动态；具体服务范围、开放地区和使用规则请以官方网站当前页面为准。官方网站：processon.com。	https://www.processon.com	否
为知笔记	为知笔记	工具	效率工具,在线服务	笔记应用	笔记应用。这里提供为知笔记的官方服务与相关信息，支持通过官网了解产品、功能、使用方式及最新动态；具体服务范围、开放地区和使用规则请以官方网站当前页面为准。官方网站：wiz.cn。	https://www.wiz.cn	否
印象笔记	印象笔记	工具	效率工具,在线服务	笔记应用	笔记应用。这里提供印象笔记的官方服务与相关信息，支持通过官网了解产品、功能、使用方式及最新动态；具体服务范围、开放地区和使用规则请以官方网站当前页面为准。官方网站：yinxiang.com。	https://www.yinxiang.com	否
OneNote	OneNote	工具	效率工具,在线服务	笔记应用	笔记应用。这里提供OneNote的官方服务与相关信息，支持通过官网了解产品、功能、使用方式及最新动态；具体服务范围、开放地区和使用规则请以官方网站当前页面为准。官方网站：onenote.com。	https://www.onenote.com	是
番茄工作法	番茄Todo	工具	效率工具,在线服务	专注工具	专注工具。这里提供番茄Todo的官方服务与相关信息，支持通过官网了解产品、功能、使用方式及最新动态；具体服务范围、开放地区和使用规则请以官方网站当前页面为准。官方网站：pomofocus.io。	https://pomofocus.io	是
滴答清单	滴答清单	工具	效率工具,在线服务	待办清单	待办清单。这里提供滴答清单的官方服务与相关信息，支持通过官网了解产品、功能、使用方式及最新动态；具体服务范围、开放地区和使用规则请以官方网站当前页面为准。官方网站：dida365.com。	https://www.dida365.com	否
Microsoft To Do	微软待办	工具	效率工具,在线服务	待办清单	待办清单。这里提供微软待办的官方服务与相关信息，支持通过官网了解产品、功能、使用方式及最新动态；具体服务范围、开放地区和使用规则请以官方网站当前页面为准。官方网站：todo.microsoft.com。	https://todo.microsoft.com	是
Obsidian	Obsidian	工具	效率工具,在线服务	笔记应用	笔记应用。这里提供Obsidian的官方服务与相关信息，支持通过官网了解产品、功能、使用方式及最新动态；具体服务范围、开放地区和使用规则请以官方网站当前页面为准。官方网站：obsidian.md。	https://obsidian.md	是
Roam Research	Roam Research	工具	效率工具,在线服务	笔记应用	笔记应用。这里提供Roam Research的官方服务与相关信息，支持通过官网了解产品、功能、使用方式及最新动态；具体服务范围、开放地区和使用规则请以官方网站当前页面为准。官方网站：roamresearch.com。	https://roamresearch.com	是
Logseq	Logseq	工具	效率工具,在线服务	笔记应用	笔记应用。这里提供Logseq的官方服务与相关信息，支持通过官网了解产品、功能、使用方式及最新动态；具体服务范围、开放地区和使用规则请以官方网站当前页面为准。官方网站：logseq.com。	https://logseq.com	是
Joplin	Joplin	工具	效率工具,在线服务	笔记应用	笔记应用。这里提供Joplin的官方服务与相关信息，支持通过官网了解产品、功能、使用方式及最新动态；具体服务范围、开放地区和使用规则请以官方网站当前页面为准。官方网站：joplinapp.org。	https://joplinapp.org	是
Evernote	Evernote	工具	效率工具,在线服务	笔记应用	笔记应用。这里提供Evernote的官方服务与相关信息，支持通过官网了解产品、功能、使用方式及最新动态；具体服务范围、开放地区和使用规则请以官方网站当前页面为准。官方网站：evernote.com。	https://evernote.com	是
Google Docs	Google Docs	工具	效率工具,在线服务	在线文档	在线文档。这里提供Google Docs的官方服务与相关信息，支持通过官网了解产品、功能、使用方式及最新动态；具体服务范围、开放地区和使用规则请以官方网站当前页面为准。官方网站：docs.google.com。	https://docs.google.com	是
Google Sheets	Google Sheets	工具	效率工具,在线服务	在线表格	在线表格。这里提供Google Sheets的官方服务与相关信息，支持通过官网了解产品、功能、使用方式及最新动态；具体服务范围、开放地区和使用规则请以官方网站当前页面为准。官方网站：sheets.google.com。	https://sheets.google.com	是
Google Slides	Google Slides	工具	效率工具,在线服务	在线演示	在线演示。这里提供Google Slides的官方服务与相关信息，支持通过官网了解产品、功能、使用方式及最新动态；具体服务范围、开放地区和使用规则请以官方网站当前页面为准。官方网站：slides.google.com。	https://slides.google.com	是
LibreOffice	LibreOffice	工具	效率工具,在线服务	办公套件	办公套件。这里提供LibreOffice的官方服务与相关信息，支持通过官网了解产品、功能、使用方式及最新动态；具体服务范围、开放地区和使用规则请以官方网站当前页面为准。官方网站：libreoffice.org。	https://www.libreoffice.org	是
Trello	Trello	工具	效率工具,在线服务	项目管理	项目管理。这里提供Trello的官方服务与相关信息，支持通过官网了解产品、功能、使用方式及最新动态；具体服务范围、开放地区和使用规则请以官方网站当前页面为准。官方网站：trello.com。	https://trello.com	是
Asana	Asana	工具	效率工具,在线服务	项目管理	项目管理。这里提供Asana的官方服务与相关信息，支持通过官网了解产品、功能、使用方式及最新动态；具体服务范围、开放地区和使用规则请以官方网站当前页面为准。官方网站：asana.com。	https://asana.com	是
Monday.com	Monday.com	工具	效率工具,在线服务	项目管理	项目管理。这里提供Monday.com的官方服务与相关信息，支持通过官网了解产品、功能、使用方式及最新动态；具体服务范围、开放地区和使用规则请以官方网站当前页面为准。官方网站：monday.com。	https://monday.com	是
Airtable	Airtable	工具	效率工具,在线服务	协作工具	协作工具。这里提供Airtable的官方服务与相关信息，支持通过官网了解产品、功能、使用方式及最新动态；具体服务范围、开放地区和使用规则请以官方网站当前页面为准。官方网站：airtable.com。	https://airtable.com	是
ClickUp	ClickUp	工具	效率工具,在线服务	项目管理	项目管理。这里提供ClickUp的官方服务与相关信息，支持通过官网了解产品、功能、使用方式及最新动态；具体服务范围、开放地区和使用规则请以官方网站当前页面为准。官方网站：clickup.com。	https://clickup.com	是
Miro	Miro	工具	效率工具,在线服务	在线白板	在线白板。这里提供Miro的官方服务与相关信息，支持通过官网了解产品、功能、使用方式及最新动态；具体服务范围、开放地区和使用规则请以官方网站当前页面为准。官方网站：miro.com。	https://miro.com	是
Mural	Mural	工具	效率工具,在线服务	在线白板	在线白板。这里提供Mural的官方服务与相关信息，支持通过官网了解产品、功能、使用方式及最新动态；具体服务范围、开放地区和使用规则请以官方网站当前页面为准。官方网站：mural.co。	https://www.mural.co	是
Slack	Slack	工具	效率工具,在线服务	团队通讯	团队通讯。这里提供Slack的官方服务与相关信息，支持通过官网了解产品、功能、使用方式及最新动态；具体服务范围、开放地区和使用规则请以官方网站当前页面为准。官方网站：slack.com。	https://slack.com	是
Microsoft Teams	Microsoft Teams	工具	效率工具,在线服务	团队协作	团队协作。这里提供Microsoft Teams的官方服务与相关信息，支持通过官网了解产品、功能、使用方式及最新动态；具体服务范围、开放地区和使用规则请以官方网站当前页面为准。官方网站：teams.microsoft.com。	https://teams.microsoft.com	是
Google Meet	Google Meet	工具	效率工具,在线服务	视频会议	视频会议。这里提供Google Meet的官方服务与相关信息，支持通过官网了解产品、功能、使用方式及最新动态；具体服务范围、开放地区和使用规则请以官方网站当前页面为准。官方网站：meet.google.com。	https://meet.google.com	是
Calendly	Calendly	工具	效率工具,在线服务	日程工具	日程工具。这里提供Calendly的官方服务与相关信息，支持通过官网了解产品、功能、使用方式及最新动态；具体服务范围、开放地区和使用规则请以官方网站当前页面为准。官方网站：calendly.com。	https://calendly.com	是
Zapier	Zapier	工具	效率工具,在线服务	自动化	自动化。这里提供Zapier的官方服务与相关信息，支持通过官网了解产品、功能、使用方式及最新动态；具体服务范围、开放地区和使用规则请以官方网站当前页面为准。官方网站：zapier.com。	https://zapier.com	是
IFTTT	IFTTT	工具	效率工具,在线服务	自动化	自动化。这里提供IFTTT的官方服务与相关信息，支持通过官网了解产品、功能、使用方式及最新动态；具体服务范围、开放地区和使用规则请以官方网站当前页面为准。官方网站：ifttt.com。	https://ifttt.com	是
Make	Make	工具	效率工具,在线服务	自动化	自动化。这里提供Make的官方服务与相关信息，支持通过官网了解产品、功能、使用方式及最新动态；具体服务范围、开放地区和使用规则请以官方网站当前页面为准。官方网站：make.com。	https://www.make.com	是
n8n	n8n	工具	效率工具,在线服务	自动化	自动化。这里提供n8n的官方服务与相关信息，支持通过官网了解产品、功能、使用方式及最新动态；具体服务范围、开放地区和使用规则请以官方网站当前页面为准。官方网站：n8n.io。	https://n8n.io	是
Bitly	Bitly	工具	效率工具,在线服务	短链工具	短链工具。这里提供Bitly的官方服务与相关信息，支持通过官网了解产品、功能、使用方式及最新动态；具体服务范围、开放地区和使用规则请以官方网站当前页面为准。官方网站：bitly.com。	https://bitly.com	是
TinyURL	TinyURL	工具	效率工具,在线服务	短链工具	短链工具。这里提供TinyURL的官方服务与相关信息，支持通过官网了解产品、功能、使用方式及最新动态；具体服务范围、开放地区和使用规则请以官方网站当前页面为准。官方网站：tinyurl.com。	https://tinyurl.com	是
LastPass	LastPass	工具	效率工具,在线服务	密码管理	密码管理。这里提供LastPass的官方服务与相关信息，支持通过官网了解产品、功能、使用方式及最新动态；具体服务范围、开放地区和使用规则请以官方网站当前页面为准。官方网站：lastpass.com。	https://www.lastpass.com	是
1Password	1Password	工具	效率工具,在线服务	密码管理	密码管理。这里提供1Password的官方服务与相关信息，支持通过官网了解产品、功能、使用方式及最新动态；具体服务范围、开放地区和使用规则请以官方网站当前页面为准。官方网站：1password.com。	https://1password.com	是
Bitwarden	Bitwarden	工具	效率工具,在线服务	密码管理	密码管理。这里提供Bitwarden的官方服务与相关信息，支持通过官网了解产品、功能、使用方式及最新动态；具体服务范围、开放地区和使用规则请以官方网站当前页面为准。官方网站：bitwarden.com。	https://bitwarden.com	是
Dashlane	Dashlane	工具	效率工具,在线服务	密码管理	密码管理。这里提供Dashlane的官方服务与相关信息，支持通过官网了解产品、功能、使用方式及最新动态；具体服务范围、开放地区和使用规则请以官方网站当前页面为准。官方网站：dashlane.com。	https://www.dashlane.com	是
KeePass	KeePass	工具	效率工具,在线服务	密码管理	密码管理。这里提供KeePass的官方服务与相关信息，支持通过官网了解产品、功能、使用方式及最新动态；具体服务范围、开放地区和使用规则请以官方网站当前页面为准。官方网站：keepass.info。	https://keepass.info	是
Dropbox	Dropbox	工具	效率工具,在线服务	云盘	云盘。这里提供Dropbox的官方服务与相关信息，支持通过官网了解产品、功能、使用方式及最新动态；具体服务范围、开放地区和使用规则请以官方网站当前页面为准。官方网站：dropbox.com。	https://www.dropbox.com	是
OneDrive	OneDrive	工具	效率工具,在线服务	云盘	云盘。这里提供OneDrive的官方服务与相关信息，支持通过官网了解产品、功能、使用方式及最新动态；具体服务范围、开放地区和使用规则请以官方网站当前页面为准。官方网站：onedrive.live.com。	https://onedrive.live.com	是
Google Drive	Google Drive	工具	效率工具,在线服务	云盘	云盘。这里提供Google Drive的官方服务与相关信息，支持通过官网了解产品、功能、使用方式及最新动态；具体服务范围、开放地区和使用规则请以官方网站当前页面为准。官方网站：drive.google.com。	https://drive.google.com	是
MEGA	MEGA	工具	效率工具,在线服务	云盘	云盘。这里提供MEGA的官方服务与相关信息，支持通过官网了解产品、功能、使用方式及最新动态；具体服务范围、开放地区和使用规则请以官方网站当前页面为准。官方网站：mega.io。	https://mega.io	是
pCloud	pCloud	工具	效率工具,在线服务	云盘	云盘。这里提供pCloud的官方服务与相关信息，支持通过官网了解产品、功能、使用方式及最新动态；具体服务范围、开放地区和使用规则请以官方网站当前页面为准。官方网站：pcloud.com。	https://www.pcloud.com	是
Backblaze	Backblaze	工具	效率工具,在线服务	云备份	云备份。这里提供Backblaze的官方服务与相关信息，支持通过官网了解产品、功能、使用方式及最新动态；具体服务范围、开放地区和使用规则请以官方网站当前页面为准。官方网站：backblaze.com。	https://www.backblaze.com	是
Tutanota	Tutanota	工具	效率工具,在线服务	加密邮箱	加密邮箱。这里提供Tutanota的官方服务与相关信息，支持通过官网了解产品、功能、使用方式及最新动态；具体服务范围、开放地区和使用规则请以官方网站当前页面为准。官方网站：tutanota.com。	https://tutanota.com	是
ProtonMail	ProtonMail	工具	效率工具,在线服务	加密邮箱	加密邮箱。这里提供ProtonMail的官方服务与相关信息，支持通过官网了解产品、功能、使用方式及最新动态；具体服务范围、开放地区和使用规则请以官方网站当前页面为准。官方网站：proton.me。	https://proton.me/mail	是
Zoho Mail	Zoho Mail	工具	效率工具,在线服务	电子邮箱	电子邮箱。这里提供Zoho Mail的官方服务与相关信息，支持通过官网了解产品、功能、使用方式及最新动态；具体服务范围、开放地区和使用规则请以官方网站当前页面为准。官方网站：zoho.com。	https://www.zoho.com/mail	是
Outlook	Outlook	工具	效率工具,在线服务	电子邮箱	电子邮箱。这里提供Outlook的官方服务与相关信息，支持通过官网了解产品、功能、使用方式及最新动态；具体服务范围、开放地区和使用规则请以官方网站当前页面为准。官方网站：outlook.live.com。	https://outlook.live.com	是
Mail.ru	Mail.ru	工具	效率工具,在线服务	电子邮箱	电子邮箱。这里提供Mail.ru的官方服务与相关信息，支持通过官网了解产品、功能、使用方式及最新动态；具体服务范围、开放地区和使用规则请以官方网站当前页面为准。官方网站：mail.ru。	https://mail.ru	是
Fastmail	Fastmail	工具	效率工具,在线服务	电子邮箱	电子邮箱。这里提供Fastmail的官方服务与相关信息，支持通过官网了解产品、功能、使用方式及最新动态；具体服务范围、开放地区和使用规则请以官方网站当前页面为准。官方网站：fastmail.com。	https://www.fastmail.com	是
Wolfram Alpha	Wolfram Alpha	工具	效率工具,在线服务	计算引擎	计算引擎。这里提供Wolfram Alpha的官方服务与相关信息，支持通过官网了解产品、功能、使用方式及最新动态；具体服务范围、开放地区和使用规则请以官方网站当前页面为准。官方网站：wolframalpha.com。	https://www.wolframalpha.com	是
Have I Been Pwned	Have I Been Pwned	工具	效率工具,在线服务	安全查询	安全查询。这里提供Have I Been Pwned的官方服务与相关信息，支持通过官网了解产品、功能、使用方式及最新动态；具体服务范围、开放地区和使用规则请以官方网站当前页面为准。官方网站：haveibeenpwned.com。	https://haveibeenpwned.com	是
VirusTotal	VirusTotal	工具	效率工具,在线服务	安全扫描	安全扫描。这里提供VirusTotal的官方服务与相关信息，支持通过官网了解产品、功能、使用方式及最新动态；具体服务范围、开放地区和使用规则请以官方网站当前页面为准。官方网站：virustotal.com。	https://www.virustotal.com	是
Shodan	Shodan	工具	效率工具,在线服务	网络搜索	网络搜索。这里提供Shodan的官方服务与相关信息，支持通过官网了解产品、功能、使用方式及最新动态；具体服务范围、开放地区和使用规则请以官方网站当前页面为准。官方网站：shodan.io。	https://www.shodan.io	是
Norton	Norton	工具	效率工具,在线服务	安全软件	安全软件。这里提供Norton的官方服务与相关信息，支持通过官网了解产品、功能、使用方式及最新动态；具体服务范围、开放地区和使用规则请以官方网站当前页面为准。官方网站：us.norton.com。	https://us.norton.com	是
McAfee	McAfee	工具	效率工具,在线服务	安全软件	安全软件。这里提供McAfee的官方服务与相关信息，支持通过官网了解产品、功能、使用方式及最新动态；具体服务范围、开放地区和使用规则请以官方网站当前页面为准。官方网站：mcafee.com。	https://www.mcafee.com	是
Bitdefender	Bitdefender	工具	效率工具,在线服务	安全软件	安全软件。这里提供Bitdefender的官方服务与相关信息，支持通过官网了解产品、功能、使用方式及最新动态；具体服务范围、开放地区和使用规则请以官方网站当前页面为准。官方网站：bitdefender.com。	https://www.bitdefender.com	是
Malwarebytes	Malwarebytes	工具	效率工具,在线服务	安全软件	安全软件。这里提供Malwarebytes的官方服务与相关信息，支持通过官网了解产品、功能、使用方式及最新动态；具体服务范围、开放地区和使用规则请以官方网站当前页面为准。官方网站：malwarebytes.com。	https://www.malwarebytes.com	是
NordVPN	NordVPN	工具	效率工具,在线服务	VPN服务	VPN服务。这里提供NordVPN的官方服务与相关信息，支持通过官网了解产品、功能、使用方式及最新动态；具体服务范围、开放地区和使用规则请以官方网站当前页面为准。官方网站：nordvpn.com。	https://nordvpn.com	是
ExpressVPN	ExpressVPN	工具	效率工具,在线服务	VPN服务	VPN服务。这里提供ExpressVPN的官方服务与相关信息，支持通过官网了解产品、功能、使用方式及最新动态；具体服务范围、开放地区和使用规则请以官方网站当前页面为准。官方网站：expressvpn.com。	https://www.expressvpn.com	是
Mullvad	Mullvad VPN	工具	效率工具,在线服务	VPN服务	VPN服务。这里提供Mullvad VPN的官方服务与相关信息，支持通过官网了解产品、功能、使用方式及最新动态；具体服务范围、开放地区和使用规则请以官方网站当前页面为准。官方网站：mullvad.net。	https://mullvad.net	是
Tor Project	Tor Project	工具	效率工具,在线服务	匿名网络	匿名网络。这里提供Tor Project的官方服务与相关信息，支持通过官网了解产品、功能、使用方式及最新动态；具体服务范围、开放地区和使用规则请以官方网站当前页面为准。官方网站：torproject.org。	https://www.torproject.org	是
Speedtest	Speedtest	工具	效率工具,在线服务	网络工具	网络工具。这里提供Speedtest的官方服务与相关信息，支持通过官网了解产品、功能、使用方式及最新动态；具体服务范围、开放地区和使用规则请以官方网站当前页面为准。官方网站：speedtest.net。	https://www.speedtest.net	是
Squoosh	Squoosh	工具	效率工具,在线服务	图片压缩	图片压缩。这里提供Squoosh的官方服务与相关信息，支持通过官网了解产品、功能、使用方式及最新动态；具体服务范围、开放地区和使用规则请以官方网站当前页面为准。官方网站：squoosh.app。	https://squoosh.app	是
JSON Formatter	JSON Formatter	工具	效率工具,在线服务	开发者工具	开发者工具。这里提供JSON Formatter的官方服务与相关信息，支持通过官网了解产品、功能、使用方式及最新动态；具体服务范围、开放地区和使用规则请以官方网站当前页面为准。官方网站：jsonformatter.org。	https://jsonformatter.org	是
Code Beautify	Code Beautify	工具	效率工具,在线服务	开发者工具	开发者工具。这里提供Code Beautify的官方服务与相关信息，支持通过官网了解产品、功能、使用方式及最新动态；具体服务范围、开放地区和使用规则请以官方网站当前页面为准。官方网站：codebeautify.org。	https://codebeautify.org	是
DownDetector	DownDetector	工具	效率工具,在线服务	服务状态	服务状态。这里提供DownDetector的官方服务与相关信息，支持通过官网了解产品、功能、使用方式及最新动态；具体服务范围、开放地区和使用规则请以官方网站当前页面为准。官方网站：downdetector.com。	https://downdetector.com	是
Wayback Machine	Wayback Machine	工具	效率工具,在线服务	网页存档	网页存档。这里提供Wayback Machine的官方服务与相关信息，支持通过官网了解产品、功能、使用方式及最新动态；具体服务范围、开放地区和使用规则请以官方网站当前页面为准。官方网站：web.archive.org。	https://web.archive.org	是
Archive.org	Archive.org	工具	效率工具,在线服务	数字图书馆	数字图书馆。这里提供Archive.org的官方服务与相关信息，支持通过官网了解产品、功能、使用方式及最新动态；具体服务范围、开放地区和使用规则请以官方网站当前页面为准。官方网站：archive.org。	https://archive.org	是
Open Library	Open Library	工具	效率工具,在线服务	电子图书馆	电子图书馆。这里提供Open Library的官方服务与相关信息，支持通过官网了解产品、功能、使用方式及最新动态；具体服务范围、开放地区和使用规则请以官方网站当前页面为准。官方网站：openlibrary.org。	https://openlibrary.org	是
WordPress	WordPress	工具	效率工具,在线服务	建站平台	建站平台。这里提供WordPress的官方服务与相关信息，支持通过官网了解产品、功能、使用方式及最新动态；具体服务范围、开放地区和使用规则请以官方网站当前页面为准。官方网站：wordpress.org。	https://wordpress.org	是
Wix	Wix	工具	效率工具,在线服务	建站平台	建站平台。这里提供Wix的官方服务与相关信息，支持通过官网了解产品、功能、使用方式及最新动态；具体服务范围、开放地区和使用规则请以官方网站当前页面为准。官方网站：wix.com。	https://www.wix.com	是
Squarespace	Squarespace	工具	效率工具,在线服务	建站平台	建站平台。这里提供Squarespace的官方服务与相关信息，支持通过官网了解产品、功能、使用方式及最新动态；具体服务范围、开放地区和使用规则请以官方网站当前页面为准。官方网站：squarespace.com。	https://www.squarespace.com	是
Ghost	Ghost	工具	效率工具,在线服务	博客平台	博客平台。这里提供Ghost的官方服务与相关信息，支持通过官网了解产品、功能、使用方式及最新动态；具体服务范围、开放地区和使用规则请以官方网站当前页面为准。官方网站：ghost.org。	https://ghost.org	是
GoDaddy	GoDaddy	工具	效率工具,在线服务	域名注册	域名注册。这里提供GoDaddy的官方服务与相关信息，支持通过官网了解产品、功能、使用方式及最新动态；具体服务范围、开放地区和使用规则请以官方网站当前页面为准。官方网站：godaddy.com。	https://www.godaddy.com	是
Namecheap	Namecheap	工具	效率工具,在线服务	域名注册	域名注册。这里提供Namecheap的官方服务与相关信息，支持通过官网了解产品、功能、使用方式及最新动态；具体服务范围、开放地区和使用规则请以官方网站当前页面为准。官方网站：namecheap.com。	https://www.namecheap.com	是
Wrike	Wrike	工具	效率工具,在线服务	协作工具	协作工具。这里提供Wrike的官方服务与相关信息，支持通过官网了解产品、功能、使用方式及最新动态；具体服务范围、开放地区和使用规则请以官方网站当前页面为准。官方网站：wrike.com。	https://www.wrike.com	是
Smartsheet	Smartsheet	工具	效率工具,在线服务	协作工具	协作工具。这里提供Smartsheet的官方服务与相关信息，支持通过官网了解产品、功能、使用方式及最新动态；具体服务范围、开放地区和使用规则请以官方网站当前页面为准。官方网站：smartsheet.com。	https://www.smartsheet.com	是
Basecamp	Basecamp	工具	效率工具,在线服务	协作工具	协作工具。这里提供Basecamp的官方服务与相关信息，支持通过官网了解产品、功能、使用方式及最新动态；具体服务范围、开放地区和使用规则请以官方网站当前页面为准。官方网站：basecamp.com。	https://basecamp.com	是
Teamwork	Teamwork	工具	效率工具,在线服务	协作工具	协作工具。这里提供Teamwork的官方服务与相关信息，支持通过官网了解产品、功能、使用方式及最新动态；具体服务范围、开放地区和使用规则请以官方网站当前页面为准。官方网站：teamwork.com。	https://www.teamwork.com	是
Workfront	Adobe Workfront	工具	效率工具,在线服务	协作工具	协作工具。这里提供Adobe Workfront的官方服务与相关信息，支持通过官网了解产品、功能、使用方式及最新动态；具体服务范围、开放地区和使用规则请以官方网站当前页面为准。官方网站：business.adobe.com。	https://business.adobe.com/products/workfront.html	是
Linear	Linear	工具	效率工具,在线服务	协作工具	协作工具。这里提供Linear的官方服务与相关信息，支持通过官网了解产品、功能、使用方式及最新动态；具体服务范围、开放地区和使用规则请以官方网站当前页面为准。官方网站：linear.app。	https://linear.app	是
Jira	Jira	工具	效率工具,在线服务	协作工具	协作工具。这里提供Jira的官方服务与相关信息，支持通过官网了解产品、功能、使用方式及最新动态；具体服务范围、开放地区和使用规则请以官方网站当前页面为准。官方网站：atlassian.com。	https://www.atlassian.com/software/jira	是
Confluence	Confluence	工具	效率工具,在线服务	协作工具	协作工具。这里提供Confluence的官方服务与相关信息，支持通过官网了解产品、功能、使用方式及最新动态；具体服务范围、开放地区和使用规则请以官方网站当前页面为准。官方网站：atlassian.com。	https://www.atlassian.com/software/confluence	是
Loom	Loom	工具	效率工具,在线服务	效率工具	效率工具。这里提供Loom的官方服务与相关信息，支持通过官网了解产品、功能、使用方式及最新动态；具体服务范围、开放地区和使用规则请以官方网站当前页面为准。官方网站：loom.com。	https://www.loom.com	是
OBS Studio	OBS Studio	工具	效率工具,在线服务	直播工具	直播工具。这里提供OBS Studio的官方服务与相关信息，支持通过官网了解产品、功能、使用方式及最新动态；具体服务范围、开放地区和使用规则请以官方网站当前页面为准。官方网站：obsproject.com。	https://obsproject.com	是
Streamlabs	Streamlabs	工具	效率工具,在线服务	直播工具	直播工具。这里提供Streamlabs的官方服务与相关信息，支持通过官网了解产品、功能、使用方式及最新动态；具体服务范围、开放地区和使用规则请以官方网站当前页面为准。官方网站：streamlabs.com。	https://streamlabs.com	是
HandBrake	HandBrake	工具	效率工具,在线服务	视频工具	视频工具。这里提供HandBrake的官方服务与相关信息，支持通过官网了解产品、功能、使用方式及最新动态；具体服务范围、开放地区和使用规则请以官方网站当前页面为准。官方网站：handbrake.fr。	https://handbrake.fr	是
VLC	VLC Media Player	工具	效率工具,在线服务	影音工具	影音工具。这里提供VLC Media Player的官方服务与相关信息，支持通过官网了解产品、功能、使用方式及最新动态；具体服务范围、开放地区和使用规则请以官方网站当前页面为准。官方网站：videolan.org。	https://www.videolan.org	是
Audacity	Audacity	工具	效率工具,在线服务	音频工具	音频工具。这里提供Audacity的官方服务与相关信息，支持通过官网了解产品、功能、使用方式及最新动态；具体服务范围、开放地区和使用规则请以官方网站当前页面为准。官方网站：audacityteam.org。	https://www.audacityteam.org	是
好视通	好视通	工具	效率工具,在线服务	视频会议	视频会议。这里提供好视通的官方服务与相关信息，支持通过官网了解产品、功能、使用方式及最新动态；具体服务范围、开放地区和使用规则请以官方网站当前页面为准。官方网站：hst.com。	https://www.hst.com	否
139邮箱	139邮箱	工具	效率工具,在线服务	电子邮箱	电子邮箱。这里提供139邮箱的官方服务与相关信息，支持通过官网了解产品、功能、使用方式及最新动态；具体服务范围、开放地区和使用规则请以官方网站当前页面为准。官方网站：mail.10086.cn。	https://mail.10086.cn	否
189邮箱	189邮箱	工具	效率工具,在线服务	电子邮箱	电子邮箱。这里提供189邮箱的官方服务与相关信息，支持通过官网了解产品、功能、使用方式及最新动态；具体服务范围、开放地区和使用规则请以官方网站当前页面为准。官方网站：mail.189.cn。	https://mail.189.cn	否
金山云	金山云	工具	效率工具,在线服务	云计算	云计算。这里提供金山云的官方服务与相关信息，支持通过官网了解产品、功能、使用方式及最新动态；具体服务范围、开放地区和使用规则请以官方网站当前页面为准。官方网站：ksyun.com。	https://www.ksyun.com	否
UCloud	UCloud	工具	效率工具,在线服务	云计算	云计算。这里提供UCloud的官方服务与相关信息，支持通过官网了解产品、功能、使用方式及最新动态；具体服务范围、开放地区和使用规则请以官方网站当前页面为准。官方网站：ucloud.cn。	https://www.ucloud.cn	否
七牛云	七牛云	工具	效率工具,在线服务	云服务	云服务。这里提供七牛云的官方服务与相关信息，支持通过官网了解产品、功能、使用方式及最新动态；具体服务范围、开放地区和使用规则请以官方网站当前页面为准。官方网站：qiniu.com。	https://www.qiniu.com	否
青云	青云	工具	效率工具,在线服务	云计算	云计算。这里提供青云的官方服务与相关信息，支持通过官网了解产品、功能、使用方式及最新动态；具体服务范围、开放地区和使用规则请以官方网站当前页面为准。官方网站：qingcloud.com。	https://www.qingcloud.com	否
又拍云	又拍云	工具	效率工具,在线服务	云服务	云服务。这里提供又拍云的官方服务与相关信息，支持通过官网了解产品、功能、使用方式及最新动态；具体服务范围、开放地区和使用规则请以官方网站当前页面为准。官方网站：upyun.com。	https://www.upyun.com	否
LeanCloud	LeanCloud	工具	效率工具,在线服务	后端云	后端云。这里提供LeanCloud的官方服务与相关信息，支持通过官网了解产品、功能、使用方式及最新动态；具体服务范围、开放地区和使用规则请以官方网站当前页面为准。官方网站：leancloud.cn。	https://leancloud.cn	否
夸克网盘	夸克网盘	工具	效率工具,在线服务	云存储	云存储。这里提供夸克网盘的官方服务与相关信息，支持通过官网了解产品、功能、使用方式及最新动态；具体服务范围、开放地区和使用规则请以官方网站当前页面为准。官方网站：pan.quark.cn。	https://pan.quark.cn	否
天翼云盘	天翼云盘	工具	效率工具,在线服务	云存储	云存储。这里提供天翼云盘的官方服务与相关信息，支持通过官网了解产品、功能、使用方式及最新动态；具体服务范围、开放地区和使用规则请以官方网站当前页面为准。官方网站：cloud.189.cn。	https://cloud.189.cn	否
迅雷云盘	迅雷云盘	工具	效率工具,在线服务	云存储	云存储。这里提供迅雷云盘的官方服务与相关信息，支持通过官网了解产品、功能、使用方式及最新动态；具体服务范围、开放地区和使用规则请以官方网站当前页面为准。官方网站：pan.xunlei.com。	https://pan.xunlei.com	否
蓝奏云	蓝奏云	工具	效率工具,在线服务	云存储	云存储。这里提供蓝奏云的官方服务与相关信息，支持通过官网了解产品、功能、使用方式及最新动态；具体服务范围、开放地区和使用规则请以官方网站当前页面为准。官方网站：lanzou.com。	https://www.lanzou.com	否
华为云空间	华为云空间	工具	数码硬件,效率工具,在线服务	云存储	云存储。这里提供华为云空间的官方服务与相关信息，支持通过官网了解产品、功能、使用方式及最新动态；具体服务范围、开放地区和使用规则请以官方网站当前页面为准。官方网站：cloud.huawei.com。	https://cloud.huawei.com	否
小米云	小米云服务	工具	数码硬件,效率工具,在线服务	云存储	云存储。这里提供小米云服务的官方服务与相关信息，支持通过官网了解产品、功能、使用方式及最新动态；具体服务范围、开放地区和使用规则请以官方网站当前页面为准。官方网站：i.mi.com。	https://i.mi.com	否
Adobe Creative Cloud	Adobe CC	工具	效率工具,在线服务	创意软件	创意软件。这里提供Adobe CC的官方服务与相关信息，支持通过官网了解产品、功能、使用方式及最新动态；具体服务范围、开放地区和使用规则请以官方网站当前页面为准。官方网站：creativecloud.adobe.com。	https://creativecloud.adobe.com	是
Retool	Retool	工具	效率工具,在线服务	低代码	低代码。这里提供Retool的官方服务与相关信息，支持通过官网了解产品、功能、使用方式及最新动态；具体服务范围、开放地区和使用规则请以官方网站当前页面为准。官方网站：retool.com。	https://retool.com	是
Bubble	Bubble	工具	效率工具,在线服务	低代码	低代码。这里提供Bubble的官方服务与相关信息，支持通过官网了解产品、功能、使用方式及最新动态；具体服务范围、开放地区和使用规则请以官方网站当前页面为准。官方网站：bubble.io。	https://bubble.io	是
Glide	Glide	工具	效率工具,在线服务	低代码	低代码。这里提供Glide的官方服务与相关信息，支持通过官网了解产品、功能、使用方式及最新动态；具体服务范围、开放地区和使用规则请以官方网站当前页面为准。官方网站：glideapps.com。	https://www.glideapps.com	是
Adalo	Adalo	工具	效率工具,在线服务	低代码	低代码。这里提供Adalo的官方服务与相关信息，支持通过官网了解产品、功能、使用方式及最新动态；具体服务范围、开放地区和使用规则请以官方网站当前页面为准。官方网站：adalo.com。	https://www.adalo.com	是
Bildr	Bildr	工具	效率工具,在线服务	低代码	低代码。这里提供Bildr的官方服务与相关信息，支持通过官网了解产品、功能、使用方式及最新动态；具体服务范围、开放地区和使用规则请以官方网站当前页面为准。官方网站：bildr.com。	https://bildr.com	是
Typeform	Typeform	工具	效率工具,在线服务	表单工具	表单工具。这里提供Typeform的官方服务与相关信息，支持通过官网了解产品、功能、使用方式及最新动态；具体服务范围、开放地区和使用规则请以官方网站当前页面为准。官方网站：typeform.com。	https://www.typeform.com	是
SurveyMonkey	SurveyMonkey	工具	效率工具,在线服务	表单工具	表单工具。这里提供SurveyMonkey的官方服务与相关信息，支持通过官网了解产品、功能、使用方式及最新动态；具体服务范围、开放地区和使用规则请以官方网站当前页面为准。官方网站：surveymonkey.com。	https://www.surveymonkey.com	是
Google Forms	Google Forms	工具	效率工具,在线服务	表单工具	表单工具。这里提供Google Forms的官方服务与相关信息，支持通过官网了解产品、功能、使用方式及最新动态；具体服务范围、开放地区和使用规则请以官方网站当前页面为准。官方网站：docs.google.com。	https://docs.google.com/forms	是
JotForm	JotForm	工具	效率工具,在线服务	表单工具	表单工具。这里提供JotForm的官方服务与相关信息，支持通过官网了解产品、功能、使用方式及最新动态；具体服务范围、开放地区和使用规则请以官方网站当前页面为准。官方网站：jotform.com。	https://www.jotform.com	是
Mailchimp	Mailchimp	工具	效率工具,在线服务	营销工具	营销工具。这里提供Mailchimp的官方服务与相关信息，支持通过官网了解产品、功能、使用方式及最新动态；具体服务范围、开放地区和使用规则请以官方网站当前页面为准。官方网站：mailchimp.com。	https://mailchimp.com	是
Sendinblue	Sendinblue	工具	效率工具,在线服务	营销工具	营销工具。这里提供Sendinblue的官方服务与相关信息，支持通过官网了解产品、功能、使用方式及最新动态；具体服务范围、开放地区和使用规则请以官方网站当前页面为准。官方网站：brevo.com。	https://www.brevo.com	是
ConvertKit	ConvertKit	工具	效率工具,在线服务	营销工具	营销工具。这里提供ConvertKit的官方服务与相关信息，支持通过官网了解产品、功能、使用方式及最新动态；具体服务范围、开放地区和使用规则请以官方网站当前页面为准。官方网站：convertkit.com。	https://convertkit.com	是
Buffer	Buffer	工具	效率工具,在线服务	营销工具	营销工具。这里提供Buffer的官方服务与相关信息，支持通过官网了解产品、功能、使用方式及最新动态；具体服务范围、开放地区和使用规则请以官方网站当前页面为准。官方网站：buffer.com。	https://buffer.com	是
Hootsuite	Hootsuite	工具	效率工具,在线服务	营销工具	营销工具。这里提供Hootsuite的官方服务与相关信息，支持通过官网了解产品、功能、使用方式及最新动态；具体服务范围、开放地区和使用规则请以官方网站当前页面为准。官方网站：hootsuite.com。	https://www.hootsuite.com	是
Sprout Social	Sprout Social	工具	效率工具,在线服务	营销工具	营销工具。这里提供Sprout Social的官方服务与相关信息，支持通过官网了解产品、功能、使用方式及最新动态；具体服务范围、开放地区和使用规则请以官方网站当前页面为准。官方网站：sproutsocial.com。	https://sproutsocial.com	是
Later	Later	工具	效率工具,在线服务	营销工具	营销工具。这里提供Later的官方服务与相关信息，支持通过官网了解产品、功能、使用方式及最新动态；具体服务范围、开放地区和使用规则请以官方网站当前页面为准。官方网站：later.com。	https://later.com	是
Bear	Bear	工具	效率工具,在线服务	效率工具	效率工具。这里提供Bear的官方服务与相关信息，支持通过官网了解产品、功能、使用方式及最新动态；具体服务范围、开放地区和使用规则请以官方网站当前页面为准。官方网站：bear.app。	https://bear.app	是
Typora	Typora	工具	效率工具,在线服务	效率工具	效率工具。这里提供Typora的官方服务与相关信息，支持通过官网了解产品、功能、使用方式及最新动态；具体服务范围、开放地区和使用规则请以官方网站当前页面为准。官方网站：typora.io。	https://typora.io	是
Flomo	浮墨笔记	工具	效率工具,在线服务	效率工具	效率工具。这里提供浮墨笔记的官方服务与相关信息，支持通过官网了解产品、功能、使用方式及最新动态；具体服务范围、开放地区和使用规则请以官方网站当前页面为准。官方网站：flomoapp.com。	https://flomoapp.com	否
Memos	Memos	工具	效率工具,在线服务	效率工具	效率工具。这里提供Memos的官方服务与相关信息，支持通过官网了解产品、功能、使用方式及最新动态；具体服务范围、开放地区和使用规则请以官方网站当前页面为准。官方网站：usememos.com。	https://usememos.com	是
GoodNotes	GoodNotes	工具	效率工具,在线服务	效率工具	效率工具。这里提供GoodNotes的官方服务与相关信息，支持通过官网了解产品、功能、使用方式及最新动态；具体服务范围、开放地区和使用规则请以官方网站当前页面为准。官方网站：goodnotes.com。	https://www.goodnotes.com	是
Notability	Notability	工具	效率工具,在线服务	效率工具	效率工具。这里提供Notability的官方服务与相关信息，支持通过官网了解产品、功能、使用方式及最新动态；具体服务范围、开放地区和使用规则请以官方网站当前页面为准。官方网站：notability.com。	https://notability.com	是
MarginNote	MarginNote	工具	效率工具,在线服务	效率工具	效率工具。这里提供MarginNote的官方服务与相关信息，支持通过官网了解产品、功能、使用方式及最新动态；具体服务范围、开放地区和使用规则请以官方网站当前页面为准。官方网站：marginnote.com。	https://marginnote.com	是
Zotero	Zotero	工具	效率工具,在线服务	学术工具	学术工具。这里提供Zotero的官方服务与相关信息，支持通过官网了解产品、功能、使用方式及最新动态；具体服务范围、开放地区和使用规则请以官方网站当前页面为准。官方网站：zotero.org。	https://www.zotero.org	是
EndNote	EndNote	工具	效率工具,在线服务	学术工具	学术工具。这里提供EndNote的官方服务与相关信息，支持通过官网了解产品、功能、使用方式及最新动态；具体服务范围、开放地区和使用规则请以官方网站当前页面为准。官方网站：endnote.com。	https://endnote.com	是
Mendeley	Mendeley	工具	效率工具,在线服务	学术工具	学术工具。这里提供Mendeley的官方服务与相关信息，支持通过官网了解产品、功能、使用方式及最新动态；具体服务范围、开放地区和使用规则请以官方网站当前页面为准。官方网站：mendeley.com。	https://www.mendeley.com	是
Grammarly	Grammarly	工具	效率工具,在线服务	写作工具	写作工具。这里提供Grammarly的官方服务与相关信息，支持通过官网了解产品、功能、使用方式及最新动态；具体服务范围、开放地区和使用规则请以官方网站当前页面为准。官方网站：grammarly.com。	https://www.grammarly.com	是
ProWritingAid	ProWritingAid	工具	效率工具,在线服务	写作工具	写作工具。这里提供ProWritingAid的官方服务与相关信息，支持通过官网了解产品、功能、使用方式及最新动态；具体服务范围、开放地区和使用规则请以官方网站当前页面为准。官方网站：prowritingaid.com。	https://prowritingaid.com	是
QuillBot	QuillBot	工具	效率工具,在线服务	写作工具	写作工具。这里提供QuillBot的官方服务与相关信息，支持通过官网了解产品、功能、使用方式及最新动态；具体服务范围、开放地区和使用规则请以官方网站当前页面为准。官方网站：quillbot.com。	https://quillbot.com	是
Reverso	Reverso	工具	效率工具,在线服务	翻译工具	翻译工具。这里提供Reverso的官方服务与相关信息，支持通过官网了解产品、功能、使用方式及最新动态；具体服务范围、开放地区和使用规则请以官方网站当前页面为准。官方网站：reverso.net。	https://www.reverso.net	是
Papago	Papago	工具	效率工具,在线服务	翻译工具	翻译工具。这里提供Papago的官方服务与相关信息，支持通过官网了解产品、功能、使用方式及最新动态；具体服务范围、开放地区和使用规则请以官方网站当前页面为准。官方网站：papago.naver.com。	https://papago.naver.com	是
Cambridge Dictionary	剑桥词典	工具	效率工具,在线服务	词典工具	词典工具。这里提供剑桥词典的官方服务与相关信息，支持通过官网了解产品、功能、使用方式及最新动态；具体服务范围、开放地区和使用规则请以官方网站当前页面为准。官方网站：dictionary.cambridge.org。	https://dictionary.cambridge.org	是
Merriam-Webster	韦氏词典	工具	效率工具,在线服务	词典工具	词典工具。这里提供韦氏词典的官方服务与相关信息，支持通过官网了解产品、功能、使用方式及最新动态；具体服务范围、开放地区和使用规则请以官方网站当前页面为准。官方网站：merriam-webster.com。	https://www.merriam-webster.com	是
Oxford Dictionary	牛津词典	工具	效率工具,在线服务	词典工具	词典工具。这里提供牛津词典的官方服务与相关信息，支持通过官网了解产品、功能、使用方式及最新动态；具体服务范围、开放地区和使用规则请以官方网站当前页面为准。官方网站：oxfordlearnersdictionaries.com。	https://www.oxfordlearnersdictionaries.com	是
Collins	柯林斯词典	工具	效率工具,在线服务	词典工具	词典工具。这里提供柯林斯词典的官方服务与相关信息，支持通过官网了解产品、功能、使用方式及最新动态；具体服务范围、开放地区和使用规则请以官方网站当前页面为准。官方网站：collinsdictionary.com。	https://www.collinsdictionary.com	是
Urban Dictionary	Urban Dictionary	工具	效率工具,在线服务	词典工具	词典工具。这里提供Urban Dictionary的官方服务与相关信息，支持通过官网了解产品、功能、使用方式及最新动态；具体服务范围、开放地区和使用规则请以官方网站当前页面为准。官方网站：urbandictionary.com。	https://www.urbandictionary.com	是
DuckDuckGo	DuckDuckGo	工具	效率工具,在线服务	搜索引擎	搜索引擎。这里提供DuckDuckGo的官方服务与相关信息，支持通过官网了解产品、功能、使用方式及最新动态；具体服务范围、开放地区和使用规则请以官方网站当前页面为准。官方网站：duckduckgo.com。	https://duckduckgo.com	是
Brave Search	Brave Search	工具	效率工具,在线服务	搜索引擎	搜索引擎。这里提供Brave Search的官方服务与相关信息，支持通过官网了解产品、功能、使用方式及最新动态；具体服务范围、开放地区和使用规则请以官方网站当前页面为准。官方网站：search.brave.com。	https://search.brave.com	是
Ecosia	Ecosia	工具	效率工具,在线服务	搜索引擎	搜索引擎。这里提供Ecosia的官方服务与相关信息，支持通过官网了解产品、功能、使用方式及最新动态；具体服务范围、开放地区和使用规则请以官方网站当前页面为准。官方网站：ecosia.org。	https://www.ecosia.org	是
Startpage	Startpage	工具	效率工具,在线服务	搜索引擎	搜索引擎。这里提供Startpage的官方服务与相关信息，支持通过官网了解产品、功能、使用方式及最新动态；具体服务范围、开放地区和使用规则请以官方网站当前页面为准。官方网站：startpage.com。	https://www.startpage.com	是
You.com	You.com	工具	效率工具,在线服务	搜索引擎	搜索引擎。这里提供You.com的官方服务与相关信息，支持通过官网了解产品、功能、使用方式及最新动态；具体服务范围、开放地区和使用规则请以官方网站当前页面为准。官方网站：you.com。	https://you.com	是
Yahoo	Yahoo	工具	效率工具,在线服务	搜索引擎	搜索引擎。这里提供Yahoo的官方服务与相关信息，支持通过官网了解产品、功能、使用方式及最新动态；具体服务范围、开放地区和使用规则请以官方网站当前页面为准。官方网站：yahoo.com。	https://www.yahoo.com	是
Ask	Ask.com	工具	效率工具,在线服务	搜索引擎	搜索引擎。这里提供Ask.com的官方服务与相关信息，支持通过官网了解产品、功能、使用方式及最新动态；具体服务范围、开放地区和使用规则请以官方网站当前页面为准。官方网站：ask.com。	https://www.ask.com	是
Seznam	Seznam	工具	效率工具,在线服务	搜索引擎	搜索引擎。这里提供Seznam的官方服务与相关信息，支持通过官网了解产品、功能、使用方式及最新动态；具体服务范围、开放地区和使用规则请以官方网站当前页面为准。官方网站：seznam.cz。	https://www.seznam.cz	是
Ahrefs	Ahrefs	工具	效率工具,在线服务	SEO工具	SEO工具。这里提供Ahrefs的官方服务与相关信息，支持通过官网了解产品、功能、使用方式及最新动态；具体服务范围、开放地区和使用规则请以官方网站当前页面为准。官方网站：ahrefs.com。	https://ahrefs.com	是
Semrush	Semrush	工具	效率工具,在线服务	SEO工具	SEO工具。这里提供Semrush的官方服务与相关信息，支持通过官网了解产品、功能、使用方式及最新动态；具体服务范围、开放地区和使用规则请以官方网站当前页面为准。官方网站：semrush.com。	https://www.semrush.com	是
Moz	Moz	工具	效率工具,在线服务	SEO工具	SEO工具。这里提供Moz的官方服务与相关信息，支持通过官网了解产品、功能、使用方式及最新动态；具体服务范围、开放地区和使用规则请以官方网站当前页面为准。官方网站：moz.com。	https://moz.com	是
Screaming Frog	Screaming Frog	工具	效率工具,在线服务	SEO工具	SEO工具。这里提供Screaming Frog的官方服务与相关信息，支持通过官网了解产品、功能、使用方式及最新动态；具体服务范围、开放地区和使用规则请以官方网站当前页面为准。官方网站：screamingfrog.co.uk。	https://www.screamingfrog.co.uk	是
Google Analytics	Google Analytics	工具	效率工具,在线服务	数据分析	数据分析。这里提供Google Analytics的官方服务与相关信息，支持通过官网了解产品、功能、使用方式及最新动态；具体服务范围、开放地区和使用规则请以官方网站当前页面为准。官方网站：analytics.google.com。	https://analytics.google.com	是
Google Search Console	Google Search Console	工具	效率工具,在线服务	站长工具	站长工具。这里提供Google Search Console的官方服务与相关信息，支持通过官网了解产品、功能、使用方式及最新动态；具体服务范围、开放地区和使用规则请以官方网站当前页面为准。官方网站：search.google.com。	https://search.google.com/search-console	是
SimilarWeb	SimilarWeb	工具	效率工具,在线服务	流量分析	流量分析。这里提供SimilarWeb的官方服务与相关信息，支持通过官网了解产品、功能、使用方式及最新动态；具体服务范围、开放地区和使用规则请以官方网站当前页面为准。官方网站：similarweb.com。	https://www.similarweb.com	是
Hotjar	Hotjar	工具	效率工具,在线服务	用户分析	用户分析。这里提供Hotjar的官方服务与相关信息，支持通过官网了解产品、功能、使用方式及最新动态；具体服务范围、开放地区和使用规则请以官方网站当前页面为准。官方网站：hotjar.com。	https://www.hotjar.com	是
FullStory	FullStory	工具	效率工具,在线服务	用户分析	用户分析。这里提供FullStory的官方服务与相关信息，支持通过官网了解产品、功能、使用方式及最新动态；具体服务范围、开放地区和使用规则请以官方网站当前页面为准。官方网站：fullstory.com。	https://www.fullstory.com	是
Mixpanel	Mixpanel	工具	效率工具,在线服务	产品分析	产品分析。这里提供Mixpanel的官方服务与相关信息，支持通过官网了解产品、功能、使用方式及最新动态；具体服务范围、开放地区和使用规则请以官方网站当前页面为准。官方网站：mixpanel.com。	https://mixpanel.com	是
Amplitude	Amplitude	工具	效率工具,在线服务	产品分析	产品分析。这里提供Amplitude的官方服务与相关信息，支持通过官网了解产品、功能、使用方式及最新动态；具体服务范围、开放地区和使用规则请以官方网站当前页面为准。官方网站：amplitude.com。	https://amplitude.com	是
Segment	Segment	工具	效率工具,在线服务	数据平台	数据平台。这里提供Segment的官方服务与相关信息，支持通过官网了解产品、功能、使用方式及最新动态；具体服务范围、开放地区和使用规则请以官方网站当前页面为准。官方网站：segment.com。	https://segment.com	是
Intercom	Intercom	工具	效率工具,在线服务	客服工具	客服工具。这里提供Intercom的官方服务与相关信息，支持通过官网了解产品、功能、使用方式及最新动态；具体服务范围、开放地区和使用规则请以官方网站当前页面为准。官方网站：intercom.com。	https://www.intercom.com	是
Zendesk	Zendesk	工具	效率工具,在线服务	客服工具	客服工具。这里提供Zendesk的官方服务与相关信息，支持通过官网了解产品、功能、使用方式及最新动态；具体服务范围、开放地区和使用规则请以官方网站当前页面为准。官方网站：zendesk.com。	https://www.zendesk.com	是
Freshdesk	Freshdesk	工具	效率工具,在线服务	客服工具	客服工具。这里提供Freshdesk的官方服务与相关信息，支持通过官网了解产品、功能、使用方式及最新动态；具体服务范围、开放地区和使用规则请以官方网站当前页面为准。官方网站：freshdesk.com。	https://freshdesk.com	是
Help Scout	Help Scout	工具	效率工具,在线服务	客服工具	客服工具。这里提供Help Scout的官方服务与相关信息，支持通过官网了解产品、功能、使用方式及最新动态；具体服务范围、开放地区和使用规则请以官方网站当前页面为准。官方网站：helpscout.com。	https://www.helpscout.com	是
Drift	Drift	工具	效率工具,在线服务	客服工具	客服工具。这里提供Drift的官方服务与相关信息，支持通过官网了解产品、功能、使用方式及最新动态；具体服务范围、开放地区和使用规则请以官方网站当前页面为准。官方网站：drift.com。	https://www.drift.com	是
HubSpot	HubSpot	工具	效率工具,在线服务	营销平台	营销平台。这里提供HubSpot的官方服务与相关信息，支持通过官网了解产品、功能、使用方式及最新动态；具体服务范围、开放地区和使用规则请以官方网站当前页面为准。官方网站：hubspot.com。	https://www.hubspot.com	是
Pipedrive	Pipedrive	工具	效率工具,在线服务	CRM平台	CRM平台。这里提供Pipedrive的官方服务与相关信息，支持通过官网了解产品、功能、使用方式及最新动态；具体服务范围、开放地区和使用规则请以官方网站当前页面为准。官方网站：pipedrive.com。	https://www.pipedrive.com	是
Zoho CRM	Zoho CRM	工具	效率工具,在线服务	CRM平台	CRM平台。这里提供Zoho CRM的官方服务与相关信息，支持通过官网了解产品、功能、使用方式及最新动态；具体服务范围、开放地区和使用规则请以官方网站当前页面为准。官方网站：zoho.com。	https://www.zoho.com/crm	是
Boardmix	Boardmix	工具	效率工具,在线服务	在线白板	在线白板。这里提供Boardmix的官方服务与相关信息，支持通过官网了解产品、功能、使用方式及最新动态；具体服务范围、开放地区和使用规则请以官方网站当前页面为准。官方网站：boardmix.com。	https://boardmix.com	是
Excalidraw	Excalidraw	工具	效率工具,在线服务	在线白板	在线白板。这里提供Excalidraw的官方服务与相关信息，支持通过官网了解产品、功能、使用方式及最新动态；具体服务范围、开放地区和使用规则请以官方网站当前页面为准。官方网站：excalidraw.com。	https://excalidraw.com	是
tldraw	tldraw	工具	效率工具,在线服务	在线白板	在线白板。这里提供tldraw的官方服务与相关信息，支持通过官网了解产品、功能、使用方式及最新动态；具体服务范围、开放地区和使用规则请以官方网站当前页面为准。官方网站：tldraw.com。	https://www.tldraw.com	是
Lucidchart	Lucidchart	工具	效率工具,在线服务	在线绘图	在线绘图。这里提供Lucidchart的官方服务与相关信息，支持通过官网了解产品、功能、使用方式及最新动态；具体服务范围、开放地区和使用规则请以官方网站当前页面为准。官方网站：lucidchart.com。	https://www.lucidchart.com	是
Creately	Creately	工具	效率工具,在线服务	在线绘图	在线绘图。这里提供Creately的官方服务与相关信息，支持通过官网了解产品、功能、使用方式及最新动态；具体服务范围、开放地区和使用规则请以官方网站当前页面为准。官方网站：creately.com。	https://creately.com	是
Whimsical	Whimsical	工具	数码硬件,效率工具,在线服务	在线绘图	在线绘图。这里提供Whimsical的官方服务与相关信息，支持通过官网了解产品、功能、使用方式及最新动态；具体服务范围、开放地区和使用规则请以官方网站当前页面为准。官方网站：whimsical.com。	https://whimsical.com	是
MindMeister	MindMeister	工具	效率工具,在线服务	思维导图	思维导图。这里提供MindMeister的官方服务与相关信息，支持通过官网了解产品、功能、使用方式及最新动态；具体服务范围、开放地区和使用规则请以官方网站当前页面为准。官方网站：mindmeister.com。	https://www.mindmeister.com	是
MindNode	MindNode	工具	效率工具,在线服务	思维导图	思维导图。这里提供MindNode的官方服务与相关信息，支持通过官网了解产品、功能、使用方式及最新动态；具体服务范围、开放地区和使用规则请以官方网站当前页面为准。官方网站：mindnode.com。	https://www.mindnode.com	是
GitMind	GitMind	工具	效率工具,在线服务	思维导图	思维导图。这里提供GitMind的官方服务与相关信息，支持通过官网了解产品、功能、使用方式及最新动态；具体服务范围、开放地区和使用规则请以官方网站当前页面为准。官方网站：gitmind.com。	https://gitmind.com	是
百度脑图	百度脑图	工具	效率工具,在线服务	思维导图	思维导图。这里提供百度脑图的官方服务与相关信息，支持通过官网了解产品、功能、使用方式及最新动态；具体服务范围、开放地区和使用规则请以官方网站当前页面为准。官方网站：naotu.baidu.com。	https://naotu.baidu.com	否
MindMaster	亿图脑图	工具	效率工具,在线服务	思维导图	思维导图。这里提供亿图脑图的官方服务与相关信息，支持通过官网了解产品、功能、使用方式及最新动态；具体服务范围、开放地区和使用规则请以官方网站当前页面为准。官方网站：edrawsoft.cn。	https://www.edrawsoft.cn	否
Xmind	Xmind	工具	效率工具,在线服务	思维导图	思维导图。这里提供Xmind的官方服务与相关信息，支持通过官网了解产品、功能、使用方式及最新动态；具体服务范围、开放地区和使用规则请以官方网站当前页面为准。官方网站：xmind.net。	https://www.xmind.net	是
Milanote	Milanote	工具	效率工具,在线服务	创意工具	创意工具。这里提供Milanote的官方服务与相关信息，支持通过官网了解产品、功能、使用方式及最新动态；具体服务范围、开放地区和使用规则请以官方网站当前页面为准。官方网站：milanote.com。	https://www.milanote.com	是
Arena	Are.na	工具	效率工具,在线服务	创意工具	创意工具。这里提供Are.na的官方服务与相关信息，支持通过官网了解产品、功能、使用方式及最新动态；具体服务范围、开放地区和使用规则请以官方网站当前页面为准。官方网站：are.na。	https://www.are.na	是
UU远程	网易UU远程	工具	效率工具,在线服务	远程控制	远程控制。这里提供网易UU远程的官方服务与相关信息，支持通过官网了解产品、功能、使用方式及最新动态；具体服务范围、开放地区和使用规则请以官方网站当前页面为准。官方网站：uuyc.163.com。	https://uuyc.163.com	否
Coursera	Coursera	教育	在线学习,效率工具	全球在线课程平台	全球在线课程平台。这里提供Coursera的官方服务与相关信息，支持通过官网了解产品、功能、使用方式及最新动态；具体服务范围、开放地区和使用规则请以官方网站当前页面为准。官方网站：coursera.org。	https://www.coursera.org	是
CSDN	CSDN	教育	编程开发,在线学习,效率工具	中国领先的IT技术社区	中国领先的IT技术社区。这里提供CSDN的官方服务与相关信息，支持通过官网了解产品、功能、使用方式及最新动态；具体服务范围、开放地区和使用规则请以官方网站当前页面为准。官方网站：csdn.net。	https://www.csdn.net	否
edX	edX	教育	在线学习,效率工具	哈佛和MIT创办的在线教育平台	哈佛和MIT创办的在线教育平台。这里提供edX的官方服务与相关信息，支持通过官网了解产品、功能、使用方式及最新动态；具体服务范围、开放地区和使用规则请以官方网站当前页面为准。官方网站：edx.org。	https://www.edx.org	是
Udemy	Udemy	教育	在线学习,效率工具	全球在线课程市场平台	全球在线课程市场平台。这里提供Udemy的官方服务与相关信息，支持通过官网了解产品、功能、使用方式及最新动态；具体服务范围、开放地区和使用规则请以官方网站当前页面为准。官方网站：udemy.com。	https://www.udemy.com	是
中国大学MOOC	中国大学MOOC	教育	在线学习,效率工具	中国大学在线课程平台	中国大学在线课程平台。这里提供中国大学MOOC的官方服务与相关信息，支持通过官网了解产品、功能、使用方式及最新动态；具体服务范围、开放地区和使用规则请以官方网站当前页面为准。官方网站：icourse163.org。	https://www.icourse163.org	否
博客园	博客园	教育	编程开发,在线学习,效率工具	中国老牌技术博客社区	中国老牌技术博客社区。这里提供博客园的官方服务与相关信息，支持通过官网了解产品、功能、使用方式及最新动态；具体服务范围、开放地区和使用规则请以官方网站当前页面为准。官方网站：cnblogs.com。	https://www.cnblogs.com	否
可汗学院	Khan Academy	教育	在线学习,效率工具	全球知名的免费教育平台	全球知名的免费教育平台。这里提供Khan Academy的官方服务与相关信息，支持通过官网了解产品、功能、使用方式及最新动态；具体服务范围、开放地区和使用规则请以官方网站当前页面为准。官方网站：khanacademy.org。	https://www.khanacademy.org	是
喜马拉雅	喜马拉雅	教育	在线学习,效率工具	中国领先的音频分享平台	中国领先的音频分享平台。这里提供喜马拉雅的官方服务与相关信息，支持通过官网了解产品、功能、使用方式及最新动态；具体服务范围、开放地区和使用规则请以官方网站当前页面为准。官方网站：ximalaya.com。	https://www.ximalaya.com	否
学堂在线	学堂在线	教育	在线学习,效率工具	清华大学发起的在线教育平台	清华大学发起的在线教育平台。这里提供学堂在线的官方服务与相关信息，支持通过官网了解产品、功能、使用方式及最新动态；具体服务范围、开放地区和使用规则请以官方网站当前页面为准。官方网站：xuetangx.com。	https://www.xuetangx.com	否
廖雪峰	廖雪峰官方网站	教育	编程开发,在线学习,效率工具	知名编程教程个人网站	程序员廖雪峰的个人教程网站，以Python、Java、Git等编程教程最为知名，内容深入浅出，深受中文编程学习者喜爱	https://www.liaoxuefeng.com	否
得到	得到APP	教育	在线学习,效率工具	罗振宇推出的知识服务平台	罗振宇推出的知识服务平台。这里提供得到APP的官方服务与相关信息，支持通过官网了解产品、功能、使用方式及最新动态；具体服务范围、开放地区和使用规则请以官方网站当前页面为准。官方网站：dedao.cn。	https://www.dedao.cn	否
慕课网	慕课网	教育	在线学习,效率工具	程序员实战技能学习平台	程序员实战技能学习平台。这里提供慕课网的官方服务与相关信息，支持通过官网了解产品、功能、使用方式及最新动态；具体服务范围、开放地区和使用规则请以官方网站当前页面为准。官方网站：imooc.com。	https://www.imooc.com	否
极客时间	极客时间	教育	在线学习,效率工具	极客邦科技旗下的技术学习平台	极客邦科技旗下的技术学习平台。这里提供极客时间的官方服务与相关信息，支持通过官网了解产品、功能、使用方式及最新动态；具体服务范围、开放地区和使用规则请以官方网站当前页面为准。官方网站：time.geekbang.org。	https://time.geekbang.org	否
网易云课堂	网易云课堂	教育	音乐,在线学习,效率工具	网易职业技能学习平台	网易职业技能学习平台。这里提供网易云课堂的官方服务与相关信息，支持通过官网了解产品、功能、使用方式及最新动态；具体服务范围、开放地区和使用规则请以官方网站当前页面为准。官方网站：study.163.com。	https://study.163.com	否
网易公开课	网易公开课	教育	在线学习,效率工具	网易推出的公开课平台	网易推出的公开课平台。这里提供网易公开课的官方服务与相关信息，支持通过官网了解产品、功能、使用方式及最新动态；具体服务范围、开放地区和使用规则请以官方网站当前页面为准。官方网站：open.163.com。	https://open.163.com	否
腾讯课堂	腾讯课堂	教育	在线学习,效率工具	腾讯在线教育平台	腾讯在线教育平台。这里提供腾讯课堂的官方服务与相关信息，支持通过官网了解产品、功能、使用方式及最新动态；具体服务范围、开放地区和使用规则请以官方网站当前页面为准。官方网站：ke.qq.com。	https://ke.qq.com	否
LeetCode	力扣	教育	在线学习,效率工具	算法刷题平台	算法刷题平台。这里提供力扣的官方服务与相关信息，支持通过官网了解产品、功能、使用方式及最新动态；具体服务范围、开放地区和使用规则请以官方网站当前页面为准。官方网站：leetcode.cn。	https://leetcode.cn	否
欧路词典	欧路词典	教育	在线学习,效率工具	多语种在线词典	多语种在线词典。这里提供欧路词典的官方服务与相关信息，支持通过官网了解产品、功能、使用方式及最新动态；具体服务范围、开放地区和使用规则请以官方网站当前页面为准。官方网站：dict.eudic.net。	https://dict.eudic.net	否
W3Schools	W3Schools	教育	在线学习,效率工具	Web开发教程	Web开发教程。这里提供W3Schools的官方服务与相关信息，支持通过官网了解产品、功能、使用方式及最新动态；具体服务范围、开放地区和使用规则请以官方网站当前页面为准。官方网站：w3schools.com。	https://www.w3schools.com	是
大英百科	大英百科全书	教育	在线学习,效率工具	权威英文百科	权威英文百科。这里提供大英百科全书的官方服务与相关信息，支持通过官网了解产品、功能、使用方式及最新动态；具体服务范围、开放地区和使用规则请以官方网站当前页面为准。官方网站：britannica.com。	https://www.britannica.com	是
万方数据	万方数据	教育	在线学习,效率工具	学术文献	学术文献。这里提供万方数据的官方服务与相关信息，支持通过官网了解产品、功能、使用方式及最新动态；具体服务范围、开放地区和使用规则请以官方网站当前页面为准。官方网站：wanfangdata.com.cn。	https://www.wanfangdata.com.cn	否
维普	维普期刊	教育	在线学习,效率工具	学术文献	学术文献。这里提供维普期刊的官方服务与相关信息，支持通过官网了解产品、功能、使用方式及最新动态；具体服务范围、开放地区和使用规则请以官方网站当前页面为准。官方网站：cqvip.com。	https://www.cqvip.com	否
百度学术	百度学术	教育	在线学习,效率工具	学术搜索	学术搜索。这里提供百度学术的官方服务与相关信息，支持通过官网了解产品、功能、使用方式及最新动态；具体服务范围、开放地区和使用规则请以官方网站当前页面为准。官方网站：xueshu.baidu.com。	https://xueshu.baidu.com	否
谷粉学术	谷粉学术	教育	在线学习,效率工具	学术搜索	学术搜索。这里提供谷粉学术的官方服务与相关信息，支持通过官网了解产品、功能、使用方式及最新动态；具体服务范围、开放地区和使用规则请以官方网站当前页面为准。官方网站：gfsoso.99lb.net。	https://gfsoso.99lb.net	否
网易有道	有道	教育	在线学习,效率工具	学习工具	学习工具。这里提供有道的官方服务与相关信息，支持通过官网了解产品、功能、使用方式及最新动态；具体服务范围、开放地区和使用规则请以官方网站当前页面为准。官方网站：youdao.com。	https://www.youdao.com	否
沪江网校	沪江网校	教育	在线学习,效率工具	语言学习	语言学习。这里提供沪江网校的官方服务与相关信息，支持通过官网了解产品、功能、使用方式及最新动态；具体服务范围、开放地区和使用规则请以官方网站当前页面为准。官方网站：class.hujiang.com。	https://class.hujiang.com	否
多邻国	多邻国	教育	在线学习,效率工具	语言学习	语言学习。这里提供多邻国的官方服务与相关信息，支持通过官网了解产品、功能、使用方式及最新动态；具体服务范围、开放地区和使用规则请以官方网站当前页面为准。官方网站：duolingo.com。	https://www.duolingo.com	是
雨课堂	雨课堂	教育	在线学习,效率工具	教学工具	教学工具。这里提供雨课堂的官方服务与相关信息，支持通过官网了解产品、功能、使用方式及最新动态；具体服务范围、开放地区和使用规则请以官方网站当前页面为准。官方网站：yuketang.cn。	https://www.yuketang.cn	否
Google Scholar	Google Scholar	教育	在线学习,效率工具	学术搜索	学术搜索。这里提供Google Scholar的官方服务与相关信息，支持通过官网了解产品、功能、使用方式及最新动态；具体服务范围、开放地区和使用规则请以官方网站当前页面为准。官方网站：scholar.google.com。	https://scholar.google.com	是
Udacity	Udacity	教育	在线学习,效率工具	在线课程	在线课程。这里提供Udacity的官方服务与相关信息，支持通过官网了解产品、功能、使用方式及最新动态；具体服务范围、开放地区和使用规则请以官方网站当前页面为准。官方网站：udacity.com。	https://www.udacity.com	是
Brilliant	Brilliant	教育	在线学习,效率工具	互动学习	互动学习。这里提供Brilliant的官方服务与相关信息，支持通过官网了解产品、功能、使用方式及最新动态；具体服务范围、开放地区和使用规则请以官方网站当前页面为准。官方网站：brilliant.org。	https://brilliant.org	是
Codecademy	Codecademy	教育	在线学习,效率工具	编程学习	编程学习。这里提供Codecademy的官方服务与相关信息，支持通过官网了解产品、功能、使用方式及最新动态；具体服务范围、开放地区和使用规则请以官方网站当前页面为准。官方网站：codecademy.com。	https://www.codecademy.com	是
TED	TED	教育	在线学习,效率工具	演讲视频	演讲视频。这里提供TED的官方服务与相关信息，支持通过官网了解产品、功能、使用方式及最新动态；具体服务范围、开放地区和使用规则请以官方网站当前页面为准。官方网站：ted.com。	https://www.ted.com	是
Quizlet	Quizlet	教育	在线学习,效率工具	学习工具	学习工具。这里提供Quizlet的官方服务与相关信息，支持通过官网了解产品、功能、使用方式及最新动态；具体服务范围、开放地区和使用规则请以官方网站当前页面为准。官方网站：quizlet.com。	https://quizlet.com	是
arXiv	arXiv	教育	在线学习,效率工具	预印本	预印本。这里提供arXiv的官方服务与相关信息，支持通过官网了解产品、功能、使用方式及最新动态；具体服务范围、开放地区和使用规则请以官方网站当前页面为准。官方网站：arxiv.org。	https://arxiv.org	是
PubMed	PubMed	教育	在线学习,效率工具	文献数据库	文献数据库。这里提供PubMed的官方服务与相关信息，支持通过官网了解产品、功能、使用方式及最新动态；具体服务范围、开放地区和使用规则请以官方网站当前页面为准。官方网站：pubmed.ncbi.nlm.nih.gov。	https://pubmed.ncbi.nlm.nih.gov	是
JSTOR	JSTOR	教育	在线学习,效率工具	文献数据库	文献数据库。这里提供JSTOR的官方服务与相关信息，支持通过官网了解产品、功能、使用方式及最新动态；具体服务范围、开放地区和使用规则请以官方网站当前页面为准。官方网站：jstor.org。	https://www.jstor.org	是
IEEE Xplore	IEEE Xplore	教育	在线学习,效率工具	文献数据库	文献数据库。这里提供IEEE Xplore的官方服务与相关信息，支持通过官网了解产品、功能、使用方式及最新动态；具体服务范围、开放地区和使用规则请以官方网站当前页面为准。官方网站：ieeexplore.ieee.org。	https://ieeexplore.ieee.org	是
SpringerLink	SpringerLink	教育	在线学习,效率工具	文献数据库	文献数据库。这里提供SpringerLink的官方服务与相关信息，支持通过官网了解产品、功能、使用方式及最新动态；具体服务范围、开放地区和使用规则请以官方网站当前页面为准。官方网站：link.springer.com。	https://link.springer.com	是
Desmos	Desmos	教育	在线学习,效率工具	数学工具	数学工具。这里提供Desmos的官方服务与相关信息，支持通过官网了解产品、功能、使用方式及最新动态；具体服务范围、开放地区和使用规则请以官方网站当前页面为准。官方网站：desmos.com。	https://www.desmos.com	是
GeoGebra	GeoGebra	教育	在线学习,效率工具	数学工具	数学工具。这里提供GeoGebra的官方服务与相关信息，支持通过官网了解产品、功能、使用方式及最新动态；具体服务范围、开放地区和使用规则请以官方网站当前页面为准。官方网站：geogebra.org。	https://www.geogebra.org	是
Kaggle	Kaggle	教育	在线学习,效率工具	数据科学	数据科学。这里提供Kaggle的官方服务与相关信息，支持通过官网了解产品、功能、使用方式及最新动态；具体服务范围、开放地区和使用规则请以官方网站当前页面为准。官方网站：kaggle.com。	https://www.kaggle.com	是
Skillshare	Skillshare	教育	在线学习,效率工具	在线课程	在线课程。这里提供Skillshare的官方服务与相关信息，支持通过官网了解产品、功能、使用方式及最新动态；具体服务范围、开放地区和使用规则请以官方网站当前页面为准。官方网站：skillshare.com。	https://www.skillshare.com	是
MasterClass	MasterClass	教育	在线学习,效率工具	在线课程	在线课程。这里提供MasterClass的官方服务与相关信息，支持通过官网了解产品、功能、使用方式及最新动态；具体服务范围、开放地区和使用规则请以官方网站当前页面为准。官方网站：masterclass.com。	https://www.masterclass.com	是
Pluralsight	Pluralsight	教育	在线学习,效率工具	在线课程	在线课程。这里提供Pluralsight的官方服务与相关信息，支持通过官网了解产品、功能、使用方式及最新动态；具体服务范围、开放地区和使用规则请以官方网站当前页面为准。官方网站：pluralsight.com。	https://www.pluralsight.com	是
DataCamp	DataCamp	教育	在线学习,效率工具	在线课程	在线课程。这里提供DataCamp的官方服务与相关信息，支持通过官网了解产品、功能、使用方式及最新动态；具体服务范围、开放地区和使用规则请以官方网站当前页面为准。官方网站：datacamp.com。	https://www.datacamp.com	是
Frontend Masters	Frontend Masters	教育	在线学习,效率工具	在线课程	在线课程。这里提供Frontend Masters的官方服务与相关信息，支持通过官网了解产品、功能、使用方式及最新动态；具体服务范围、开放地区和使用规则请以官方网站当前页面为准。官方网站：frontendmasters.com。	https://frontendmasters.com	是
Scrimba	Scrimba	教育	在线学习,效率工具	在线课程	在线课程。这里提供Scrimba的官方服务与相关信息，支持通过官网了解产品、功能、使用方式及最新动态；具体服务范围、开放地区和使用规则请以官方网站当前页面为准。官方网站：scrimba.com。	https://scrimba.com	是
Educative	Educative	教育	在线学习,效率工具	在线课程	在线课程。这里提供Educative的官方服务与相关信息，支持通过官网了解产品、功能、使用方式及最新动态；具体服务范围、开放地区和使用规则请以官方网站当前页面为准。官方网站：educative.io。	https://www.educative.io	是
SoloLearn	SoloLearn	教育	在线学习,效率工具	在线课程	在线课程。这里提供SoloLearn的官方服务与相关信息，支持通过官网了解产品、功能、使用方式及最新动态；具体服务范围、开放地区和使用规则请以官方网站当前页面为准。官方网站：sololearn.com。	https://www.sololearn.com	是
CS50	CS50	教育	在线学习,效率工具	大学课程	大学课程。这里提供CS50的官方服务与相关信息，支持通过官网了解产品、功能、使用方式及最新动态；具体服务范围、开放地区和使用规则请以官方网站当前页面为准。官方网站：cs50.harvard.edu。	https://cs50.harvard.edu	是
MIT OpenCourseWare	MIT OCW	教育	在线学习,效率工具	大学课程	大学课程。这里提供MIT OCW的官方服务与相关信息，支持通过官网了解产品、功能、使用方式及最新动态；具体服务范围、开放地区和使用规则请以官方网站当前页面为准。官方网站：ocw.mit.edu。	https://ocw.mit.edu	是
维基百科	维基百科	教育	在线学习,效率工具	在线百科	在线百科。这里提供维基百科的官方服务与相关信息，支持通过官网了解产品、功能、使用方式及最新动态；具体服务范围、开放地区和使用规则请以官方网站当前页面为准。官方网站：zh.wikipedia.org。	https://zh.wikipedia.org	是
Wikipedia	Wikipedia	教育	在线学习,效率工具	在线百科	在线百科。这里提供Wikipedia的官方服务与相关信息，支持通过官网了解产品、功能、使用方式及最新动态；具体服务范围、开放地区和使用规则请以官方网站当前页面为准。官方网站：en.wikipedia.org。	https://en.wikipedia.org	是
Babbel	Babbel	教育	在线学习,效率工具	语言学习	语言学习。这里提供Babbel的官方服务与相关信息，支持通过官网了解产品、功能、使用方式及最新动态；具体服务范围、开放地区和使用规则请以官方网站当前页面为准。官方网站：babbel.com。	https://www.babbel.com	是
Rosetta Stone	Rosetta Stone	教育	在线学习,效率工具	语言学习	语言学习。这里提供Rosetta Stone的官方服务与相关信息，支持通过官网了解产品、功能、使用方式及最新动态；具体服务范围、开放地区和使用规则请以官方网站当前页面为准。官方网站：rosettastone.com。	https://www.rosettastone.com	是
Busuu	Busuu	教育	在线学习,效率工具	语言学习	语言学习。这里提供Busuu的官方服务与相关信息，支持通过官网了解产品、功能、使用方式及最新动态；具体服务范围、开放地区和使用规则请以官方网站当前页面为准。官方网站：busuu.com。	https://www.busuu.com	是
iTalki	iTalki	教育	在线学习,效率工具	语言学习	语言学习。这里提供iTalki的官方服务与相关信息，支持通过官网了解产品、功能、使用方式及最新动态；具体服务范围、开放地区和使用规则请以官方网站当前页面为准。官方网站：italki.com。	https://www.italki.com	是
Preply	Preply	教育	在线学习,效率工具	语言学习	语言学习。这里提供Preply的官方服务与相关信息，支持通过官网了解产品、功能、使用方式及最新动态；具体服务范围、开放地区和使用规则请以官方网站当前页面为准。官方网站：preply.com。	https://preply.com	是
Anki	Anki	教育	在线学习,效率工具	学习工具	学习工具。这里提供Anki的官方服务与相关信息，支持通过官网了解产品、功能、使用方式及最新动态；具体服务范围、开放地区和使用规则请以官方网站当前页面为准。官方网站：apps.ankiweb.net。	https://apps.ankiweb.net	是
Symbolab	Symbolab	教育	在线学习,效率工具	数学工具	数学工具。这里提供Symbolab的官方服务与相关信息，支持通过官网了解产品、功能、使用方式及最新动态；具体服务范围、开放地区和使用规则请以官方网站当前页面为准。官方网站：symbolab.com。	https://www.symbolab.com	是
Mathway	Mathway	教育	在线学习,效率工具	数学工具	数学工具。这里提供Mathway的官方服务与相关信息，支持通过官网了解产品、功能、使用方式及最新动态；具体服务范围、开放地区和使用规则请以官方网站当前页面为准。官方网站：mathway.com。	https://www.mathway.com	是
Photomath	Photomath	教育	在线学习,效率工具	数学工具	数学工具。这里提供Photomath的官方服务与相关信息，支持通过官网了解产品、功能、使用方式及最新动态；具体服务范围、开放地区和使用规则请以官方网站当前页面为准。官方网站：photomath.com。	https://photomath.com	是
Art of Problem Solving	AoPS	教育	在线学习,效率工具	数学竞赛	数学竞赛。这里提供AoPS的官方服务与相关信息，支持通过官网了解产品、功能、使用方式及最新动态；具体服务范围、开放地区和使用规则请以官方网站当前页面为准。官方网站：artofproblemsolving.com。	https://artofproblemsolving.com	是
东方财富	东方财富网	金融	金融理财,生活服务	财经信息与交易平台	财经信息与交易平台。这里提供东方财富网的官方服务与相关信息，支持通过官网了解产品、功能、使用方式及最新动态；具体服务范围、开放地区和使用规则请以官方网站当前页面为准。官方网站：eastmoney.com。	https://www.eastmoney.com	否
同花顺	同花顺	金融	金融理财,生活服务	股票行情交易软件	股票行情交易软件。这里提供同花顺的官方服务与相关信息，支持通过官网了解产品、功能、使用方式及最新动态；具体服务范围、开放地区和使用规则请以官方网站当前页面为准。官方网站：10jqka.com.cn。	https://www.10jqka.com.cn	否
新浪财经	新浪财经	金融	金融理财,生活服务	新浪旗下财经资讯平台	新浪旗下财经资讯平台。这里提供新浪财经的官方服务与相关信息，支持通过官网了解产品、功能、使用方式及最新动态；具体服务范围、开放地区和使用规则请以官方网站当前页面为准。官方网站：finance.sina.com.cn。	https://finance.sina.com.cn	否
金投网	金投网	金融	金融理财,生活服务	贵金属价格行情网站	贵金属价格行情网站。这里提供金投网的官方服务与相关信息，支持通过官网了解产品、功能、使用方式及最新动态；具体服务范围、开放地区和使用规则请以官方网站当前页面为准。官方网站：jinjia.com.cn。	https://www.jinjia.com.cn	否
雪球	雪球	金融	新闻资讯,金融理财,生活服务	投资者社区	投资者社区。这里提供雪球的官方服务与相关信息，支持通过官网了解产品、功能、使用方式及最新动态；具体服务范围、开放地区和使用规则请以官方网站当前页面为准。官方网站：xueqiu.com。	https://xueqiu.com	否
天天基金	天天基金	金融	金融理财,生活服务	基金交易平台	基金交易平台。这里提供天天基金的官方服务与相关信息，支持通过官网了解产品、功能、使用方式及最新动态；具体服务范围、开放地区和使用规则请以官方网站当前页面为准。官方网站：fund.eastmoney.com。	https://fund.eastmoney.com	否
支付宝	支付宝	金融	金融理财,生活服务	移动支付	移动支付。这里提供支付宝的官方服务与相关信息，支持通过官网了解产品、功能、使用方式及最新动态；具体服务范围、开放地区和使用规则请以官方网站当前页面为准。官方网站：alipay.com。	https://www.alipay.com	否
微信支付	微信支付	金融	金融理财,生活服务	移动支付	移动支付。这里提供微信支付的官方服务与相关信息，支持通过官网了解产品、功能、使用方式及最新动态；具体服务范围、开放地区和使用规则请以官方网站当前页面为准。官方网站：pay.weixin.qq.com。	https://pay.weixin.qq.com	否
招商银行	招商银行	金融	金融理财,生活服务	网上银行	网上银行。这里提供招商银行的官方服务与相关信息，支持通过官网了解产品、功能、使用方式及最新动态；具体服务范围、开放地区和使用规则请以官方网站当前页面为准。官方网站：cmbchina.com。	https://www.cmbchina.com	否
工商银行	工商银行	金融	金融理财,生活服务	网上银行	网上银行。这里提供工商银行的官方服务与相关信息，支持通过官网了解产品、功能、使用方式及最新动态；具体服务范围、开放地区和使用规则请以官方网站当前页面为准。官方网站：icbc.com.cn。	https://www.icbc.com.cn	否
建设银行	建设银行	金融	金融理财,生活服务	网上银行	网上银行。这里提供建设银行的官方服务与相关信息，支持通过官网了解产品、功能、使用方式及最新动态；具体服务范围、开放地区和使用规则请以官方网站当前页面为准。官方网站：ccb.com。	https://www.ccb.com	否
农业银行	农业银行	金融	金融理财,生活服务	网上银行	网上银行。这里提供农业银行的官方服务与相关信息，支持通过官网了解产品、功能、使用方式及最新动态；具体服务范围、开放地区和使用规则请以官方网站当前页面为准。官方网站：abchina.com。	https://www.abchina.com	否
中国银行	中国银行	金融	金融理财,生活服务	网上银行	网上银行。这里提供中国银行的官方服务与相关信息，支持通过官网了解产品、功能、使用方式及最新动态；具体服务范围、开放地区和使用规则请以官方网站当前页面为准。官方网站：boc.cn。	https://www.boc.cn	否
Yahoo Finance	Yahoo Finance	金融	金融理财,生活服务	财经资讯	财经资讯。这里提供Yahoo Finance的官方服务与相关信息，支持通过官网了解产品、功能、使用方式及最新动态；具体服务范围、开放地区和使用规则请以官方网站当前页面为准。官方网站：finance.yahoo.com。	https://finance.yahoo.com	是
MarketWatch	MarketWatch	金融	金融理财,生活服务	财经资讯	财经资讯。这里提供MarketWatch的官方服务与相关信息，支持通过官网了解产品、功能、使用方式及最新动态；具体服务范围、开放地区和使用规则请以官方网站当前页面为准。官方网站：marketwatch.com。	https://www.marketwatch.com	是
Investing.com	英为财情	金融	金融理财,生活服务	行情数据	行情数据。这里提供英为财情的官方服务与相关信息，支持通过官网了解产品、功能、使用方式及最新动态；具体服务范围、开放地区和使用规则请以官方网站当前页面为准。官方网站：investing.com。	https://www.investing.com	是
TradingView	TradingView	金融	金融理财,生活服务	图表工具	图表工具。这里提供TradingView的官方服务与相关信息，支持通过官网了解产品、功能、使用方式及最新动态；具体服务范围、开放地区和使用规则请以官方网站当前页面为准。官方网站：tradingview.com。	https://www.tradingview.com	是
Investopedia	Investopedia	金融	金融理财,生活服务	财经百科	财经百科。这里提供Investopedia的官方服务与相关信息，支持通过官网了解产品、功能、使用方式及最新动态；具体服务范围、开放地区和使用规则请以官方网站当前页面为准。官方网站：investopedia.com。	https://www.investopedia.com	是
Trading Economics	Trading Economics	金融	金融理财,生活服务	经济数据	经济数据。这里提供Trading Economics的官方服务与相关信息，支持通过官网了解产品、功能、使用方式及最新动态；具体服务范围、开放地区和使用规则请以官方网站当前页面为准。官方网站：tradingeconomics.com。	https://tradingeconomics.com	是
CoinMarketCap	CoinMarketCap	金融	金融理财,生活服务	加密行情	加密行情。这里提供CoinMarketCap的官方服务与相关信息，支持通过官网了解产品、功能、使用方式及最新动态；具体服务范围、开放地区和使用规则请以官方网站当前页面为准。官方网站：coinmarketcap.com。	https://coinmarketcap.com	是
CoinGecko	CoinGecko	金融	金融理财,生活服务	加密行情	加密行情。这里提供CoinGecko的官方服务与相关信息，支持通过官网了解产品、功能、使用方式及最新动态；具体服务范围、开放地区和使用规则请以官方网站当前页面为准。官方网站：coingecko.com。	https://www.coingecko.com	是
Binance	Binance	金融	金融理财,生活服务	加密交易所	加密交易所。这里提供Binance的官方服务与相关信息，支持通过官网了解产品、功能、使用方式及最新动态；具体服务范围、开放地区和使用规则请以官方网站当前页面为准。官方网站：binance.com。	https://www.binance.com	是
Coinbase	Coinbase	金融	金融理财,生活服务	加密交易所	加密交易所。这里提供Coinbase的官方服务与相关信息，支持通过官网了解产品、功能、使用方式及最新动态；具体服务范围、开放地区和使用规则请以官方网站当前页面为准。官方网站：coinbase.com。	https://www.coinbase.com	是
Kraken	Kraken	金融	金融理财,生活服务	加密交易所	加密交易所。这里提供Kraken的官方服务与相关信息，支持通过官网了解产品、功能、使用方式及最新动态；具体服务范围、开放地区和使用规则请以官方网站当前页面为准。官方网站：kraken.com。	https://www.kraken.com	是
PayPal	PayPal	金融	金融理财,生活服务	在线支付	在线支付。这里提供PayPal的官方服务与相关信息，支持通过官网了解产品、功能、使用方式及最新动态；具体服务范围、开放地区和使用规则请以官方网站当前页面为准。官方网站：paypal.com。	https://www.paypal.com	是
Stripe	Stripe	金融	金融理财,生活服务	在线支付	在线支付。这里提供Stripe的官方服务与相关信息，支持通过官网了解产品、功能、使用方式及最新动态；具体服务范围、开放地区和使用规则请以官方网站当前页面为准。官方网站：stripe.com。	https://stripe.com	是
Wise	Wise	金融	金融理财,生活服务	跨境汇款	跨境汇款。这里提供Wise的官方服务与相关信息，支持通过官网了解产品、功能、使用方式及最新动态；具体服务范围、开放地区和使用规则请以官方网站当前页面为准。官方网站：wise.com。	https://wise.com	是
Revolut	Revolut	金融	金融理财,生活服务	数字银行	数字银行。这里提供Revolut的官方服务与相关信息，支持通过官网了解产品、功能、使用方式及最新动态；具体服务范围、开放地区和使用规则请以官方网站当前页面为准。官方网站：revolut.com。	https://www.revolut.com	是
Morningstar	Morningstar	金融	金融理财,生活服务	基金评级	基金评级。这里提供Morningstar的官方服务与相关信息，支持通过官网了解产品、功能、使用方式及最新动态；具体服务范围、开放地区和使用规则请以官方网站当前页面为准。官方网站：morningstar.com。	https://www.morningstar.com	是
Moody's	穆迪	金融	金融理财,生活服务	信用评级	信用评级。这里提供穆迪的官方服务与相关信息，支持通过官网了解产品、功能、使用方式及最新动态；具体服务范围、开放地区和使用规则请以官方网站当前页面为准。官方网站：moodys.com。	https://www.moodys.com	是
S&P Global	标普全球	金融	金融理财,生活服务	金融数据	金融数据。这里提供标普全球的官方服务与相关信息，支持通过官网了解产品、功能、使用方式及最新动态；具体服务范围、开放地区和使用规则请以官方网站当前页面为准。官方网站：spglobal.com。	https://www.spglobal.com	是
网易财经	网易财经	金融	金融理财,生活服务	财经资讯	财经资讯。这里提供网易财经的官方服务与相关信息，支持通过官网了解产品、功能、使用方式及最新动态；具体服务范围、开放地区和使用规则请以官方网站当前页面为准。官方网站：money.163.com。	https://money.163.com	否
和讯网	和讯网	金融	金融理财,生活服务	财经资讯	财经资讯。这里提供和讯网的官方服务与相关信息，支持通过官网了解产品、功能、使用方式及最新动态；具体服务范围、开放地区和使用规则请以官方网站当前页面为准。官方网站：hexun.com。	https://www.hexun.com	否
财联社	财联社	金融	金融理财,生活服务	财经资讯	财经资讯。这里提供财联社的官方服务与相关信息，支持通过官网了解产品、功能、使用方式及最新动态；具体服务范围、开放地区和使用规则请以官方网站当前页面为准。官方网站：cls.cn。	https://www.cls.cn	否
证券时报	证券时报	金融	金融理财,生活服务	财经资讯	财经资讯。这里提供证券时报的官方服务与相关信息，支持通过官网了解产品、功能、使用方式及最新动态；具体服务范围、开放地区和使用规则请以官方网站当前页面为准。官方网站：stcn.com。	https://www.stcn.com	否
中国证券报	中国证券报	金融	金融理财,生活服务	财经资讯	财经资讯。这里提供中国证券报的官方服务与相关信息，支持通过官网了解产品、功能、使用方式及最新动态；具体服务范围、开放地区和使用规则请以官方网站当前页面为准。官方网站：cs.com.cn。	https://www.cs.com.cn	否
上海证券交易所	上交所	金融	金融理财,生活服务	证券交易所	证券交易所。这里提供上交所的官方服务与相关信息，支持通过官网了解产品、功能、使用方式及最新动态；具体服务范围、开放地区和使用规则请以官方网站当前页面为准。官方网站：sse.com.cn。	https://www.sse.com.cn	否
深圳证券交易所	深交所	金融	金融理财,生活服务	证券交易所	证券交易所。这里提供深交所的官方服务与相关信息，支持通过官网了解产品、功能、使用方式及最新动态；具体服务范围、开放地区和使用规则请以官方网站当前页面为准。官方网站：szse.cn。	https://www.szse.cn	否
北京证券交易所	北交所	金融	金融理财,生活服务	证券交易所	证券交易所。这里提供北交所的官方服务与相关信息，支持通过官网了解产品、功能、使用方式及最新动态；具体服务范围、开放地区和使用规则请以官方网站当前页面为准。官方网站：bse.cn。	https://www.bse.cn	否
蚂蚁财富	蚂蚁财富	金融	金融理财,生活服务	理财平台	理财平台。这里提供蚂蚁财富的官方服务与相关信息，支持通过官网了解产品、功能、使用方式及最新动态；具体服务范围、开放地区和使用规则请以官方网站当前页面为准。官方网站：antfortune.com。	https://www.antfortune.com	否
华尔街见闻	华尔街见闻	金融	金融理财,生活服务	财经资讯	财经资讯。这里提供华尔街见闻的官方服务与相关信息，支持通过官网了解产品、功能、使用方式及最新动态；具体服务范围、开放地区和使用规则请以官方网站当前页面为准。官方网站：wallstreetcn.com。	https://wallstreetcn.com	否
英为财情	英为财情	金融	金融理财,生活服务	行情数据	行情数据。这里提供英为财情的官方服务与相关信息，支持通过官网了解产品、功能、使用方式及最新动态；具体服务范围、开放地区和使用规则请以官方网站当前页面为准。官方网站：cn.investing.com。	https://cn.investing.com	否
Seeking Alpha	Seeking Alpha	金融	金融理财,生活服务	投资社区	投资社区。这里提供Seeking Alpha的官方服务与相关信息，支持通过官网了解产品、功能、使用方式及最新动态；具体服务范围、开放地区和使用规则请以官方网站当前页面为准。官方网站：seekingalpha.com。	https://seekingalpha.com	是
Motley Fool	Motley Fool	金融	金融理财,生活服务	投资建议	投资建议。这里提供Motley Fool的官方服务与相关信息，支持通过官网了解产品、功能、使用方式及最新动态；具体服务范围、开放地区和使用规则请以官方网站当前页面为准。官方网站：fool.com。	https://www.fool.com	是
Zacks	Zacks	金融	金融理财,生活服务	投资研究	投资研究。这里提供Zacks的官方服务与相关信息，支持通过官网了解产品、功能、使用方式及最新动态；具体服务范围、开放地区和使用规则请以官方网站当前页面为准。官方网站：zacks.com。	https://www.zacks.com	是
理财通	腾讯理财通	金融	金融理财,生活服务	理财平台	理财平台。这里提供腾讯理财通的官方服务与相关信息，支持通过官网了解产品、功能、使用方式及最新动态；具体服务范围、开放地区和使用规则请以官方网站当前页面为准。官方网站：tencentwm.com。	https://www.tencentwm.com	否
白银	中国白银网	金融	金融理财,生活服务	贵金属	贵金属。这里提供中国白银网的官方服务与相关信息，支持通过官网了解产品、功能、使用方式及最新动态；具体服务范围、开放地区和使用规则请以官方网站当前页面为准。官方网站：huatongsilver.com。	https://www.huatongsilver.com	否
CodePen	CodePen	开发	编程开发,效率工具	前端代码分享	前端代码分享。这里提供CodePen的官方服务与相关信息，支持通过官网了解产品、功能、使用方式及最新动态；具体服务范围、开放地区和使用规则请以官方网站当前页面为准。官方网站：codepen.io。	https://codepen.io	是
JSFiddle	JSFiddle	开发	编程开发,效率工具	在线代码调试	在线代码调试。这里提供JSFiddle的官方服务与相关信息，支持通过官网了解产品、功能、使用方式及最新动态；具体服务范围、开放地区和使用规则请以官方网站当前页面为准。官方网站：jsfiddle.net。	https://jsfiddle.net	是
MDN	MDN Web Docs	开发	编程开发,效率工具	Web文档	Web文档。这里提供MDN Web Docs的官方服务与相关信息，支持通过官网了解产品、功能、使用方式及最新动态；具体服务范围、开放地区和使用规则请以官方网站当前页面为准。官方网站：developer.mozilla.org。	https://developer.mozilla.org	是
Vue	Vue.js	开发	编程开发,效率工具	前端框架	前端框架。这里提供Vue.js的官方服务与相关信息，支持通过官网了解产品、功能、使用方式及最新动态；具体服务范围、开放地区和使用规则请以官方网站当前页面为准。官方网站：vuejs.org。	https://vuejs.org	是
React	React	开发	编程开发,效率工具	前端框架	前端框架。这里提供React的官方服务与相关信息，支持通过官网了解产品、功能、使用方式及最新动态；具体服务范围、开放地区和使用规则请以官方网站当前页面为准。官方网站：react.dev。	https://react.dev	是
Bootstrap	Bootstrap	开发	编程开发,效率工具	CSS框架	CSS框架。这里提供Bootstrap的官方服务与相关信息，支持通过官网了解产品、功能、使用方式及最新动态；具体服务范围、开放地区和使用规则请以官方网站当前页面为准。官方网站：getbootstrap.com。	https://getbootstrap.com	是
Vercel	Vercel	开发	编程开发,效率工具	前端部署	前端部署。这里提供Vercel的官方服务与相关信息，支持通过官网了解产品、功能、使用方式及最新动态；具体服务范围、开放地区和使用规则请以官方网站当前页面为准。官方网站：vercel.com。	https://vercel.com	是
Netlify	Netlify	开发	编程开发,效率工具	前端部署	前端部署。这里提供Netlify的官方服务与相关信息，支持通过官网了解产品、功能、使用方式及最新动态；具体服务范围、开放地区和使用规则请以官方网站当前页面为准。官方网站：netlify.com。	https://www.netlify.com	是
GitLab	GitLab	开发	编程开发,效率工具	代码托管	代码托管。这里提供GitLab的官方服务与相关信息，支持通过官网了解产品、功能、使用方式及最新动态；具体服务范围、开放地区和使用规则请以官方网站当前页面为准。官方网站：gitlab.com。	https://gitlab.com	是
Bitbucket	Bitbucket	开发	编程开发,效率工具	代码托管	代码托管。这里提供Bitbucket的官方服务与相关信息，支持通过官网了解产品、功能、使用方式及最新动态；具体服务范围、开放地区和使用规则请以官方网站当前页面为准。官方网站：bitbucket.org。	https://bitbucket.org	是
Can I Use	Can I Use	开发	编程开发,效率工具	浏览器兼容	浏览器兼容。这里提供Can I Use的官方服务与相关信息，支持通过官网了解产品、功能、使用方式及最新动态；具体服务范围、开放地区和使用规则请以官方网站当前页面为准。官方网站：caniuse.com。	https://caniuse.com	是
ESLint	ESLint	开发	编程开发,效率工具	代码规范	代码规范。这里提供ESLint的官方服务与相关信息，支持通过官网了解产品、功能、使用方式及最新动态；具体服务范围、开放地区和使用规则请以官方网站当前页面为准。官方网站：eslint.org。	https://eslint.org	是
Prettier	Prettier	开发	编程开发,效率工具	代码格式化	代码格式化。这里提供Prettier的官方服务与相关信息，支持通过官网了解产品、功能、使用方式及最新动态；具体服务范围、开放地区和使用规则请以官方网站当前页面为准。官方网站：prettier.io。	https://prettier.io	是
Tailwind	Tailwind CSS	开发	编程开发,效率工具	CSS框架	CSS框架。这里提供Tailwind CSS的官方服务与相关信息，支持通过官网了解产品、功能、使用方式及最新动态；具体服务范围、开放地区和使用规则请以官方网站当前页面为准。官方网站：tailwindcss.com。	https://tailwindcss.com	是
PyPI	PyPI	开发	编程开发,效率工具	包管理	包管理。这里提供PyPI的官方服务与相关信息，支持通过官网了解产品、功能、使用方式及最新动态；具体服务范围、开放地区和使用规则请以官方网站当前页面为准。官方网站：pypi.org。	https://pypi.org	是
Hacker News	Hacker News	开发	编程开发,效率工具	科技社区	科技社区。这里提供Hacker News的官方服务与相关信息，支持通过官网了解产品、功能、使用方式及最新动态；具体服务范围、开放地区和使用规则请以官方网站当前页面为准。官方网站：news.ycombinator.com。	https://news.ycombinator.com	是
Product Hunt	Product Hunt	开发	编程开发,效率工具	产品发现	产品发现。这里提供Product Hunt的官方服务与相关信息，支持通过官网了解产品、功能、使用方式及最新动态；具体服务范围、开放地区和使用规则请以官方网站当前页面为准。官方网站：producthunt.com。	https://www.producthunt.com	是
CodeSandbox	CodeSandbox	开发	编程开发,效率工具	在线编辑	在线编辑。这里提供CodeSandbox的官方服务与相关信息，支持通过官网了解产品、功能、使用方式及最新动态；具体服务范围、开放地区和使用规则请以官方网站当前页面为准。官方网站：codesandbox.io。	https://codesandbox.io	是
Replit	Replit	开发	编程开发,效率工具	在线IDE	在线IDE。这里提供Replit的官方服务与相关信息，支持通过官网了解产品、功能、使用方式及最新动态；具体服务范围、开放地区和使用规则请以官方网站当前页面为准。官方网站：replit.com。	https://replit.com	是
Supabase	Supabase	开发	编程开发,效率工具	后端平台	后端平台。这里提供Supabase的官方服务与相关信息，支持通过官网了解产品、功能、使用方式及最新动态；具体服务范围、开放地区和使用规则请以官方网站当前页面为准。官方网站：supabase.com。	https://supabase.com	是
Firebase	Firebase	开发	编程开发,效率工具	后端平台	后端平台。这里提供Firebase的官方服务与相关信息，支持通过官网了解产品、功能、使用方式及最新动态；具体服务范围、开放地区和使用规则请以官方网站当前页面为准。官方网站：firebase.google.com。	https://firebase.google.com	是
PlanetScale	PlanetScale	开发	编程开发,效率工具	数据库	数据库。这里提供PlanetScale的官方服务与相关信息，支持通过官网了解产品、功能、使用方式及最新动态；具体服务范围、开放地区和使用规则请以官方网站当前页面为准。官方网站：planetscale.com。	https://planetscale.com	是
Neon	Neon	开发	编程开发,效率工具	数据库	数据库。这里提供Neon的官方服务与相关信息，支持通过官网了解产品、功能、使用方式及最新动态；具体服务范围、开放地区和使用规则请以官方网站当前页面为准。官方网站：neon.tech。	https://neon.tech	是
Postman	Postman	开发	编程开发,效率工具	API工具	API工具。这里提供Postman的官方服务与相关信息，支持通过官网了解产品、功能、使用方式及最新动态；具体服务范围、开放地区和使用规则请以官方网站当前页面为准。官方网站：postman.com。	https://www.postman.com	是
Insomnia	Insomnia	开发	编程开发,效率工具	API工具	API工具。这里提供Insomnia的官方服务与相关信息，支持通过官网了解产品、功能、使用方式及最新动态；具体服务范围、开放地区和使用规则请以官方网站当前页面为准。官方网站：insomnia.rest。	https://insomnia.rest	是
Swagger	Swagger	开发	编程开发,效率工具	API文档	API文档。这里提供Swagger的官方服务与相关信息，支持通过官网了解产品、功能、使用方式及最新动态；具体服务范围、开放地区和使用规则请以官方网站当前页面为准。官方网站：swagger.io。	https://swagger.io	是
Sass	Sass	开发	编程开发,效率工具	CSS预处理器	CSS预处理器。这里提供Sass的官方服务与相关信息，支持通过官网了解产品、功能、使用方式及最新动态；具体服务范围、开放地区和使用规则请以官方网站当前页面为准。官方网站：sass-lang.com。	https://sass-lang.com	是
Angular	Angular	开发	编程开发,效率工具	前端框架	前端框架。这里提供Angular的官方服务与相关信息，支持通过官网了解产品、功能、使用方式及最新动态；具体服务范围、开放地区和使用规则请以官方网站当前页面为准。官方网站：angular.io。	https://angular.io	是
Svelte	Svelte	开发	编程开发,效率工具	前端框架	前端框架。这里提供Svelte的官方服务与相关信息，支持通过官网了解产品、功能、使用方式及最新动态；具体服务范围、开放地区和使用规则请以官方网站当前页面为准。官方网站：svelte.dev。	https://svelte.dev	是
Java	Java	开发	编程开发,效率工具	编程语言	编程语言。这里提供Java的官方服务与相关信息，支持通过官网了解产品、功能、使用方式及最新动态；具体服务范围、开放地区和使用规则请以官方网站当前页面为准。官方网站：java.com。	https://www.java.com	是
Rust	Rust	开发	编程开发,效率工具	编程语言	编程语言。这里提供Rust的官方服务与相关信息，支持通过官网了解产品、功能、使用方式及最新动态；具体服务范围、开放地区和使用规则请以官方网站当前页面为准。官方网站：rust-lang.org。	https://www.rust-lang.org	是
Go	Go语言	开发	编程开发,效率工具	编程语言	编程语言。这里提供Go语言的官方服务与相关信息，支持通过官网了解产品、功能、使用方式及最新动态；具体服务范围、开放地区和使用规则请以官方网站当前页面为准。官方网站：go.dev。	https://go.dev	是
freeCodeCamp	freeCodeCamp	开发	编程开发,效率工具	编程学习	编程学习。这里提供freeCodeCamp的官方服务与相关信息，支持通过官网了解产品、功能、使用方式及最新动态；具体服务范围、开放地区和使用规则请以官方网站当前页面为准。官方网站：freecodecamp.org。	https://www.freecodecamp.org	是
Dev.to	Dev.to	开发	编程开发,效率工具	开发者社区	开发者社区。这里提供Dev.to的官方服务与相关信息，支持通过官网了解产品、功能、使用方式及最新动态；具体服务范围、开放地区和使用规则请以官方网站当前页面为准。官方网站：dev.to。	https://dev.to	是
Hashnode	Hashnode	开发	编程开发,效率工具	开发者博客	开发者博客。这里提供Hashnode的官方服务与相关信息，支持通过官网了解产品、功能、使用方式及最新动态；具体服务范围、开放地区和使用规则请以官方网站当前页面为准。官方网站：hashnode.com。	https://hashnode.com	是
Google Cloud	Google Cloud	开发	编程开发,效率工具	云计算	云计算。这里提供Google Cloud的官方服务与相关信息，支持通过官网了解产品、功能、使用方式及最新动态；具体服务范围、开放地区和使用规则请以官方网站当前页面为准。官方网站：cloud.google.com。	https://cloud.google.com	是
AWS	AWS	开发	编程开发,效率工具	云计算	云计算。这里提供AWS的官方服务与相关信息，支持通过官网了解产品、功能、使用方式及最新动态；具体服务范围、开放地区和使用规则请以官方网站当前页面为准。官方网站：aws.amazon.com。	https://aws.amazon.com	是
Microsoft Azure	Microsoft Azure	开发	编程开发,效率工具	云计算	云计算。这里提供Microsoft Azure的官方服务与相关信息，支持通过官网了解产品、功能、使用方式及最新动态；具体服务范围、开放地区和使用规则请以官方网站当前页面为准。官方网站：azure.microsoft.com。	https://azure.microsoft.com	是
DigitalOcean	DigitalOcean	开发	编程开发,效率工具	云计算	云计算。这里提供DigitalOcean的官方服务与相关信息，支持通过官网了解产品、功能、使用方式及最新动态；具体服务范围、开放地区和使用规则请以官方网站当前页面为准。官方网站：digitalocean.com。	https://www.digitalocean.com	是
Linode	Linode	开发	编程开发,效率工具	云计算	云计算。这里提供Linode的官方服务与相关信息，支持通过官网了解产品、功能、使用方式及最新动态；具体服务范围、开放地区和使用规则请以官方网站当前页面为准。官方网站：linode.com。	https://www.linode.com	是
Vultr	Vultr	开发	编程开发,效率工具	云计算	云计算。这里提供Vultr的官方服务与相关信息，支持通过官网了解产品、功能、使用方式及最新动态；具体服务范围、开放地区和使用规则请以官方网站当前页面为准。官方网站：vultr.com。	https://www.vultr.com	是
Cloudflare	Cloudflare	开发	编程开发,效率工具	CDN	CDN。这里提供Cloudflare的官方服务与相关信息，支持通过官网了解产品、功能、使用方式及最新动态；具体服务范围、开放地区和使用规则请以官方网站当前页面为准。官方网站：cloudflare.com。	https://www.cloudflare.com	是
Heroku	Heroku	开发	编程开发,效率工具	云平台	云平台。这里提供Heroku的官方服务与相关信息，支持通过官网了解产品、功能、使用方式及最新动态；具体服务范围、开放地区和使用规则请以官方网站当前页面为准。官方网站：heroku.com。	https://www.heroku.com	是
Render	Render	开发	编程开发,效率工具	云平台	云平台。这里提供Render的官方服务与相关信息，支持通过官网了解产品、功能、使用方式及最新动态；具体服务范围、开放地区和使用规则请以官方网站当前页面为准。官方网站：render.com。	https://render.com	是
Fly.io	Fly.io	开发	编程开发,效率工具	云平台	云平台。这里提供Fly.io的官方服务与相关信息，支持通过官网了解产品、功能、使用方式及最新动态；具体服务范围、开放地区和使用规则请以官方网站当前页面为准。官方网站：fly.io。	https://fly.io	是
Railway	Railway	开发	编程开发,效率工具	云平台	云平台。这里提供Railway的官方服务与相关信息，支持通过官网了解产品、功能、使用方式及最新动态；具体服务范围、开放地区和使用规则请以官方网站当前页面为准。官方网站：railway.app。	https://railway.app	是
Kubernetes	Kubernetes	开发	编程开发,效率工具	容器编排	容器编排。这里提供Kubernetes的官方服务与相关信息，支持通过官网了解产品、功能、使用方式及最新动态；具体服务范围、开放地区和使用规则请以官方网站当前页面为准。官方网站：kubernetes.io。	https://kubernetes.io	是
Docker	Docker	开发	编程开发,效率工具	容器平台	容器平台。这里提供Docker的官方服务与相关信息，支持通过官网了解产品、功能、使用方式及最新动态；具体服务范围、开放地区和使用规则请以官方网站当前页面为准。官方网站：docker.com。	https://www.docker.com	是
Terraform	Terraform	开发	编程开发,效率工具	IaC	IaC。这里提供Terraform的官方服务与相关信息，支持通过官网了解产品、功能、使用方式及最新动态；具体服务范围、开放地区和使用规则请以官方网站当前页面为准。官方网站：terraform.io。	https://www.terraform.io	是
Ansible	Ansible	开发	编程开发,效率工具	运维自动化	运维自动化。这里提供Ansible的官方服务与相关信息，支持通过官网了解产品、功能、使用方式及最新动态；具体服务范围、开放地区和使用规则请以官方网站当前页面为准。官方网站：ansible.com。	https://www.ansible.com	是
Jenkins	Jenkins	开发	编程开发,效率工具	持续集成	持续集成。这里提供Jenkins的官方服务与相关信息，支持通过官网了解产品、功能、使用方式及最新动态；具体服务范围、开放地区和使用规则请以官方网站当前页面为准。官方网站：jenkins.io。	https://www.jenkins.io	是
CircleCI	CircleCI	开发	编程开发,效率工具	持续集成	持续集成。这里提供CircleCI的官方服务与相关信息，支持通过官网了解产品、功能、使用方式及最新动态；具体服务范围、开放地区和使用规则请以官方网站当前页面为准。官方网站：circleci.com。	https://circleci.com	是
GitHub Actions	GitHub Actions	开发	编程开发,效率工具	持续集成	持续集成。这里提供GitHub Actions的官方服务与相关信息，支持通过官网了解产品、功能、使用方式及最新动态；具体服务范围、开放地区和使用规则请以官方网站当前页面为准。官方网站：github.com。	https://github.com/features/actions	是
Argo CD	Argo CD	开发	编程开发,效率工具	GitOps	GitOps。这里提供Argo CD的官方服务与相关信息，支持通过官网了解产品、功能、使用方式及最新动态；具体服务范围、开放地区和使用规则请以官方网站当前页面为准。官方网站：argoproj.github.io。	https://argoproj.github.io/cd	是
Prometheus	Prometheus	开发	编程开发,效率工具	监控工具	监控工具。这里提供Prometheus的官方服务与相关信息，支持通过官网了解产品、功能、使用方式及最新动态；具体服务范围、开放地区和使用规则请以官方网站当前页面为准。官方网站：prometheus.io。	https://prometheus.io	是
Grafana	Grafana	开发	编程开发,效率工具	监控面板	监控面板。这里提供Grafana的官方服务与相关信息，支持通过官网了解产品、功能、使用方式及最新动态；具体服务范围、开放地区和使用规则请以官方网站当前页面为准。官方网站：grafana.com。	https://grafana.com	是
Elastic	Elasticsearch	开发	编程开发,效率工具	搜索引擎	搜索引擎。这里提供Elasticsearch的官方服务与相关信息，支持通过官网了解产品、功能、使用方式及最新动态；具体服务范围、开放地区和使用规则请以官方网站当前页面为准。官方网站：elastic.co。	https://www.elastic.co	是
PostgreSQL	PostgreSQL	开发	编程开发,效率工具	关系数据库	关系数据库。这里提供PostgreSQL的官方服务与相关信息，支持通过官网了解产品、功能、使用方式及最新动态；具体服务范围、开放地区和使用规则请以官方网站当前页面为准。官方网站：postgresql.org。	https://www.postgresql.org	是
MySQL	MySQL	开发	编程开发,效率工具	关系数据库	关系数据库。这里提供MySQL的官方服务与相关信息，支持通过官网了解产品、功能、使用方式及最新动态；具体服务范围、开放地区和使用规则请以官方网站当前页面为准。官方网站：mysql.com。	https://www.mysql.com	是
MongoDB	MongoDB	开发	编程开发,效率工具	文档数据库	文档数据库。这里提供MongoDB的官方服务与相关信息，支持通过官网了解产品、功能、使用方式及最新动态；具体服务范围、开放地区和使用规则请以官方网站当前页面为准。官方网站：mongodb.com。	https://www.mongodb.com	是
Redis	Redis	开发	编程开发,效率工具	键值数据库	键值数据库。这里提供Redis的官方服务与相关信息，支持通过官网了解产品、功能、使用方式及最新动态；具体服务范围、开放地区和使用规则请以官方网站当前页面为准。官方网站：redis.io。	https://redis.io	是
SQLite	SQLite	开发	编程开发,效率工具	数据库	数据库。这里提供SQLite的官方服务与相关信息，支持通过官网了解产品、功能、使用方式及最新动态；具体服务范围、开放地区和使用规则请以官方网站当前页面为准。官方网站：sqlite.org。	https://www.sqlite.org	是
BrowserStack	BrowserStack	开发	编程开发,效率工具	浏览器测试	浏览器测试。这里提供BrowserStack的官方服务与相关信息，支持通过官网了解产品、功能、使用方式及最新动态；具体服务范围、开放地区和使用规则请以官方网站当前页面为准。官方网站：browserstack.com。	https://www.browserstack.com	是
GTmetrix	GTmetrix	开发	编程开发,效率工具	性能测试	性能测试。这里提供GTmetrix的官方服务与相关信息，支持通过官网了解产品、功能、使用方式及最新动态；具体服务范围、开放地区和使用规则请以官方网站当前页面为准。官方网站：gtmetrix.com。	https://gtmetrix.com	是
WebPageTest	WebPageTest	开发	编程开发,效率工具	性能测试	性能测试。这里提供WebPageTest的官方服务与相关信息，支持通过官网了解产品、功能、使用方式及最新动态；具体服务范围、开放地区和使用规则请以官方网站当前页面为准。官方网站：webpagetest.org。	https://www.webpagetest.org	是
Cloudflare Pages	Cloudflare Pages	开发	编程开发,效率工具	静态托管	静态托管。这里提供Cloudflare Pages的官方服务与相关信息，支持通过官网了解产品、功能、使用方式及最新动态；具体服务范围、开放地区和使用规则请以官方网站当前页面为准。官方网站：pages.cloudflare.com。	https://pages.cloudflare.com	是
GitHub Pages	GitHub Pages	开发	编程开发,效率工具	静态托管	静态托管。这里提供GitHub Pages的官方服务与相关信息，支持通过官网了解产品、功能、使用方式及最新动态；具体服务范围、开放地区和使用规则请以官方网站当前页面为准。官方网站：pages.github.com。	https://pages.github.com	是
Hugo	Hugo	开发	编程开发,效率工具	静态生成	静态生成。这里提供Hugo的官方服务与相关信息，支持通过官网了解产品、功能、使用方式及最新动态；具体服务范围、开放地区和使用规则请以官方网站当前页面为准。官方网站：gohugo.io。	https://gohugo.io	是
Hexo	Hexo	开发	编程开发,效率工具	静态生成	静态生成。这里提供Hexo的官方服务与相关信息，支持通过官网了解产品、功能、使用方式及最新动态；具体服务范围、开放地区和使用规则请以官方网站当前页面为准。官方网站：hexo.io。	https://hexo.io	是
Astro	Astro	开发	编程开发,效率工具	前端框架	前端框架。这里提供Astro的官方服务与相关信息，支持通过官网了解产品、功能、使用方式及最新动态；具体服务范围、开放地区和使用规则请以官方网站当前页面为准。官方网站：astro.build。	https://astro.build	是
Next.js	Next.js	开发	编程开发,效率工具	前端框架	前端框架。这里提供Next.js的官方服务与相关信息，支持通过官网了解产品、功能、使用方式及最新动态；具体服务范围、开放地区和使用规则请以官方网站当前页面为准。官方网站：nextjs.org。	https://nextjs.org	是
Nuxt	Nuxt	开发	编程开发,效率工具	前端框架	前端框架。这里提供Nuxt的官方服务与相关信息，支持通过官网了解产品、功能、使用方式及最新动态；具体服务范围、开放地区和使用规则请以官方网站当前页面为准。官方网站：nuxt.com。	https://nuxt.com	是
GitBook	GitBook	开发	编程开发,效率工具	文档工具	文档工具。这里提供GitBook的官方服务与相关信息，支持通过官网了解产品、功能、使用方式及最新动态；具体服务范围、开放地区和使用规则请以官方网站当前页面为准。官方网站：gitbook.com。	https://www.gitbook.com	是
Read the Docs	Read the Docs	开发	编程开发,效率工具	文档托管	文档托管。这里提供Read the Docs的官方服务与相关信息，支持通过官网了解产品、功能、使用方式及最新动态；具体服务范围、开放地区和使用规则请以官方网站当前页面为准。官方网站：readthedocs.org。	https://readthedocs.org	是
Storybook	Storybook	开发	编程开发,效率工具	组件开发	组件开发。这里提供Storybook的官方服务与相关信息，支持通过官网了解产品、功能、使用方式及最新动态；具体服务范围、开放地区和使用规则请以官方网站当前页面为准。官方网站：storybook.js.org。	https://storybook.js.org	是
InVision	InVision	开发	编程开发,效率工具	原型工具	原型工具。这里提供InVision的官方服务与相关信息，支持通过官网了解产品、功能、使用方式及最新动态；具体服务范围、开放地区和使用规则请以官方网站当前页面为准。官方网站：invisionapp.com。	https://www.invisionapp.com	是
Marvel	Marvel	开发	编程开发,效率工具	原型工具	原型工具。这里提供Marvel的官方服务与相关信息，支持通过官网了解产品、功能、使用方式及最新动态；具体服务范围、开放地区和使用规则请以官方网站当前页面为准。官方网站：marvelapp.com。	https://marvelapp.com	是
Proto.io	Proto.io	开发	编程开发,效率工具	原型工具	原型工具。这里提供Proto.io的官方服务与相关信息，支持通过官网了解产品、功能、使用方式及最新动态；具体服务范围、开放地区和使用规则请以官方网站当前页面为准。官方网站：proto.io。	https://proto.io	是
Balsamiq	Balsamiq	开发	编程开发,效率工具	原型工具	原型工具。这里提供Balsamiq的官方服务与相关信息，支持通过官网了解产品、功能、使用方式及最新动态；具体服务范围、开放地区和使用规则请以官方网站当前页面为准。官方网站：balsamiq.com。	https://balsamiq.com	是
Axure	Axure	开发	编程开发,效率工具	原型工具	原型工具。这里提供Axure的官方服务与相关信息，支持通过官网了解产品、功能、使用方式及最新动态；具体服务范围、开放地区和使用规则请以官方网站当前页面为准。官方网站：axure.com。	https://www.axure.com	是
Zeplin	Zeplin	开发	编程开发,效率工具	设计交付	设计交付。这里提供Zeplin的官方服务与相关信息，支持通过官网了解产品、功能、使用方式及最新动态；具体服务范围、开放地区和使用规则请以官方网站当前页面为准。官方网站：zeplin.io。	https://zeplin.io	是
Abstract	Abstract	开发	编程开发,效率工具	设计协作	设计协作。这里提供Abstract的官方服务与相关信息，支持通过官网了解产品、功能、使用方式及最新动态；具体服务范围、开放地区和使用规则请以官方网站当前页面为准。官方网站：abstract.com。	https://www.abstract.com	是
Principle	Principle	开发	编程开发,效率工具	动效工具	动效工具。这里提供Principle的官方服务与相关信息，支持通过官网了解产品、功能、使用方式及最新动态；具体服务范围、开放地区和使用规则请以官方网站当前页面为准。官方网站：principleformac.com。	https://principleformac.com	是
LottieFiles	LottieFiles	开发	编程开发,效率工具	动效工具	动效工具。这里提供LottieFiles的官方服务与相关信息，支持通过官网了解产品、功能、使用方式及最新动态；具体服务范围、开放地区和使用规则请以官方网站当前页面为准。官方网站：lottiefiles.com。	https://lottiefiles.com	是
Rive	Rive	开发	编程开发,效率工具	动效工具	动效工具。这里提供Rive的官方服务与相关信息，支持通过官网了解产品、功能、使用方式及最新动态；具体服务范围、开放地区和使用规则请以官方网站当前页面为准。官方网站：rive.app。	https://rive.app	是
Spline	Spline	开发	编程开发,效率工具	3D设计	3D设计。这里提供Spline的官方服务与相关信息，支持通过官网了解产品、功能、使用方式及最新动态；具体服务范围、开放地区和使用规则请以官方网站当前页面为准。官方网站：spline.design。	https://spline.design	是
Bunny	Bunny.net	开发	编程开发,效率工具	CDN	CDN。这里提供Bunny.net的官方服务与相关信息，支持通过官网了解产品、功能、使用方式及最新动态；具体服务范围、开放地区和使用规则请以官方网站当前页面为准。官方网站：bunny.net。	https://bunny.net	是
Fastly	Fastly	开发	编程开发,效率工具	CDN	CDN。这里提供Fastly的官方服务与相关信息，支持通过官网了解产品、功能、使用方式及最新动态；具体服务范围、开放地区和使用规则请以官方网站当前页面为准。官方网站：fastly.com。	https://www.fastly.com	是
Akamai	Akamai	开发	编程开发,效率工具	CDN	CDN。这里提供Akamai的官方服务与相关信息，支持通过官网了解产品、功能、使用方式及最新动态；具体服务范围、开放地区和使用规则请以官方网站当前页面为准。官方网站：akamai.com。	https://www.akamai.com	是
SendGrid	SendGrid	开发	编程开发,效率工具	邮件服务	邮件服务。这里提供SendGrid的官方服务与相关信息，支持通过官网了解产品、功能、使用方式及最新动态；具体服务范围、开放地区和使用规则请以官方网站当前页面为准。官方网站：sendgrid.com。	https://sendgrid.com	是
Twilio	Twilio	开发	编程开发,效率工具	通讯API	通讯API。这里提供Twilio的官方服务与相关信息，支持通过官网了解产品、功能、使用方式及最新动态；具体服务范围、开放地区和使用规则请以官方网站当前页面为准。官方网站：twilio.com。	https://www.twilio.com	是
Mapbox	Mapbox	开发	编程开发,效率工具	地图服务	地图服务。这里提供Mapbox的官方服务与相关信息，支持通过官网了解产品、功能、使用方式及最新动态；具体服务范围、开放地区和使用规则请以官方网站当前页面为准。官方网站：mapbox.com。	https://www.mapbox.com	是
Algolia	Algolia	开发	编程开发,效率工具	搜索服务	搜索服务。这里提供Algolia的官方服务与相关信息，支持通过官网了解产品、功能、使用方式及最新动态；具体服务范围、开放地区和使用规则请以官方网站当前页面为准。官方网站：algolia.com。	https://www.algolia.com	是
Auth0	Auth0	开发	编程开发,效率工具	身份认证	身份认证。这里提供Auth0的官方服务与相关信息，支持通过官网了解产品、功能、使用方式及最新动态；具体服务范围、开放地区和使用规则请以官方网站当前页面为准。官方网站：auth0.com。	https://auth0.com	是
Clerk	Clerk	开发	编程开发,效率工具	身份认证	身份认证。这里提供Clerk的官方服务与相关信息，支持通过官网了解产品、功能、使用方式及最新动态；具体服务范围、开放地区和使用规则请以官方网站当前页面为准。官方网站：clerk.com。	https://clerk.com	是
Plaid	Plaid	开发	编程开发,效率工具	金融API	金融API。这里提供Plaid的官方服务与相关信息，支持通过官网了解产品、功能、使用方式及最新动态；具体服务范围、开放地区和使用规则请以官方网站当前页面为准。官方网站：plaid.com。	https://plaid.com	是
Square	Square	开发	编程开发,效率工具	支付服务	支付服务。这里提供Square的官方服务与相关信息，支持通过官网了解产品、功能、使用方式及最新动态；具体服务范围、开放地区和使用规则请以官方网站当前页面为准。官方网站：squareup.com。	https://squareup.com	是
Adyen	Adyen	开发	编程开发,效率工具	支付服务	支付服务。这里提供Adyen的官方服务与相关信息，支持通过官网了解产品、功能、使用方式及最新动态；具体服务范围、开放地区和使用规则请以官方网站当前页面为准。官方网站：adyen.com。	https://www.adyen.com	是
Phaser	Phaser	开发	编程开发,效率工具	游戏框架	游戏框架。这里提供Phaser的官方服务与相关信息，支持通过官网了解产品、功能、使用方式及最新动态；具体服务范围、开放地区和使用规则请以官方网站当前页面为准。官方网站：phaser.io。	https://phaser.io	是
OpenSea	OpenSea	开发	编程开发,效率工具	NFT平台	NFT平台。这里提供OpenSea的官方服务与相关信息，支持通过官网了解产品、功能、使用方式及最新动态；具体服务范围、开放地区和使用规则请以官方网站当前页面为准。官方网站：opensea.io。	https://opensea.io	是
Ethereum	Ethereum	开发	编程开发,效率工具	区块链	区块链。这里提供Ethereum的官方服务与相关信息，支持通过官网了解产品、功能、使用方式及最新动态；具体服务范围、开放地区和使用规则请以官方网站当前页面为准。官方网站：ethereum.org。	https://ethereum.org	是
MetaMask	MetaMask	开发	编程开发,效率工具	加密钱包	加密钱包。这里提供MetaMask的官方服务与相关信息，支持通过官网了解产品、功能、使用方式及最新动态；具体服务范围、开放地区和使用规则请以官方网站当前页面为准。官方网站：metamask.io。	https://metamask.io	是
Etherscan	Etherscan	开发	编程开发,效率工具	区块浏览器	区块浏览器。这里提供Etherscan的官方服务与相关信息，支持通过官网了解产品、功能、使用方式及最新动态；具体服务范围、开放地区和使用规则请以官方网站当前页面为准。官方网站：etherscan.io。	https://etherscan.io	是
HackerRank	HackerRank	开发	编程开发,效率工具	刷题平台	刷题平台。这里提供HackerRank的官方服务与相关信息，支持通过官网了解产品、功能、使用方式及最新动态；具体服务范围、开放地区和使用规则请以官方网站当前页面为准。官方网站：hackerrank.com。	https://www.hackerrank.com	是
LeetCode	LeetCode	开发	编程开发,效率工具	刷题平台	刷题平台。这里提供LeetCode的官方服务与相关信息，支持通过官网了解产品、功能、使用方式及最新动态；具体服务范围、开放地区和使用规则请以官方网站当前页面为准。官方网站：leetcode.com。	https://leetcode.com	是
Codewars	Codewars	开发	编程开发,效率工具	刷题平台	刷题平台。这里提供Codewars的官方服务与相关信息，支持通过官网了解产品、功能、使用方式及最新动态；具体服务范围、开放地区和使用规则请以官方网站当前页面为准。官方网站：codewars.com。	https://www.codewars.com	是
Exercism	Exercism	开发	编程开发,效率工具	编程练习	编程练习。这里提供Exercism的官方服务与相关信息，支持通过官网了解产品、功能、使用方式及最新动态；具体服务范围、开放地区和使用规则请以官方网站当前页面为准。官方网站：exercism.org。	https://exercism.org	是
The Odin Project	The Odin Project	开发	编程开发,效率工具	编程学习	编程学习。这里提供The Odin Project的官方服务与相关信息，支持通过官网了解产品、功能、使用方式及最新动态；具体服务范围、开放地区和使用规则请以官方网站当前页面为准。官方网站：theodinproject.com。	https://www.theodinproject.com	是
IBM	IBM	开发	编程开发,效率工具	科技公司	科技公司。这里提供IBM的官方服务与相关信息，支持通过官网了解产品、功能、使用方式及最新动态；具体服务范围、开放地区和使用规则请以官方网站当前页面为准。官方网站：ibm.com。	https://www.ibm.com	是
Oracle	Oracle	开发	编程开发,效率工具	科技公司	科技公司。这里提供Oracle的官方服务与相关信息，支持通过官网了解产品、功能、使用方式及最新动态；具体服务范围、开放地区和使用规则请以官方网站当前页面为准。官方网站：oracle.com。	https://www.oracle.com	是
Salesforce	Salesforce	开发	编程开发,效率工具	企业软件	企业软件。这里提供Salesforce的官方服务与相关信息，支持通过官网了解产品、功能、使用方式及最新动态；具体服务范围、开放地区和使用规则请以官方网站当前页面为准。官方网站：salesforce.com。	https://www.salesforce.com	是
SAP	SAP	开发	编程开发,效率工具	企业软件	企业软件。这里提供SAP的官方服务与相关信息，支持通过官网了解产品、功能、使用方式及最新动态；具体服务范围、开放地区和使用规则请以官方网站当前页面为准。官方网站：sap.com。	https://www.sap.com	是
Automattic	Automattic	开发	编程开发,效率工具	科技公司	科技公司。这里提供Automattic的官方服务与相关信息，支持通过官网了解产品、功能、使用方式及最新动态；具体服务范围、开放地区和使用规则请以官方网站当前页面为准。官方网站：automattic.com。	https://automattic.com	是
Mozilla	Mozilla	开发	编程开发,效率工具	开源组织	开源组织。这里提供Mozilla的官方服务与相关信息，支持通过官网了解产品、功能、使用方式及最新动态；具体服务范围、开放地区和使用规则请以官方网站当前页面为准。官方网站：mozilla.org。	https://www.mozilla.org	是
Linux	Linux	开发	编程开发,效率工具	开源组织	开源组织。这里提供Linux的官方服务与相关信息，支持通过官网了解产品、功能、使用方式及最新动态；具体服务范围、开放地区和使用规则请以官方网站当前页面为准。官方网站：linux.org。	https://www.linux.org	是
Ubuntu	Ubuntu	开发	编程开发,效率工具	操作系统	操作系统。这里提供Ubuntu的官方服务与相关信息，支持通过官网了解产品、功能、使用方式及最新动态；具体服务范围、开放地区和使用规则请以官方网站当前页面为准。官方网站：ubuntu.com。	https://ubuntu.com	是
Debian	Debian	开发	编程开发,效率工具	操作系统	操作系统。这里提供Debian的官方服务与相关信息，支持通过官网了解产品、功能、使用方式及最新动态；具体服务范围、开放地区和使用规则请以官方网站当前页面为准。官方网站：debian.org。	https://www.debian.org	是
Arch Linux	Arch Linux	开发	编程开发,效率工具	操作系统	操作系统。这里提供Arch Linux的官方服务与相关信息，支持通过官网了解产品、功能、使用方式及最新动态；具体服务范围、开放地区和使用规则请以官方网站当前页面为准。官方网站：archlinux.org。	https://archlinux.org	是
FreeBSD	FreeBSD	开发	编程开发,效率工具	操作系统	操作系统。这里提供FreeBSD的官方服务与相关信息，支持通过官网了解产品、功能、使用方式及最新动态；具体服务范围、开放地区和使用规则请以官方网站当前页面为准。官方网站：freebsd.org。	https://www.freebsd.org	是
CentOS	CentOS	开发	编程开发,效率工具	操作系统	操作系统。这里提供CentOS的官方服务与相关信息，支持通过官网了解产品、功能、使用方式及最新动态；具体服务范围、开放地区和使用规则请以官方网站当前页面为准。官方网站：centos.org。	https://www.centos.org	是
Rocky Linux	Rocky Linux	开发	编程开发,效率工具	操作系统	操作系统。这里提供Rocky Linux的官方服务与相关信息，支持通过官网了解产品、功能、使用方式及最新动态；具体服务范围、开放地区和使用规则请以官方网站当前页面为准。官方网站：rockylinux.org。	https://rockylinux.org	是
AlmaLinux	AlmaLinux	开发	编程开发,效率工具	操作系统	操作系统。这里提供AlmaLinux的官方服务与相关信息，支持通过官网了解产品、功能、使用方式及最新动态；具体服务范围、开放地区和使用规则请以官方网站当前页面为准。官方网站：almalinux.org。	https://almalinux.org	是
Apache	Apache	开发	编程开发,效率工具	开源组织	开源组织。这里提供Apache的官方服务与相关信息，支持通过官网了解产品、功能、使用方式及最新动态；具体服务范围、开放地区和使用规则请以官方网站当前页面为准。官方网站：apache.org。	https://www.apache.org	是
Nginx	Nginx	开发	编程开发,效率工具	Web服务器	Web服务器。这里提供Nginx的官方服务与相关信息，支持通过官网了解产品、功能、使用方式及最新动态；具体服务范围、开放地区和使用规则请以官方网站当前页面为准。官方网站：nginx.org。	https://nginx.org	是
Caddy	Caddy	开发	编程开发,效率工具	Web服务器	Web服务器。这里提供Caddy的官方服务与相关信息，支持通过官网了解产品、功能、使用方式及最新动态；具体服务范围、开放地区和使用规则请以官方网站当前页面为准。官方网站：caddyserver.com。	https://caddyserver.com	是
HAProxy	HAProxy	开发	编程开发,效率工具	负载均衡	负载均衡。这里提供HAProxy的官方服务与相关信息，支持通过官网了解产品、功能、使用方式及最新动态；具体服务范围、开放地区和使用规则请以官方网站当前页面为准。官方网站：haproxy.org。	https://www.haproxy.org	是
Varnish	Varnish Cache	开发	编程开发,效率工具	缓存服务器	缓存服务器。这里提供Varnish Cache的官方服务与相关信息，支持通过官网了解产品、功能、使用方式及最新动态；具体服务范围、开放地区和使用规则请以官方网站当前页面为准。官方网站：varnish-cache.org。	https://varnish-cache.org	是
Memcached	Memcached	开发	编程开发,效率工具	缓存	缓存。这里提供Memcached的官方服务与相关信息，支持通过官网了解产品、功能、使用方式及最新动态；具体服务范围、开放地区和使用规则请以官方网站当前页面为准。官方网站：memcached.org。	https://memcached.org	是
RabbitMQ	RabbitMQ	开发	编程开发,效率工具	消息队列	消息队列。这里提供RabbitMQ的官方服务与相关信息，支持通过官网了解产品、功能、使用方式及最新动态；具体服务范围、开放地区和使用规则请以官方网站当前页面为准。官方网站：rabbitmq.com。	https://www.rabbitmq.com	是
Kafka	Apache Kafka	开发	编程开发,效率工具	消息队列	消息队列。这里提供Apache Kafka的官方服务与相关信息，支持通过官网了解产品、功能、使用方式及最新动态；具体服务范围、开放地区和使用规则请以官方网站当前页面为准。官方网站：kafka.apache.org。	https://kafka.apache.org	是
Consul	Consul	开发	编程开发,效率工具	服务发现	服务发现。这里提供Consul的官方服务与相关信息，支持通过官网了解产品、功能、使用方式及最新动态；具体服务范围、开放地区和使用规则请以官方网站当前页面为准。官方网站：consul.io。	https://www.consul.io	是
etcd	etcd	开发	编程开发,效率工具	分布式存储	分布式存储。这里提供etcd的官方服务与相关信息，支持通过官网了解产品、功能、使用方式及最新动态；具体服务范围、开放地区和使用规则请以官方网站当前页面为准。官方网站：etcd.io。	https://etcd.io	是
Zookeeper	Zookeeper	开发	编程开发,效率工具	分布式协调	分布式协调。这里提供Zookeeper的官方服务与相关信息，支持通过官网了解产品、功能、使用方式及最新动态；具体服务范围、开放地区和使用规则请以官方网站当前页面为准。官方网站：zookeeper.apache.org。	https://zookeeper.apache.org	是
Celery	Celery	开发	编程开发,效率工具	任务队列	任务队列。这里提供Celery的官方服务与相关信息，支持通过官网了解产品、功能、使用方式及最新动态；具体服务范围、开放地区和使用规则请以官方网站当前页面为准。官方网站：docs.celeryq.dev。	https://docs.celeryq.dev	是
gRPC	gRPC	开发	编程开发,效率工具	RPC框架	RPC框架。这里提供gRPC的官方服务与相关信息，支持通过官网了解产品、功能、使用方式及最新动态；具体服务范围、开放地区和使用规则请以官方网站当前页面为准。官方网站：grpc.io。	https://grpc.io	是
GraphQL	GraphQL	开发	编程开发,效率工具	API规范	API规范。这里提供GraphQL的官方服务与相关信息，支持通过官网了解产品、功能、使用方式及最新动态；具体服务范围、开放地区和使用规则请以官方网站当前页面为准。官方网站：graphql.org。	https://graphql.org	是
RESTful	REST API	开发	编程开发,效率工具	API规范	API规范。这里提供REST API的官方服务与相关信息，支持通过官网了解产品、功能、使用方式及最新动态；具体服务范围、开放地区和使用规则请以官方网站当前页面为准。官方网站：restfulapi.net。	https://restfulapi.net	是
WebSocket	WebSocket	开发	编程开发,效率工具	通信协议	通信协议。这里提供WebSocket的官方服务与相关信息，支持通过官网了解产品、功能、使用方式及最新动态；具体服务范围、开放地区和使用规则请以官方网站当前页面为准。官方网站：websocket.org。	https://websocket.org	是
OpenAPI	OpenAPI	开发	编程开发,效率工具	API规范	API规范。这里提供OpenAPI的官方服务与相关信息，支持通过官网了解产品、功能、使用方式及最新动态；具体服务范围、开放地区和使用规则请以官方网站当前页面为准。官方网站：openapis.org。	https://www.openapis.org	是
JSON	JSON	开发	编程开发,效率工具	数据格式	数据格式。这里提供JSON的官方服务与相关信息，支持通过官网了解产品、功能、使用方式及最新动态；具体服务范围、开放地区和使用规则请以官方网站当前页面为准。官方网站：json.org。	https://www.json.org	是
YAML	YAML	开发	编程开发,效率工具	配置格式	配置格式。这里提供YAML的官方服务与相关信息，支持通过官网了解产品、功能、使用方式及最新动态；具体服务范围、开放地区和使用规则请以官方网站当前页面为准。官方网站：yaml.org。	https://yaml.org	是
HTML	HTML	开发	编程开发,效率工具	Web标准	Web标准。这里提供HTML的官方服务与相关信息，支持通过官网了解产品、功能、使用方式及最新动态；具体服务范围、开放地区和使用规则请以官方网站当前页面为准。官方网站：html.spec.whatwg.org。	https://html.spec.whatwg.org	是
CSS	CSS	开发	编程开发,效率工具	Web标准	Web标准。这里提供CSS的官方服务与相关信息，支持通过官网了解产品、功能、使用方式及最新动态；具体服务范围、开放地区和使用规则请以官方网站当前页面为准。官方网站：w3.org。	https://www.w3.org/Style/CSS/	是
TypeScript	TypeScript	开发	编程开发,效率工具	编程语言	编程语言。这里提供TypeScript的官方服务与相关信息，支持通过官网了解产品、功能、使用方式及最新动态；具体服务范围、开放地区和使用规则请以官方网站当前页面为准。官方网站：typescriptlang.org。	https://www.typescriptlang.org	是
Deno	Deno	开发	编程开发,效率工具	运行时	运行时。这里提供Deno的官方服务与相关信息，支持通过官网了解产品、功能、使用方式及最新动态；具体服务范围、开放地区和使用规则请以官方网站当前页面为准。官方网站：deno.com。	https://deno.com	是
Bun	Bun	开发	编程开发,效率工具	运行时	运行时。这里提供Bun的官方服务与相关信息，支持通过官网了解产品、功能、使用方式及最新动态；具体服务范围、开放地区和使用规则请以官方网站当前页面为准。官方网站：bun.sh。	https://bun.sh	是
pnpm	pnpm	开发	编程开发,效率工具	包管理	包管理。这里提供pnpm的官方服务与相关信息，支持通过官网了解产品、功能、使用方式及最新动态；具体服务范围、开放地区和使用规则请以官方网站当前页面为准。官方网站：pnpm.io。	https://pnpm.io	是
Yarn	Yarn	开发	编程开发,效率工具	包管理	包管理。这里提供Yarn的官方服务与相关信息，支持通过官网了解产品、功能、使用方式及最新动态；具体服务范围、开放地区和使用规则请以官方网站当前页面为准。官方网站：yarnpkg.com。	https://yarnpkg.com	是
webpack	webpack	开发	编程开发,效率工具	构建工具	构建工具。这里提供webpack的官方服务与相关信息，支持通过官网了解产品、功能、使用方式及最新动态；具体服务范围、开放地区和使用规则请以官方网站当前页面为准。官方网站：webpack.js.org。	https://webpack.js.org	是
Vite	Vite	开发	编程开发,效率工具	构建工具	构建工具。这里提供Vite的官方服务与相关信息，支持通过官网了解产品、功能、使用方式及最新动态；具体服务范围、开放地区和使用规则请以官方网站当前页面为准。官方网站：vitejs.dev。	https://vitejs.dev	是
Rollup	Rollup	开发	编程开发,效率工具	构建工具	构建工具。这里提供Rollup的官方服务与相关信息，支持通过官网了解产品、功能、使用方式及最新动态；具体服务范围、开放地区和使用规则请以官方网站当前页面为准。官方网站：rollupjs.org。	https://rollupjs.org	是
Parcel	Parcel	开发	编程开发,效率工具	构建工具	构建工具。这里提供Parcel的官方服务与相关信息，支持通过官网了解产品、功能、使用方式及最新动态；具体服务范围、开放地区和使用规则请以官方网站当前页面为准。官方网站：parceljs.org。	https://parceljs.org	是
esbuild	esbuild	开发	编程开发,效率工具	构建工具	构建工具。这里提供esbuild的官方服务与相关信息，支持通过官网了解产品、功能、使用方式及最新动态；具体服务范围、开放地区和使用规则请以官方网站当前页面为准。官方网站：esbuild.github.io。	https://esbuild.github.io	是
Babel	Babel	开发	编程开发,效率工具	构建工具	构建工具。这里提供Babel的官方服务与相关信息，支持通过官网了解产品、功能、使用方式及最新动态；具体服务范围、开放地区和使用规则请以官方网站当前页面为准。官方网站：babeljs.io。	https://babeljs.io	是
Husky	Husky	开发	编程开发,效率工具	开发工具	开发工具。这里提供Husky的官方服务与相关信息，支持通过官网了解产品、功能、使用方式及最新动态；具体服务范围、开放地区和使用规则请以官方网站当前页面为准。官方网站：typicode.github.io。	https://typicode.github.io/husky	是
Playwright	Playwright	开发	编程开发,效率工具	测试工具	测试工具。这里提供Playwright的官方服务与相关信息，支持通过官网了解产品、功能、使用方式及最新动态；具体服务范围、开放地区和使用规则请以官方网站当前页面为准。官方网站：playwright.dev。	https://playwright.dev	是
Cypress	Cypress	开发	编程开发,效率工具	测试工具	测试工具。这里提供Cypress的官方服务与相关信息，支持通过官网了解产品、功能、使用方式及最新动态；具体服务范围、开放地区和使用规则请以官方网站当前页面为准。官方网站：cypress.io。	https://www.cypress.io	是
Selenium	Selenium	开发	编程开发,效率工具	测试工具	测试工具。这里提供Selenium的官方服务与相关信息，支持通过官网了解产品、功能、使用方式及最新动态；具体服务范围、开放地区和使用规则请以官方网站当前页面为准。官方网站：selenium.dev。	https://www.selenium.dev	是
Jest	Jest	开发	编程开发,效率工具	测试工具	测试工具。这里提供Jest的官方服务与相关信息，支持通过官网了解产品、功能、使用方式及最新动态；具体服务范围、开放地区和使用规则请以官方网站当前页面为准。官方网站：jestjs.io。	https://jestjs.io	是
Vitest	Vitest	开发	编程开发,效率工具	测试工具	测试工具。这里提供Vitest的官方服务与相关信息，支持通过官网了解产品、功能、使用方式及最新动态；具体服务范围、开放地区和使用规则请以官方网站当前页面为准。官方网站：vitest.dev。	https://vitest.dev	是
Solana	Solana	开发	编程开发,效率工具	区块链	区块链。这里提供Solana的官方服务与相关信息，支持通过官网了解产品、功能、使用方式及最新动态；具体服务范围、开放地区和使用规则请以官方网站当前页面为准。官方网站：solana.com。	https://solana.com	是
Cardano	Cardano	开发	编程开发,效率工具	区块链	区块链。这里提供Cardano的官方服务与相关信息，支持通过官网了解产品、功能、使用方式及最新动态；具体服务范围、开放地区和使用规则请以官方网站当前页面为准。官方网站：cardano.org。	https://cardano.org	是
Polkadot	Polkadot	开发	编程开发,效率工具	区块链	区块链。这里提供Polkadot的官方服务与相关信息，支持通过官网了解产品、功能、使用方式及最新动态；具体服务范围、开放地区和使用规则请以官方网站当前页面为准。官方网站：polkadot.network。	https://polkadot.network	是
Avalanche	Avalanche	开发	编程开发,效率工具	区块链	区块链。这里提供Avalanche的官方服务与相关信息，支持通过官网了解产品、功能、使用方式及最新动态；具体服务范围、开放地区和使用规则请以官方网站当前页面为准。官方网站：avax.network。	https://www.avax.network	是
Chainlink	Chainlink	开发	编程开发,效率工具	区块链	区块链。这里提供Chainlink的官方服务与相关信息，支持通过官网了解产品、功能、使用方式及最新动态；具体服务范围、开放地区和使用规则请以官方网站当前页面为准。官方网站：chain.link。	https://chain.link	是
Aave	Aave	开发	编程开发,效率工具	DeFi	DeFi。这里提供Aave的官方服务与相关信息，支持通过官网了解产品、功能、使用方式及最新动态；具体服务范围、开放地区和使用规则请以官方网站当前页面为准。官方网站：aave.com。	https://aave.com	是
Uniswap	Uniswap	开发	编程开发,效率工具	DeFi	DeFi。这里提供Uniswap的官方服务与相关信息，支持通过官网了解产品、功能、使用方式及最新动态；具体服务范围、开放地区和使用规则请以官方网站当前页面为准。官方网站：uniswap.org。	https://uniswap.org	是
Magic Eden	Magic Eden	开发	编程开发,效率工具	NFT平台	NFT平台。这里提供Magic Eden的官方服务与相关信息，支持通过官网了解产品、功能、使用方式及最新动态；具体服务范围、开放地区和使用规则请以官方网站当前页面为准。官方网站：magiceden.io。	https://magiceden.io	是
Ledger	Ledger	开发	编程开发,效率工具	加密钱包	加密钱包。这里提供Ledger的官方服务与相关信息，支持通过官网了解产品、功能、使用方式及最新动态；具体服务范围、开放地区和使用规则请以官方网站当前页面为准。官方网站：ledger.com。	https://www.ledger.com	是
Trezor	Trezor	开发	编程开发,效率工具	加密钱包	加密钱包。这里提供Trezor的官方服务与相关信息，支持通过官网了解产品、功能、使用方式及最新动态；具体服务范围、开放地区和使用规则请以官方网站当前页面为准。官方网站：trezor.io。	https://trezor.io	是
DeFi Llama	DeFi Llama	开发	编程开发,效率工具	DeFi数据	DeFi数据。这里提供DeFi Llama的官方服务与相关信息，支持通过官网了解产品、功能、使用方式及最新动态；具体服务范围、开放地区和使用规则请以官方网站当前页面为准。官方网站：defillama.com。	https://defillama.com	是
Glassnode	Glassnode	开发	编程开发,效率工具	链上数据	链上数据。这里提供Glassnode的官方服务与相关信息，支持通过官网了解产品、功能、使用方式及最新动态；具体服务范围、开放地区和使用规则请以官方网站当前页面为准。官方网站：glassnode.com。	https://glassnode.com	是
Messari	Messari	开发	编程开发,效率工具	加密研究	加密研究。这里提供Messari的官方服务与相关信息，支持通过官网了解产品、功能、使用方式及最新动态；具体服务范围、开放地区和使用规则请以官方网站当前页面为准。官方网站：messari.io。	https://messari.io	是
Codeforces	Codeforces	开发	编程开发,效率工具	编程竞赛	编程竞赛。这里提供Codeforces的官方服务与相关信息，支持通过官网了解产品、功能、使用方式及最新动态；具体服务范围、开放地区和使用规则请以官方网站当前页面为准。官方网站：codeforces.com。	https://codeforces.com	是
AtCoder	AtCoder	开发	编程开发,效率工具	编程竞赛	编程竞赛。这里提供AtCoder的官方服务与相关信息，支持通过官网了解产品、功能、使用方式及最新动态；具体服务范围、开放地区和使用规则请以官方网站当前页面为准。官方网站：atcoder.jp。	https://atcoder.jp	是
TopCoder	TopCoder	开发	编程开发,效率工具	编程竞赛	编程竞赛。这里提供TopCoder的官方服务与相关信息，支持通过官网了解产品、功能、使用方式及最新动态；具体服务范围、开放地区和使用规则请以官方网站当前页面为准。官方网站：topcoder.com。	https://www.topcoder.com	是
CodinGame	CodinGame	开发	编程开发,效率工具	编程游戏	编程游戏。这里提供CodinGame的官方服务与相关信息，支持通过官网了解产品、功能、使用方式及最新动态；具体服务范围、开放地区和使用规则请以官方网站当前页面为准。官方网站：codingame.com。	https://www.codingame.com	是
Project Euler	Project Euler	开发	编程开发,效率工具	编程挑战	编程挑战。这里提供Project Euler的官方服务与相关信息，支持通过官网了解产品、功能、使用方式及最新动态；具体服务范围、开放地区和使用规则请以官方网站当前页面为准。官方网站：projecteuler.net。	https://projecteuler.net	是
Advent of Code	Advent of Code	开发	编程开发,效率工具	编程挑战	编程挑战。这里提供Advent of Code的官方服务与相关信息，支持通过官网了解产品、功能、使用方式及最新动态；具体服务范围、开放地区和使用规则请以官方网站当前页面为准。官方网站：adventofcode.com。	https://adventofcode.com	是
Linux命令大全	Linux命令大全	开发	编程开发,效率工具	Linux命令	Linux命令。这里提供Linux命令大全的官方服务与相关信息，支持通过官网了解产品、功能、使用方式及最新动态；具体服务范围、开放地区和使用规则请以官方网站当前页面为准。官方网站：linuxcool.com。	https://www.linuxcool.com	否
NASA	NASA	科技	其他,科技,编程开发	美国国家航空航天局	美国国家航空航天局。这里提供NASA的官方服务与相关信息，支持通过官网了解产品、功能、使用方式及最新动态；具体服务范围、开放地区和使用规则请以官方网站当前页面为准。官方网站：nasa.gov。	https://www.nasa.gov	否
SpaceX	SpaceX	科技	其他,科技,编程开发	美国航天公司	美国航天公司。这里提供SpaceX的官方服务与相关信息，支持通过官网了解产品、功能、使用方式及最新动态；具体服务范围、开放地区和使用规则请以官方网站当前页面为准。官方网站：spacex.com。	https://www.spacex.com	否
韦伯望远镜照片	NASA's James Webb Space Telescope	科技	其他,科技,编程开发	詹姆斯·韦伯太空望远镜	詹姆斯·韦伯太空望远镜。这里提供NASA's James Webb Space Telescope的官方服务与相关信息，支持通过官网了解产品、功能、使用方式及最新动态；具体服务范围、开放地区和使用规则请以官方网站当前页面为准。官方网站：webb.nasa.gov。	https://webb.nasa.gov	否
韦伯望远镜	NASA Webb Telescope	科技	其他,科技,编程开发	詹姆斯·韦伯太空望远镜	詹姆斯·韦伯太空望远镜。这里提供NASA Webb Telescope的官方服务与相关信息，支持通过官网了解产品、功能、使用方式及最新动态；具体服务范围、开放地区和使用规则请以官方网站当前页面为准。官方网站：flickr.com。	https://www.flickr.com	否
少数派	少数派	科技	新闻资讯,科技,编程开发	数字生活媒体	数字生活媒体。这里提供少数派的官方服务与相关信息，支持通过官网了解产品、功能、使用方式及最新动态；具体服务范围、开放地区和使用规则请以官方网站当前页面为准。官方网站：sspai.com。	https://sspai.com	否
36氪	36氪	科技	新闻资讯,科技,编程开发	科技创投媒体	科技创投媒体。这里提供36氪的官方服务与相关信息，支持通过官网了解产品、功能、使用方式及最新动态；具体服务范围、开放地区和使用规则请以官方网站当前页面为准。官方网站：36kr.com。	https://36kr.com	否
人民日报	People's Daily人民日报	媒体	政务,新闻资讯,在线阅读	中国官方媒体	中国官方媒体。这里提供People's Daily人民日报的官方服务与相关信息，支持通过官网了解产品、功能、使用方式及最新动态；具体服务范围、开放地区和使用规则请以官方网站当前页面为准。官方网站：people.com.cn。	https://www.people.com.cn	否
今日头条	今日头条	媒体	新闻资讯,在线阅读	智能资讯分发平台	智能资讯分发平台。这里提供今日头条的官方服务与相关信息，支持通过官网了解产品、功能、使用方式及最新动态；具体服务范围、开放地区和使用规则请以官方网站当前页面为准。官方网站：toutiao.com。	https://www.toutiao.com	否
新华网	新华网	媒体	政务,新闻资讯,在线阅读	新华社官方网站	新华社官方网站。这里提供新华网的官方服务与相关信息，支持通过官网了解产品、功能、使用方式及最新动态；具体服务范围、开放地区和使用规则请以官方网站当前页面为准。官方网站：xinhuanet.com。	https://www.xinhuanet.com	否
澎湃新闻	澎湃新闻	媒体	新闻资讯,在线阅读	专注时政与思想的媒体	专注时政与思想的媒体。这里提供澎湃新闻的官方服务与相关信息，支持通过官网了解产品、功能、使用方式及最新动态；具体服务范围、开放地区和使用规则请以官方网站当前页面为准。官方网站：thepaper.cn。	https://www.thepaper.cn	否
知乎	Zhihu知乎	媒体	社交媒体,新闻资讯,在线阅读	中文问答社区	中文问答社区。这里提供Zhihu知乎的官方服务与相关信息，支持通过官网了解产品、功能、使用方式及最新动态；具体服务范围、开放地区和使用规则请以官方网站当前页面为准。官方网站：zhihu.com。	https://www.zhihu.com	否
虎嗅	虎嗅网	媒体	新闻资讯,在线阅读	科技商业资讯平台	科技商业资讯平台。这里提供虎嗅网的官方服务与相关信息，支持通过官网了解产品、功能、使用方式及最新动态；具体服务范围、开放地区和使用规则请以官方网站当前页面为准。官方网站：huxiu.com。	https://www.huxiu.com	否
腾讯新闻	腾讯新闻	媒体	新闻资讯,在线阅读	新闻资讯	新闻资讯。这里提供腾讯新闻的官方服务与相关信息，支持通过官网了解产品、功能、使用方式及最新动态；具体服务范围、开放地区和使用规则请以官方网站当前页面为准。官方网站：news.qq.com。	https://news.qq.com	否
网易新闻	网易新闻	媒体	新闻资讯,在线阅读	新闻资讯	新闻资讯。这里提供网易新闻的官方服务与相关信息，支持通过官网了解产品、功能、使用方式及最新动态；具体服务范围、开放地区和使用规则请以官方网站当前页面为准。官方网站：news.163.com。	https://news.163.com	否
新浪新闻	新浪新闻	媒体	新闻资讯,在线阅读	新闻资讯	新闻资讯。这里提供新浪新闻的官方服务与相关信息，支持通过官网了解产品、功能、使用方式及最新动态；具体服务范围、开放地区和使用规则请以官方网站当前页面为准。官方网站：news.sina.com.cn。	https://news.sina.com.cn	否
凤凰网	凤凰网	媒体	新闻资讯,在线阅读	新闻门户	新闻门户。这里提供凤凰网的官方服务与相关信息，支持通过官网了解产品、功能、使用方式及最新动态；具体服务范围、开放地区和使用规则请以官方网站当前页面为准。官方网站：ifeng.com。	https://www.ifeng.com	否
财新网	财新网	媒体	新闻资讯,在线阅读	财经新闻	财经新闻。这里提供财新网的官方服务与相关信息，支持通过官网了解产品、功能、使用方式及最新动态；具体服务范围、开放地区和使用规则请以官方网站当前页面为准。官方网站：caixin.com。	https://www.caixin.com	否
第一财经	第一财经	媒体	新闻资讯,在线阅读	财经资讯	财经资讯。这里提供第一财经的官方服务与相关信息，支持通过官网了解产品、功能、使用方式及最新动态；具体服务范围、开放地区和使用规则请以官方网站当前页面为准。官方网站：yicai.com。	https://www.yicai.com	否
新浪	新浪网	媒体	新闻资讯,在线阅读	综合门户	综合门户。这里提供新浪网的官方服务与相关信息，支持通过官网了解产品、功能、使用方式及最新动态；具体服务范围、开放地区和使用规则请以官方网站当前页面为准。官方网站：sina.com.cn。	https://www.sina.com.cn	否
网易	网易	媒体	新闻资讯,在线阅读	综合门户	综合门户。这里提供网易的官方服务与相关信息，支持通过官网了解产品、功能、使用方式及最新动态；具体服务范围、开放地区和使用规则请以官方网站当前页面为准。官方网站：163.com。	https://www.163.com	否
搜狐	搜狐	媒体	新闻资讯,在线阅读	综合门户	综合门户。这里提供搜狐的官方服务与相关信息，支持通过官网了解产品、功能、使用方式及最新动态；具体服务范围、开放地区和使用规则请以官方网站当前页面为准。官方网站：sohu.com。	https://www.sohu.com	否
腾讯	腾讯网	媒体	新闻资讯,在线阅读	综合门户	综合门户。这里提供腾讯网的官方服务与相关信息，支持通过官网了解产品、功能、使用方式及最新动态；具体服务范围、开放地区和使用规则请以官方网站当前页面为准。官方网站：qq.com。	https://www.qq.com	否
环球网	环球网	媒体	新闻资讯,在线阅读	新闻门户	新闻门户。这里提供环球网的官方服务与相关信息，支持通过官网了解产品、功能、使用方式及最新动态；具体服务范围、开放地区和使用规则请以官方网站当前页面为准。官方网站：huanqiu.com。	https://www.huanqiu.com	否
搜狐视频号	搜狐号	媒体	视频与直播,新闻资讯,在线阅读	自媒体	自媒体。这里提供搜狐号的官方服务与相关信息，支持通过官网了解产品、功能、使用方式及最新动态；具体服务范围、开放地区和使用规则请以官方网站当前页面为准。官方网站：mp.sohu.com。	https://mp.sohu.com	否
百家号	百家号	媒体	新闻资讯,在线阅读	自媒体	自媒体。这里提供百家号的官方服务与相关信息，支持通过官网了解产品、功能、使用方式及最新动态；具体服务范围、开放地区和使用规则请以官方网站当前页面为准。官方网站：baijiahao.baidu.com。	https://baijiahao.baidu.com	否
头条号	头条号	媒体	新闻资讯,在线阅读	自媒体	自媒体。这里提供头条号的官方服务与相关信息，支持通过官网了解产品、功能、使用方式及最新动态；具体服务范围、开放地区和使用规则请以官方网站当前页面为准。官方网站：mp.toutiao.com。	https://mp.toutiao.com	否
微信公众号	微信公众平台	媒体	新闻资讯,在线阅读	自媒体	自媒体。这里提供微信公众平台的官方服务与相关信息，支持通过官网了解产品、功能、使用方式及最新动态；具体服务范围、开放地区和使用规则请以官方网站当前页面为准。官方网站：mp.weixin.qq.com。	https://mp.weixin.qq.com	否
Google News	Google News	媒体	新闻资讯,在线阅读	新闻聚合	新闻聚合。这里提供Google News的官方服务与相关信息，支持通过官网了解产品、功能、使用方式及最新动态；具体服务范围、开放地区和使用规则请以官方网站当前页面为准。官方网站：news.google.com。	https://news.google.com	是
BBC	BBC	媒体	新闻资讯,在线阅读	国际媒体	国际媒体。这里提供BBC的官方服务与相关信息，支持通过官网了解产品、功能、使用方式及最新动态；具体服务范围、开放地区和使用规则请以官方网站当前页面为准。官方网站：bbc.com。	https://www.bbc.com	是
CNN	CNN	媒体	新闻资讯,在线阅读	国际媒体	国际媒体。这里提供CNN的官方服务与相关信息，支持通过官网了解产品、功能、使用方式及最新动态；具体服务范围、开放地区和使用规则请以官方网站当前页面为准。官方网站：cnn.com。	https://www.cnn.com	是
Reuters	Reuters	媒体	新闻资讯,在线阅读	国际媒体	国际媒体。这里提供Reuters的官方服务与相关信息，支持通过官网了解产品、功能、使用方式及最新动态；具体服务范围、开放地区和使用规则请以官方网站当前页面为准。官方网站：reuters.com。	https://www.reuters.com	是
AP News	AP News	媒体	新闻资讯,在线阅读	国际媒体	国际媒体。这里提供AP News的官方服务与相关信息，支持通过官网了解产品、功能、使用方式及最新动态；具体服务范围、开放地区和使用规则请以官方网站当前页面为准。官方网站：apnews.com。	https://apnews.com	是
Bloomberg	Bloomberg	媒体	新闻资讯,在线阅读	财经媒体	财经媒体。这里提供Bloomberg的官方服务与相关信息，支持通过官网了解产品、功能、使用方式及最新动态；具体服务范围、开放地区和使用规则请以官方网站当前页面为准。官方网站：bloomberg.com。	https://www.bloomberg.com	是
Financial Times	Financial Times	媒体	新闻资讯,在线阅读	财经媒体	财经媒体。这里提供Financial Times的官方服务与相关信息，支持通过官网了解产品、功能、使用方式及最新动态；具体服务范围、开放地区和使用规则请以官方网站当前页面为准。官方网站：ft.com。	https://www.ft.com	是
The Economist	The Economist	媒体	新闻资讯,在线阅读	财经媒体	财经媒体。这里提供The Economist的官方服务与相关信息，支持通过官网了解产品、功能、使用方式及最新动态；具体服务范围、开放地区和使用规则请以官方网站当前页面为准。官方网站：economist.com。	https://www.economist.com	是
Wall Street Journal	华尔街日报	媒体	新闻资讯,在线阅读	财经媒体	财经媒体。这里提供华尔街日报的官方服务与相关信息，支持通过官网了解产品、功能、使用方式及最新动态；具体服务范围、开放地区和使用规则请以官方网站当前页面为准。官方网站：wsj.com。	https://www.wsj.com	是
New York Times	纽约时报	媒体	新闻资讯,在线阅读	国际媒体	国际媒体。这里提供纽约时报的官方服务与相关信息，支持通过官网了解产品、功能、使用方式及最新动态；具体服务范围、开放地区和使用规则请以官方网站当前页面为准。官方网站：nytimes.com。	https://www.nytimes.com	是
The Guardian	卫报	媒体	新闻资讯,在线阅读	国际媒体	国际媒体。这里提供卫报的官方服务与相关信息，支持通过官网了解产品、功能、使用方式及最新动态；具体服务范围、开放地区和使用规则请以官方网站当前页面为准。官方网站：theguardian.com。	https://www.theguardian.com	是
The Washington Post	华盛顿邮报	媒体	新闻资讯,在线阅读	国际媒体	国际媒体。这里提供华盛顿邮报的官方服务与相关信息，支持通过官网了解产品、功能、使用方式及最新动态；具体服务范围、开放地区和使用规则请以官方网站当前页面为准。官方网站：washingtonpost.com。	https://www.washingtonpost.com	是
Forbes	福布斯	媒体	新闻资讯,在线阅读	财经媒体	财经媒体。这里提供福布斯的官方服务与相关信息，支持通过官网了解产品、功能、使用方式及最新动态；具体服务范围、开放地区和使用规则请以官方网站当前页面为准。官方网站：forbes.com。	https://www.forbes.com	是
TIME	时代周刊	媒体	新闻资讯,在线阅读	新闻杂志	新闻杂志。这里提供时代周刊的官方服务与相关信息，支持通过官网了解产品、功能、使用方式及最新动态；具体服务范围、开放地区和使用规则请以官方网站当前页面为准。官方网站：time.com。	https://time.com	是
Al Jazeera	半岛电视台	媒体	新闻资讯,在线阅读	国际媒体	国际媒体。这里提供半岛电视台的官方服务与相关信息，支持通过官网了解产品、功能、使用方式及最新动态；具体服务范围、开放地区和使用规则请以官方网站当前页面为准。官方网站：aljazeera.com。	https://www.aljazeera.com	是
NHK	NHK	媒体	新闻资讯,在线阅读	国际媒体	国际媒体。这里提供NHK的官方服务与相关信息，支持通过官网了解产品、功能、使用方式及最新动态；具体服务范围、开放地区和使用规则请以官方网站当前页面为准。官方网站：www3.nhk.or.jp。	https://www3.nhk.or.jp	是
France 24	France 24	媒体	新闻资讯,在线阅读	国际媒体	国际媒体。这里提供France 24的官方服务与相关信息，支持通过官网了解产品、功能、使用方式及最新动态；具体服务范围、开放地区和使用规则请以官方网站当前页面为准。官方网站：france24.com。	https://www.france24.com	是
Deutsche Welle	德国之声	媒体	新闻资讯,在线阅读	国际媒体	国际媒体。这里提供德国之声的官方服务与相关信息，支持通过官网了解产品、功能、使用方式及最新动态；具体服务范围、开放地区和使用规则请以官方网站当前页面为准。官方网站：dw.com。	https://www.dw.com	是
Medium	Medium	媒体	新闻资讯,在线阅读	写作平台	写作平台。这里提供Medium的官方服务与相关信息，支持通过官网了解产品、功能、使用方式及最新动态；具体服务范围、开放地区和使用规则请以官方网站当前页面为准。官方网站：medium.com。	https://medium.com	是
Substack	Substack	媒体	新闻资讯,在线阅读	写作平台	写作平台。这里提供Substack的官方服务与相关信息，支持通过官网了解产品、功能、使用方式及最新动态；具体服务范围、开放地区和使用规则请以官方网站当前页面为准。官方网站：substack.com。	https://substack.com	是
CoinDesk	CoinDesk	媒体	新闻资讯,在线阅读	加密资讯	加密资讯。这里提供CoinDesk的官方服务与相关信息，支持通过官网了解产品、功能、使用方式及最新动态；具体服务范围、开放地区和使用规则请以官方网站当前页面为准。官方网站：coindesk.com。	https://www.coindesk.com	是
CoinTelegraph	CoinTelegraph	媒体	数码硬件,新闻资讯,在线阅读	加密资讯	加密资讯。这里提供CoinTelegraph的官方服务与相关信息，支持通过官网了解产品、功能、使用方式及最新动态；具体服务范围、开放地区和使用规则请以官方网站当前页面为准。官方网站：cointelegraph.com。	https://cointelegraph.com	是
The Block	The Block	媒体	新闻资讯,在线阅读	加密资讯	加密资讯。这里提供The Block的官方服务与相关信息，支持通过官网了解产品、功能、使用方式及最新动态；具体服务范围、开放地区和使用规则请以官方网站当前页面为准。官方网站：theblock.co。	https://www.theblock.co	是
The Verge	The Verge	媒体	新闻资讯,在线阅读	科技媒体	科技媒体。这里提供The Verge的官方服务与相关信息，支持通过官网了解产品、功能、使用方式及最新动态；具体服务范围、开放地区和使用规则请以官方网站当前页面为准。官方网站：theverge.com。	https://www.theverge.com	是
TechCrunch	TechCrunch	媒体	新闻资讯,在线阅读	科技媒体	科技媒体。这里提供TechCrunch的官方服务与相关信息，支持通过官网了解产品、功能、使用方式及最新动态；具体服务范围、开放地区和使用规则请以官方网站当前页面为准。官方网站：techcrunch.com。	https://techcrunch.com	是
Wired	Wired	媒体	新闻资讯,在线阅读	科技媒体	科技媒体。这里提供Wired的官方服务与相关信息，支持通过官网了解产品、功能、使用方式及最新动态；具体服务范围、开放地区和使用规则请以官方网站当前页面为准。官方网站：wired.com。	https://www.wired.com	是
Ars Technica	Ars Technica	媒体	新闻资讯,在线阅读	科技媒体	科技媒体。这里提供Ars Technica的官方服务与相关信息，支持通过官网了解产品、功能、使用方式及最新动态；具体服务范围、开放地区和使用规则请以官方网站当前页面为准。官方网站：arstechnica.com。	https://arstechnica.com	是
Engadget	Engadget	媒体	新闻资讯,在线阅读	科技媒体	科技媒体。这里提供Engadget的官方服务与相关信息，支持通过官网了解产品、功能、使用方式及最新动态；具体服务范围、开放地区和使用规则请以官方网站当前页面为准。官方网站：engadget.com。	https://www.engadget.com	是
CNET	CNET	媒体	新闻资讯,在线阅读	科技媒体	科技媒体。这里提供CNET的官方服务与相关信息，支持通过官网了解产品、功能、使用方式及最新动态；具体服务范围、开放地区和使用规则请以官方网站当前页面为准。官方网站：cnet.com。	https://www.cnet.com	是
Gizmodo	Gizmodo	媒体	新闻资讯,在线阅读	科技媒体	科技媒体。这里提供Gizmodo的官方服务与相关信息，支持通过官网了解产品、功能、使用方式及最新动态；具体服务范围、开放地区和使用规则请以官方网站当前页面为准。官方网站：gizmodo.com。	https://gizmodo.com	是
Mashable	Mashable	媒体	新闻资讯,在线阅读	科技媒体	科技媒体。这里提供Mashable的官方服务与相关信息，支持通过官网了解产品、功能、使用方式及最新动态；具体服务范围、开放地区和使用规则请以官方网站当前页面为准。官方网站：mashable.com。	https://mashable.com	是
Business Insider	Business Insider	媒体	新闻资讯,在线阅读	财经媒体	财经媒体。这里提供Business Insider的官方服务与相关信息，支持通过官网了解产品、功能、使用方式及最新动态；具体服务范围、开放地区和使用规则请以官方网站当前页面为准。官方网站：businessinsider.com。	https://www.businessinsider.com	是
CNBC	CNBC	媒体	新闻资讯,在线阅读	财经媒体	财经媒体。这里提供CNBC的官方服务与相关信息，支持通过官网了解产品、功能、使用方式及最新动态；具体服务范围、开放地区和使用规则请以官方网站当前页面为准。官方网站：cnbc.com。	https://www.cnbc.com	是
Fox News	Fox News	媒体	新闻资讯,在线阅读	新闻媒体	新闻媒体。这里提供Fox News的官方服务与相关信息，支持通过官网了解产品、功能、使用方式及最新动态；具体服务范围、开放地区和使用规则请以官方网站当前页面为准。官方网站：foxnews.com。	https://www.foxnews.com	是
NBC News	NBC News	媒体	新闻资讯,在线阅读	新闻媒体	新闻媒体。这里提供NBC News的官方服务与相关信息，支持通过官网了解产品、功能、使用方式及最新动态；具体服务范围、开放地区和使用规则请以官方网站当前页面为准。官方网站：nbcnews.com。	https://www.nbcnews.com	是
CBS News	CBS News	媒体	新闻资讯,在线阅读	新闻媒体	新闻媒体。这里提供CBS News的官方服务与相关信息，支持通过官网了解产品、功能、使用方式及最新动态；具体服务范围、开放地区和使用规则请以官方网站当前页面为准。官方网站：cbsnews.com。	https://www.cbsnews.com	是
ABC News	ABC News	媒体	新闻资讯,在线阅读	新闻媒体	新闻媒体。这里提供ABC News的官方服务与相关信息，支持通过官网了解产品、功能、使用方式及最新动态；具体服务范围、开放地区和使用规则请以官方网站当前页面为准。官方网站：abcnews.go.com。	https://abcnews.go.com	是
USA Today	USA Today	媒体	新闻资讯,在线阅读	新闻媒体	新闻媒体。这里提供USA Today的官方服务与相关信息，支持通过官网了解产品、功能、使用方式及最新动态；具体服务范围、开放地区和使用规则请以官方网站当前页面为准。官方网站：usatoday.com。	https://www.usatoday.com	是
Politico	Politico	媒体	新闻资讯,在线阅读	政治媒体	政治媒体。这里提供Politico的官方服务与相关信息，支持通过官网了解产品、功能、使用方式及最新动态；具体服务范围、开放地区和使用规则请以官方网站当前页面为准。官方网站：politico.com。	https://www.politico.com	是
The Atlantic	The Atlantic	媒体	新闻资讯,在线阅读	文化媒体	文化媒体。这里提供The Atlantic的官方服务与相关信息，支持通过官网了解产品、功能、使用方式及最新动态；具体服务范围、开放地区和使用规则请以官方网站当前页面为准。官方网站：theatlantic.com。	https://www.theatlantic.com	是
New Yorker	New Yorker	媒体	新闻资讯,在线阅读	文化媒体	文化媒体。这里提供New Yorker的官方服务与相关信息，支持通过官网了解产品、功能、使用方式及最新动态；具体服务范围、开放地区和使用规则请以官方网站当前页面为准。官方网站：newyorker.com。	https://www.newyorker.com	是
Newsweek	Newsweek	媒体	新闻资讯,在线阅读	新闻杂志	新闻杂志。这里提供Newsweek的官方服务与相关信息，支持通过官网了解产品、功能、使用方式及最新动态；具体服务范围、开放地区和使用规则请以官方网站当前页面为准。官方网站：newsweek.com。	https://www.newsweek.com	是
The Independent	The Independent	媒体	新闻资讯,在线阅读	新闻媒体	新闻媒体。这里提供The Independent的官方服务与相关信息，支持通过官网了解产品、功能、使用方式及最新动态；具体服务范围、开放地区和使用规则请以官方网站当前页面为准。官方网站：independent.co.uk。	https://www.independent.co.uk	是
The Telegraph	The Telegraph	媒体	新闻资讯,在线阅读	新闻媒体	新闻媒体。这里提供The Telegraph的官方服务与相关信息，支持通过官网了解产品、功能、使用方式及最新动态；具体服务范围、开放地区和使用规则请以官方网站当前页面为准。官方网站：telegraph.co.uk。	https://www.telegraph.co.uk	是
The Times	The Times	媒体	新闻资讯,在线阅读	新闻媒体	新闻媒体。这里提供The Times的官方服务与相关信息，支持通过官网了解产品、功能、使用方式及最新动态；具体服务范围、开放地区和使用规则请以官方网站当前页面为准。官方网站：thetimes.co.uk。	https://www.thetimes.co.uk	是
The Sun	The Sun	媒体	新闻资讯,在线阅读	新闻媒体	新闻媒体。这里提供The Sun的官方服务与相关信息，支持通过官网了解产品、功能、使用方式及最新动态；具体服务范围、开放地区和使用规则请以官方网站当前页面为准。官方网站：thesun.co.uk。	https://www.thesun.co.uk	是
Daily Mail	Daily Mail	媒体	新闻资讯,在线阅读	新闻媒体	新闻媒体。这里提供Daily Mail的官方服务与相关信息，支持通过官网了解产品、功能、使用方式及最新动态；具体服务范围、开放地区和使用规则请以官方网站当前页面为准。官方网站：dailymail.co.uk。	https://www.dailymail.co.uk	是
Le Monde	Le Monde	媒体	新闻资讯,在线阅读	新闻媒体	新闻媒体。这里提供Le Monde的官方服务与相关信息，支持通过官网了解产品、功能、使用方式及最新动态；具体服务范围、开放地区和使用规则请以官方网站当前页面为准。官方网站：lemonde.fr。	https://www.lemonde.fr	是
Le Figaro	Le Figaro	媒体	新闻资讯,在线阅读	新闻媒体	新闻媒体。这里提供Le Figaro的官方服务与相关信息，支持通过官网了解产品、功能、使用方式及最新动态；具体服务范围、开放地区和使用规则请以官方网站当前页面为准。官方网站：lefigaro.fr。	https://www.lefigaro.fr	是
Der Spiegel	Der Spiegel	媒体	新闻资讯,在线阅读	新闻媒体	新闻媒体。这里提供Der Spiegel的官方服务与相关信息，支持通过官网了解产品、功能、使用方式及最新动态；具体服务范围、开放地区和使用规则请以官方网站当前页面为准。官方网站：spiegel.de。	https://www.spiegel.de	是
Bild	Bild	媒体	新闻资讯,在线阅读	新闻媒体	新闻媒体。这里提供Bild的官方服务与相关信息，支持通过官网了解产品、功能、使用方式及最新动态；具体服务范围、开放地区和使用规则请以官方网站当前页面为准。官方网站：bild.de。	https://www.bild.de	是
Corriere della Sera	晚邮报	媒体	新闻资讯,在线阅读	新闻媒体	新闻媒体。这里提供晚邮报的官方服务与相关信息，支持通过官网了解产品、功能、使用方式及最新动态；具体服务范围、开放地区和使用规则请以官方网站当前页面为准。官方网站：corriere.it。	https://www.corriere.it	是
El País	国家报	媒体	新闻资讯,在线阅读	新闻媒体	新闻媒体。这里提供国家报的官方服务与相关信息，支持通过官网了解产品、功能、使用方式及最新动态；具体服务范围、开放地区和使用规则请以官方网站当前页面为准。官方网站：elpais.com。	https://elpais.com	是
El Mundo	世界报	媒体	新闻资讯,在线阅读	新闻媒体	新闻媒体。这里提供世界报的官方服务与相关信息，支持通过官网了解产品、功能、使用方式及最新动态；具体服务范围、开放地区和使用规则请以官方网站当前页面为准。官方网站：elmundo.es。	https://www.elmundo.es	是
Folha de São Paulo	圣保罗页报	媒体	新闻资讯,在线阅读	新闻媒体	新闻媒体。这里提供圣保罗页报的官方服务与相关信息，支持通过官网了解产品、功能、使用方式及最新动态；具体服务范围、开放地区和使用规则请以官方网站当前页面为准。官方网站：folha.uol.com.br。	https://www.folha.uol.com.br	是
中国新闻网	中国新闻网	媒体	新闻资讯,在线阅读	新闻媒体	新闻媒体。这里提供中国新闻网的官方服务与相关信息，支持通过官网了解产品、功能、使用方式及最新动态；具体服务范围、开放地区和使用规则请以官方网站当前页面为准。官方网站：chinanews.com.cn。	https://www.chinanews.com.cn	否
光明网	光明网	媒体	新闻资讯,在线阅读	权威媒体	权威媒体。这里提供光明网的官方服务与相关信息，支持通过官网了解产品、功能、使用方式及最新动态；具体服务范围、开放地区和使用规则请以官方网站当前页面为准。官方网站：gmw.cn。	https://www.gmw.cn	否
观察者网	观察者网	媒体	新闻资讯,在线阅读	新闻媒体	新闻媒体。这里提供观察者网的官方服务与相关信息，支持通过官网了解产品、功能、使用方式及最新动态；具体服务范围、开放地区和使用规则请以官方网站当前页面为准。官方网站：guancha.cn。	https://www.guancha.cn	否
参考消息	参考消息	媒体	新闻资讯,在线阅读	新闻媒体	新闻媒体。这里提供参考消息的官方服务与相关信息，支持通过官网了解产品、功能、使用方式及最新动态；具体服务范围、开放地区和使用规则请以官方网站当前页面为准。官方网站：cankaoxiaoxi.com。	http://www.cankaoxiaoxi.com	否
界面新闻	界面新闻	媒体	新闻资讯,在线阅读	新闻媒体	新闻媒体。这里提供界面新闻的官方服务与相关信息，支持通过官网了解产品、功能、使用方式及最新动态；具体服务范围、开放地区和使用规则请以官方网站当前页面为准。官方网站：jiemian.com。	https://www.jiemian.com	否
爱范儿	爱范儿	媒体	新闻资讯,在线阅读	科技媒体	科技媒体。这里提供爱范儿的官方服务与相关信息，支持通过官网了解产品、功能、使用方式及最新动态；具体服务范围、开放地区和使用规则请以官方网站当前页面为准。官方网站：ifanr.com。	https://www.ifanr.com	否
极客公园	极客公园	媒体	新闻资讯,在线阅读	科技媒体	科技媒体。这里提供极客公园的官方服务与相关信息，支持通过官网了解产品、功能、使用方式及最新动态；具体服务范围、开放地区和使用规则请以官方网站当前页面为准。官方网站：geekpark.net。	https://www.geekpark.net	否
品玩	品玩	媒体	新闻资讯,在线阅读	科技媒体	科技媒体。这里提供品玩的官方服务与相关信息，支持通过官网了解产品、功能、使用方式及最新动态；具体服务范围、开放地区和使用规则请以官方网站当前页面为准。官方网站：pingwest.com。	https://www.pingwest.com	否
数字尾巴	数字尾巴	媒体	新闻资讯,在线阅读	科技媒体	科技媒体。这里提供数字尾巴的官方服务与相关信息，支持通过官网了解产品、功能、使用方式及最新动态；具体服务范围、开放地区和使用规则请以官方网站当前页面为准。官方网站：dgtle.com。	https://www.dgtle.com	否
网易号	网易号	媒体	新闻资讯,在线阅读	内容平台	内容平台。这里提供网易号的官方服务与相关信息，支持通过官网了解产品、功能、使用方式及最新动态；具体服务范围、开放地区和使用规则请以官方网站当前页面为准。官方网站：mp.163.com。	https://mp.163.com	否
ByteDance	字节跳动	媒体	新闻资讯,在线阅读	科技公司	科技公司。这里提供字节跳动的官方服务与相关信息，支持通过官网了解产品、功能、使用方式及最新动态；具体服务范围、开放地区和使用规则请以官方网站当前页面为准。官方网站：bytedance.com。	https://www.bytedance.com	否
BBC News	BBC News	媒体	新闻资讯,在线阅读	新闻媒体	新闻媒体。这里提供BBC News的官方服务与相关信息，支持通过官网了解产品、功能、使用方式及最新动态；具体服务范围、开放地区和使用规则请以官方网站当前页面为准。官方网站：bbc.com。	https://www.bbc.com/news	是
The Times of India	印度时报	媒体	新闻资讯,在线阅读	新闻媒体	新闻媒体。这里提供印度时报的官方服务与相关信息，支持通过官网了解产品、功能、使用方式及最新动态；具体服务范围、开放地区和使用规则请以官方网站当前页面为准。官方网站：timesofindia.indiatimes.com。	https://timesofindia.indiatimes.com	是
The Hindu	印度教徒报	媒体	新闻资讯,在线阅读	新闻媒体	新闻媒体。这里提供印度教徒报的官方服务与相关信息，支持通过官网了解产品、功能、使用方式及最新动态；具体服务范围、开放地区和使用规则请以官方网站当前页面为准。官方网站：thehindu.com。	https://www.thehindu.com	是
Japan Times	日本时报	媒体	新闻资讯,在线阅读	新闻媒体	新闻媒体。这里提供日本时报的官方服务与相关信息，支持通过官网了解产品、功能、使用方式及最新动态；具体服务范围、开放地区和使用规则请以官方网站当前页面为准。官方网站：japantimes.co.jp。	https://www.japantimes.co.jp	是
Nikkei	日经	媒体	新闻资讯,在线阅读	新闻媒体	新闻媒体。这里提供日经的官方服务与相关信息，支持通过官网了解产品、功能、使用方式及最新动态；具体服务范围、开放地区和使用规则请以官方网站当前页面为准。官方网站：nikkei.com。	https://www.nikkei.com	是
The Straits Times	海峡时报	媒体	新闻资讯,在线阅读	新闻媒体	新闻媒体。这里提供海峡时报的官方服务与相关信息，支持通过官网了解产品、功能、使用方式及最新动态；具体服务范围、开放地区和使用规则请以官方网站当前页面为准。官方网站：straitstimes.com。	https://www.straitstimes.com	是
South China Morning Post	南华早报	媒体	新闻资讯,在线阅读	新闻媒体	新闻媒体。这里提供南华早报的官方服务与相关信息，支持通过官网了解产品、功能、使用方式及最新动态；具体服务范围、开放地区和使用规则请以官方网站当前页面为准。官方网站：scmp.com。	https://www.scmp.com	是
The Australian	澳大利亚人报	媒体	新闻资讯,在线阅读	新闻媒体	新闻媒体。这里提供澳大利亚人报的官方服务与相关信息，支持通过官网了解产品、功能、使用方式及最新动态；具体服务范围、开放地区和使用规则请以官方网站当前页面为准。官方网站：theaustralian.com.au。	https://www.theaustralian.com.au	是
Sydney Morning Herald	悉尼先驱晨报	媒体	新闻资讯,在线阅读	新闻媒体	新闻媒体。这里提供悉尼先驱晨报的官方服务与相关信息，支持通过官网了解产品、功能、使用方式及最新动态；具体服务范围、开放地区和使用规则请以官方网站当前页面为准。官方网站：smh.com.au。	https://www.smh.com.au	是
Globe and Mail	环球邮报	媒体	新闻资讯,在线阅读	新闻媒体	新闻媒体。这里提供环球邮报的官方服务与相关信息，支持通过官网了解产品、功能、使用方式及最新动态；具体服务范围、开放地区和使用规则请以官方网站当前页面为准。官方网站：theglobeandmail.com。	https://www.theglobeandmail.com	是
Toronto Star	多伦多星报	媒体	新闻资讯,在线阅读	新闻媒体	新闻媒体。这里提供多伦多星报的官方服务与相关信息，支持通过官网了解产品、功能、使用方式及最新动态；具体服务范围、开放地区和使用规则请以官方网站当前页面为准。官方网站：thestar.com。	https://www.thestar.com	是
La Repubblica	共和报	媒体	新闻资讯,在线阅读	新闻媒体	新闻媒体。这里提供共和报的官方服务与相关信息，支持通过官网了解产品、功能、使用方式及最新动态；具体服务范围、开放地区和使用规则请以官方网站当前页面为准。官方网站：repubblica.it。	https://www.repubblica.it	是
Clarín	号角报	媒体	新闻资讯,在线阅读	新闻媒体	新闻媒体。这里提供号角报的官方服务与相关信息，支持通过官网了解产品、功能、使用方式及最新动态；具体服务范围、开放地区和使用规则请以官方网站当前页面为准。官方网站：clarin.com。	https://www.clarin.com	是
Haaretz	国土报	媒体	新闻资讯,在线阅读	新闻媒体	新闻媒体。这里提供国土报的官方服务与相关信息，支持通过官网了解产品、功能、使用方式及最新动态；具体服务范围、开放地区和使用规则请以官方网站当前页面为准。官方网站：haaretz.com。	https://www.haaretz.com	是
Middle East Eye	中东之眼	媒体	新闻资讯,在线阅读	新闻媒体	新闻媒体。这里提供中东之眼的官方服务与相关信息，支持通过官网了解产品、功能、使用方式及最新动态；具体服务范围、开放地区和使用规则请以官方网站当前页面为准。官方网站：middleeasteye.net。	https://www.middleeasteye.net	是
Arab News	阿拉伯新闻	媒体	新闻资讯,在线阅读	新闻媒体	新闻媒体。这里提供阿拉伯新闻的官方服务与相关信息，支持通过官网了解产品、功能、使用方式及最新动态；具体服务范围、开放地区和使用规则请以官方网站当前页面为准。官方网站：arabnews.com。	https://www.arabnews.com	是
The Hill	国会山报	媒体	新闻资讯,在线阅读	政治媒体	政治媒体。这里提供国会山报的官方服务与相关信息，支持通过官网了解产品、功能、使用方式及最新动态；具体服务范围、开放地区和使用规则请以官方网站当前页面为准。官方网站：thehill.com。	https://thehill.com	是
Axios	Axios	媒体	新闻资讯,在线阅读	新闻媒体	新闻媒体。这里提供Axios的官方服务与相关信息，支持通过官网了解产品、功能、使用方式及最新动态；具体服务范围、开放地区和使用规则请以官方网站当前页面为准。官方网站：axios.com。	https://www.axios.com	是
Vox	Vox	媒体	新闻资讯,在线阅读	新闻媒体	新闻媒体。这里提供Vox的官方服务与相关信息，支持通过官网了解产品、功能、使用方式及最新动态；具体服务范围、开放地区和使用规则请以官方网站当前页面为准。官方网站：vox.com。	https://www.vox.com	是
Quartz	Quartz	媒体	新闻资讯,在线阅读	商业媒体	商业媒体。这里提供Quartz的官方服务与相关信息，支持通过官网了解产品、功能、使用方式及最新动态；具体服务范围、开放地区和使用规则请以官方网站当前页面为准。官方网站：qz.com。	https://qz.com	是
The Information	The Information	媒体	新闻资讯,在线阅读	科技媒体	科技媒体。这里提供The Information的官方服务与相关信息，支持通过官网了解产品、功能、使用方式及最新动态；具体服务范围、开放地区和使用规则请以官方网站当前页面为准。官方网站：theinformation.com。	https://www.theinformation.com	是
Protocol	Protocol	媒体	新闻资讯,在线阅读	科技媒体	科技媒体。这里提供Protocol的官方服务与相关信息，支持通过官网了解产品、功能、使用方式及最新动态；具体服务范围、开放地区和使用规则请以官方网站当前页面为准。官方网站：protocol.com。	https://www.protocol.com	是
Rest of World	Rest of World	媒体	新闻资讯,在线阅读	科技媒体	科技媒体。这里提供Rest of World的官方服务与相关信息，支持通过官网了解产品、功能、使用方式及最新动态；具体服务范围、开放地区和使用规则请以官方网站当前页面为准。官方网站：restofworld.org。	https://restofworld.org	是
The Register	The Register	媒体	新闻资讯,在线阅读	科技媒体	科技媒体。这里提供The Register的官方服务与相关信息，支持通过官网了解产品、功能、使用方式及最新动态；具体服务范围、开放地区和使用规则请以官方网站当前页面为准。官方网站：theregister.com。	https://www.theregister.com	是
InfoQ	InfoQ	媒体	新闻资讯,在线阅读	技术媒体	技术媒体。这里提供InfoQ的官方服务与相关信息，支持通过官网了解产品、功能、使用方式及最新动态；具体服务范围、开放地区和使用规则请以官方网站当前页面为准。官方网站：infoq.com。	https://www.infoq.com	是
Slashdot	Slashdot	媒体	新闻资讯,在线阅读	科技社区	科技社区。这里提供Slashdot的官方服务与相关信息，支持通过官网了解产品、功能、使用方式及最新动态；具体服务范围、开放地区和使用规则请以官方网站当前页面为准。官方网站：slashdot.org。	https://slashdot.org	是
Lobsters	Lobsters	媒体	新闻资讯,在线阅读	科技社区	科技社区。这里提供Lobsters的官方服务与相关信息，支持通过官网了解产品、功能、使用方式及最新动态；具体服务范围、开放地区和使用规则请以官方网站当前页面为准。官方网站：lobste.rs。	https://lobste.rs	是
GMC	GMC	汽车	汽车,生活服务	美国汽车品牌	美国汽车品牌。这里提供GMC的官方服务与相关信息，支持通过官网了解产品、功能、使用方式及最新动态；具体服务范围、开放地区和使用规则请以官方网站当前页面为准。官方网站：gmc.com。	https://www.gmc.com	是
丰田	Toyota丰田	汽车	汽车,生活服务	日本汽车制造商	日本汽车制造商。这里提供Toyota丰田的官方服务与相关信息，支持通过官网了解产品、功能、使用方式及最新动态；具体服务范围、开放地区和使用规则请以官方网站当前页面为准。官方网站：toyota.com.cn。	https://www.toyota.com.cn	否
保时捷	Porsche保时捷	汽车	汽车,生活服务	德国豪华跑车品牌	德国豪华跑车品牌。这里提供Porsche保时捷的官方服务与相关信息，支持通过官网了解产品、功能、使用方式及最新动态；具体服务范围、开放地区和使用规则请以官方网站当前页面为准。官方网站：porsche.com。	https://www.porsche.com	是
劳斯莱斯	Rolls-Royce劳斯莱斯	汽车	汽车,生活服务	英国超豪华汽车品牌	英国超豪华汽车品牌。这里提供Rolls-Royce劳斯莱斯的官方服务与相关信息，支持通过官网了解产品、功能、使用方式及最新动态；具体服务范围、开放地区和使用规则请以官方网站当前页面为准。官方网站：rolls-roycemotorcars.com。	https://www.rolls-roycemotorcars.com	是
吉利	Geely吉利	汽车	汽车,生活服务	中国民营汽车制造商	中国民营汽车制造商。这里提供Geely吉利的官方服务与相关信息，支持通过官网了解产品、功能、使用方式及最新动态；具体服务范围、开放地区和使用规则请以官方网站当前页面为准。官方网站：geely.com。	https://www.geely.com	否
大众	Volkswagen大众	汽车	汽车,生活服务	德国汽车制造商	德国汽车制造商。这里提供Volkswagen大众的官方服务与相关信息，支持通过官网了解产品、功能、使用方式及最新动态；具体服务范围、开放地区和使用规则请以官方网站当前页面为准。官方网站：volkswagen.com.cn。	https://www.volkswagen.com.cn	否
奔驰	Mercedes-Benz奔驰	汽车	汽车,生活服务	德国豪华汽车品牌	德国豪华汽车品牌。这里提供Mercedes-Benz奔驰的官方服务与相关信息，支持通过官网了解产品、功能、使用方式及最新动态；具体服务范围、开放地区和使用规则请以官方网站当前页面为准。官方网站：mercedes-benz.com.cn。	https://www.mercedes-benz.com.cn	否
奥迪	Audi奥迪	汽车	汽车,生活服务	德国豪华汽车品牌	德国豪华汽车品牌。这里提供Audi奥迪的官方服务与相关信息，支持通过官网了解产品、功能、使用方式及最新动态；具体服务范围、开放地区和使用规则请以官方网站当前页面为准。官方网站：audi.com.cn。	https://www.audi.com.cn	否
宝马	BMW宝马	汽车	汽车,生活服务	德国豪华汽车品牌	德国豪华汽车品牌。这里提供BMW宝马的官方服务与相关信息，支持通过官网了解产品、功能、使用方式及最新动态；具体服务范围、开放地区和使用规则请以官方网站当前页面为准。官方网站：bmw.com.cn。	https://www.bmw.com.cn	否
宾利	Bentley宾利	汽车	汽车,生活服务	英国顶级豪华汽车品牌	英国顶级豪华汽车品牌。这里提供Bentley宾利的官方服务与相关信息，支持通过官网了解产品、功能、使用方式及最新动态；具体服务范围、开放地区和使用规则请以官方网站当前页面为准。官方网站：bentleymotors.com。	https://www.bentleymotors.com	是
小米汽车	Xiaomi Auto	汽车	数码硬件,汽车,生活服务	小米旗下汽车品牌	小米旗下汽车品牌。这里提供Xiaomi Auto的官方服务与相关信息，支持通过官网了解产品、功能、使用方式及最新动态；具体服务范围、开放地区和使用规则请以官方网站当前页面为准。官方网站：mi.com。	https://www.mi.com/auto	否
小鹏	XPeng小鹏	汽车	汽车,生活服务	中国新势力汽车品牌	中国新势力汽车品牌。这里提供XPeng小鹏的官方服务与相关信息，支持通过官网了解产品、功能、使用方式及最新动态；具体服务范围、开放地区和使用规则请以官方网站当前页面为准。官方网站：xiaopeng.com。	https://www.xiaopeng.com	否
川崎	Kawasaki川崎	汽车	汽车,生活服务	日本综合重工业品牌	日本综合重工业品牌。这里提供Kawasaki川崎的官方服务与相关信息，支持通过官网了解产品、功能、使用方式及最新动态；具体服务范围、开放地区和使用规则请以官方网站当前页面为准。官方网站：kawasaki.com。	https://www.kawasaki.com	否
布加迪	Bugatti布加迪	汽车	汽车,生活服务	法国顶级超跑品牌	法国顶级超跑品牌。这里提供Bugatti布加迪的官方服务与相关信息，支持通过官网了解产品、功能、使用方式及最新动态；具体服务范围、开放地区和使用规则请以官方网站当前页面为准。官方网站：bugatti.com。	https://www.bugatti.com	是
帕加尼	Pagani帕加尼	汽车	汽车,生活服务	意大利手工超跑品牌	意大利手工超跑品牌。这里提供Pagani帕加尼的官方服务与相关信息，支持通过官网了解产品、功能、使用方式及最新动态；具体服务范围、开放地区和使用规则请以官方网站当前页面为准。官方网站：pagani.com。	https://www.pagani.com	是
张雪机车	张雪机车	汽车	汽车,生活服务	国产摩托车品牌	国产摩托车品牌。这里提供张雪机车的官方服务与相关信息，支持通过官网了解产品、功能、使用方式及最新动态；具体服务范围、开放地区和使用规则请以官方网站当前页面为准。官方网站：zxjche.com。	https://www.zxjche.com	否
春风	CFMOTO春风	汽车	汽车,生活服务	中国摩托车品牌	中国摩托车品牌。这里提供CFMOTO春风的官方服务与相关信息，支持通过官网了解产品、功能、使用方式及最新动态；具体服务范围、开放地区和使用规则请以官方网站当前页面为准。官方网站：cfmoto.com。	https://www.cfmoto.com	否
本田	Honda本田	汽车	汽车,生活服务	日本综合制造商	日本综合制造商。这里提供Honda本田的官方服务与相关信息，支持通过官网了解产品、功能、使用方式及最新动态；具体服务范围、开放地区和使用规则请以官方网站当前页面为准。官方网站：honda.com.cn。	https://www.honda.com.cn	否
杜卡迪	Ducati杜卡迪	汽车	汽车,生活服务	意大利顶级摩托车品牌	意大利顶级摩托车品牌。这里提供Ducati杜卡迪的官方服务与相关信息，支持通过官网了解产品、功能、使用方式及最新动态；具体服务范围、开放地区和使用规则请以官方网站当前页面为准。官方网站：ducati.com。	https://www.ducati.com	否
林肯	Lincoln林肯	汽车	汽车,生活服务	美国豪华汽车品牌	美国豪华汽车品牌。这里提供Lincoln林肯的官方服务与相关信息，支持通过官网了解产品、功能、使用方式及最新动态；具体服务范围、开放地区和使用规则请以官方网站当前页面为准。官方网站：lincoln.com.cn。	https://www.lincoln.com.cn	是
比亚迪	BYD比亚迪	汽车	汽车,生活服务	中国新能源车企龙头	中国新能源车企龙头。这里提供BYD比亚迪的官方服务与相关信息，支持通过官网了解产品、功能、使用方式及最新动态；具体服务范围、开放地区和使用规则请以官方网站当前页面为准。官方网站：byd.com。	https://www.byd.com	否
沃尔沃	Volvo沃尔沃	汽车	汽车,生活服务	瑞典豪华汽车品牌	瑞典豪华汽车品牌。这里提供Volvo沃尔沃的官方服务与相关信息，支持通过官网了解产品、功能、使用方式及最新动态；具体服务范围、开放地区和使用规则请以官方网站当前页面为准。官方网站：volvocars.com.cn。	https://www.volvocars.com.cn	否
法拉利	Ferrari法拉利	汽车	汽车,生活服务	意大利传奇超跑品牌	意大利传奇超跑品牌。这里提供Ferrari法拉利的官方服务与相关信息，支持通过官网了解产品、功能、使用方式及最新动态；具体服务范围、开放地区和使用规则请以官方网站当前页面为准。官方网站：ferrari.com。	https://www.ferrari.com	是
特斯拉	Tesla特斯拉	汽车	汽车,生活服务	美国新能源汽车品牌	美国新能源汽车品牌。这里提供Tesla特斯拉的官方服务与相关信息，支持通过官网了解产品、功能、使用方式及最新动态；具体服务范围、开放地区和使用规则请以官方网站当前页面为准。官方网站：tesla.com。	https://www.tesla.com	是
理想	Li Auto理想	汽车	汽车,生活服务	中国新势力汽车品牌	中国新势力汽车品牌。这里提供Li Auto理想的官方服务与相关信息，支持通过官网了解产品、功能、使用方式及最新动态；具体服务范围、开放地区和使用规则请以官方网站当前页面为准。官方网站：lixiang.com。	https://www.lixiang.com	否
福特	Ford福特	汽车	汽车,生活服务	美国汽车制造商	美国汽车制造商。这里提供Ford福特的官方服务与相关信息，支持通过官网了解产品、功能、使用方式及最新动态；具体服务范围、开放地区和使用规则请以官方网站当前页面为准。官方网站：ford.com.cn。	https://www.ford.com.cn	是
科尼赛格	Koenigsegg科尼赛格	汽车	汽车,生活服务	瑞典顶级超级跑车品牌	瑞典顶级超级跑车品牌。这里提供Koenigsegg科尼赛格的官方服务与相关信息，支持通过官网了解产品、功能、使用方式及最新动态；具体服务范围、开放地区和使用规则请以官方网站当前页面为准。官方网站：koenigsegg.com。	https://www.koenigsegg.com	是
莲花	Lotus莲花（路特斯）	汽车	汽车,生活服务	英国跑车品牌	英国跑车品牌。这里提供Lotus莲花（路特斯）的官方服务与相关信息，支持通过官网了解产品、功能、使用方式及最新动态；具体服务范围、开放地区和使用规则请以官方网站当前页面为准。官方网站：lotus.com。	https://www.lotus.com	否
蔚来	NIO蔚来	汽车	汽车,生活服务	中国高端智能电动车品牌	中国高端智能电动车品牌。这里提供NIO蔚来的官方服务与相关信息，支持通过官网了解产品、功能、使用方式及最新动态；具体服务范围、开放地区和使用规则请以官方网站当前页面为准。官方网站：nio.com。	https://www.nio.com	否
通用	GM通用汽车	汽车	汽车,生活服务	美国汽车巨头	美国汽车巨头。这里提供GM通用汽车的官方服务与相关信息，支持通过官网了解产品、功能、使用方式及最新动态；具体服务范围、开放地区和使用规则请以官方网站当前页面为准。官方网站：gm.com。	https://www.gm.com	否
道奇	Dodge道奇	汽车	汽车,生活服务	美国经典汽车品牌	美国经典汽车品牌。这里提供Dodge道奇的官方服务与相关信息，支持通过官网了解产品、功能、使用方式及最新动态；具体服务范围、开放地区和使用规则请以官方网站当前页面为准。官方网站：dodge.com。	https://www.dodge.com	是
野马	Ford Mustang野马	汽车	汽车,生活服务	福特旗下跑车品牌	福特旗下跑车品牌。这里提供Ford Mustang野马的官方服务与相关信息，支持通过官网了解产品、功能、使用方式及最新动态；具体服务范围、开放地区和使用规则请以官方网站当前页面为准。官方网站：ford.com。	https://www.ford.com/mustang	否
雅马哈	Yamaha雅马哈	汽车	汽车,生活服务	日本综合制造商	日本综合制造商。这里提供Yamaha雅马哈的官方服务与相关信息，支持通过官网了解产品、功能、使用方式及最新动态；具体服务范围、开放地区和使用规则请以官方网站当前页面为准。官方网站：yamaha.com。	https://www.yamaha.com	否
雪佛兰	Chevrolet雪佛兰	汽车	汽车,生活服务	美国汽车品牌	美国汽车品牌。这里提供Chevrolet雪佛兰的官方服务与相关信息，支持通过官网了解产品、功能、使用方式及最新动态；具体服务范围、开放地区和使用规则请以官方网站当前页面为准。官方网站：chevrolet.com。	https://www.chevrolet.com	否
马自达	Mazda马自达	汽车	汽车,生活服务	日本汽车制造商	日本汽车制造商。这里提供Mazda马自达的官方服务与相关信息，支持通过官网了解产品、功能、使用方式及最新动态；具体服务范围、开放地区和使用规则请以官方网站当前页面为准。官方网站：mazda.com.cn。	https://www.mazda.com.cn	否
鸿蒙智行	HarmonyOS Intelligent Mobility	汽车	数码硬件,汽车,生活服务	华为智能汽车解决方案	华为智能汽车解决方案。这里提供HarmonyOS Intelligent Mobility的官方服务与相关信息，支持通过官网了解产品、功能、使用方式及最新动态；具体服务范围、开放地区和使用规则请以官方网站当前页面为准。官方网站：harmonyos.com。	https://www.harmonyos.com	否
汽车之家	汽车之家	汽车	汽车,生活服务	汽车资讯	汽车资讯。这里提供汽车之家的官方服务与相关信息，支持通过官网了解产品、功能、使用方式及最新动态；具体服务范围、开放地区和使用规则请以官方网站当前页面为准。官方网站：autohome.com.cn。	https://www.autohome.com.cn	否
易车	易车网	汽车	汽车,生活服务	汽车资讯	汽车资讯。这里提供易车网的官方服务与相关信息，支持通过官网了解产品、功能、使用方式及最新动态；具体服务范围、开放地区和使用规则请以官方网站当前页面为准。官方网站：yiche.com。	https://www.yiche.com	否
太平洋汽车	太平洋汽车	汽车	汽车,生活服务	汽车资讯	汽车资讯。这里提供太平洋汽车的官方服务与相关信息，支持通过官网了解产品、功能、使用方式及最新动态；具体服务范围、开放地区和使用规则请以官方网站当前页面为准。官方网站：pcauto.com.cn。	https://www.pcauto.com.cn	否
瓜子二手车	瓜子二手车	汽车	电商购物,汽车,生活服务	二手车交易	二手车交易。这里提供瓜子二手车的官方服务与相关信息，支持通过官网了解产品、功能、使用方式及最新动态；具体服务范围、开放地区和使用规则请以官方网站当前页面为准。官方网站：guazi.com。	https://www.guazi.com	否
人人车	人人车	汽车	汽车,生活服务	二手车交易	二手车交易。这里提供人人车的官方服务与相关信息，支持通过官网了解产品、功能、使用方式及最新动态；具体服务范围、开放地区和使用规则请以官方网站当前页面为准。官方网站：renrenche.com。	https://www.renrenche.com	否
特斯拉	特斯拉中国	汽车	汽车,生活服务	汽车品牌	汽车品牌。这里提供特斯拉中国的官方服务与相关信息，支持通过官网了解产品、功能、使用方式及最新动态；具体服务范围、开放地区和使用规则请以官方网站当前页面为准。官方网站：tesla.cn。	https://www.tesla.cn	否
长城汽车	长城汽车	汽车	汽车,生活服务	汽车品牌	汽车品牌。这里提供长城汽车的官方服务与相关信息，支持通过官网了解产品、功能、使用方式及最新动态；具体服务范围、开放地区和使用规则请以官方网站当前页面为准。官方网站：gwm.com.cn。	https://www.gwm.com.cn	否
长安汽车	长安汽车	汽车	汽车,生活服务	汽车品牌	汽车品牌。这里提供长安汽车的官方服务与相关信息，支持通过官网了解产品、功能、使用方式及最新动态；具体服务范围、开放地区和使用规则请以官方网站当前页面为准。官方网站：changan.com.cn。	https://www.changan.com.cn	否
奇瑞汽车	奇瑞汽车	汽车	汽车,生活服务	汽车品牌	汽车品牌。这里提供奇瑞汽车的官方服务与相关信息，支持通过官网了解产品、功能、使用方式及最新动态；具体服务范围、开放地区和使用规则请以官方网站当前页面为准。官方网站：chery.cn。	https://www.chery.cn	否
广汽本田	广汽本田	汽车	汽车,生活服务	汽车品牌	汽车品牌。这里提供广汽本田的官方服务与相关信息，支持通过官网了解产品、功能、使用方式及最新动态；具体服务范围、开放地区和使用规则请以官方网站当前页面为准。官方网站：ghac.cn。	https://www.ghac.cn	否
一汽大众	一汽大众	汽车	汽车,生活服务	汽车品牌	汽车品牌。这里提供一汽大众的官方服务与相关信息，支持通过官网了解产品、功能、使用方式及最新动态；具体服务范围、开放地区和使用规则请以官方网站当前页面为准。官方网站：faw-vw.com。	https://www.faw-vw.com	否
奥迪中国	奥迪中国	汽车	汽车,生活服务	汽车品牌	汽车品牌。这里提供奥迪中国的官方服务与相关信息，支持通过官网了解产品、功能、使用方式及最新动态；具体服务范围、开放地区和使用规则请以官方网站当前页面为准。官方网站：audi.cn。	https://www.audi.cn	否
保时捷	保时捷中国	汽车	汽车,生活服务	汽车品牌	汽车品牌。这里提供保时捷中国的官方服务与相关信息，支持通过官网了解产品、功能、使用方式及最新动态；具体服务范围、开放地区和使用规则请以官方网站当前页面为准。官方网站：porsche.cn。	https://www.porsche.cn	否
雅迪	雅迪电动车	汽车	生活服务,汽车	电动车品牌	电动车品牌。这里提供雅迪电动车的官方服务与相关信息，支持通过官网了解产品、功能、使用方式及最新动态；具体服务范围、开放地区和使用规则请以官方网站当前页面为准。官方网站：yadea.com.cn。	https://www.yadea.com.cn	否
爱玛	爱玛电动车	汽车	生活服务,汽车	电动车品牌	电动车品牌。这里提供爱玛电动车的官方服务与相关信息，支持通过官网了解产品、功能、使用方式及最新动态；具体服务范围、开放地区和使用规则请以官方网站当前页面为准。官方网站：aimatech.com。	https://www.aimatech.com	否
台铃	台铃电动车	汽车	生活服务,汽车	电动车品牌	电动车品牌。这里提供台铃电动车的官方服务与相关信息，支持通过官网了解产品、功能、使用方式及最新动态；具体服务范围、开放地区和使用规则请以官方网站当前页面为准。官方网站：tailg.com.cn。	https://www.tailg.com.cn	否
绿源	绿源电动车	汽车	生活服务,汽车	电动车品牌	电动车品牌。这里提供绿源电动车的官方服务与相关信息，支持通过官网了解产品、功能、使用方式及最新动态；具体服务范围、开放地区和使用规则请以官方网站当前页面为准。官方网站：luyuan.com.cn。	https://www.luyuan.com.cn	否
九号	九号电动车	汽车	生活服务,汽车	电动车品牌	电动车品牌。这里提供九号电动车的官方服务与相关信息，支持通过官网了解产品、功能、使用方式及最新动态；具体服务范围、开放地区和使用规则请以官方网站当前页面为准。官方网站：ninebot.com。	https://www.ninebot.com	否
Adobe Stock	Adobe Stock	设计	设计与创意,效率工具	Adobe官方素材资源库	Adobe官方提供的创意素材平台，与Creative Cloud应用深度集成，提供高质量图片、矢量图、视频、模板等资源	https://stock.adobe.com	是
Adobe XD	Adobe XD	设计	设计与创意,效率工具	Adobe推出的UI/UX设计工具	Adobe推出的UI/UX设计工具。这里提供Adobe XD的官方服务与相关信息，支持通过官网了解产品、功能、使用方式及最新动态；具体服务范围、开放地区和使用规则请以官方网站当前页面为准。官方网站：adobe.com。	https://www.adobe.com/products/xd.html	是
Behance	Behance	设计	设计与创意,效率工具	Adobe旗下创意作品集平台	Adobe旗下创意作品集平台。这里提供Behance的官方服务与相关信息，支持通过官网了解产品、功能、使用方式及最新动态；具体服务范围、开放地区和使用规则请以官方网站当前页面为准。官方网站：behance.net。	https://www.behance.net	否
Canva可画	Canva可画	设计	设计与创意,效率工具	在线图形设计平台	在线图形设计平台。这里提供Canva可画的官方服务与相关信息，支持通过官网了解产品、功能、使用方式及最新动态；具体服务范围、开放地区和使用规则请以官方网站当前页面为准。官方网站：canva.com。	https://www.canva.com	否
Dribbble	Dribbble	设计	设计与创意,效率工具	全球设计师社区	全球设计师社区。这里提供Dribbble的官方服务与相关信息，支持通过官网了解产品、功能、使用方式及最新动态；具体服务范围、开放地区和使用规则请以官方网站当前页面为准。官方网站：dribbble.com。	https://dribbble.com	否
Figma	Figma	设计	设计与创意,效率工具	在线UI协作设计工具	在线UI协作设计工具。这里提供Figma的官方服务与相关信息，支持通过官网了解产品、功能、使用方式及最新动态；具体服务范围、开放地区和使用规则请以官方网站当前页面为准。官方网站：figma.com。	https://www.figma.com	是
Flaticon	Flaticon	设计	设计与创意,效率工具	全球最大的矢量图标库	全球最大的矢量图标库。这里提供Flaticon的官方服务与相关信息，支持通过官网了解产品、功能、使用方式及最新动态；具体服务范围、开放地区和使用规则请以官方网站当前页面为准。官方网站：flaticon.com。	https://www.flaticon.com	是
Fotor	Fotor	设计	设计与创意,效率工具	在线图片编辑与设计工具	在线图片编辑与设计工具。这里提供Fotor的官方服务与相关信息，支持通过官网了解产品、功能、使用方式及最新动态；具体服务范围、开放地区和使用规则请以官方网站当前页面为准。官方网站：fotor.com。	https://www.fotor.com	否
Framer	Framer	设计	设计与创意,效率工具	支持代码的交互式原型设计工具	支持代码的交互式原型设计工具。这里提供Framer的官方服务与相关信息，支持通过官网了解产品、功能、使用方式及最新动态；具体服务范围、开放地区和使用规则请以官方网站当前页面为准。官方网站：framer.com。	https://www.framer.com	是
Freepik	Freepik	设计	设计与创意,效率工具	海量创意素材下载平台	海量创意素材下载平台。这里提供Freepik的官方服务与相关信息，支持通过官网了解产品、功能、使用方式及最新动态；具体服务范围、开放地区和使用规则请以官方网站当前页面为准。官方网站：freepik.com。	https://www.freepik.com	是
Iconfont	阿里巴巴矢量图标库	设计	设计与创意,效率工具	阿里巴巴矢量图标管理平台	阿里巴巴矢量图标管理平台。这里提供阿里巴巴矢量图标库的官方服务与相关信息，支持通过官网了解产品、功能、使用方式及最新动态；具体服务范围、开放地区和使用规则请以官方网站当前页面为准。官方网站：iconfont.cn。	https://www.iconfont.cn	否
Pexels	Pexels	设计	设计与创意,效率工具	免费摄影图片和视频素材库	免费摄影图片和视频素材库。这里提供Pexels的官方服务与相关信息，支持通过官网了解产品、功能、使用方式及最新动态；具体服务范围、开放地区和使用规则请以官方网站当前页面为准。官方网站：pexels.com。	https://www.pexels.com	是
Pixabay	Pixabay	设计	设计与创意,效率工具	免费创意素材共享平台	免费创意素材共享平台。这里提供Pixabay的官方服务与相关信息，支持通过官网了解产品、功能、使用方式及最新动态；具体服务范围、开放地区和使用规则请以官方网站当前页面为准。官方网站：pixabay.com。	https://pixabay.com	否
Sketch	Sketch	设计	设计与创意,新闻资讯,效率工具	Mac平台专业UI设计工具	Mac平台专业UI设计工具。这里提供Sketch的官方服务与相关信息，支持通过官网了解产品、功能、使用方式及最新动态；具体服务范围、开放地区和使用规则请以官方网站当前页面为准。官方网站：sketch.com。	https://www.sketch.com	是
Unsplash	Unsplash	设计	设计与创意,效率工具	高质量免费摄影图片库	高质量免费摄影图片库。这里提供Unsplash的官方服务与相关信息，支持通过官网了解产品、功能、使用方式及最新动态；具体服务范围、开放地区和使用规则请以官方网站当前页面为准。官方网站：unsplash.com。	https://unsplash.com	是
Webflow	Webflow	设计	设计与创意,效率工具	无代码网站设计与开发平台	面向设计师的无代码网站开发平台，通过可视化界面设计并直接生成高质量的HTML/CSS/JS代码，无需编程即可建站	https://webflow.com	是
创客贴	创客贴	设计	设计与创意,效率工具	在线平面设计工具	在线平面设计工具。这里提供创客贴的官方服务与相关信息，支持通过官网了解产品、功能、使用方式及最新动态；具体服务范围、开放地区和使用规则请以官方网站当前页面为准。官方网站：chuangkit.com。	https://www.chuangkit.com	否
图怪兽	图怪兽	设计	设计与创意,效率工具	智能在线设计平台	智能在线设计平台。这里提供图怪兽的官方服务与相关信息，支持通过官网了解产品、功能、使用方式及最新动态；具体服务范围、开放地区和使用规则请以官方网站当前页面为准。官方网站：818ps.com。	https://818ps.com	否
稿定设计	稿定设计	设计	设计与创意,效率工具	电商营销设计工具	电商营销设计工具。这里提供稿定设计的官方服务与相关信息，支持通过官网了解产品、功能、使用方式及最新动态；具体服务范围、开放地区和使用规则请以官方网站当前页面为准。官方网站：gaoding.com。	https://www.gaoding.com	否
站酷	站酷	设计	设计与创意,效率工具	中国设计师创意社区	中国设计师创意社区。这里提供站酷的官方服务与相关信息，支持通过官网了解产品、功能、使用方式及最新动态；具体服务范围、开放地区和使用规则请以官方网站当前页面为准。官方网站：zcool.com.cn。	https://www.zcool.com.cn	否
花瓣网	花瓣网	设计	设计与创意,效率工具	设计师灵感收集平台	设计师灵感收集平台。这里提供花瓣网的官方服务与相关信息，支持通过官网了解产品、功能、使用方式及最新动态；具体服务范围、开放地区和使用规则请以官方网站当前页面为准。官方网站：huaban.com。	https://huaban.com	否
视觉中国	视觉中国	设计	设计与创意,效率工具	中国领先的视觉内容平台	中国领先的视觉内容平台。这里提供视觉中国的官方服务与相关信息，支持通过官网了解产品、功能、使用方式及最新动态；具体服务范围、开放地区和使用规则请以官方网站当前页面为准。官方网站：vcg.com。	https://www.vcg.com	否
Wallhaven	Wallhaven	设计	设计与创意,效率工具	高质量壁纸分享社区	高质量壁纸分享社区。这里提供Wallhaven的官方服务与相关信息，支持通过官网了解产品、功能、使用方式及最新动态；具体服务范围、开放地区和使用规则请以官方网站当前页面为准。官方网站：wallhaven.cc。	https://wallhaven.cc	否
秀米	秀米XIUMI	设计	设计与创意,效率工具	微信图文排版工具	微信图文排版工具。这里提供秀米XIUMI的官方服务与相关信息，支持通过官网了解产品、功能、使用方式及最新动态；具体服务范围、开放地区和使用规则请以官方网站当前页面为准。官方网站：xiumi.us。	https://xiumi.us	否
Coolors	Coolors	设计	设计与创意,效率工具	配色方案生成器	配色方案生成器。这里提供Coolors的官方服务与相关信息，支持通过官网了解产品、功能、使用方式及最新动态；具体服务范围、开放地区和使用规则请以官方网站当前页面为准。官方网站：coolors.co。	https://coolors.co	是
酷家乐	酷家乐	设计	设计与创意,效率工具	在线家装设计	在线家装设计。这里提供酷家乐的官方服务与相关信息，支持通过官网了解产品、功能、使用方式及最新动态；具体服务范围、开放地区和使用规则请以官方网站当前页面为准。官方网站：kujiale.com。	https://www.kujiale.com	否
Canva可画	Canva可画	设计	设计与创意,效率工具	在线设计	在线设计。这里提供Canva可画的官方服务与相关信息，支持通过官网了解产品、功能、使用方式及最新动态；具体服务范围、开放地区和使用规则请以官方网站当前页面为准。官方网站：canva.cn。	https://www.canva.cn	是
Ae/AI	Adobe Creative Cloud	设计	设计与创意,效率工具	Adobe工具	Adobe工具。这里提供Adobe Creative Cloud的官方服务与相关信息，支持通过官网了解产品、功能、使用方式及最新动态；具体服务范围、开放地区和使用规则请以官方网站当前页面为准。官方网站：adobe.com。	https://www.adobe.com	是
剪映	剪映	设计	设计与创意,效率工具	视频剪辑	视频剪辑。这里提供剪映的官方服务与相关信息，支持通过官网了解产品、功能、使用方式及最新动态；具体服务范围、开放地区和使用规则请以官方网站当前页面为准。官方网站：capcut.cn。	https://www.capcut.cn	否
爱剪辑	爱剪辑	设计	设计与创意,效率工具	视频剪辑	视频剪辑。这里提供爱剪辑的官方服务与相关信息，支持通过官网了解产品、功能、使用方式及最新动态；具体服务范围、开放地区和使用规则请以官方网站当前页面为准。官方网站：ijianji.com。	https://www.ijianji.com	否
千图网	千图网	设计	设计与创意,效率工具	设计素材	设计素材。这里提供千图网的官方服务与相关信息，支持通过官网了解产品、功能、使用方式及最新动态；具体服务范围、开放地区和使用规则请以官方网站当前页面为准。官方网站：58pic.com。	https://www.58pic.com	否
千库网	千库网	设计	设计与创意,效率工具	设计素材	设计素材。这里提供千库网的官方服务与相关信息，支持通过官网了解产品、功能、使用方式及最新动态；具体服务范围、开放地区和使用规则请以官方网站当前页面为准。官方网站：588ku.com。	https://588ku.com	否
摄图网	摄图网	设计	设计与创意,效率工具	设计素材	设计素材。这里提供摄图网的官方服务与相关信息，支持通过官网了解产品、功能、使用方式及最新动态；具体服务范围、开放地区和使用规则请以官方网站当前页面为准。官方网站：699pic.com。	https://699pic.com	否
包图网	包图网	设计	设计与创意,效率工具	设计素材	设计素材。这里提供包图网的官方服务与相关信息，支持通过官网了解产品、功能、使用方式及最新动态；具体服务范围、开放地区和使用规则请以官方网站当前页面为准。官方网站：ibaotu.com。	https://ibaotu.com	否
Iconfinder	Iconfinder	设计	设计与创意,效率工具	图标库	图标库。这里提供Iconfinder的官方服务与相关信息，支持通过官网了解产品、功能、使用方式及最新动态；具体服务范围、开放地区和使用规则请以官方网站当前页面为准。官方网站：iconfinder.com。	https://www.iconfinder.com	是
Color Hunt	Color Hunt	设计	设计与创意,效率工具	配色工具	配色工具。这里提供Color Hunt的官方服务与相关信息，支持通过官网了解产品、功能、使用方式及最新动态；具体服务范围、开放地区和使用规则请以官方网站当前页面为准。官方网站：colorhunt.co。	https://colorhunt.co	是
Google Fonts	Google Fonts	设计	设计与创意,效率工具	字体库	字体库。这里提供Google Fonts的官方服务与相关信息，支持通过官网了解产品、功能、使用方式及最新动态；具体服务范围、开放地区和使用规则请以官方网站当前页面为准。官方网站：fonts.google.com。	https://fonts.google.com	是
字体天下	字体天下	设计	设计与创意,效率工具	字体库	字体库。这里提供字体天下的官方服务与相关信息，支持通过官网了解产品、功能、使用方式及最新动态；具体服务范围、开放地区和使用规则请以官方网站当前页面为准。官方网站：fonts.net.cn。	https://www.fonts.net.cn	否
字体管家	字体管家	设计	设计与创意,效率工具	字体库	字体库。这里提供字体管家的官方服务与相关信息，支持通过官网了解产品、功能、使用方式及最新动态；具体服务范围、开放地区和使用规则请以官方网站当前页面为准。官方网站：youziku.com。	https://www.youziku.com	否
优设网	优设网	设计	设计与创意,效率工具	设计社区	设计社区。这里提供优设网的官方服务与相关信息，支持通过官网了解产品、功能、使用方式及最新动态；具体服务范围、开放地区和使用规则请以官方网站当前页面为准。官方网站：uisdc.com。	https://www.uisdc.com	否
UI中国	UI中国	设计	设计与创意,效率工具	设计社区	设计社区。这里提供UI中国的官方服务与相关信息，支持通过官网了解产品、功能、使用方式及最新动态；具体服务范围、开放地区和使用规则请以官方网站当前页面为准。官方网站：ui.cn。	https://www.ui.cn	否
即时设计	即时设计	设计	设计与创意,效率工具	在线设计	在线设计。这里提供即时设计的官方服务与相关信息，支持通过官网了解产品、功能、使用方式及最新动态；具体服务范围、开放地区和使用规则请以官方网站当前页面为准。官方网站：js.design。	https://js.design	否
蓝湖	蓝湖	设计	设计与创意,效率工具	设计协作	设计协作。这里提供蓝湖的官方服务与相关信息，支持通过官网了解产品、功能、使用方式及最新动态；具体服务范围、开放地区和使用规则请以官方网站当前页面为准。官方网站：lanhuapp.com。	https://lanhuapp.com	否
Awwwards	Awwwards	设计	设计与创意,效率工具	设计奖	设计奖。这里提供Awwwards的官方服务与相关信息，支持通过官网了解产品、功能、使用方式及最新动态；具体服务范围、开放地区和使用规则请以官方网站当前页面为准。官方网站：awwwards.com。	https://www.awwwards.com	是
Iconscout	Iconscout	设计	设计与创意,效率工具	图标库	图标库。这里提供Iconscout的官方服务与相关信息，支持通过官网了解产品、功能、使用方式及最新动态；具体服务范围、开放地区和使用规则请以官方网站当前页面为准。官方网站：iconscout.com。	https://iconscout.com	是
Adobe Fonts	Adobe Fonts	设计	设计与创意,效率工具	字体库	字体库。这里提供Adobe Fonts的官方服务与相关信息，支持通过官网了解产品、功能、使用方式及最新动态；具体服务范围、开放地区和使用规则请以官方网站当前页面为准。官方网站：fonts.adobe.com。	https://fonts.adobe.com	是
Font Awesome	Font Awesome	设计	设计与创意,效率工具	图标库	图标库。这里提供Font Awesome的官方服务与相关信息，支持通过官网了解产品、功能、使用方式及最新动态；具体服务范围、开放地区和使用规则请以官方网站当前页面为准。官方网站：fontawesome.com。	https://fontawesome.com	是
500px	500px	设计	设计与创意,效率工具	摄影社区	摄影社区。这里提供500px的官方服务与相关信息，支持通过官网了解产品、功能、使用方式及最新动态；具体服务范围、开放地区和使用规则请以官方网站当前页面为准。官方网站：500px.com。	https://500px.com	是
Shutterstock	Shutterstock	设计	设计与创意,效率工具	图库	图库。这里提供Shutterstock的官方服务与相关信息，支持通过官网了解产品、功能、使用方式及最新动态；具体服务范围、开放地区和使用规则请以官方网站当前页面为准。官方网站：shutterstock.com。	https://www.shutterstock.com	是
Getty Images	Getty Images	设计	设计与创意,效率工具	图库	图库。这里提供Getty Images的官方服务与相关信息，支持通过官网了解产品、功能、使用方式及最新动态；具体服务范围、开放地区和使用规则请以官方网站当前页面为准。官方网站：gettyimages.com。	https://www.gettyimages.com	是
iStock	iStock	设计	设计与创意,效率工具	图库	图库。这里提供iStock的官方服务与相关信息，支持通过官网了解产品、功能、使用方式及最新动态；具体服务范围、开放地区和使用规则请以官方网站当前页面为准。官方网站：istockphoto.com。	https://www.istockphoto.com	是
Depositphotos	Depositphotos	设计	设计与创意,效率工具	图库	图库。这里提供Depositphotos的官方服务与相关信息，支持通过官网了解产品、功能、使用方式及最新动态；具体服务范围、开放地区和使用规则请以官方网站当前页面为准。官方网站：depositphotos.com。	https://depositphotos.com	是
Storyblocks	Storyblocks	设计	设计与创意,效率工具	素材库	素材库。这里提供Storyblocks的官方服务与相关信息，支持通过官网了解产品、功能、使用方式及最新动态；具体服务范围、开放地区和使用规则请以官方网站当前页面为准。官方网站：storyblocks.com。	https://www.storyblocks.com	是
Envato Elements	Envato Elements	设计	设计与创意,效率工具	素材库	素材库。这里提供Envato Elements的官方服务与相关信息，支持通过官网了解产品、功能、使用方式及最新动态；具体服务范围、开放地区和使用规则请以官方网站当前页面为准。官方网站：elements.envato.com。	https://elements.envato.com	是
GIMP	GIMP	设计	设计与创意,效率工具	图片编辑	图片编辑。这里提供GIMP的官方服务与相关信息，支持通过官网了解产品、功能、使用方式及最新动态；具体服务范围、开放地区和使用规则请以官方网站当前页面为准。官方网站：gimp.org。	https://www.gimp.org	是
Inkscape	Inkscape	设计	设计与创意,效率工具	矢量编辑	矢量编辑。这里提供Inkscape的官方服务与相关信息，支持通过官网了解产品、功能、使用方式及最新动态；具体服务范围、开放地区和使用规则请以官方网站当前页面为准。官方网站：inkscape.org。	https://inkscape.org	是
Krita	Krita	设计	设计与创意,效率工具	数字绘画	数字绘画。这里提供Krita的官方服务与相关信息，支持通过官网了解产品、功能、使用方式及最新动态；具体服务范围、开放地区和使用规则请以官方网站当前页面为准。官方网站：krita.org。	https://krita.org	是
Blender	Blender	设计	设计与创意,效率工具	3D建模	3D建模。这里提供Blender的官方服务与相关信息，支持通过官网了解产品、功能、使用方式及最新动态；具体服务范围、开放地区和使用规则请以官方网站当前页面为准。官方网站：blender.org。	https://www.blender.org	是
Pixlr	Pixlr	设计	设计与创意,效率工具	图片编辑	图片编辑。这里提供Pixlr的官方服务与相关信息，支持通过官网了解产品、功能、使用方式及最新动态；具体服务范围、开放地区和使用规则请以官方网站当前页面为准。官方网站：pixlr.com。	https://pixlr.com	是
iPiccy	iPiccy	设计	设计与创意,效率工具	图片编辑	图片编辑。这里提供iPiccy的官方服务与相关信息，支持通过官网了解产品、功能、使用方式及最新动态；具体服务范围、开放地区和使用规则请以官方网站当前页面为准。官方网站：ipiccy.com。	https://ipiccy.com	是
ArtStation	ArtStation	设计	设计与创意,效率工具	艺术社区	艺术社区。这里提供ArtStation的官方服务与相关信息，支持通过官网了解产品、功能、使用方式及最新动态；具体服务范围、开放地区和使用规则请以官方网站当前页面为准。官方网站：artstation.com。	https://www.artstation.com	是
Society6	Society6	设计	设计与创意,效率工具	设计商店	设计商店。这里提供Society6的官方服务与相关信息，支持通过官网了解产品、功能、使用方式及最新动态；具体服务范围、开放地区和使用规则请以官方网站当前页面为准。官方网站：society6.com。	https://society6.com	是
Redbubble	Redbubble	设计	设计与创意,效率工具	设计商店	设计商店。这里提供Redbubble的官方服务与相关信息，支持通过官网了解产品、功能、使用方式及最新动态；具体服务范围、开放地区和使用规则请以官方网站当前页面为准。官方网站：redbubble.com。	https://www.redbubble.com	是
Wallpaper Engine	Wallpaper Engine	设计	设计与创意,效率工具	壁纸工具	壁纸工具。这里提供Wallpaper Engine的官方服务与相关信息，支持通过官网了解产品、功能、使用方式及最新动态；具体服务范围、开放地区和使用规则请以官方网站当前页面为准。官方网站：wallpaperengine.io。	https://www.wallpaperengine.io	是
Textures.com	Textures.com	设计	设计与创意,效率工具	材质库	材质库。这里提供Textures.com的官方服务与相关信息，支持通过官网了解产品、功能、使用方式及最新动态；具体服务范围、开放地区和使用规则请以官方网站当前页面为准。官方网站：textures.com。	https://www.textures.com	是
Poly Haven	Poly Haven	设计	设计与创意,效率工具	素材库	素材库。这里提供Poly Haven的官方服务与相关信息，支持通过官网了解产品、功能、使用方式及最新动态；具体服务范围、开放地区和使用规则请以官方网站当前页面为准。官方网站：polyhaven.com。	https://polyhaven.com	是
Quixel	Quixel	设计	设计与创意,效率工具	素材库	素材库。这里提供Quixel的官方服务与相关信息，支持通过官网了解产品、功能、使用方式及最新动态；具体服务范围、开放地区和使用规则请以官方网站当前页面为准。官方网站：quixel.com。	https://quixel.com	是
Sketchfab	Sketchfab	设计	设计与创意,效率工具	3D模型库	3D模型库。这里提供Sketchfab的官方服务与相关信息，支持通过官网了解产品、功能、使用方式及最新动态；具体服务范围、开放地区和使用规则请以官方网站当前页面为准。官方网站：sketchfab.com。	https://sketchfab.com	是
Mixamo	Mixamo	设计	设计与创意,效率工具	动画工具	动画工具。这里提供Mixamo的官方服务与相关信息，支持通过官网了解产品、功能、使用方式及最新动态；具体服务范围、开放地区和使用规则请以官方网站当前页面为准。官方网站：mixamo.com。	https://www.mixamo.com	是
Figma Community	Figma Community	设计	设计与创意,效率工具	设计社区	设计社区。这里提供Figma Community的官方服务与相关信息，支持通过官网了解产品、功能、使用方式及最新动态；具体服务范围、开放地区和使用规则请以官方网站当前页面为准。官方网站：figma.com。	https://www.figma.com/community	是
Mobbin	Mobbin	设计	设计与创意,效率工具	设计灵感	设计灵感。这里提供Mobbin的官方服务与相关信息，支持通过官网了解产品、功能、使用方式及最新动态；具体服务范围、开放地区和使用规则请以官方网站当前页面为准。官方网站：mobbin.com。	https://mobbin.com	是
Lapa Ninja	Lapa Ninja	设计	设计与创意,效率工具	设计灵感	设计灵感。这里提供Lapa Ninja的官方服务与相关信息，支持通过官网了解产品、功能、使用方式及最新动态；具体服务范围、开放地区和使用规则请以官方网站当前页面为准。官方网站：lapa.ninja。	https://www.lapa.ninja	是
Land-book	Land-book	设计	设计与创意,效率工具	设计灵感	设计灵感。这里提供Land-book的官方服务与相关信息，支持通过官网了解产品、功能、使用方式及最新动态；具体服务范围、开放地区和使用规则请以官方网站当前页面为准。官方网站：land-book.com。	https://land-book.com	是
CSS Design Awards	CSS Design Awards	设计	设计与创意,效率工具	设计奖	设计奖。这里提供CSS Design Awards的官方服务与相关信息，支持通过官网了解产品、功能、使用方式及最新动态；具体服务范围、开放地区和使用规则请以官方网站当前页面为准。官方网站：cssdesignawards.com。	https://www.cssdesignawards.com	是
SiteInspire	SiteInspire	设计	设计与创意,效率工具	设计灵感	设计灵感。这里提供SiteInspire的官方服务与相关信息，支持通过官网了解产品、功能、使用方式及最新动态；具体服务范围、开放地区和使用规则请以官方网站当前页面为准。官方网站：siteinspire.com。	https://www.siteinspire.com	是
Httpster	Httpster	设计	设计与创意,效率工具	设计灵感	设计灵感。这里提供Httpster的官方服务与相关信息，支持通过官网了解产品、功能、使用方式及最新动态；具体服务范围、开放地区和使用规则请以官方网站当前页面为准。官方网站：httpster.net。	https://httpster.net	是
Muzli	Muzli	设计	设计与创意,效率工具	设计灵感	设计灵感。这里提供Muzli的官方服务与相关信息，支持通过官网了解产品、功能、使用方式及最新动态；具体服务范围、开放地区和使用规则请以官方网站当前页面为准。官方网站：muz.li。	https://muz.li	是
Designspiration	Designspiration	设计	设计与创意,效率工具	设计灵感	设计灵感。这里提供Designspiration的官方服务与相关信息，支持通过官网了解产品、功能、使用方式及最新动态；具体服务范围、开放地区和使用规则请以官方网站当前页面为准。官方网站：designspiration.com。	https://www.designspiration.com	是
Niice	Niice	设计	设计与创意,效率工具	设计搜索	设计搜索。这里提供Niice的官方服务与相关信息，支持通过官网了解产品、功能、使用方式及最新动态；具体服务范围、开放地区和使用规则请以官方网站当前页面为准。官方网站：niice.co。	https://niice.co	是
Adobe Color	Adobe Color	设计	设计与创意,效率工具	配色工具	配色工具。这里提供Adobe Color的官方服务与相关信息，支持通过官网了解产品、功能、使用方式及最新动态；具体服务范围、开放地区和使用规则请以官方网站当前页面为准。官方网站：color.adobe.com。	https://color.adobe.com	是
AudioJungle	AudioJungle	设计	设计与创意,效率工具	音效库	音效库。这里提供AudioJungle的官方服务与相关信息，支持通过官网了解产品、功能、使用方式及最新动态；具体服务范围、开放地区和使用规则请以官方网站当前页面为准。官方网站：audiojungle.net。	https://audiojungle.net	是
Epidemic Sound	Epidemic Sound	设计	设计与创意,效率工具	配乐库	配乐库。这里提供Epidemic Sound的官方服务与相关信息，支持通过官网了解产品、功能、使用方式及最新动态；具体服务范围、开放地区和使用规则请以官方网站当前页面为准。官方网站：epidemicsound.com。	https://www.epidemicsound.com	是
Artlist	Artlist	设计	设计与创意,效率工具	配乐库	配乐库。这里提供Artlist的官方服务与相关信息，支持通过官网了解产品、功能、使用方式及最新动态；具体服务范围、开放地区和使用规则请以官方网站当前页面为准。官方网站：artlist.io。	https://artlist.io	是
Freesound	Freesound	设计	设计与创意,效率工具	音效库	音效库。这里提供Freesound的官方服务与相关信息，支持通过官网了解产品、功能、使用方式及最新动态；具体服务范围、开放地区和使用规则请以官方网站当前页面为准。官方网站：freesound.org。	https://freesound.org	是
Mixkit	Mixkit	设计	设计与创意,效率工具	素材库	素材库。这里提供Mixkit的官方服务与相关信息，支持通过官网了解产品、功能、使用方式及最新动态；具体服务范围、开放地区和使用规则请以官方网站当前页面为准。官方网站：mixkit.co。	https://mixkit.co	是
Coverr	Coverr	设计	设计与创意,效率工具	视频素材	视频素材。这里提供Coverr的官方服务与相关信息，支持通过官网了解产品、功能、使用方式及最新动态；具体服务范围、开放地区和使用规则请以官方网站当前页面为准。官方网站：coverr.co。	https://coverr.co	是
Pexels Video	Pexels Video	设计	设计与创意,效率工具	视频素材	视频素材。这里提供Pexels Video的官方服务与相关信息，支持通过官网了解产品、功能、使用方式及最新动态；具体服务范围、开放地区和使用规则请以官方网站当前页面为准。官方网站：pexels.com。	https://www.pexels.com/videos	是
Videvo	Videvo	设计	设计与创意,效率工具	视频素材	视频素材。这里提供Videvo的官方服务与相关信息，支持通过官网了解产品、功能、使用方式及最新动态；具体服务范围、开放地区和使用规则请以官方网站当前页面为准。官方网站：videvo.net。	https://www.videvo.net	是
Envato	Envato	设计	设计与创意,效率工具	素材市场	素材市场。这里提供Envato的官方服务与相关信息，支持通过官网了解产品、功能、使用方式及最新动态；具体服务范围、开放地区和使用规则请以官方网站当前页面为准。官方网站：envato.com。	https://envato.com	是
ThemeForest	ThemeForest	设计	设计与创意,效率工具	模板市场	模板市场。这里提供ThemeForest的官方服务与相关信息，支持通过官网了解产品、功能、使用方式及最新动态；具体服务范围、开放地区和使用规则请以官方网站当前页面为准。官方网站：themeforest.net。	https://themeforest.net	是
CodeCanyon	CodeCanyon	设计	设计与创意,效率工具	代码市场	代码市场。这里提供CodeCanyon的官方服务与相关信息，支持通过官网了解产品、功能、使用方式及最新动态；具体服务范围、开放地区和使用规则请以官方网站当前页面为准。官方网站：codecanyon.net。	https://codecanyon.net	是
GraphicRiver	GraphicRiver	设计	设计与创意,效率工具	素材市场	素材市场。这里提供GraphicRiver的官方服务与相关信息，支持通过官网了解产品、功能、使用方式及最新动态；具体服务范围、开放地区和使用规则请以官方网站当前页面为准。官方网站：graphicriver.net。	https://graphicriver.net	是
Photodune	PhotoDune	设计	设计与创意,效率工具	素材市场	素材市场。这里提供PhotoDune的官方服务与相关信息，支持通过官网了解产品、功能、使用方式及最新动态；具体服务范围、开放地区和使用规则请以官方网站当前页面为准。官方网站：photodune.net。	https://photodune.net	是
3D Warehouse	3D Warehouse	设计	设计与创意,效率工具	3D模型库	3D模型库。这里提供3D Warehouse的官方服务与相关信息，支持通过官网了解产品、功能、使用方式及最新动态；具体服务范围、开放地区和使用规则请以官方网站当前页面为准。官方网站：3dwarehouse.sketchup.com。	https://3dwarehouse.sketchup.com	是
TurboSquid	TurboSquid	设计	设计与创意,效率工具	3D模型库	3D模型库。这里提供TurboSquid的官方服务与相关信息，支持通过官网了解产品、功能、使用方式及最新动态；具体服务范围、开放地区和使用规则请以官方网站当前页面为准。官方网站：turbosquid.com。	https://www.turbosquid.com	是
CGTrader	CGTrader	设计	设计与创意,效率工具	3D模型库	3D模型库。这里提供CGTrader的官方服务与相关信息，支持通过官网了解产品、功能、使用方式及最新动态；具体服务范围、开放地区和使用规则请以官方网站当前页面为准。官方网站：cgtrader.com。	https://www.cgtrader.com	是
Free3D	Free3D	设计	设计与创意,效率工具	3D模型库	3D模型库。这里提供Free3D的官方服务与相关信息，支持通过官网了解产品、功能、使用方式及最新动态；具体服务范围、开放地区和使用规则请以官方网站当前页面为准。官方网站：free3d.com。	https://free3d.com	是
SketchUp	SketchUp	设计	设计与创意,效率工具	3D软件	3D软件。这里提供SketchUp的官方服务与相关信息，支持通过官网了解产品、功能、使用方式及最新动态；具体服务范围、开放地区和使用规则请以官方网站当前页面为准。官方网站：sketchup.com。	https://www.sketchup.com	是
Cinema 4D	Cinema 4D	设计	设计与创意,效率工具	3D软件	3D软件。这里提供Cinema 4D的官方服务与相关信息，支持通过官网了解产品、功能、使用方式及最新动态；具体服务范围、开放地区和使用规则请以官方网站当前页面为准。官方网站：maxon.net。	https://www.maxon.net/cinema-4d	是
Houdini	Houdini	设计	设计与创意,效率工具	3D软件	3D软件。这里提供Houdini的官方服务与相关信息，支持通过官网了解产品、功能、使用方式及最新动态；具体服务范围、开放地区和使用规则请以官方网站当前页面为准。官方网站：sidefx.com。	https://www.sidefx.com	是
ZBrush	ZBrush	设计	设计与创意,效率工具	3D软件	3D软件。这里提供ZBrush的官方服务与相关信息，支持通过官网了解产品、功能、使用方式及最新动态；具体服务范围、开放地区和使用规则请以官方网站当前页面为准。官方网站：pixologic.com。	https://pixologic.com	是
Maya	Maya	设计	设计与创意,效率工具	3D软件	3D软件。这里提供Maya的官方服务与相关信息，支持通过官网了解产品、功能、使用方式及最新动态；具体服务范围、开放地区和使用规则请以官方网站当前页面为准。官方网站：autodesk.com。	https://www.autodesk.com/products/maya	是
3ds Max	3ds Max	设计	设计与创意,效率工具	3D软件	3D软件。这里提供3ds Max的官方服务与相关信息，支持通过官网了解产品、功能、使用方式及最新动态；具体服务范围、开放地区和使用规则请以官方网站当前页面为准。官方网站：autodesk.com。	https://www.autodesk.com/products/3ds-max	是
Substance 3D	Substance 3D	设计	设计与创意,效率工具	3D软件	3D软件。这里提供Substance 3D的官方服务与相关信息，支持通过官网了解产品、功能、使用方式及最新动态；具体服务范围、开放地区和使用规则请以官方网站当前页面为准。官方网站：adobe.com。	https://www.adobe.com/products/substance3d.html	是
Autodesk	Autodesk	设计	设计与创意,效率工具	设计软件	设计软件。这里提供Autodesk的官方服务与相关信息，支持通过官网了解产品、功能、使用方式及最新动态；具体服务范围、开放地区和使用规则请以官方网站当前页面为准。官方网站：autodesk.com。	https://www.autodesk.com	是
Adobe Express	Adobe Express	设计	设计与创意,效率工具	设计工具	设计工具。这里提供Adobe Express的官方服务与相关信息，支持通过官网了解产品、功能、使用方式及最新动态；具体服务范围、开放地区和使用规则请以官方网站当前页面为准。官方网站：adobe.com。	https://www.adobe.com/express	是
Upscale.media	Upscale.media	设计	设计与创意,效率工具	图片工具	图片工具。这里提供Upscale.media的官方服务与相关信息，支持通过官网了解产品、功能、使用方式及最新动态；具体服务范围、开放地区和使用规则请以官方网站当前页面为准。官方网站：upscale.media。	https://upscale.media	是
ProtoPie	ProtoPie	设计	设计与创意,效率工具	设计工具	设计工具。这里提供ProtoPie的官方服务与相关信息，支持通过官网了解产品、功能、使用方式及最新动态；具体服务范围、开放地区和使用规则请以官方网站当前页面为准。官方网站：protopie.io。	https://www.protopie.io	是
QQ	QQ	社交	社交媒体,在线服务	腾讯QQ即时通讯	腾讯QQ即时通讯。这里提供QQ的官方服务与相关信息，支持通过官网了解产品、功能、使用方式及最新动态；具体服务范围、开放地区和使用规则请以官方网站当前页面为准。官方网站：im.qq.com。	https://im.qq.com	否
小红书	小红书	社交	社交媒体,在线服务	生活方式分享平台	生活方式分享平台。这里提供小红书的官方服务与相关信息，支持通过官网了解产品、功能、使用方式及最新动态；具体服务范围、开放地区和使用规则请以官方网站当前页面为准。官方网站：xiaohongshu.com。	https://www.xiaohongshu.com	否
微信网页版	微信	社交	社交媒体,在线服务	微信网页版	微信网页版。这里提供微信的官方服务与相关信息，支持通过官网了解产品、功能、使用方式及最新动态；具体服务范围、开放地区和使用规则请以官方网站当前页面为准。官方网站：web.wechat.com。	https://web.wechat.com	否
微博	新浪微博	社交	社交媒体,在线服务	中国领先社交媒体	中国领先社交媒体。这里提供新浪微博的官方服务与相关信息，支持通过官网了解产品、功能、使用方式及最新动态；具体服务范围、开放地区和使用规则请以官方网站当前页面为准。官方网站：weibo.com。	https://weibo.com	否
豆瓣	豆瓣	社交	社交媒体,在线服务	中文文化社区	中文文化社区。这里提供豆瓣的官方服务与相关信息，支持通过官网了解产品、功能、使用方式及最新动态；具体服务范围、开放地区和使用规则请以官方网站当前页面为准。官方网站：douban.com。	https://www.douban.com	否
贴吧	百度贴吧	社交	社交媒体,在线服务	百度贴吧社区	百度贴吧社区。这里提供百度贴吧的官方服务与相关信息，支持通过官网了解产品、功能、使用方式及最新动态；具体服务范围、开放地区和使用规则请以官方网站当前页面为准。官方网站：tieba.baidu.com。	https://tieba.baidu.com	否
即刻	即刻	社交	社交媒体,在线服务	兴趣话题社区	兴趣话题社区。这里提供即刻的官方服务与相关信息，支持通过官网了解产品、功能、使用方式及最新动态；具体服务范围、开放地区和使用规则请以官方网站当前页面为准。官方网站：web.okjike.com。	https://web.okjike.com	否
微信	微信官网	社交	社交媒体,在线服务	腾讯即时通讯	腾讯即时通讯。这里提供微信官网的官方服务与相关信息，支持通过官网了解产品、功能、使用方式及最新动态；具体服务范围、开放地区和使用规则请以官方网站当前页面为准。官方网站：weixin.qq.com。	https://weixin.qq.com	否
天涯	天涯社区	社交	社交媒体,在线服务	老牌社区	老牌社区。这里提供天涯社区的官方服务与相关信息，支持通过官网了解产品、功能、使用方式及最新动态；具体服务范围、开放地区和使用规则请以官方网站当前页面为准。官方网站：tianya.cn。	https://www.tianya.cn	否
Facebook	Facebook	社交	社交媒体,在线服务	社交平台	社交平台。这里提供Facebook的官方服务与相关信息，支持通过官网了解产品、功能、使用方式及最新动态；具体服务范围、开放地区和使用规则请以官方网站当前页面为准。官方网站：facebook.com。	https://www.facebook.com	是
Instagram	Instagram	社交	社交媒体,在线服务	图片社交	图片社交。这里提供Instagram的官方服务与相关信息，支持通过官网了解产品、功能、使用方式及最新动态；具体服务范围、开放地区和使用规则请以官方网站当前页面为准。官方网站：instagram.com。	https://www.instagram.com	是
Twitter	Twitter(X)	社交	社交媒体,在线服务	社交平台	社交平台。这里提供Twitter(X)的官方服务与相关信息，支持通过官网了解产品、功能、使用方式及最新动态；具体服务范围、开放地区和使用规则请以官方网站当前页面为准。官方网站：x.com。	https://x.com	是
LinkedIn	LinkedIn	社交	社交媒体,在线服务	职场社交	职场社交。这里提供LinkedIn的官方服务与相关信息，支持通过官网了解产品、功能、使用方式及最新动态；具体服务范围、开放地区和使用规则请以官方网站当前页面为准。官方网站：linkedin.com。	https://www.linkedin.com	是
Reddit	Reddit	社交	社交媒体,在线服务	社区论坛	社区论坛。这里提供Reddit的官方服务与相关信息，支持通过官网了解产品、功能、使用方式及最新动态；具体服务范围、开放地区和使用规则请以官方网站当前页面为准。官方网站：reddit.com。	https://www.reddit.com	是
Quora	Quora	社交	社交媒体,在线服务	问答平台	问答平台。这里提供Quora的官方服务与相关信息，支持通过官网了解产品、功能、使用方式及最新动态；具体服务范围、开放地区和使用规则请以官方网站当前页面为准。官方网站：quora.com。	https://www.quora.com	是
Pinterest	Pinterest	社交	社交媒体,在线服务	图片社区	图片社区。这里提供Pinterest的官方服务与相关信息，支持通过官网了解产品、功能、使用方式及最新动态；具体服务范围、开放地区和使用规则请以官方网站当前页面为准。官方网站：pinterest.com。	https://www.pinterest.com	是
Tumblr	Tumblr	社交	社交媒体,在线服务	轻博客	轻博客。这里提供Tumblr的官方服务与相关信息，支持通过官网了解产品、功能、使用方式及最新动态；具体服务范围、开放地区和使用规则请以官方网站当前页面为准。官方网站：tumblr.com。	https://www.tumblr.com	是
Telegram	Telegram	社交	社交媒体,在线服务	即时通讯	即时通讯。这里提供Telegram的官方服务与相关信息，支持通过官网了解产品、功能、使用方式及最新动态；具体服务范围、开放地区和使用规则请以官方网站当前页面为准。官方网站：telegram.org。	https://telegram.org	是
WhatsApp	WhatsApp	社交	社交媒体,在线服务	即时通讯	即时通讯。这里提供WhatsApp的官方服务与相关信息，支持通过官网了解产品、功能、使用方式及最新动态；具体服务范围、开放地区和使用规则请以官方网站当前页面为准。官方网站：whatsapp.com。	https://www.whatsapp.com	是
Signal	Signal	社交	社交媒体,在线服务	即时通讯	即时通讯。这里提供Signal的官方服务与相关信息，支持通过官网了解产品、功能、使用方式及最新动态；具体服务范围、开放地区和使用规则请以官方网站当前页面为准。官方网站：signal.org。	https://signal.org	是
Snapchat	Snapchat	社交	社交媒体,在线服务	图片社交	图片社交。这里提供Snapchat的官方服务与相关信息，支持通过官网了解产品、功能、使用方式及最新动态；具体服务范围、开放地区和使用规则请以官方网站当前页面为准。官方网站：snapchat.com。	https://www.snapchat.com	是
Threads	Threads	社交	社交媒体,在线服务	文字社交	文字社交。这里提供Threads的官方服务与相关信息，支持通过官网了解产品、功能、使用方式及最新动态；具体服务范围、开放地区和使用规则请以官方网站当前页面为准。官方网站：threads.net。	https://www.threads.net	是
Bluesky	Bluesky	社交	社交媒体,在线服务	去中心社交	去中心社交。这里提供Bluesky的官方服务与相关信息，支持通过官网了解产品、功能、使用方式及最新动态；具体服务范围、开放地区和使用规则请以官方网站当前页面为准。官方网站：bsky.app。	https://bsky.app	是
Mastodon	Mastodon	社交	社交媒体,在线服务	去中心社交	去中心社交。这里提供Mastodon的官方服务与相关信息，支持通过官网了解产品、功能、使用方式及最新动态；具体服务范围、开放地区和使用规则请以官方网站当前页面为准。官方网站：mastodon.social。	https://mastodon.social	是
Pixiv	Pixiv	社交	社交媒体,在线服务	创作社区	创作社区。这里提供Pixiv的官方服务与相关信息，支持通过官网了解产品、功能、使用方式及最新动态；具体服务范围、开放地区和使用规则请以官方网站当前页面为准。官方网站：pixiv.net。	https://www.pixiv.net	是
DeviantArt	DeviantArt	社交	运动户外,社交媒体,在线服务	艺术社区	艺术社区。这里提供DeviantArt的官方服务与相关信息，支持通过官网了解产品、功能、使用方式及最新动态；具体服务范围、开放地区和使用规则请以官方网站当前页面为准。官方网站：deviantart.com。	https://www.deviantart.com	是
Patreon	Patreon	社交	社交媒体,在线服务	创作者赞助	创作者赞助。这里提供Patreon的官方服务与相关信息，支持通过官网了解产品、功能、使用方式及最新动态；具体服务范围、开放地区和使用规则请以官方网站当前页面为准。官方网站：patreon.com。	https://www.patreon.com	是
Meetup	Meetup	社交	社交媒体,在线服务	线下活动	线下活动。这里提供Meetup的官方服务与相关信息，支持通过官网了解产品、功能、使用方式及最新动态；具体服务范围、开放地区和使用规则请以官方网站当前页面为准。官方网站：meetup.com。	https://www.meetup.com	是
Nextdoor	Nextdoor	社交	社交媒体,在线服务	邻里社区	邻里社区。这里提供Nextdoor的官方服务与相关信息，支持通过官网了解产品、功能、使用方式及最新动态；具体服务范围、开放地区和使用规则请以官方网站当前页面为准。官方网站：nextdoor.com。	https://nextdoor.com	是
Twitter	Twitter	社交	社交媒体,在线服务	社交平台	社交平台。这里提供Twitter的官方服务与相关信息，支持通过官网了解产品、功能、使用方式及最新动态；具体服务范围、开放地区和使用规则请以官方网站当前页面为准。官方网站：twitter.com。	https://twitter.com	是
Telegram	Telegram	社交	社交媒体,在线服务	即时通讯	即时通讯。这里提供Telegram的官方服务与相关信息，支持通过官网了解产品、功能、使用方式及最新动态；具体服务范围、开放地区和使用规则请以官方网站当前页面为准。官方网站：web.telegram.org。	https://web.telegram.org	是
Meta	Meta	社交	社交媒体,在线服务	科技公司	科技公司。这里提供Meta的官方服务与相关信息，支持通过官网了解产品、功能、使用方式及最新动态；具体服务范围、开放地区和使用规则请以官方网站当前页面为准。官方网站：about.meta.com。	https://about.meta.com	是
Tencent	腾讯	社交	社交媒体,在线服务	科技公司	科技公司。这里提供腾讯的官方服务与相关信息，支持通过官网了解产品、功能、使用方式及最新动态；具体服务范围、开放地区和使用规则请以官方网站当前页面为准。官方网站：tencent.com。	https://www.tencent.com	否
Clubhouse	Clubhouse	社交	社交媒体,在线服务	语音社交	语音社交。这里提供Clubhouse的官方服务与相关信息，支持通过官网了解产品、功能、使用方式及最新动态；具体服务范围、开放地区和使用规则请以官方网站当前页面为准。官方网站：joinclubhouse.com。	https://www.joinclubhouse.com	是
VK	VK	社交	社交媒体,在线服务	社交平台	社交平台。这里提供VK的官方服务与相关信息，支持通过官网了解产品、功能、使用方式及最新动态；具体服务范围、开放地区和使用规则请以官方网站当前页面为准。官方网站：vk.com。	https://vk.com	是
Naver	Naver	社交	社交媒体,在线服务	门户网站	门户网站。这里提供Naver的官方服务与相关信息，支持通过官网了解产品、功能、使用方式及最新动态；具体服务范围、开放地区和使用规则请以官方网站当前页面为准。官方网站：naver.com。	https://www.naver.com	是
Daum	Daum	社交	社交媒体,在线服务	门户网站	门户网站。这里提供Daum的官方服务与相关信息，支持通过官网了解产品、功能、使用方式及最新动态；具体服务范围、开放地区和使用规则请以官方网站当前页面为准。官方网站：daum.net。	https://www.daum.net	是
Line	Line	社交	社交媒体,在线服务	即时通讯	即时通讯。这里提供Line的官方服务与相关信息，支持通过官网了解产品、功能、使用方式及最新动态；具体服务范围、开放地区和使用规则请以官方网站当前页面为准。官方网站：line.me。	https://line.me	是
KakaoTalk	KakaoTalk	社交	社交媒体,在线服务	即时通讯	即时通讯。这里提供KakaoTalk的官方服务与相关信息，支持通过官网了解产品、功能、使用方式及最新动态；具体服务范围、开放地区和使用规则请以官方网站当前页面为准。官方网站：kakaocorp.com。	https://www.kakaocorp.com	是
虎扑	虎扑	社交	社交媒体,在线服务	体育社区	体育社区。这里提供虎扑的官方服务与相关信息，支持通过官网了解产品、功能、使用方式及最新动态；具体服务范围、开放地区和使用规则请以官方网站当前页面为准。官方网站：hupu.com。	https://www.hupu.com	否
Lofter	Lofter	社交	社交媒体,在线服务	创作社区	创作社区。这里提供Lofter的官方服务与相关信息，支持通过官网了解产品、功能、使用方式及最新动态；具体服务范围、开放地区和使用规则请以官方网站当前页面为准。官方网站：lofter.com。	https://www.lofter.com	否
堆糖	堆糖	社交	社交媒体,在线服务	灵感社区	灵感社区。这里提供堆糖的官方服务与相关信息，支持通过官网了解产品、功能、使用方式及最新动态；具体服务范围、开放地区和使用规则请以官方网站当前页面为准。官方网站：duitang.com。	https://www.duitang.com	否
探探	探探	社交	社交媒体,在线服务	交友平台	交友平台。这里提供探探的官方服务与相关信息，支持通过官网了解产品、功能、使用方式及最新动态；具体服务范围、开放地区和使用规则请以官方网站当前页面为准。官方网站：tantanapp.com。	https://www.tantanapp.com	否
陌陌	陌陌	社交	社交媒体,在线服务	交友平台	交友平台。这里提供陌陌的官方服务与相关信息，支持通过官网了解产品、功能、使用方式及最新动态；具体服务范围、开放地区和使用规则请以官方网站当前页面为准。官方网站：immomo.com。	https://www.immomo.com	否
Soul	Soul	社交	社交媒体,在线服务	交友平台	交友平台。这里提供Soul的官方服务与相关信息，支持通过官网了解产品、功能、使用方式及最新动态；具体服务范围、开放地区和使用规则请以官方网站当前页面为准。官方网站：soulapp.cn。	https://www.soulapp.cn	否
Blued	Blued	社交	社交媒体,在线服务	交友平台	交友平台。这里提供Blued的官方服务与相关信息，支持通过官网了解产品、功能、使用方式及最新动态；具体服务范围、开放地区和使用规则请以官方网站当前页面为准。官方网站：blued.com。	https://www.blued.com	否
Dpreview	DPReview	摄影	其他,设计与创意,摄影	摄影媒体	摄影媒体。这里提供DPReview的官方服务与相关信息，支持通过官网了解产品、功能、使用方式及最新动态；具体服务范围、开放地区和使用规则请以官方网站当前页面为准。官方网站：dpreview.com。	https://www.dpreview.com	是
PetaPixel	PetaPixel	摄影	其他,设计与创意,摄影	摄影媒体	摄影媒体。这里提供PetaPixel的官方服务与相关信息，支持通过官网了解产品、功能、使用方式及最新动态；具体服务范围、开放地区和使用规则请以官方网站当前页面为准。官方网站：petapixel.com。	https://petapixel.com	是
Fstoppers	Fstoppers	摄影	其他,设计与创意,摄影	摄影媒体	摄影媒体。这里提供Fstoppers的官方服务与相关信息，支持通过官网了解产品、功能、使用方式及最新动态；具体服务范围、开放地区和使用规则请以官方网站当前页面为准。官方网站：fstoppers.com。	https://fstoppers.com	是
Photography Life	Photography Life	摄影	其他,设计与创意,摄影	摄影媒体	摄影媒体。这里提供Photography Life的官方服务与相关信息，支持通过官网了解产品、功能、使用方式及最新动态；具体服务范围、开放地区和使用规则请以官方网站当前页面为准。官方网站：photographylife.com。	https://photographylife.com	是
SmugMug	SmugMug	摄影	其他,设计与创意,摄影	摄影平台	摄影平台。这里提供SmugMug的官方服务与相关信息，支持通过官网了解产品、功能、使用方式及最新动态；具体服务范围、开放地区和使用规则请以官方网站当前页面为准。官方网站：smugmug.com。	https://www.smugmug.com	是
Zenfolio	Zenfolio	摄影	其他,设计与创意,摄影	摄影平台	摄影平台。这里提供Zenfolio的官方服务与相关信息，支持通过官网了解产品、功能、使用方式及最新动态；具体服务范围、开放地区和使用规则请以官方网站当前页面为准。官方网站：zenfolio.com。	https://www.zenfolio.com	是
Format	Format	摄影	其他,设计与创意,摄影	摄影平台	摄影平台。这里提供Format的官方服务与相关信息，支持通过官网了解产品、功能、使用方式及最新动态；具体服务范围、开放地区和使用规则请以官方网站当前页面为准。官方网站：format.com。	https://www.format.com	是
Lightroom	Lightroom	摄影	其他,设计与创意,摄影	摄影软件	摄影软件。这里提供Lightroom的官方服务与相关信息，支持通过官网了解产品、功能、使用方式及最新动态；具体服务范围、开放地区和使用规则请以官方网站当前页面为准。官方网站：adobe.com。	https://www.adobe.com/products/photoshop-lightroom.html	是
Capture One	Capture One	摄影	其他,设计与创意,摄影	摄影软件	摄影软件。这里提供Capture One的官方服务与相关信息，支持通过官网了解产品、功能、使用方式及最新动态；具体服务范围、开放地区和使用规则请以官方网站当前页面为准。官方网站：captureone.com。	https://www.captureone.com	是
DxO	DxO	摄影	其他,设计与创意,摄影	摄影软件	摄影软件。这里提供DxO的官方服务与相关信息，支持通过官网了解产品、功能、使用方式及最新动态；具体服务范围、开放地区和使用规则请以官方网站当前页面为准。官方网站：dxo.com。	https://www.dxo.com	是
Topaz Labs	Topaz Labs	摄影	其他,设计与创意,摄影	摄影软件	摄影软件。这里提供Topaz Labs的官方服务与相关信息，支持通过官网了解产品、功能、使用方式及最新动态；具体服务范围、开放地区和使用规则请以官方网站当前页面为准。官方网站：topazlabs.com。	https://www.topazlabs.com	是
Darktable	Darktable	摄影	其他,设计与创意,摄影	摄影软件	摄影软件。这里提供Darktable的官方服务与相关信息，支持通过官网了解产品、功能、使用方式及最新动态；具体服务范围、开放地区和使用规则请以官方网站当前页面为准。官方网站：darktable.org。	https://www.darktable.org	是
RawTherapee	RawTherapee	摄影	其他,设计与创意,摄影	摄影软件	摄影软件。这里提供RawTherapee的官方服务与相关信息，支持通过官网了解产品、功能、使用方式及最新动态；具体服务范围、开放地区和使用规则请以官方网站当前页面为准。官方网站：rawtherapee.com。	https://rawtherapee.com	是
国家电网	国家电网	生活服务	其他,生活服务,效率工具	公用事业	公用事业。这里提供国家电网的官方服务与相关信息，支持通过官网了解产品、功能、使用方式及最新动态；具体服务范围、开放地区和使用规则请以官方网站当前页面为准。官方网站：sgcc.com.cn。	http://www.sgcc.com.cn	否
中国联通	中国联通	生活服务	其他,生活服务,效率工具	运营商	运营商。这里提供中国联通的官方服务与相关信息，支持通过官网了解产品、功能、使用方式及最新动态；具体服务范围、开放地区和使用规则请以官方网站当前页面为准。官方网站：10010.com。	https://www.10010.com	否
中国移动	中国移动	生活服务	其他,生活服务,效率工具	运营商	运营商。这里提供中国移动的官方服务与相关信息，支持通过官网了解产品、功能、使用方式及最新动态；具体服务范围、开放地区和使用规则请以官方网站当前页面为准。官方网站：10086.cn。	https://www.10086.cn	否
中国电信	中国电信	生活服务	其他,生活服务,效率工具	运营商	运营商。这里提供中国电信的官方服务与相关信息，支持通过官网了解产品、功能、使用方式及最新动态；具体服务范围、开放地区和使用规则请以官方网站当前页面为准。官方网站：189.cn。	https://www.189.cn	否
12315	全国12315平台	生活服务	其他,生活服务,效率工具	消费维权	消费维权。这里提供全国12315平台的官方服务与相关信息，支持通过官网了解产品、功能、使用方式及最新动态；具体服务范围、开放地区和使用规则请以官方网站当前页面为准。官方网站：12315.cn。	https://www.12315.cn	否
中国平安	中国平安	生活服务	其他,生活服务,效率工具	保险公司	保险公司。这里提供中国平安的官方服务与相关信息，支持通过官网了解产品、功能、使用方式及最新动态；具体服务范围、开放地区和使用规则请以官方网站当前页面为准。官方网站：pingan.com。	https://www.pingan.com	否
中国人寿	中国人寿	生活服务	其他,生活服务,效率工具	保险公司	保险公司。这里提供中国人寿的官方服务与相关信息，支持通过官网了解产品、功能、使用方式及最新动态；具体服务范围、开放地区和使用规则请以官方网站当前页面为准。官方网站：e-chinalife.com。	https://www.e-chinalife.com	否
太平洋保险	太平洋保险	生活服务	其他,生活服务,效率工具	保险公司	保险公司。这里提供太平洋保险的官方服务与相关信息，支持通过官网了解产品、功能、使用方式及最新动态；具体服务范围、开放地区和使用规则请以官方网站当前页面为准。官方网站：cpic.com.cn。	https://www.cpic.com.cn	否
WebMD	WebMD	生活服务	其他,生活服务,效率工具	健康资讯	健康资讯。这里提供WebMD的官方服务与相关信息，支持通过官网了解产品、功能、使用方式及最新动态；具体服务范围、开放地区和使用规则请以官方网站当前页面为准。官方网站：webmd.com。	https://www.webmd.com	是
Mayo Clinic	Mayo Clinic	生活服务	其他,生活服务,效率工具	医疗官网	医疗官网。这里提供Mayo Clinic的官方服务与相关信息，支持通过官网了解产品、功能、使用方式及最新动态；具体服务范围、开放地区和使用规则请以官方网站当前页面为准。官方网站：mayoclinic.org。	https://www.mayoclinic.org	是
Healthline	Healthline	生活服务	其他,生活服务,效率工具	健康资讯	健康资讯。这里提供Healthline的官方服务与相关信息，支持通过官网了解产品、功能、使用方式及最新动态；具体服务范围、开放地区和使用规则请以官方网站当前页面为准。官方网站：healthline.com。	https://www.healthline.com	是
MedlinePlus	MedlinePlus	生活服务	其他,生活服务,效率工具	医学百科	医学百科。这里提供MedlinePlus的官方服务与相关信息，支持通过官网了解产品、功能、使用方式及最新动态；具体服务范围、开放地区和使用规则请以官方网站当前页面为准。官方网站：medlineplus.gov。	https://medlineplus.gov	是
WHO	世界卫生组织	生活服务	其他,生活服务,效率工具	国际组织	国际组织。这里提供世界卫生组织的官方服务与相关信息，支持通过官网了解产品、功能、使用方式及最新动态；具体服务范围、开放地区和使用规则请以官方网站当前页面为准。官方网站：who.int。	https://www.who.int	是
CDC	美国疾控中心	生活服务	其他,生活服务,效率工具	卫生机构	卫生机构。这里提供美国疾控中心的官方服务与相关信息，支持通过官网了解产品、功能、使用方式及最新动态；具体服务范围、开放地区和使用规则请以官方网站当前页面为准。官方网站：cdc.gov。	https://www.cdc.gov	是
丁香园	丁香园	生活服务	其他,生活服务,效率工具	医学社区	医学社区。这里提供丁香园的官方服务与相关信息，支持通过官网了解产品、功能、使用方式及最新动态；具体服务范围、开放地区和使用规则请以官方网站当前页面为准。官方网站：dxy.cn。	https://www.dxy.cn	是
薄荷健康	薄荷健康	生活服务	其他,生活服务,效率工具	健康应用	健康应用。这里提供薄荷健康的官方服务与相关信息，支持通过官网了解产品、功能、使用方式及最新动态；具体服务范围、开放地区和使用规则请以官方网站当前页面为准。官方网站：boohee.com。	https://www.boohee.com	是
Keep	Keep	生活服务	其他,生活服务,效率工具	健身应用	健身应用。这里提供Keep的官方服务与相关信息，支持通过官网了解产品、功能、使用方式及最新动态；具体服务范围、开放地区和使用规则请以官方网站当前页面为准。官方网站：gotokeep.com。	https://www.gotokeep.com	是
Strava	Strava	生活服务	其他,生活服务,效率工具	运动社交	运动社交。这里提供Strava的官方服务与相关信息，支持通过官网了解产品、功能、使用方式及最新动态；具体服务范围、开放地区和使用规则请以官方网站当前页面为准。官方网站：strava.com。	https://www.strava.com	是
MyFitnessPal	MyFitnessPal	生活服务	其他,生活服务,效率工具	健康应用	健康应用。这里提供MyFitnessPal的官方服务与相关信息，支持通过官网了解产品、功能、使用方式及最新动态；具体服务范围、开放地区和使用规则请以官方网站当前页面为准。官方网站：myfitnesspal.com。	https://www.myfitnesspal.com	是
Calm	Calm	生活服务	其他,生活服务,效率工具	冥想应用	冥想应用。这里提供Calm的官方服务与相关信息，支持通过官网了解产品、功能、使用方式及最新动态；具体服务范围、开放地区和使用规则请以官方网站当前页面为准。官方网站：calm.com。	https://www.calm.com	是
Headspace	Headspace	生活服务	其他,生活服务,效率工具	冥想应用	冥想应用。这里提供Headspace的官方服务与相关信息，支持通过官网了解产品、功能、使用方式及最新动态；具体服务范围、开放地区和使用规则请以官方网站当前页面为准。官方网站：headspace.com。	https://www.headspace.com	是
Zillow	Zillow	生活服务	其他,生活服务,效率工具	房产平台	房产平台。这里提供Zillow的官方服务与相关信息，支持通过官网了解产品、功能、使用方式及最新动态；具体服务范围、开放地区和使用规则请以官方网站当前页面为准。官方网站：zillow.com。	https://www.zillow.com	是
Redfin	Redfin	生活服务	其他,生活服务,效率工具	房产平台	房产平台。这里提供Redfin的官方服务与相关信息，支持通过官网了解产品、功能、使用方式及最新动态；具体服务范围、开放地区和使用规则请以官方网站当前页面为准。官方网站：redfin.com。	https://www.redfin.com	是
Indeed	Indeed	生活服务	其他,生活服务,效率工具	招聘平台	招聘平台。这里提供Indeed的官方服务与相关信息，支持通过官网了解产品、功能、使用方式及最新动态；具体服务范围、开放地区和使用规则请以官方网站当前页面为准。官方网站：indeed.com。	https://www.indeed.com	是
Glassdoor	Glassdoor	生活服务	其他,生活服务,效率工具	招聘平台	招聘平台。这里提供Glassdoor的官方服务与相关信息，支持通过官网了解产品、功能、使用方式及最新动态；具体服务范围、开放地区和使用规则请以官方网站当前页面为准。官方网站：glassdoor.com。	https://www.glassdoor.com	是
Upwork	Upwork	生活服务	其他,生活服务,效率工具	自由职业平台	自由职业平台。这里提供Upwork的官方服务与相关信息，支持通过官网了解产品、功能、使用方式及最新动态；具体服务范围、开放地区和使用规则请以官方网站当前页面为准。官方网站：upwork.com。	https://www.upwork.com	是
Fiverr	Fiverr	生活服务	其他,生活服务,效率工具	自由职业平台	自由职业平台。这里提供Fiverr的官方服务与相关信息，支持通过官网了解产品、功能、使用方式及最新动态；具体服务范围、开放地区和使用规则请以官方网站当前页面为准。官方网站：fiverr.com。	https://www.fiverr.com	是
MLB	MLB（品牌）	时尚	电商购物,生活服务	美国职棒潮流品牌	美国职棒潮流品牌。这里提供MLB（品牌）的官方服务与相关信息，支持通过官网了解产品、功能、使用方式及最新动态；具体服务范围、开放地区和使用规则请以官方网站当前页面为准。官方网站：mlb.com。	https://www.mlb.com	否
优衣库	优衣库中国	时尚	电商购物,生活服务	服装品牌	服装品牌。这里提供优衣库中国的官方服务与相关信息，支持通过官网了解产品、功能、使用方式及最新动态；具体服务范围、开放地区和使用规则请以官方网站当前页面为准。官方网站：uniqlo.com。	https://www.uniqlo.com/cn/	否
ZARA	ZARA中国	时尚	电商购物,生活服务	服装品牌	服装品牌。这里提供ZARA中国的官方服务与相关信息，支持通过官网了解产品、功能、使用方式及最新动态；具体服务范围、开放地区和使用规则请以官方网站当前页面为准。官方网站：zara.cn。	https://www.zara.cn	否
H&M	H&M中国	时尚	电商购物,生活服务	服装品牌	服装品牌。这里提供H&M中国的官方服务与相关信息，支持通过官网了解产品、功能、使用方式及最新动态；具体服务范围、开放地区和使用规则请以官方网站当前页面为准。官方网站：www2.hm.com。	https://www2.hm.com/zh_cn/	是
森马	森马	时尚	电商购物,生活服务	服装品牌	服装品牌。这里提供森马的官方服务与相关信息，支持通过官网了解产品、功能、使用方式及最新动态；具体服务范围、开放地区和使用规则请以官方网站当前页面为准。官方网站：semir.com。	https://www.semir.com	否
太平鸟	太平鸟	时尚	电商购物,生活服务	服装品牌	服装品牌。这里提供太平鸟的官方服务与相关信息，支持通过官网了解产品、功能、使用方式及最新动态；具体服务范围、开放地区和使用规则请以官方网站当前页面为准。官方网站：peacebird.com。	https://www.peacebird.com	否
ONLY	ONLY	时尚	电商购物,生活服务	服装品牌	服装品牌。这里提供ONLY的官方服务与相关信息，支持通过官网了解产品、功能、使用方式及最新动态；具体服务范围、开放地区和使用规则请以官方网站当前页面为准。官方网站：only.com.cn。	https://www.only.com.cn	否
小米有品	小米有品	时尚	数码硬件,电商购物,生活服务	生活电商	生活电商。这里提供小米有品的官方服务与相关信息，支持通过官网了解产品、功能、使用方式及最新动态；具体服务范围、开放地区和使用规则请以官方网站当前页面为准。官方网站：xiaomiyoupin.com。	https://www.xiaomiyoupin.com	否
网易严选	网易严选	时尚	电商购物,生活服务	生活电商	生活电商。这里提供网易严选的官方服务与相关信息，支持通过官网了解产品、功能、使用方式及最新动态；具体服务范围、开放地区和使用规则请以官方网站当前页面为准。官方网站：you.163.com。	https://you.163.com	否
AcFun	AcFun弹幕视频网	视频	视频与直播,娱乐	弹幕视频网站	弹幕视频网站。这里提供AcFun弹幕视频网的官方服务与相关信息，支持通过官网了解产品、功能、使用方式及最新动态；具体服务范围、开放地区和使用规则请以官方网站当前页面为准。官方网站：acfun.cn。	https://www.acfun.cn	否
Amazon Prime Video	Amazon Prime Video	视频	视频与直播,娱乐	亚马逊流媒体视频服务	亚马逊流媒体视频服务。这里提供Amazon Prime Video的官方服务与相关信息，支持通过官网了解产品、功能、使用方式及最新动态；具体服务范围、开放地区和使用规则请以官方网站当前页面为准。官方网站：primevideo.com。	https://www.primevideo.com	是
Disney+	Disney+	视频	视频与直播,娱乐	迪士尼官方流媒体平台	迪士尼官方流媒体平台。这里提供Disney+的官方服务与相关信息，支持通过官网了解产品、功能、使用方式及最新动态；具体服务范围、开放地区和使用规则请以官方网站当前页面为准。官方网站：disneyplus.com。	https://www.disneyplus.com	是
HBO Max	HBO Max	视频	视频与直播,娱乐	华纳旗下高端流媒体平台	华纳旗下高端流媒体平台。这里提供HBO Max的官方服务与相关信息，支持通过官网了解产品、功能、使用方式及最新动态；具体服务范围、开放地区和使用规则请以官方网站当前页面为准。官方网站：hbomax.com。	https://www.hbomax.com	是
Netflix	Netflix	视频	视频与直播,娱乐	全球领先流媒体平台	全球领先流媒体平台。这里提供Netflix的官方服务与相关信息，支持通过官网了解产品、功能、使用方式及最新动态；具体服务范围、开放地区和使用规则请以官方网站当前页面为准。官方网站：netflix.com。	https://www.netflix.com	是
PPTV	PPTV聚力	视频	视频与直播,娱乐	PPTV聚力网络视频平台	PPTV聚力网络视频平台。这里提供PPTV聚力的官方服务与相关信息，支持通过官网了解产品、功能、使用方式及最新动态；具体服务范围、开放地区和使用规则请以官方网站当前页面为准。官方网站：pptv.com。	https://www.pptv.com	否
Twitch	Twitch	视频	视频与直播,娱乐	全球游戏直播平台	全球游戏直播平台。这里提供Twitch的官方服务与相关信息，支持通过官网了解产品、功能、使用方式及最新动态；具体服务范围、开放地区和使用规则请以官方网站当前页面为准。官方网站：twitch.tv。	https://www.twitch.tv	是
YouTube	YouTube	视频	视频与直播,娱乐	全球最大视频分享平台	全球最大视频分享平台。这里提供YouTube的官方服务与相关信息，支持通过官网了解产品、功能、使用方式及最新动态；具体服务范围、开放地区和使用规则请以官方网站当前页面为准。官方网站：youtube.com。	https://www.youtube.com	是
YouTube Premium	YouTube Premium	视频	视频与直播,娱乐	YouTube去广告订阅服务	YouTube推出的订阅服务，提供无广告观看、后台播放、离线下载等特权，部分区域包含YouTube Music	https://www.youtube.com/premium	是
优酷	优酷	视频	视频与直播,娱乐	优酷在线视频平台	优酷在线视频平台。这里提供优酷的官方服务与相关信息，支持通过官网了解产品、功能、使用方式及最新动态；具体服务范围、开放地区和使用规则请以官方网站当前页面为准。官方网站：youku.com。	https://www.youku.com	否
光厂	光厂素材	视频	设计与创意,视频与直播,娱乐	创意视频素材交易平台	创意视频素材交易平台。这里提供光厂素材的官方服务与相关信息，支持通过官网了解产品、功能、使用方式及最新动态；具体服务范围、开放地区和使用规则请以官方网站当前页面为准。官方网站：vjshi.com。	https://www.vjshi.com	否
哔哩哔哩	哔哩哔哩(B站)	视频	视频与直播,社交媒体,娱乐	国内领先的弹幕视频网站	国内领先的弹幕视频网站。这里提供哔哩哔哩(B站)的官方服务与相关信息，支持通过官网了解产品、功能、使用方式及最新动态；具体服务范围、开放地区和使用规则请以官方网站当前页面为准。官方网站：bilibili.com。	https://www.bilibili.com	否
哔哩哔哩漫画	哔哩哔哩漫画	视频	视频与直播,社交媒体,娱乐	哔哩哔哩旗下漫画平台	哔哩哔哩旗下漫画平台。这里提供哔哩哔哩漫画的官方服务与相关信息，支持通过官网了解产品、功能、使用方式及最新动态；具体服务范围、开放地区和使用规则请以官方网站当前页面为准。官方网站：manga.bilibili.com。	https://manga.bilibili.com	否
央视网	央视网	视频	政务,视频与直播,新闻资讯,娱乐	中央广播电视总台官网	中央广播电视总台官网。这里提供央视网的官方服务与相关信息，支持通过官网了解产品、功能、使用方式及最新动态；具体服务范围、开放地区和使用规则请以官方网站当前页面为准。官方网站：cctv.com。	https://www.cctv.com	否
快手	快手	视频	视频与直播,社交媒体,娱乐	短视频社交平台	短视频社交平台。这里提供快手的官方服务与相关信息，支持通过官网了解产品、功能、使用方式及最新动态；具体服务范围、开放地区和使用规则请以官方网站当前页面为准。官方网站：kuaishou.com。	https://www.kuaishou.com	否
抖音网页版	抖音	视频	视频与直播,社交媒体,娱乐	字节跳动旗下短视频平台	字节跳动旗下短视频平台。这里提供抖音的官方服务与相关信息，支持通过官网了解产品、功能、使用方式及最新动态；具体服务范围、开放地区和使用规则请以官方网站当前页面为准。官方网站：douyin.com。	https://www.douyin.com	否
搜狐视频	搜狐视频	视频	视频与直播,娱乐	搜狐旗下的网络视频平台	搜狐旗下的网络视频平台。这里提供搜狐视频的官方服务与相关信息，支持通过官网了解产品、功能、使用方式及最新动态；具体服务范围、开放地区和使用规则请以官方网站当前页面为准。官方网站：tv.sohu.com。	https://tv.sohu.com	否
新片场	新片场	视频	设计与创意,视频与直播,娱乐	影视创作者社区与作品展示平台	影视创作者社区与作品展示平台。这里提供新片场的官方服务与相关信息，支持通过官网了解产品、功能、使用方式及最新动态；具体服务范围、开放地区和使用规则请以官方网站当前页面为准。官方网站：xinpianchang.com。	https://www.xinpianchang.com	否
梨视频	梨视频	视频	视频与直播,娱乐	以短视频为载体的新闻媒体	以短视频为载体的新闻媒体。这里提供梨视频的官方服务与相关信息，支持通过官网了解产品、功能、使用方式及最新动态；具体服务范围、开放地区和使用规则请以官方网站当前页面为准。官方网站：pearvideo.com。	https://www.pearvideo.com	否
爱奇艺	爱奇艺	视频	视频与直播,娱乐	爱奇艺在线视频平台	爱奇艺在线视频平台。这里提供爱奇艺的官方服务与相关信息，支持通过官网了解产品、功能、使用方式及最新动态；具体服务范围、开放地区和使用规则请以官方网站当前页面为准。官方网站：iqiyi.com。	https://www.iqiyi.com	否
腾讯视频	腾讯视频	视频	视频与直播,娱乐	腾讯旗下在线视频平台	腾讯旗下在线视频平台。这里提供腾讯视频的官方服务与相关信息，支持通过官网了解产品、功能、使用方式及最新动态；具体服务范围、开放地区和使用规则请以官方网站当前页面为准。官方网站：v.qq.com。	https://v.qq.com	否
芒果TV	芒果TV	视频	视频与直播,娱乐	湖南广电旗下视频平台	湖南广电旗下视频平台。这里提供芒果TV的官方服务与相关信息，支持通过官网了解产品、功能、使用方式及最新动态；具体服务范围、开放地区和使用规则请以官方网站当前页面为准。官方网站：mgtv.com。	https://www.mgtv.com	否
虎牙直播	虎牙直播	视频	视频与直播,娱乐	游戏直播直播平台	游戏直播直播平台。这里提供虎牙直播的官方服务与相关信息，支持通过官网了解产品、功能、使用方式及最新动态；具体服务范围、开放地区和使用规则请以官方网站当前页面为准。官方网站：huya.com。	https://www.huya.com	否
西瓜视频	西瓜视频	视频	视频与直播,娱乐	字节跳动中视频平台	字节跳动中视频平台。这里提供西瓜视频的官方服务与相关信息，支持通过官网了解产品、功能、使用方式及最新动态；具体服务范围、开放地区和使用规则请以官方网站当前页面为准。官方网站：ixigua.com。	https://www.ixigua.com	否
CCTV节目官网	央视网	视频	视频与直播,新闻资讯,娱乐	中央电视台节目官方网站	中央电视台节目官方网站。这里提供央视网的官方服务与相关信息，支持通过官网了解产品、功能、使用方式及最新动态；具体服务范围、开放地区和使用规则请以官方网站当前页面为准。官方网站：tv.cctv.com。	https://tv.cctv.com	否
微信视频号	微信视频号	视频与直播	其他,在线服务	微信短视频	微信短视频。这里提供微信视频号的官方服务与相关信息，支持通过官网了解产品、功能、使用方式及最新动态；具体服务范围、开放地区和使用规则请以官方网站当前页面为准。官方网站：channels.weixin.qq.com。	https://channels.weixin.qq.com	否
B站直播	哔哩哔哩直播	视频与直播	视频与直播,社交媒体,其他,在线服务	直播平台	直播平台。这里提供哔哩哔哩直播的官方服务与相关信息，支持通过官网了解产品、功能、使用方式及最新动态；具体服务范围、开放地区和使用规则请以官方网站当前页面为准。官方网站：live.bilibili.com。	https://live.bilibili.com	否
抖音直播	抖音直播	视频与直播	视频与直播,社交媒体,其他,在线服务	直播平台	直播平台。这里提供抖音直播的官方服务与相关信息，支持通过官网了解产品、功能、使用方式及最新动态；具体服务范围、开放地区和使用规则请以官方网站当前页面为准。官方网站：live.douyin.com。	https://live.douyin.com	否
网易CC	网易CC直播	视频与直播	其他,在线服务	直播平台	直播平台。这里提供网易CC直播的官方服务与相关信息，支持通过官网了解产品、功能、使用方式及最新动态；具体服务范围、开放地区和使用规则请以官方网站当前页面为准。官方网站：cc.163.com。	https://cc.163.com	否
好看视频	好看视频	视频与直播	其他,在线服务	短视频	短视频。这里提供好看视频的官方服务与相关信息，支持通过官网了解产品、功能、使用方式及最新动态；具体服务范围、开放地区和使用规则请以官方网站当前页面为准。官方网站：haokan.baidu.com。	https://haokan.baidu.com	否
腾讯微视	腾讯微视	视频与直播	其他,在线服务	短视频	短视频。这里提供腾讯微视的官方服务与相关信息，支持通过官网了解产品、功能、使用方式及最新动态；具体服务范围、开放地区和使用规则请以官方网站当前页面为准。官方网站：weishi.qq.com。	https://weishi.qq.com	否
Max	Max (HBO)	视频与直播	其他,在线服务	流媒体	流媒体。这里提供Max (HBO)的官方服务与相关信息，支持通过官网了解产品、功能、使用方式及最新动态；具体服务范围、开放地区和使用规则请以官方网站当前页面为准。官方网站：max.com。	https://www.max.com	是
Hulu	Hulu	视频与直播	其他,在线服务	流媒体	流媒体。这里提供Hulu的官方服务与相关信息，支持通过官网了解产品、功能、使用方式及最新动态；具体服务范围、开放地区和使用规则请以官方网站当前页面为准。官方网站：hulu.com。	https://www.hulu.com	是
Apple TV+	Apple TV+	视频与直播	其他,在线服务	流媒体	流媒体。这里提供Apple TV+的官方服务与相关信息，支持通过官网了解产品、功能、使用方式及最新动态；具体服务范围、开放地区和使用规则请以官方网站当前页面为准。官方网站：tv.apple.com。	https://tv.apple.com	是
Peacock	Peacock	视频与直播	其他,在线服务	流媒体	流媒体。这里提供Peacock的官方服务与相关信息，支持通过官网了解产品、功能、使用方式及最新动态；具体服务范围、开放地区和使用规则请以官方网站当前页面为准。官方网站：peacocktv.com。	https://www.peacocktv.com	是
Paramount+	Paramount+	视频与直播	其他,在线服务	流媒体	流媒体。这里提供Paramount+的官方服务与相关信息，支持通过官网了解产品、功能、使用方式及最新动态；具体服务范围、开放地区和使用规则请以官方网站当前页面为准。官方网站：paramountplus.com。	https://www.paramountplus.com	是
Vimeo	Vimeo	视频与直播	其他,在线服务	视频平台	视频平台。这里提供Vimeo的官方服务与相关信息，支持通过官网了解产品、功能、使用方式及最新动态；具体服务范围、开放地区和使用规则请以官方网站当前页面为准。官方网站：vimeo.com。	https://vimeo.com	是
Dailymotion	Dailymotion	视频与直播	其他,在线服务	视频平台	视频平台。这里提供Dailymotion的官方服务与相关信息，支持通过官网了解产品、功能、使用方式及最新动态；具体服务范围、开放地区和使用规则请以官方网站当前页面为准。官方网站：dailymotion.com。	https://www.dailymotion.com	是
Tubi	Tubi	视频与直播	其他,在线服务	免费影视	免费影视。这里提供Tubi的官方服务与相关信息，支持通过官网了解产品、功能、使用方式及最新动态；具体服务范围、开放地区和使用规则请以官方网站当前页面为准。官方网站：tubitv.com。	https://tubitv.com	是
Pluto TV	Pluto TV	视频与直播	其他,在线服务	免费影视	免费影视。这里提供Pluto TV的官方服务与相关信息，支持通过官网了解产品、功能、使用方式及最新动态；具体服务范围、开放地区和使用规则请以官方网站当前页面为准。官方网站：pluto.tv。	https://pluto.tv	是
Crunchyroll	Crunchyroll	视频与直播	其他,在线服务	动漫平台	动漫平台。这里提供Crunchyroll的官方服务与相关信息，支持通过官网了解产品、功能、使用方式及最新动态；具体服务范围、开放地区和使用规则请以官方网站当前页面为准。官方网站：crunchyroll.com。	https://www.crunchyroll.com	是
IMDb	IMDb	视频与直播	其他,在线服务	影视资料库	影视资料库。这里提供IMDb的官方服务与相关信息，支持通过官网了解产品、功能、使用方式及最新动态；具体服务范围、开放地区和使用规则请以官方网站当前页面为准。官方网站：imdb.com。	https://www.imdb.com	是
Rotten Tomatoes	Rotten Tomatoes	视频与直播	其他,在线服务	影视评分	影视评分。这里提供Rotten Tomatoes的官方服务与相关信息，支持通过官网了解产品、功能、使用方式及最新动态；具体服务范围、开放地区和使用规则请以官方网站当前页面为准。官方网站：rottentomatoes.com。	https://www.rottentomatoes.com	是
Letterboxd	Letterboxd	视频与直播	其他,在线服务	影评社区	影评社区。这里提供Letterboxd的官方服务与相关信息，支持通过官网了解产品、功能、使用方式及最新动态；具体服务范围、开放地区和使用规则请以官方网站当前页面为准。官方网站：letterboxd.com。	https://letterboxd.com	是
MyAnimeList	MyAnimeList	视频与直播	其他,在线服务	动漫社区	动漫社区。这里提供MyAnimeList的官方服务与相关信息，支持通过官网了解产品、功能、使用方式及最新动态；具体服务范围、开放地区和使用规则请以官方网站当前页面为准。官方网站：myanimelist.net。	https://myanimelist.net	是
TikTok	TikTok	视频与直播	其他,在线服务	短视频平台	短视频平台。这里提供TikTok的官方服务与相关信息，支持通过官网了解产品、功能、使用方式及最新动态；具体服务范围、开放地区和使用规则请以官方网站当前页面为准。官方网站：tiktok.com。	https://www.tiktok.com	是
国誉	Kokuyo国誉	文具	文具,效率工具	日本文具品牌	日本文具品牌。这里提供Kokuyo国誉的官方服务与相关信息，支持通过官网了解产品、功能、使用方式及最新动态；具体服务范围、开放地区和使用规则请以官方网站当前页面为准。官方网站：kokuyo.com。	https://www.kokuyo.com	否
得力	Deli得力	文具	文具,效率工具	国产文具办公用品品牌	国产文具办公用品品牌。这里提供Deli得力的官方服务与相关信息，支持通过官网了解产品、功能、使用方式及最新动态；具体服务范围、开放地区和使用规则请以官方网站当前页面为准。官方网站：deli.com。	https://www.deli.com	否
斑马	Zebra斑马	文具	文具,效率工具	日本文具品牌	日本文具品牌。这里提供Zebra斑马的官方服务与相关信息，支持通过官网了解产品、功能、使用方式及最新动态；具体服务范围、开放地区和使用规则请以官方网站当前页面为准。官方网站：zebra.co.jp。	https://www.zebra.co.jp	否
晨光	M&G晨光	文具	文具,效率工具	国产文具品牌	国产文具品牌。这里提供M&G晨光的官方服务与相关信息，支持通过官网了解产品、功能、使用方式及最新动态；具体服务范围、开放地区和使用规则请以官方网站当前页面为准。官方网站：mg-pen.com.cn。	https://www.mg-pen.com.cn	否
百乐	Pilot百乐	文具	文具,效率工具	日本文具品牌	日本文具品牌。这里提供Pilot百乐的官方服务与相关信息，支持通过官网了解产品、功能、使用方式及最新动态；具体服务范围、开放地区和使用规则请以官方网站当前页面为准。官方网站：pilot.co.jp。	https://www.pilot.co.jp	否
得力	得力文具	文具	文具,效率工具	文具品牌	文具品牌。这里提供得力文具的官方服务与相关信息，支持通过官网了解产品、功能、使用方式及最新动态；具体服务范围、开放地区和使用规则请以官方网站当前页面为准。官方网站：nbdeli.com。	https://www.nbdeli.com	否
百乐	百乐笔	文具	文具,效率工具	文具品牌	文具品牌。这里提供百乐笔的官方服务与相关信息，支持通过官网了解产品、功能、使用方式及最新动态；具体服务范围、开放地区和使用规则请以官方网站当前页面为准。官方网站：pilotpen.com.cn。	https://www.pilotpen.com.cn	否
斑马	斑马笔	文具	文具,效率工具	文具品牌	文具品牌。这里提供斑马笔的官方服务与相关信息，支持通过官网了解产品、功能、使用方式及最新动态；具体服务范围、开放地区和使用规则请以官方网站当前页面为准。官方网站：zebrapen.com.cn。	https://www.zebrapen.com.cn	否
国誉	国誉文具	文具	文具,效率工具	文具品牌	文具品牌。这里提供国誉文具的官方服务与相关信息，支持通过官网了解产品、功能、使用方式及最新动态；具体服务范围、开放地区和使用规则请以官方网站当前页面为准。官方网站：kokuyo.com.cn。	https://www.kokuyo.com.cn	否
三菱	三菱铅笔	文具	文具,效率工具	文具品牌	文具品牌。这里提供三菱铅笔的官方服务与相关信息，支持通过官网了解产品、功能、使用方式及最新动态；具体服务范围、开放地区和使用规则请以官方网站当前页面为准。官方网站：mpuni.co.jp。	https://www.mpuni.co.jp	是
Apple Music	Apple Music	音乐	音乐,娱乐	Apple推出的流媒体音乐服务	Apple推出的全球流媒体音乐服务，提供数千万首歌曲在线收听，以无损音频和空间音频为特色，深度集成于Apple生态	https://music.apple.com	是
Bandcamp	Bandcamp	音乐	音乐,娱乐	独立音乐人直售音乐平台	独立音乐人直售音乐平台。这里提供Bandcamp的官方服务与相关信息，支持通过官网了解产品、功能、使用方式及最新动态；具体服务范围、开放地区和使用规则请以官方网站当前页面为准。官方网站：bandcamp.com。	https://bandcamp.com	是
Deezer	Deezer	音乐	音乐,娱乐	法国流媒体音乐平台	法国流媒体音乐平台。这里提供Deezer的官方服务与相关信息，支持通过官网了解产品、功能、使用方式及最新动态；具体服务范围、开放地区和使用规则请以官方网站当前页面为准。官方网站：deezer.com。	https://www.deezer.com	是
JOOX	JOOX	音乐	音乐,娱乐	腾讯控股的音乐平台	腾讯控股的音乐平台。这里提供JOOX的官方服务与相关信息，支持通过官网了解产品、功能、使用方式及最新动态；具体服务范围、开放地区和使用规则请以官方网站当前页面为准。官方网站：joox.com。	https://www.joox.com	是
KKBOX	KKBOX	音乐	音乐,娱乐	华语音乐流媒体平台	华语音乐流媒体平台。这里提供KKBOX的官方服务与相关信息，支持通过官网了解产品、功能、使用方式及最新动态；具体服务范围、开放地区和使用规则请以官方网站当前页面为准。官方网站：kkbox.com。	https://www.kkbox.com	是
Last.fm	Last.fm	音乐	音乐,娱乐	全球音乐追踪与推荐平台	全球音乐追踪与推荐平台。这里提供Last.fm的官方服务与相关信息，支持通过官网了解产品、功能、使用方式及最新动态；具体服务范围、开放地区和使用规则请以官方网站当前页面为准。官方网站：last.fm。	https://www.last.fm	是
QQ音乐	QQ音乐	音乐	音乐,娱乐	腾讯旗下音乐平台	腾讯旗下音乐平台。这里提供QQ音乐的官方服务与相关信息，支持通过官网了解产品、功能、使用方式及最新动态；具体服务范围、开放地区和使用规则请以官方网站当前页面为准。官方网站：y.qq.com。	https://y.qq.com	否
SoundCloud	SoundCloud	音乐	音乐,娱乐	全球音乐分享与创作平台	全球音乐分享与创作平台。这里提供SoundCloud的官方服务与相关信息，支持通过官网了解产品、功能、使用方式及最新动态；具体服务范围、开放地区和使用规则请以官方网站当前页面为准。官方网站：soundcloud.com。	https://soundcloud.com	是
Spotify	Spotify	音乐	音乐,娱乐	全球领先音乐流媒体	全球领先音乐流媒体。这里提供Spotify的官方服务与相关信息，支持通过官网了解产品、功能、使用方式及最新动态；具体服务范围、开放地区和使用规则请以官方网站当前页面为准。官方网站：spotify.com。	https://www.spotify.com	是
咪咕音乐	咪咕音乐	音乐	音乐,娱乐	中国移动旗下音乐平台	中国移动旗下音乐平台。这里提供咪咕音乐的官方服务与相关信息，支持通过官网了解产品、功能、使用方式及最新动态；具体服务范围、开放地区和使用规则请以官方网站当前页面为准。官方网站：migu.cn。	https://migu.cn/music	否
汽水音乐	汽水音乐	音乐	音乐,娱乐	字节跳动推出的音乐流媒体	字节跳动推出的音乐流媒体。这里提供汽水音乐的官方服务与相关信息，支持通过官网了解产品、功能、使用方式及最新动态；具体服务范围、开放地区和使用规则请以官方网站当前页面为准。官方网站：qishui.douyin.com。	https://qishui.douyin.com	否
网易云音乐	网易云音乐	音乐	音乐,娱乐	网易音乐社交平台	网易音乐社交平台。这里提供网易云音乐的官方服务与相关信息，支持通过官网了解产品、功能、使用方式及最新动态；具体服务范围、开放地区和使用规则请以官方网站当前页面为准。官方网站：music.163.com。	https://music.163.com	否
豆瓣FM	豆瓣FM	音乐	音乐,娱乐	豆瓣推出的音乐电台	豆瓣推出的音乐电台。这里提供豆瓣FM的官方服务与相关信息，支持通过官网了解产品、功能、使用方式及最新动态；具体服务范围、开放地区和使用规则请以官方网站当前页面为准。官方网站：douban.com。	https://douban.com/fm	否
酷我音乐	酷我音乐	音乐	音乐,娱乐	腾讯旗下音乐平台	腾讯旗下音乐平台。这里提供酷我音乐的官方服务与相关信息，支持通过官网了解产品、功能、使用方式及最新动态；具体服务范围、开放地区和使用规则请以官方网站当前页面为准。官方网站：kuwo.cn。	https://www.kuwo.cn	否
酷狗音乐	酷狗音乐	音乐	音乐,娱乐	腾讯旗下音乐平台	腾讯旗下音乐平台。这里提供酷狗音乐的官方服务与相关信息，支持通过官网了解产品、功能、使用方式及最新动态；具体服务范围、开放地区和使用规则请以官方网站当前页面为准。官方网站：kugou.com。	https://www.kugou.com	否
5sing	5sing原创音乐	音乐	音乐,娱乐	原创音乐分享平台	原创音乐分享平台。这里提供5sing原创音乐的官方服务与相关信息，支持通过官网了解产品、功能、使用方式及最新动态；具体服务范围、开放地区和使用规则请以官方网站当前页面为准。官方网站：5sing.kugou.com。	https://5sing.kugou.com	否
咪咕音乐	咪咕音乐	音乐	音乐,娱乐	在线音乐	在线音乐。这里提供咪咕音乐的官方服务与相关信息，支持通过官网了解产品、功能、使用方式及最新动态；具体服务范围、开放地区和使用规则请以官方网站当前页面为准。官方网站：music.migu.cn。	https://music.migu.cn	否
Spotify	Spotify	音乐	音乐,娱乐	在线音乐	在线音乐。这里提供Spotify的官方服务与相关信息，支持通过官网了解产品、功能、使用方式及最新动态；具体服务范围、开放地区和使用规则请以官方网站当前页面为准。官方网站：open.spotify.com。	https://open.spotify.com	是
千千音乐	千千音乐	音乐	音乐,娱乐	在线音乐	在线音乐。这里提供千千音乐的官方服务与相关信息，支持通过官网了解产品、功能、使用方式及最新动态；具体服务范围、开放地区和使用规则请以官方网站当前页面为准。官方网站：music.taihe.com。	https://music.taihe.com	否
荔枝FM	荔枝FM	音乐	音乐,娱乐	播客平台	播客平台。这里提供荔枝FM的官方服务与相关信息，支持通过官网了解产品、功能、使用方式及最新动态；具体服务范围、开放地区和使用规则请以官方网站当前页面为准。官方网站：lizhi.fm。	https://www.lizhi.fm	否
蜻蜓FM	蜻蜓FM	音乐	音乐,娱乐	音频平台	音频平台。这里提供蜻蜓FM的官方服务与相关信息，支持通过官网了解产品、功能、使用方式及最新动态；具体服务范围、开放地区和使用规则请以官方网站当前页面为准。官方网站：qingting.fm。	https://www.qingting.fm	否
懒人听书	懒人听书	音乐	在线学习,音乐,娱乐	有声书	有声书。这里提供懒人听书的官方服务与相关信息，支持通过官网了解产品、功能、使用方式及最新动态；具体服务范围、开放地区和使用规则请以官方网站当前页面为准。官方网站：lrts.me。	https://www.lrts.me	否
企鹅FM	企鹅FM	音乐	音乐,娱乐	音频平台	音频平台。这里提供企鹅FM的官方服务与相关信息，支持通过官网了解产品、功能、使用方式及最新动态；具体服务范围、开放地区和使用规则请以官方网站当前页面为准。官方网站：fm.qq.com。	https://fm.qq.com	否
YouTube Music	YouTube Music	音乐	视频与直播,音乐,娱乐	在线音乐	在线音乐。这里提供YouTube Music的官方服务与相关信息，支持通过官网了解产品、功能、使用方式及最新动态；具体服务范围、开放地区和使用规则请以官方网站当前页面为准。官方网站：music.youtube.com。	https://music.youtube.com	是
Amazon Music	Amazon Music	音乐	音乐,电商购物,娱乐	在线音乐	在线音乐。这里提供Amazon Music的官方服务与相关信息，支持通过官网了解产品、功能、使用方式及最新动态；具体服务范围、开放地区和使用规则请以官方网站当前页面为准。官方网站：music.amazon.com。	https://music.amazon.com	是
Tidal	Tidal	音乐	音乐,娱乐	在线音乐	在线音乐。这里提供Tidal的官方服务与相关信息，支持通过官网了解产品、功能、使用方式及最新动态；具体服务范围、开放地区和使用规则请以官方网站当前页面为准。官方网站：tidal.com。	https://tidal.com	是
Pandora	Pandora	音乐	音乐,娱乐	网络电台	网络电台。这里提供Pandora的官方服务与相关信息，支持通过官网了解产品、功能、使用方式及最新动态；具体服务范围、开放地区和使用规则请以官方网站当前页面为准。官方网站：pandora.com。	https://www.pandora.com	是
Shazam	Shazam	音乐	音乐,娱乐	音乐识别	音乐识别。这里提供Shazam的官方服务与相关信息，支持通过官网了解产品、功能、使用方式及最新动态；具体服务范围、开放地区和使用规则请以官方网站当前页面为准。官方网站：shazam.com。	https://www.shazam.com	是
Audible	Audible	音乐	音乐,娱乐	有声书	有声书。这里提供Audible的官方服务与相关信息，支持通过官网了解产品、功能、使用方式及最新动态；具体服务范围、开放地区和使用规则请以官方网站当前页面为准。官方网站：audible.com。	https://www.audible.com	是
Ableton	Ableton	音乐	音乐,娱乐	音乐软件	音乐软件。这里提供Ableton的官方服务与相关信息，支持通过官网了解产品、功能、使用方式及最新动态；具体服务范围、开放地区和使用规则请以官方网站当前页面为准。官方网站：ableton.com。	https://www.ableton.com	是
FL Studio	FL Studio	音乐	音乐,娱乐	音乐软件	音乐软件。这里提供FL Studio的官方服务与相关信息，支持通过官网了解产品、功能、使用方式及最新动态；具体服务范围、开放地区和使用规则请以官方网站当前页面为准。官方网站：image-line.com。	https://www.image-line.com	是
Logic Pro	Logic Pro	音乐	音乐,娱乐	音乐软件	音乐软件。这里提供Logic Pro的官方服务与相关信息，支持通过官网了解产品、功能、使用方式及最新动态；具体服务范围、开放地区和使用规则请以官方网站当前页面为准。官方网站：apple.com。	https://www.apple.com/logic-pro	是
Pro Tools	Pro Tools	音乐	音乐,娱乐	音乐软件	音乐软件。这里提供Pro Tools的官方服务与相关信息，支持通过官网了解产品、功能、使用方式及最新动态；具体服务范围、开放地区和使用规则请以官方网站当前页面为准。官方网站：avid.com。	https://www.avid.com/pro-tools	是
GarageBand	GarageBand	音乐	音乐,娱乐	音乐软件	音乐软件。这里提供GarageBand的官方服务与相关信息，支持通过官网了解产品、功能、使用方式及最新动态；具体服务范围、开放地区和使用规则请以官方网站当前页面为准。官方网站：apple.com。	https://www.apple.com/mac/garageband	是
BandLab	BandLab	音乐	音乐,娱乐	音乐软件	音乐软件。这里提供BandLab的官方服务与相关信息，支持通过官网了解产品、功能、使用方式及最新动态；具体服务范围、开放地区和使用规则请以官方网站当前页面为准。官方网站：bandlab.com。	https://www.bandlab.com	是
Soundtrap	Soundtrap	音乐	音乐,娱乐	音乐软件	音乐软件。这里提供Soundtrap的官方服务与相关信息，支持通过官网了解产品、功能、使用方式及最新动态；具体服务范围、开放地区和使用规则请以官方网站当前页面为准。官方网站：soundtrap.com。	https://www.soundtrap.com	是
Splice	Splice	音乐	音乐,娱乐	音乐素材	音乐素材。这里提供Splice的官方服务与相关信息，支持通过官网了解产品、功能、使用方式及最新动态；具体服务范围、开放地区和使用规则请以官方网站当前页面为准。官方网站：splice.com。	https://splice.com	是
LANDR	LANDR	音乐	音乐,娱乐	音乐服务	音乐服务。这里提供LANDR的官方服务与相关信息，支持通过官网了解产品、功能、使用方式及最新动态；具体服务范围、开放地区和使用规则请以官方网站当前页面为准。官方网站：landr.com。	https://www.landr.com	是
DistroKid	DistroKid	音乐	音乐,娱乐	音乐发行	音乐发行。这里提供DistroKid的官方服务与相关信息，支持通过官网了解产品、功能、使用方式及最新动态；具体服务范围、开放地区和使用规则请以官方网站当前页面为准。官方网站：distrokid.com。	https://distrokid.com	是
TuneCore	TuneCore	音乐	音乐,娱乐	音乐发行	音乐发行。这里提供TuneCore的官方服务与相关信息，支持通过官网了解产品、功能、使用方式及最新动态；具体服务范围、开放地区和使用规则请以官方网站当前页面为准。官方网站：tunecore.com。	https://www.tunecore.com	是
CD Baby	CD Baby	音乐	音乐,娱乐	音乐发行	音乐发行。这里提供CD Baby的官方服务与相关信息，支持通过官网了解产品、功能、使用方式及最新动态；具体服务范围、开放地区和使用规则请以官方网站当前页面为准。官方网站：cdbaby.com。	https://cdbaby.com	是
BeatStars	BeatStars	音乐	音乐,娱乐	音乐交易	音乐交易。这里提供BeatStars的官方服务与相关信息，支持通过官网了解产品、功能、使用方式及最新动态；具体服务范围、开放地区和使用规则请以官方网站当前页面为准。官方网站：beatstars.com。	https://www.beatstars.com	是
Native Instruments	Native Instruments	音乐	音乐,娱乐	音乐软件	音乐软件。这里提供Native Instruments的官方服务与相关信息，支持通过官网了解产品、功能、使用方式及最新动态；具体服务范围、开放地区和使用规则请以官方网站当前页面为准。官方网站：native-instruments.com。	https://www.native-instruments.com	是
Arturia	Arturia	音乐	音乐,娱乐	音乐软件	音乐软件。这里提供Arturia的官方服务与相关信息，支持通过官网了解产品、功能、使用方式及最新动态；具体服务范围、开放地区和使用规则请以官方网站当前页面为准。官方网站：arturia.com。	https://www.arturia.com	是
Focusrite	Focusrite	音乐	音乐,娱乐	音频设备	音频设备。这里提供Focusrite的官方服务与相关信息，支持通过官网了解产品、功能、使用方式及最新动态；具体服务范围、开放地区和使用规则请以官方网站当前页面为准。官方网站：focusrite.com。	https://focusrite.com	是
Shure	Shure	音乐	音乐,娱乐	音频设备	音频设备。这里提供Shure的官方服务与相关信息，支持通过官网了解产品、功能、使用方式及最新动态；具体服务范围、开放地区和使用规则请以官方网站当前页面为准。官方网站：shure.com。	https://www.shure.com	是
Sennheiser	森海塞尔	音乐	音乐,娱乐	音频设备	音频设备。这里提供森海塞尔的官方服务与相关信息，支持通过官网了解产品、功能、使用方式及最新动态；具体服务范围、开放地区和使用规则请以官方网站当前页面为准。官方网站：sennheiser.com。	https://www.sennheiser.com	是
Audio-Technica	铁三角	音乐	音乐,娱乐	音频设备	音频设备。这里提供铁三角的官方服务与相关信息，支持通过官网了解产品、功能、使用方式及最新动态；具体服务范围、开放地区和使用规则请以官方网站当前页面为准。官方网站：audio-technica.com。	https://www.audio-technica.com	是
Bose	Bose	音乐	音乐,娱乐	音频设备	音频设备。这里提供Bose的官方服务与相关信息，支持通过官网了解产品、功能、使用方式及最新动态；具体服务范围、开放地区和使用规则请以官方网站当前页面为准。官方网站：bose.com。	https://www.bose.com	是
Sony Music	索尼音乐	音乐	音乐,数码硬件,娱乐	音乐公司	音乐公司。这里提供索尼音乐的官方服务与相关信息，支持通过官网了解产品、功能、使用方式及最新动态；具体服务范围、开放地区和使用规则请以官方网站当前页面为准。官方网站：sonymusic.com。	https://www.sonymusic.com	是
Universal Music	环球音乐	音乐	音乐,娱乐	音乐公司	音乐公司。这里提供环球音乐的官方服务与相关信息，支持通过官网了解产品、功能、使用方式及最新动态；具体服务范围、开放地区和使用规则请以官方网站当前页面为准。官方网站：universalmusic.com。	https://www.universalmusic.com	是
Warner Music	华纳音乐	音乐	音乐,娱乐	音乐公司	音乐公司。这里提供华纳音乐的官方服务与相关信息，支持通过官网了解产品、功能、使用方式及最新动态；具体服务范围、开放地区和使用规则请以官方网站当前页面为准。官方网站：wmg.com。	https://www.wmg.com	是
Billboard	Billboard	音乐	音乐,娱乐	音乐媒体	音乐媒体。这里提供Billboard的官方服务与相关信息，支持通过官网了解产品、功能、使用方式及最新动态；具体服务范围、开放地区和使用规则请以官方网站当前页面为准。官方网站：billboard.com。	https://www.billboard.com	是
NME	NME	音乐	音乐,娱乐	音乐媒体	音乐媒体。这里提供NME的官方服务与相关信息，支持通过官网了解产品、功能、使用方式及最新动态；具体服务范围、开放地区和使用规则请以官方网站当前页面为准。官方网站：nme.com。	https://www.nme.com	是
Pitchfork	Pitchfork	音乐	音乐,娱乐	音乐媒体	音乐媒体。这里提供Pitchfork的官方服务与相关信息，支持通过官网了解产品、功能、使用方式及最新动态；具体服务范围、开放地区和使用规则请以官方网站当前页面为准。官方网站：pitchfork.com。	https://pitchfork.com	是
Rolling Stone	滚石	音乐	音乐,娱乐	音乐媒体	音乐媒体。这里提供滚石的官方服务与相关信息，支持通过官网了解产品、功能、使用方式及最新动态；具体服务范围、开放地区和使用规则请以官方网站当前页面为准。官方网站：rollingstone.com。	https://www.rollingstone.com	是
波点音乐	波点音乐	音乐	音乐,娱乐	在线音乐	在线音乐。这里提供波点音乐的官方服务与相关信息，支持通过官网了解产品、功能、使用方式及最新动态；具体服务范围、开放地区和使用规则请以官方网站当前页面为准。官方网站：bodian.kuwo.cn。	https://bodian.kuwo.cn	否
AMD	AMD	硬件	数码硬件,科技	美国芯片设计公司	美国芯片设计公司。这里提供AMD的官方服务与相关信息，支持通过官网了解产品、功能、使用方式及最新动态；具体服务范围、开放地区和使用规则请以官方网站当前页面为准。官方网站：amd.com。	https://www.amd.com	是
ROG	ROG玩家国度	硬件	数码硬件,科技	华硕电竞品牌	华硕电竞品牌。这里提供ROG玩家国度的官方服务与相关信息，支持通过官网了解产品、功能、使用方式及最新动态；具体服务范围、开放地区和使用规则请以官方网站当前页面为准。官方网站：rog.asus.com。	https://rog.asus.com	否
佳能	Canon佳能	硬件	数码硬件,科技	日本影像品牌	日本影像品牌。这里提供Canon佳能的官方服务与相关信息，支持通过官网了解产品、功能、使用方式及最新动态；具体服务范围、开放地区和使用规则请以官方网站当前页面为准。官方网站：canon.com.cn。	https://www.canon.com.cn	否
劳力士	Rolex劳力士	硬件	数码硬件,科技	瑞士顶级腕表品牌	瑞士顶级腕表品牌。这里提供Rolex劳力士的官方服务与相关信息，支持通过官网了解产品、功能、使用方式及最新动态；具体服务范围、开放地区和使用规则请以官方网站当前页面为准。官方网站：rolex.com。	https://www.rolex.com	否
博世	Bosch博世	硬件	数码硬件,科技	德国工业品牌	德国工业品牌。这里提供Bosch博世的官方服务与相关信息，支持通过官网了解产品、功能、使用方式及最新动态；具体服务范围、开放地区和使用规则请以官方网站当前页面为准。官方网站：bosch.com.cn。	https://www.bosch.com.cn	否
卡西欧	Casio卡西欧	硬件	数码硬件,科技	日本综合电子品牌	日本综合电子品牌。这里提供Casio卡西欧的官方服务与相关信息，支持通过官网了解产品、功能、使用方式及最新动态；具体服务范围、开放地区和使用规则请以官方网站当前页面为准。官方网站：casio.com.cn。	https://www.casio.com.cn	否
哈曼卡顿	Harman Kardon哈曼卡顿	硬件	数码硬件,科技	美国音频品牌	美国音频品牌。这里提供Harman Kardon哈曼卡顿的官方服务与相关信息，支持通过官网了解产品、功能、使用方式及最新动态；具体服务范围、开放地区和使用规则请以官方网站当前页面为准。官方网站：harman.com。	https://www.harman.com	否
哈苏	Hasselblad哈苏	硬件	数码硬件,科技	瑞典中画幅相机品牌	瑞典中画幅相机品牌。这里提供Hasselblad哈苏的官方服务与相关信息，支持通过官网了解产品、功能、使用方式及最新动态；具体服务范围、开放地区和使用规则请以官方网站当前页面为准。官方网站：hasselblad.com。	https://www.hasselblad.com	是
尼康	Nikon尼康	硬件	数码硬件,科技	日本影像品牌	日本影像品牌。这里提供Nikon尼康的官方服务与相关信息，支持通过官网了解产品、功能、使用方式及最新动态；具体服务范围、开放地区和使用规则请以官方网站当前页面为准。官方网站：nikon.com.cn。	https://www.nikon.com.cn	否
希捷	Seagate希捷	硬件	数码硬件,科技	硬盘存储品牌	硬盘存储品牌。这里提供Seagate希捷的官方服务与相关信息，支持通过官网了解产品、功能、使用方式及最新动态；具体服务范围、开放地区和使用规则请以官方网站当前页面为准。官方网站：seagate.com。	https://www.seagate.com	否
影驰	Galaxy影驰	硬件	数码硬件,科技	电脑硬件品牌	电脑硬件品牌。这里提供Galaxy影驰的官方服务与相关信息，支持通过官网了解产品、功能、使用方式及最新动态；具体服务范围、开放地区和使用规则请以官方网站当前页面为准。官方网站：galaxy.com.cn。	https://www.galaxy.com.cn	否
徕卡	Leica徕卡	硬件	数码硬件,科技	德国光学品牌	德国光学品牌。这里提供Leica徕卡的官方服务与相关信息，支持通过官网了解产品、功能、使用方式及最新动态；具体服务范围、开放地区和使用规则请以官方网站当前页面为准。官方网站：leica-camera.com。	https://www.leica-camera.com	是
海盗船	Corsair海盗船	硬件	数码硬件,科技	电脑硬件与外设品牌	电脑硬件与外设品牌。这里提供Corsair海盗船的官方服务与相关信息，支持通过官网了解产品、功能、使用方式及最新动态；具体服务范围、开放地区和使用规则请以官方网站当前页面为准。官方网站：corsair.com。	https://www.corsair.com	否
美光	Micron美光	硬件	数码硬件,科技	美国存储芯片品牌	美国存储芯片品牌。这里提供Micron美光的官方服务与相关信息，支持通过官网了解产品、功能、使用方式及最新动态；具体服务范围、开放地区和使用规则请以官方网站当前页面为准。官方网站：micron.com。	https://www.micron.com	否
联发科	MediaTek联发科	硬件	数码硬件,科技	台湾芯片设计品牌	台湾芯片设计品牌。这里提供MediaTek联发科的官方服务与相关信息，支持通过官网了解产品、功能、使用方式及最新动态；具体服务范围、开放地区和使用规则请以官方网站当前页面为准。官方网站：mediatek.com。	https://www.mediatek.com	否
英伟达	NVIDIA英伟达	硬件	数码硬件,科技	GPU与AI芯片领军企业	全球领先的GPU设计公司，GeForce游戏显卡和CUDA生态占据主导地位，在AI训练芯片领域更是处于绝对领先	https://www.nvidia.com	是
英特尔	Intel英特尔	硬件	数码硬件,科技	美国半导体与芯片巨头	美国半导体与芯片巨头。这里提供Intel英特尔的官方服务与相关信息，支持通过官网了解产品、功能、使用方式及最新动态；具体服务范围、开放地区和使用规则请以官方网站当前页面为准。官方网站：intel.com。	https://www.intel.com	是
西数	Western Digital西部数据	硬件	数码硬件,科技	美国存储品牌	美国存储品牌。这里提供Western Digital西部数据的官方服务与相关信息，支持通过官网了解产品、功能、使用方式及最新动态；具体服务范围、开放地区和使用规则请以官方网站当前页面为准。官方网站：westerndigital.com。	https://www.westerndigital.com	否
铭瑄	Maxsun铭瑄	硬件	数码硬件,科技	电脑硬件品牌	电脑硬件品牌。这里提供Maxsun铭瑄的官方服务与相关信息，支持通过官网了解产品、功能、使用方式及最新动态；具体服务范围、开放地区和使用规则请以官方网站当前页面为准。官方网站：maxsun.com.cn。	https://www.maxsun.com.cn	否
马歇尔	Marshall马歇尔	硬件	数码硬件,科技	英国音频品牌	英国音频品牌。这里提供Marshall马歇尔的官方服务与相关信息，支持通过官网了解产品、功能、使用方式及最新动态；具体服务范围、开放地区和使用规则请以官方网站当前页面为准。官方网站：marshallheadphones.com。	https://www.marshallheadphones.com	否
高通	Qualcomm高通	硬件	数码硬件,科技	美国芯片设计品牌	美国芯片设计品牌。这里提供Qualcomm高通的官方服务与相关信息，支持通过官网了解产品、功能、使用方式及最新动态；具体服务范围、开放地区和使用规则请以官方网站当前页面为准。官方网站：qualcomm.com。	https://www.qualcomm.com	否
4399	4399小游戏	游戏	游戏,社交媒体	在线小游戏平台	在线小游戏平台。这里提供4399小游戏的官方服务与相关信息，支持通过官网了解产品、功能、使用方式及最新动态；具体服务范围、开放地区和使用规则请以官方网站当前页面为准。官方网站：4399.com。	https://www.4399.com	否
7k7k	7k7k小游戏	游戏	游戏,社交媒体	在线小游戏平台	在线小游戏平台。这里提供7k7k小游戏的官方服务与相关信息，支持通过官网了解产品、功能、使用方式及最新动态；具体服务范围、开放地区和使用规则请以官方网站当前页面为准。官方网站：7k7k.com。	https://www.7k7k.com	否
Battle.net	Battle.net	游戏	游戏,社交媒体	暴雪游戏官方平台	暴雪游戏官方平台。这里提供Battle.net的官方服务与相关信息，支持通过官网了解产品、功能、使用方式及最新动态；具体服务范围、开放地区和使用规则请以官方网站当前页面为准。官方网站：blizzard.com。	https://www.blizzard.com	否
BUFF饰品交易	网易BUFF	游戏	游戏,社交媒体	网易旗下游戏饰品交易平台	网易旗下游戏饰品交易平台。这里提供网易BUFF的官方服务与相关信息，支持通过官网了解产品、功能、使用方式及最新动态；具体服务范围、开放地区和使用规则请以官方网站当前页面为准。官方网站：buff.163.com。	https://buff.163.com	否
CS2库存模拟	CS2 Inventory Simulator	游戏	游戏,社交媒体	CS2库存模拟器	CS2库存模拟器。这里提供CS2 Inventory Simulator的官方服务与相关信息，支持通过官网了解产品、功能、使用方式及最新动态；具体服务范围、开放地区和使用规则请以官方网站当前页面为准。官方网站：cs2inventorysimulator.com。	https://cs2inventorysimulator.com	是
CS2贴纸编辑	CS2贴纸编辑器	游戏	游戏,社交媒体	CS2贴纸编辑工具	CS2贴纸编辑工具。这里提供CS2贴纸编辑器的官方服务与相关信息，支持通过官网了解产品、功能、使用方式及最新动态；具体服务范围、开放地区和使用规则请以官方网站当前页面为准。官方网站：stash.clash.gg。	https://stash.clash.gg	是
EA平台	EA	游戏	游戏,社交媒体	EA游戏数字发行平台	EA游戏数字发行平台。这里提供EA的官方服务与相关信息，支持通过官网了解产品、功能、使用方式及最新动态；具体服务范围、开放地区和使用规则请以官方网站当前页面为准。官方网站：ea.com。	https://www.ea.com	是
EA平台(旧)	Origin	游戏	游戏,社交媒体	EA旧版游戏平台Origin	EA旧版游戏平台Origin。这里提供Origin的官方服务与相关信息，支持通过官网了解产品、功能、使用方式及最新动态；具体服务范围、开放地区和使用规则请以官方网站当前页面为准。官方网站：ea.com。	https://www.ea.com/origin	是
Epic Games	Epic Games Store	游戏	游戏,社交媒体	Epic游戏商店平台	Epic Games推出的游戏数字发行平台，以每周免费游戏和开发者分成比例优势吸引用户，拥有Fortnite等知名游戏	https://store.epicgames.com	是
Game Mini	Game Mini	游戏	游戏,社交媒体	在线小游戏平台	在线小游戏平台。这里提供Game Mini的官方服务与相关信息，支持通过官网了解产品、功能、使用方式及最新动态；具体服务范围、开放地区和使用规则请以官方网站当前页面为准。官方网站：gamemini.net。	https://www.gamemini.net	否
GOG	GOG Games	游戏	游戏,社交媒体	CD Projekt旗下的无DRM游戏平台	CD Projekt旗下的无DRM游戏平台。这里提供GOG Games的官方服务与相关信息，支持通过官网了解产品、功能、使用方式及最新动态；具体服务范围、开放地区和使用规则请以官方网站当前页面为准。官方网站：gog.com。	https://www.gog.com	是
GTA官网	GTA	游戏	游戏,社交媒体	侠盗猎车手系列官网	Rockstar Games旗下GTA系列游戏的官方网站，提供GTA V、GTA Online等最新资讯和更新	https://www.rockstargames.com/gta-v	否
itch.io	itch.io	游戏	游戏,社交媒体	独立游戏创作者社区平台	独立游戏创作者社区平台。这里提供itch.io的官方服务与相关信息，支持通过官网了解产品、功能、使用方式及最新动态；具体服务范围、开放地区和使用规则请以官方网站当前页面为准。官方网站：itch.io。	https://itch.io	是
Lilith Games	莉莉丝游戏	游戏	游戏,社交媒体	莉莉丝游戏官方	莉莉丝游戏官方。这里提供莉莉丝游戏的官方服务与相关信息，支持通过官网了解产品、功能、使用方式及最新动态；具体服务范围、开放地区和使用规则请以官方网站当前页面为准。官方网站：lilithgames.com。	https://www.lilithgames.com	否
LKs推荐站	LKs网站推荐合集	游戏	设计与创意,游戏,社交媒体	优质网站推荐合集	优质网站推荐合集。这里提供LKs网站推荐合集的官方服务与相关信息，支持通过官网了解产品、功能、使用方式及最新动态；具体服务范围、开放地区和使用规则请以官方网站当前页面为准。官方网站：github.com。	https://github.com/xiangjianan/lks	否
MC中文维基	中文Minecraft Wiki	游戏	游戏,社交媒体	Minecraft中文维基	Minecraft中文维基。这里提供中文Minecraft Wiki的官方服务与相关信息，支持通过官网了解产品、功能、使用方式及最新动态；具体服务范围、开放地区和使用规则请以官方网站当前页面为准。官方网站：minecraft.wiki。	https://minecraft.wiki	否
MC百科	MC百科	游戏	游戏,在线学习,社交媒体	Minecraft综合百科	Minecraft综合百科。这里提供MC百科的官方服务与相关信息，支持通过官网了解产品、功能、使用方式及最新动态；具体服务范围、开放地区和使用规则请以官方网站当前页面为准。官方网站：mcmod.cn。	https://www.mcmod.cn	否
MC种子地图	种子地图 - Minecraft App	游戏	游戏,生活服务,社交媒体	Minecraft种子地图生成器	Minecraft种子地图生成器。这里提供种子地图 - Minecraft App的官方服务与相关信息，支持通过官网了解产品、功能、使用方式及最新动态；具体服务范围、开放地区和使用规则请以官方网站当前页面为准。官方网站：minecraft-seeds.net。	https://www.minecraft-seeds.net	否
MoeUB服列表	服务器列表 - MoeUB	游戏	游戏,社交媒体	Minecraft服务器列表	Minecraft服务器列表。这里提供服务器列表 - MoeUB的官方服务与相关信息，支持通过官网了解产品、功能、使用方式及最新动态；具体服务范围、开放地区和使用规则请以官方网站当前页面为准。官方网站：mooub.github.io。	https://mooub.github.io	是
PlayStation	PlayStation	游戏	游戏,社交媒体	索尼游戏主机及数字商店	索尼PlayStation游戏主机官方平台，提供PS5/PS4游戏数字商店、订阅服务PS Plus及在线多人游戏	https://www.playstation.com	是
Riot Games	Riot Games	游戏	游戏,社交媒体	拳头游戏官方平台	拳头游戏官方平台。这里提供Riot Games的官方服务与相关信息，支持通过官网了解产品、功能、使用方式及最新动态；具体服务范围、开放地区和使用规则请以官方网站当前页面为准。官方网站：riotgames.com。	https://www.riotgames.com	是
Steam	Steam	游戏	游戏,社交媒体	全球最大PC游戏数字发行平台	全球最大PC游戏数字发行平台。这里提供Steam的官方服务与相关信息，支持通过官网了解产品、功能、使用方式及最新动态；具体服务范围、开放地区和使用规则请以官方网站当前页面为准。官方网站：store.steampowered.com。	https://store.steampowered.com	是
SteamDB	Steam DB	游戏	游戏,社交媒体	Steam数据库与价格追踪	Steam数据库与价格追踪。这里提供Steam DB的官方服务与相关信息，支持通过官网了解产品、功能、使用方式及最新动态；具体服务范围、开放地区和使用规则请以官方网站当前页面为准。官方网站：steamdb.info。	https://steamdb.info	是
Steam卡牌交易	Steam Card Exchange	游戏	游戏,社交媒体	Steam集换式卡牌的第三方交易社区	Steam集换式卡牌的第三方交易社区。这里提供Steam Card Exchange的官方服务与相关信息，支持通过官网了解产品、功能、使用方式及最新动态；具体服务范围、开放地区和使用规则请以官方网站当前页面为准。官方网站：steamcardexchange.net。	https://steamcardexchange.net	是
Steam库存查看	Steam社区-屿雀物品库存	游戏	游戏,社交媒体	Steam物品库存查看	Steam物品库存查看。这里提供Steam社区-屿雀物品库存的官方服务与相关信息，支持通过官网了解产品、功能、使用方式及最新动态；具体服务范围、开放地区和使用规则请以官方网站当前页面为准。官方网站：steamcommunity.com。	https://steamcommunity.com	是
Switch	Nintendo Switch	游戏	游戏,社交媒体	任天堂混合游戏主机	任天堂混合游戏主机。这里提供Nintendo Switch的官方服务与相关信息，支持通过官网了解产品、功能、使用方式及最新动态；具体服务范围、开放地区和使用规则请以官方网站当前页面为准。官方网站：nintendo.com。	https://www.nintendo.com/switch	否
Xbox	Xbox	游戏	游戏,社交媒体	微软游戏主机品牌	微软游戏主机品牌。这里提供Xbox的官方服务与相关信息，支持通过官网了解产品、功能、使用方式及最新动态；具体服务范围、开放地区和使用规则请以官方网站当前页面为准。官方网站：xbox.com。	https://www.xbox.com	否
XGP订阅	Xbox Games Pass Ultimate	游戏	游戏,社交媒体	微软Xbox游戏通行证终极版	微软Xbox游戏通行证终极版。这里提供Xbox Games Pass Ultimate的官方服务与相关信息，支持通过官网了解产品、功能、使用方式及最新动态；具体服务范围、开放地区和使用规则请以官方网站当前页面为准。官方网站：xbox.com。	https://www.xbox.com/xbox-game-pass	否
原神官网	原神	游戏	游戏,社交媒体	米哈游开放世界RPG游戏	米哈游开放世界RPG游戏。这里提供原神的官方服务与相关信息，支持通过官网了解产品、功能、使用方式及最新动态；具体服务范围、开放地区和使用规则请以官方网站当前页面为准。官方网站：ys.mihoyo.com。	https://ys.mihoyo.com	否
哈迪斯	Hades	游戏	游戏,社交媒体	Supergiant Games的Roguelike动作神作	Supergiant Games开发的Roguelike动作游戏，以希腊神话为背景，凭借流畅的战斗、出色的叙事和精美的手绘美术广受好评	https://www.supergiantgames.com/games/hades	否
嘉立创	嘉立创	游戏	数码硬件,游戏,社交媒体	PCB快板打样制造平台	PCB快板打样制造平台。这里提供嘉立创的官方服务与相关信息，支持通过官网了解产品、功能、使用方式及最新动态；具体服务范围、开放地区和使用规则请以官方网站当前页面为准。官方网站：jlc.com。	https://www.jlc.com	否
崩坏:星穹铁道	崩坏：星穹铁道	游戏	游戏,社交媒体	米哈游星际题材回合制RPG	米哈游星际题材回合制RPG。这里提供崩坏：星穹铁道的官方服务与相关信息，支持通过官网了解产品、功能、使用方式及最新动态；具体服务范围、开放地区和使用规则请以官方网站当前页面为准。官方网站：sr.mihoyo.com。	https://sr.mihoyo.com	否
异环官网	异环	游戏	游戏,社交媒体	米哈游新一代开放世界游戏	米哈游新一代开放世界游戏。这里提供异环的官方服务与相关信息，支持通过官网了解产品、功能、使用方式及最新动态；具体服务范围、开放地区和使用规则请以官方网站当前页面为准。官方网站：hoyolab.com。	https://www.hoyolab.com	否
怪物猎人:世界	怪物猎人：世界	游戏	游戏,社交媒体	卡普空经典狩猎动作游戏	卡普空经典狩猎动作游戏。这里提供怪物猎人：世界的官方服务与相关信息，支持通过官网了解产品、功能、使用方式及最新动态；具体服务范围、开放地区和使用规则请以官方网站当前页面为准。官方网站：monsterhunter.com。	https://monsterhunter.com	否
我的世界官网	Minecraft	游戏	游戏,社交媒体	Minecraft官方网站	Minecraft官方网站。这里提供Minecraft的官方服务与相关信息，支持通过官网了解产品、功能、使用方式及最新动态；具体服务范围、开放地区和使用规则请以官方网站当前页面为准。官方网站：minecraft.net。	https://www.minecraft.net	否
斗鱼	斗鱼直播	游戏	视频与直播,游戏,社交媒体	国内知名游戏直播平台	国内知名游戏直播平台。这里提供斗鱼直播的官方服务与相关信息，支持通过官网了解产品、功能、使用方式及最新动态；具体服务范围、开放地区和使用规则请以官方网站当前页面为准。官方网站：douyu.com。	https://www.douyu.com	否
明日方舟	明日方舟	游戏	游戏,社交媒体	鹰角网络策略塔防游戏	鹰角网络策略塔防游戏。这里提供明日方舟的官方服务与相关信息，支持通过官网了解产品、功能、使用方式及最新动态；具体服务范围、开放地区和使用规则请以官方网站当前页面为准。官方网站：arknights.com。	https://arknights.com	否
星露谷物语	Stardew Valley	游戏	游戏,社交媒体	经典像素农场模拟游戏	ConcernedApe开发的独立农场模拟游戏，玩家经营祖父遗留的农场，种植、养殖、钓鱼、探索矿洞，体验悠闲的乡村生活	https://www.stardewvalley.net	否
正点原子	正点原子	游戏	数码硬件,游戏,社交媒体	嵌入式开发板与教程平台	嵌入式开发板与教程平台。这里提供正点原子的官方服务与相关信息，支持通过官网了解产品、功能、使用方式及最新动态；具体服务范围、开放地区和使用规则请以官方网站当前页面为准。官方网站：openedv.com。	https://www.openedv.com	否
泰拉瑞亚	Terraria	游戏	游戏,社交媒体	经典2D沙盒冒险游戏	经典2D沙盒冒险游戏。这里提供Terraria的官方服务与相关信息，支持通过官网了解产品、功能、使用方式及最新动态；具体服务范围、开放地区和使用规则请以官方网站当前页面为准。官方网站：terraria.org。	https://terraria.org	否
王者荣耀	王者荣耀官网	游戏	游戏,社交媒体	腾讯MOBA手游	腾讯MOBA手游。这里提供王者荣耀官网的官方服务与相关信息，支持通过官网了解产品、功能、使用方式及最新动态；具体服务范围、开放地区和使用规则请以官方网站当前页面为准。官方网站：pvp.qq.com。	https://pvp.qq.com	否
空洞骑士	Hollow Knight	游戏	游戏,社交媒体	银石工作室的2D银河恶魔城经典	Team Cherry开发的2D动作冒险游戏，以虫族王国为背景，拥有庞大的地图、流畅的操作和极具挑战性的Boss战	https://www.hollowknight.com	否
米哈游	米哈游官网	游戏	游戏,社交媒体	米哈游游戏公司	米哈游游戏公司。这里提供米哈游官网的官方服务与相关信息，支持通过官网了解产品、功能、使用方式及最新动态；具体服务范围、开放地区和使用规则请以官方网站当前页面为准。官方网站：mihoyo.com。	https://www.mihoyo.com	否
育碧平台	育碧	游戏	游戏,社交媒体	育碧游戏官方平台	育碧游戏官方平台。这里提供育碧的官方服务与相关信息，支持通过官网了解产品、功能、使用方式及最新动态；具体服务范围、开放地区和使用规则请以官方网站当前页面为准。官方网站：ubisoft.com。	https://www.ubisoft.com	是
艾尔登法环	艾尔登法环	游戏	游戏,社交媒体	FromSoftware开放世界动作RPG	FromSoftware开发、万代南梦宫发行的开放世界动作RPG，宫崎英高与乔治·R·R·马丁联合打造，获多项年度游戏大奖	https://www.eldenring.com	否
英雄联盟	英雄联盟官网	游戏	游戏,社交媒体	英雄联盟官方网站	英雄联盟官方网站。这里提供英雄联盟官网的官方服务与相关信息，支持通过官网了解产品、功能、使用方式及最新动态；具体服务范围、开放地区和使用规则请以官方网站当前页面为准。官方网站：lol.qq.com。	https://lol.qq.com	否
赛博朋克2077	赛博朋克2077	游戏	游戏,社交媒体	CD Projekt开放世界RPG	CD Projekt Red开发的开放世界动作RPG，以夜之城为背景，玩家扮演义体佣兵V，体验丰富的剧情和玩法	https://www.cyberpunk.net	否
饥荒	Don't Starve	游戏	游戏,社交媒体	Klei的硬核生存游戏	Klei Entertainment开发的硬核生存沙盒游戏，以独特的暗黑手绘美术风格著称，玩家需在荒野中采集、建造、生存	https://dontstarve.com	否
黑神话:悟空	黑神话：悟空	游戏	游戏,社交媒体	国产3A动作RPG大作	国产3A动作RPG大作。这里提供黑神话：悟空的官方服务与相关信息，支持通过官网了解产品、功能、使用方式及最新动态；具体服务范围、开放地区和使用规则请以官方网站当前页面为准。官方网站：heishenhua.com。	https://www.heishenhua.com	否
SteamPY	SteamPY	游戏	游戏,社交媒体	Steam饰品交易平台	Steam饰品交易平台。这里提供SteamPY的官方服务与相关信息，支持通过官网了解产品、功能、使用方式及最新动态；具体服务范围、开放地区和使用规则请以官方网站当前页面为准。官方网站：steampy.com。	https://www.steampy.com	是
Epic商城	Epic Games	游戏	游戏,社交媒体	Epic Games游戏商城	Epic Games游戏商城。这里提供Epic Games的官方服务与相关信息，支持通过官网了解产品、功能、使用方式及最新动态；具体服务范围、开放地区和使用规则请以官方网站当前页面为准。官方网站：epicgames.com。	https://www.epicgames.com	是
Origin	Origin	游戏	游戏,社交媒体	EA官方游戏平台	Electronic Arts官方游戏平台，提供《极品飞车》《FIFA》《战地》等EA旗下游戏的下载和在线服务	https://www.origin.com	是
MoeUB	MoeUB	游戏	游戏,社交媒体	CSGO/CS2服务器列表与饰品预览	CSGO/CS2服务器列表与饰品预览。这里提供MoeUB的官方服务与相关信息，支持通过官网了解产品、功能、使用方式及最新动态；具体服务范围、开放地区和使用规则请以官方网站当前页面为准。官方网站：csgo.moeub.cn。	https://csgo.moeub.cn	是
CSInspect	CSInspect	游戏	游戏,社交媒体	CSGO/CS2饰品检视器	CSGO/CS2饰品检视器。这里提供CSInspect的官方服务与相关信息，支持通过官网了解产品、功能、使用方式及最新动态；具体服务范围、开放地区和使用规则请以官方网站当前页面为准。官方网站：csinspect.com。	https://www.csinspect.com	否
种子地图	Chunkbase	游戏	游戏,生活服务,社交媒体	Minecraft种子地图查询工具	Minecraft种子地图查询工具。这里提供Chunkbase的官方服务与相关信息，支持通过官网了解产品、功能、使用方式及最新动态；具体服务范围、开放地区和使用规则请以官方网站当前页面为准。官方网站：chunkbase.com。	https://www.chunkbase.com	是
Plati	Plati.GG	游戏	游戏,社交媒体	游戏数字商品交易平台	游戏数字商品交易平台。这里提供Plati.GG的官方服务与相关信息，支持通过官网了解产品、功能、使用方式及最新动态；具体服务范围、开放地区和使用规则请以官方网站当前页面为准。官方网站：plati.com。	https://plati.com	是
网易游戏	网易游戏	游戏	游戏,社交媒体	游戏公司	游戏公司。这里提供网易游戏的官方服务与相关信息，支持通过官网了解产品、功能、使用方式及最新动态；具体服务范围、开放地区和使用规则请以官方网站当前页面为准。官方网站：game.163.com。	https://game.163.com	否
腾讯游戏	腾讯游戏	游戏	游戏,社交媒体	游戏公司	游戏公司。这里提供腾讯游戏的官方服务与相关信息，支持通过官网了解产品、功能、使用方式及最新动态；具体服务范围、开放地区和使用规则请以官方网站当前页面为准。官方网站：game.qq.com。	https://game.qq.com	否
哔哩哔哩游戏	哔哩哔哩游戏	游戏	视频与直播,社交媒体,游戏	游戏平台	游戏平台。这里提供哔哩哔哩游戏的官方服务与相关信息，支持通过官网了解产品、功能、使用方式及最新动态；具体服务范围、开放地区和使用规则请以官方网站当前页面为准。官方网站：game.bilibili.com。	https://game.bilibili.com	否
和平精英	和平精英官网	游戏	游戏,社交媒体	手游	手游。这里提供和平精英官网的官方服务与相关信息，支持通过官网了解产品、功能、使用方式及最新动态；具体服务范围、开放地区和使用规则请以官方网站当前页面为准。官方网站：gp.qq.com。	https://gp.qq.com	否
永劫无间	永劫无间官网	游戏	游戏,社交媒体	端游	端游。这里提供永劫无间官网的官方服务与相关信息，支持通过官网了解产品、功能、使用方式及最新动态；具体服务范围、开放地区和使用规则请以官方网站当前页面为准。官方网站：yjwujian.cn。	https://www.yjwujian.cn	否
CSGO	CS2官网	游戏	游戏,社交媒体	射击游戏	射击游戏。这里提供CS2官网的官方服务与相关信息，支持通过官网了解产品、功能、使用方式及最新动态；具体服务范围、开放地区和使用规则请以官方网站当前页面为准。官方网站：counter-strike.net。	https://www.counter-strike.net	是
DOTA2	DOTA2官网	游戏	游戏,社交媒体	MOBA	MOBA。这里提供DOTA2官网的官方服务与相关信息，支持通过官网了解产品、功能、使用方式及最新动态；具体服务范围、开放地区和使用规则请以官方网站当前页面为准。官方网站：dota2.com。	https://www.dota2.com	是
星际战甲	星际战甲官网	游戏	游戏,社交媒体	免费游戏	免费游戏。这里提供星际战甲官网的官方服务与相关信息，支持通过官网了解产品、功能、使用方式及最新动态；具体服务范围、开放地区和使用规则请以官方网站当前页面为准。官方网站：warframe.com。	https://www.warframe.com	是
上古卷轴	上古卷轴官网	游戏	游戏,社交媒体	单机游戏	单机游戏。这里提供上古卷轴官网的官方服务与相关信息，支持通过官网了解产品、功能、使用方式及最新动态；具体服务范围、开放地区和使用规则请以官方网站当前页面为准。官方网站：elderscrolls.bethesda.net。	https://elderscrolls.bethesda.net	是
TapTap	TapTap	游戏	游戏,社交媒体	手游社区	手游社区。这里提供TapTap的官方服务与相关信息，支持通过官网了解产品、功能、使用方式及最新动态；具体服务范围、开放地区和使用规则请以官方网站当前页面为准。官方网站：taptap.cn。	https://www.taptap.cn	否
3DM	3DM游戏	游戏	游戏,社交媒体	游戏资讯	游戏资讯。这里提供3DM游戏的官方服务与相关信息，支持通过官网了解产品、功能、使用方式及最新动态；具体服务范围、开放地区和使用规则请以官方网站当前页面为准。官方网站：3dmgame.com。	https://www.3dmgame.com	否
游民星空	游民星空	游戏	游戏,社交媒体	游戏资讯	游戏资讯。这里提供游民星空的官方服务与相关信息，支持通过官网了解产品、功能、使用方式及最新动态；具体服务范围、开放地区和使用规则请以官方网站当前页面为准。官方网站：gamersky.com。	https://www.gamersky.com	否
Roblox	Roblox	游戏	游戏,社交媒体	游戏平台	游戏平台。这里提供Roblox的官方服务与相关信息，支持通过官网了解产品、功能、使用方式及最新动态；具体服务范围、开放地区和使用规则请以官方网站当前页面为准。官方网站：roblox.com。	https://www.roblox.com	是
Nintendo	Nintendo	游戏	游戏,社交媒体	主机平台	主机平台。这里提供Nintendo的官方服务与相关信息，支持通过官网了解产品、功能、使用方式及最新动态；具体服务范围、开放地区和使用规则请以官方网站当前页面为准。官方网站：nintendo.com。	https://www.nintendo.com	是
Humble Bundle	Humble Bundle	游戏	游戏,社交媒体	游戏捆绑	游戏捆绑。这里提供Humble Bundle的官方服务与相关信息，支持通过官网了解产品、功能、使用方式及最新动态；具体服务范围、开放地区和使用规则请以官方网站当前页面为准。官方网站：humblebundle.com。	https://www.humblebundle.com	是
IGN	IGN	游戏	游戏,社交媒体	游戏媒体	游戏媒体。这里提供IGN的官方服务与相关信息，支持通过官网了解产品、功能、使用方式及最新动态；具体服务范围、开放地区和使用规则请以官方网站当前页面为准。官方网站：ign.com。	https://www.ign.com	是
GameSpot	GameSpot	游戏	游戏,社交媒体	游戏媒体	游戏媒体。这里提供GameSpot的官方服务与相关信息，支持通过官网了解产品、功能、使用方式及最新动态；具体服务范围、开放地区和使用规则请以官方网站当前页面为准。官方网站：gamespot.com。	https://www.gamespot.com	是
Kotaku	Kotaku	游戏	游戏,社交媒体	游戏媒体	游戏媒体。这里提供Kotaku的官方服务与相关信息，支持通过官网了解产品、功能、使用方式及最新动态；具体服务范围、开放地区和使用规则请以官方网站当前页面为准。官方网站：kotaku.com。	https://kotaku.com	是
PC Gamer	PC Gamer	游戏	游戏,社交媒体	游戏媒体	游戏媒体。这里提供PC Gamer的官方服务与相关信息，支持通过官网了解产品、功能、使用方式及最新动态；具体服务范围、开放地区和使用规则请以官方网站当前页面为准。官方网站：pcgamer.com。	https://www.pcgamer.com	是
Polygon	Polygon	游戏	游戏,社交媒体	游戏媒体	游戏媒体。这里提供Polygon的官方服务与相关信息，支持通过官网了解产品、功能、使用方式及最新动态；具体服务范围、开放地区和使用规则请以官方网站当前页面为准。官方网站：polygon.com。	https://www.polygon.com	是
Eurogamer	Eurogamer	游戏	游戏,社交媒体	游戏媒体	游戏媒体。这里提供Eurogamer的官方服务与相关信息，支持通过官网了解产品、功能、使用方式及最新动态；具体服务范围、开放地区和使用规则请以官方网站当前页面为准。官方网站：eurogamer.net。	https://www.eurogamer.net	是
Rock Paper Shotgun	Rock Paper Shotgun	游戏	游戏,社交媒体	游戏媒体	游戏媒体。这里提供Rock Paper Shotgun的官方服务与相关信息，支持通过官网了解产品、功能、使用方式及最新动态；具体服务范围、开放地区和使用规则请以官方网站当前页面为准。官方网站：rockpapershotgun.com。	https://www.rockpapershotgun.com	是
Gematsu	Gematsu	游戏	游戏,社交媒体	游戏媒体	游戏媒体。这里提供Gematsu的官方服务与相关信息，支持通过官网了解产品、功能、使用方式及最新动态；具体服务范围、开放地区和使用规则请以官方网站当前页面为准。官方网站：gematsu.com。	https://www.gematsu.com	是
Unreal Engine	Unreal Engine	游戏	游戏,社交媒体	游戏引擎	游戏引擎。这里提供Unreal Engine的官方服务与相关信息，支持通过官网了解产品、功能、使用方式及最新动态；具体服务范围、开放地区和使用规则请以官方网站当前页面为准。官方网站：unrealengine.com。	https://www.unrealengine.com	是
Unity	Unity	游戏	游戏,社交媒体	游戏引擎	游戏引擎。这里提供Unity的官方服务与相关信息，支持通过官网了解产品、功能、使用方式及最新动态；具体服务范围、开放地区和使用规则请以官方网站当前页面为准。官方网站：unity.com。	https://unity.com	是
Godot	Godot	游戏	游戏,社交媒体	游戏引擎	游戏引擎。这里提供Godot的官方服务与相关信息，支持通过官网了解产品、功能、使用方式及最新动态；具体服务范围、开放地区和使用规则请以官方网站当前页面为准。官方网站：godotengine.org。	https://godotengine.org	是
GameMaker	GameMaker	游戏	游戏,社交媒体	游戏引擎	游戏引擎。这里提供GameMaker的官方服务与相关信息，支持通过官网了解产品、功能、使用方式及最新动态；具体服务范围、开放地区和使用规则请以官方网站当前页面为准。官方网站：gamemaker.io。	https://gamemaker.io	是
Construct	Construct	游戏	游戏,社交媒体	游戏引擎	游戏引擎。这里提供Construct的官方服务与相关信息，支持通过官网了解产品、功能、使用方式及最新动态；具体服务范围、开放地区和使用规则请以官方网站当前页面为准。官方网站：construct.net。	https://www.construct.net	是
Stencyl	Stencyl	游戏	游戏,社交媒体	游戏引擎	游戏引擎。这里提供Stencyl的官方服务与相关信息，支持通过官网了解产品、功能、使用方式及最新动态；具体服务范围、开放地区和使用规则请以官方网站当前页面为准。官方网站：stencyl.com。	https://www.stencyl.com	是
RPG Maker	RPG Maker	游戏	游戏,社交媒体	游戏制作	游戏制作。这里提供RPG Maker的官方服务与相关信息，支持通过官网了解产品、功能、使用方式及最新动态；具体服务范围、开放地区和使用规则请以官方网站当前页面为准。官方网站：rpgmakerweb.com。	https://www.rpgmakerweb.com	是
Valve	Valve	游戏	游戏,社交媒体	游戏公司	游戏公司。这里提供Valve的官方服务与相关信息，支持通过官网了解产品、功能、使用方式及最新动态；具体服务范围、开放地区和使用规则请以官方网站当前页面为准。官方网站：valvesoftware.com。	https://www.valvesoftware.com	是
Square Enix	史克威尔	游戏	游戏,社交媒体	游戏公司	游戏公司。这里提供史克威尔的官方服务与相关信息，支持通过官网了解产品、功能、使用方式及最新动态；具体服务范围、开放地区和使用规则请以官方网站当前页面为准。官方网站：square-enix.com。	https://www.square-enix.com	是
Capcom	卡普空	游戏	游戏,社交媒体	游戏公司	游戏公司。这里提供卡普空的官方服务与相关信息，支持通过官网了解产品、功能、使用方式及最新动态；具体服务范围、开放地区和使用规则请以官方网站当前页面为准。官方网站：capcom.com。	https://www.capcom.com	是
Bandai Namco	万代南梦宫	游戏	游戏,社交媒体	游戏公司	游戏公司。这里提供万代南梦宫的官方服务与相关信息，支持通过官网了解产品、功能、使用方式及最新动态；具体服务范围、开放地区和使用规则请以官方网站当前页面为准。官方网站：bandainamcoent.com。	https://www.bandainamcoent.com	是
Konami	科乐美	游戏	游戏,社交媒体	游戏公司	游戏公司。这里提供科乐美的官方服务与相关信息，支持通过官网了解产品、功能、使用方式及最新动态；具体服务范围、开放地区和使用规则请以官方网站当前页面为准。官方网站：konami.com。	https://www.konami.com	是
Sega	世嘉	游戏	游戏,社交媒体	游戏公司	游戏公司。这里提供世嘉的官方服务与相关信息，支持通过官网了解产品、功能、使用方式及最新动态；具体服务范围、开放地区和使用规则请以官方网站当前页面为准。官方网站：sega.com。	https://www.sega.com	是
Bethesda	Bethesda	游戏	游戏,社交媒体	游戏公司	游戏公司。这里提供Bethesda的官方服务与相关信息，支持通过官网了解产品、功能、使用方式及最新动态；具体服务范围、开放地区和使用规则请以官方网站当前页面为准。官方网站：bethesda.net。	https://bethesda.net	是
CD Projekt	CD Projekt Red	游戏	游戏,社交媒体	游戏公司	游戏公司。这里提供CD Projekt Red的官方服务与相关信息，支持通过官网了解产品、功能、使用方式及最新动态；具体服务范围、开放地区和使用规则请以官方网站当前页面为准。官方网站：cdprojektred.com。	https://www.cdprojektred.com	是
Rockstar	Rockstar	游戏	游戏,社交媒体	游戏公司	游戏公司。这里提供Rockstar的官方服务与相关信息，支持通过官网了解产品、功能、使用方式及最新动态；具体服务范围、开放地区和使用规则请以官方网站当前页面为准。官方网站：rockstargames.com。	https://www.rockstargames.com	是
Bungie	Bungie	游戏	游戏,社交媒体	游戏公司	游戏公司。这里提供Bungie的官方服务与相关信息，支持通过官网了解产品、功能、使用方式及最新动态；具体服务范围、开放地区和使用规则请以官方网站当前页面为准。官方网站：bungie.net。	https://www.bungie.net	是
Supercell	Supercell	游戏	游戏,社交媒体	游戏公司	游戏公司。这里提供Supercell的官方服务与相关信息，支持通过官网了解产品、功能、使用方式及最新动态；具体服务范围、开放地区和使用规则请以官方网站当前页面为准。官方网站：supercell.com。	https://supercell.com	是
Rovio	Rovio	游戏	游戏,社交媒体	游戏公司	游戏公司。这里提供Rovio的官方服务与相关信息，支持通过官网了解产品、功能、使用方式及最新动态；具体服务范围、开放地区和使用规则请以官方网站当前页面为准。官方网站：rovio.com。	https://www.rovio.com	是
King	King	游戏	游戏,社交媒体	游戏公司	游戏公司。这里提供King的官方服务与相关信息，支持通过官网了解产品、功能、使用方式及最新动态；具体服务范围、开放地区和使用规则请以官方网站当前页面为准。官方网站：king.com。	https://king.com	是
Fanatical	Fanatical	游戏	游戏,社交媒体	游戏平台	游戏平台。这里提供Fanatical的官方服务与相关信息，支持通过官网了解产品、功能、使用方式及最新动态；具体服务范围、开放地区和使用规则请以官方网站当前页面为准。官方网站：fanatical.com。	https://www.fanatical.com	是
Green Man Gaming	Green Man Gaming	游戏	游戏,社交媒体	游戏平台	游戏平台。这里提供Green Man Gaming的官方服务与相关信息，支持通过官网了解产品、功能、使用方式及最新动态；具体服务范围、开放地区和使用规则请以官方网站当前页面为准。官方网站：greenmangaming.com。	https://www.greenmangaming.com	是
Instant Gaming	Instant Gaming	游戏	游戏,社交媒体	游戏平台	游戏平台。这里提供Instant Gaming的官方服务与相关信息，支持通过官网了解产品、功能、使用方式及最新动态；具体服务范围、开放地区和使用规则请以官方网站当前页面为准。官方网站：instant-gaming.com。	https://www.instant-gaming.com	是
Gamesplanet	Gamesplanet	游戏	游戏,社交媒体	游戏平台	游戏平台。这里提供Gamesplanet的官方服务与相关信息，支持通过官网了解产品、功能、使用方式及最新动态；具体服务范围、开放地区和使用规则请以官方网站当前页面为准。官方网站：gamesplanet.com。	https://www.gamesplanet.com	是
Newgrounds	Newgrounds	游戏	游戏,社交媒体	游戏社区	游戏社区。这里提供Newgrounds的官方服务与相关信息，支持通过官网了解产品、功能、使用方式及最新动态；具体服务范围、开放地区和使用规则请以官方网站当前页面为准。官方网站：newgrounds.com。	https://www.newgrounds.com	是
Kongregate	Kongregate	游戏	游戏,社交媒体	游戏社区	游戏社区。这里提供Kongregate的官方服务与相关信息，支持通过官网了解产品、功能、使用方式及最新动态；具体服务范围、开放地区和使用规则请以官方网站当前页面为准。官方网站：kongregate.com。	https://www.kongregate.com	是
CrazyGames	CrazyGames	游戏	游戏,社交媒体	游戏平台	游戏平台。这里提供CrazyGames的官方服务与相关信息，支持通过官网了解产品、功能、使用方式及最新动态；具体服务范围、开放地区和使用规则请以官方网站当前页面为准。官方网站：crazygames.com。	https://www.crazygames.com	是
Miniclip	Miniclip	游戏	游戏,社交媒体	游戏平台	游戏平台。这里提供Miniclip的官方服务与相关信息，支持通过官网了解产品、功能、使用方式及最新动态；具体服务范围、开放地区和使用规则请以官方网站当前页面为准。官方网站：miniclip.com。	https://www.miniclip.com	是
Poki	Poki	游戏	游戏,社交媒体	游戏平台	游戏平台。这里提供Poki的官方服务与相关信息，支持通过官网了解产品、功能、使用方式及最新动态；具体服务范围、开放地区和使用规则请以官方网站当前页面为准。官方网站：poki.com。	https://poki.com	是
绝区零	绝区零	游戏	游戏,社交媒体	米哈游游戏	米哈游游戏。这里提供绝区零的官方服务与相关信息，支持通过官网了解产品、功能、使用方式及最新动态；具体服务范围、开放地区和使用规则请以官方网站当前页面为准。官方网站：zzz.mihoyo.com。	https://zzz.mihoyo.com	否
鸣潮	鸣潮	游戏	游戏,社交媒体	库洛游戏	库洛游戏。这里提供鸣潮的官方服务与相关信息，支持通过官网了解产品、功能、使用方式及最新动态；具体服务范围、开放地区和使用规则请以官方网站当前页面为准。官方网站：wutheringwaves.kurogames.com。	https://wutheringwaves.kurogames.com	是
VG百科	VG百科	游戏	在线学习,游戏,社交媒体	游戏百科	游戏百科。这里提供VG百科的官方服务与相关信息，支持通过官网了解产品、功能、使用方式及最新动态；具体服务范围、开放地区和使用规则请以官方网站当前页面为准。官方网站：vgbaike.com。	https://www.vgbaike.com	否
HMCL启动器	HMCL启动器	游戏	游戏,社交媒体	游戏启动器	游戏启动器。这里提供HMCL启动器的官方服务与相关信息，支持通过官网了解产品、功能、使用方式及最新动态；具体服务范围、开放地区和使用规则请以官方网站当前页面为准。官方网站：hmcl.huangyuhui.net。	https://hmcl.huangyuhui.net	否
掌阅	掌阅	阅读	其他,在线学习,在线阅读	阅读平台	阅读平台。这里提供掌阅的官方服务与相关信息，支持通过官网了解产品、功能、使用方式及最新动态；具体服务范围、开放地区和使用规则请以官方网站当前页面为准。官方网站：ireader.com。	https://www.ireader.com	否
番茄小说	番茄小说	阅读	在线学习,效率工具,在线阅读	网络文学	网络文学。这里提供番茄小说的官方服务与相关信息，支持通过官网了解产品、功能、使用方式及最新动态；具体服务范围、开放地区和使用规则请以官方网站当前页面为准。官方网站：fanqienovel.com。	https://fanqienovel.com	否
QQ阅读	QQ阅读	阅读	其他,在线学习,在线阅读	阅读平台	阅读平台。这里提供QQ阅读的官方服务与相关信息，支持通过官网了解产品、功能、使用方式及最新动态；具体服务范围、开放地区和使用规则请以官方网站当前页面为准。官方网站：book.qq.com。	https://book.qq.com	否
Z-Library	Z-Library	阅读	其他,在线学习,在线阅读	电子书库	电子书库。这里提供Z-Library的官方服务与相关信息，支持通过官网了解产品、功能、使用方式及最新动态；具体服务范围、开放地区和使用规则请以官方网站当前页面为准。官方网站：z-lib.io。	https://z-lib.io	是
豆瓣读书	豆瓣读书	阅读	社交媒体,在线学习,在线阅读	图书社区	图书社区。这里提供豆瓣读书的官方服务与相关信息，支持通过官网了解产品、功能、使用方式及最新动态；具体服务范围、开放地区和使用规则请以官方网站当前页面为准。官方网站：book.douban.com。	https://book.douban.com	否
优尼克斯	Yonex尤尼克斯	运动	运动户外,生活服务	日本运动品牌	日本运动品牌。这里提供Yonex尤尼克斯的官方服务与相关信息，支持通过官网了解产品、功能、使用方式及最新动态；具体服务范围、开放地区和使用规则请以官方网站当前页面为准。官方网站：yonex.com.cn。	https://www.yonex.com.cn	否
喜德盛	XDS喜德盛	运动	运动户外,生活服务	国产自行车品牌	国产自行车品牌。这里提供XDS喜德盛的官方服务与相关信息，支持通过官网了解产品、功能、使用方式及最新动态；具体服务范围、开放地区和使用规则请以官方网站当前页面为准。官方网站：xds-bike.com。	https://www.xds-bike.com	否
始祖鸟	Arc'teryx始祖鸟	运动	运动户外,生活服务	加拿大高端户外品牌	加拿大高端户外品牌。这里提供Arc'teryx始祖鸟的官方服务与相关信息，支持通过官网了解产品、功能、使用方式及最新动态；具体服务范围、开放地区和使用规则请以官方网站当前页面为准。官方网站：arcteryx.com。	https://www.arcteryx.com	是
安踏	Anta安踏	运动	运动户外,生活服务	国产运动品牌龙头	国产运动品牌龙头。这里提供Anta安踏的官方服务与相关信息，支持通过官网了解产品、功能、使用方式及最新动态；具体服务范围、开放地区和使用规则请以官方网站当前页面为准。官方网站：anta.com。	https://www.anta.com	否
捷安特	Giant捷安特	运动	运动户外,生活服务	台湾自行车品牌	台湾自行车品牌。这里提供Giant捷安特的官方服务与相关信息，支持通过官网了解产品、功能、使用方式及最新动态；具体服务范围、开放地区和使用规则请以官方网站当前页面为准。官方网站：giant-bicycles.com。	https://www.giant-bicycles.com	否
李宁	Li-Ning李宁	运动	运动户外,生活服务	国产运动品牌	国产运动品牌。这里提供Li-Ning李宁的官方服务与相关信息，支持通过官网了解产品、功能、使用方式及最新动态；具体服务范围、开放地区和使用规则请以官方网站当前页面为准。官方网站：lining.com。	https://www.lining.com	否
梅花	Colnago梅花	运动	运动户外,生活服务	意大利自行车品牌	意大利自行车品牌。这里提供Colnago梅花的官方服务与相关信息，支持通过官网了解产品、功能、使用方式及最新动态；具体服务范围、开放地区和使用规则请以官方网站当前页面为准。官方网站：colnago.com。	https://www.colnago.com	否
永久	Forever永久自行车	运动	运动户外,生活服务	国产自行车品牌	国产自行车品牌。这里提供Forever永久自行车的官方服务与相关信息，支持通过官网了解产品、功能、使用方式及最新动态；具体服务范围、开放地区和使用规则请以官方网站当前页面为准。官方网站：yongjiu.com。	https://www.yongjiu.com	否
耐克	Nike耐克	运动	运动户外,生活服务	美国运动品牌	美国运动品牌。这里提供Nike耐克的官方服务与相关信息，支持通过官网了解产品、功能、使用方式及最新动态；具体服务范围、开放地区和使用规则请以官方网站当前页面为准。官方网站：nike.com。	https://www.nike.com	否
胜利	Victor胜利	运动	运动户外,生活服务	台湾运动品牌	台湾运动品牌。这里提供Victor胜利的官方服务与相关信息，支持通过官网了解产品、功能、使用方式及最新动态；具体服务范围、开放地区和使用规则请以官方网站当前页面为准。官方网站：victor.com.tw。	https://www.victor.com.tw	否
迪卡侬	Decathlon迪卡侬	运动	运动户外,生活服务	法国综合运动用品零售商	法国综合运动用品零售商。这里提供Decathlon迪卡侬的官方服务与相关信息，支持通过官网了解产品、功能、使用方式及最新动态；具体服务范围、开放地区和使用规则请以官方网站当前页面为准。官方网站：decathlon.com.cn。	https://www.decathlon.com.cn	否
闪电	Specialized闪电	运动	运动户外,生活服务	美国高端自行车品牌	美国高端自行车品牌。这里提供Specialized闪电的官方服务与相关信息，支持通过官网了解产品、功能、使用方式及最新动态；具体服务范围、开放地区和使用规则请以官方网站当前页面为准。官方网站：specialized.com。	https://www.specialized.com	否
骆驼	Camel骆驼	运动	运动户外,生活服务	国产户外品牌	国产户外品牌。这里提供Camel骆驼的官方服务与相关信息，支持通过官网了解产品、功能、使用方式及最新动态；具体服务范围、开放地区和使用规则请以官方网站当前页面为准。官方网站：camel.com.cn。	https://www.camel.com.cn	否
鸿星尔克	ERKE鸿星尔克	运动	运动户外,生活服务	国产运动品牌	国产运动品牌。这里提供ERKE鸿星尔克的官方服务与相关信息，支持通过官网了解产品、功能、使用方式及最新动态；具体服务范围、开放地区和使用规则请以官方网站当前页面为准。官方网站：erke.com。	https://www.erke.com	否
耐克	Nike中国	运动户外	运动户外,其他,在线服务	运动品牌	运动品牌。这里提供Nike中国的官方服务与相关信息，支持通过官网了解产品、功能、使用方式及最新动态；具体服务范围、开放地区和使用规则请以官方网站当前页面为准。官方网站：nike.com.cn。	https://www.nike.com.cn	是
阿迪达斯	Adidas中国	运动户外	运动户外,其他,在线服务	运动品牌	运动品牌。这里提供Adidas中国的官方服务与相关信息，支持通过官网了解产品、功能、使用方式及最新动态；具体服务范围、开放地区和使用规则请以官方网站当前页面为准。官方网站：adidas.com.cn。	https://www.adidas.com.cn	是
探路者	探路者	运动户外	运动户外,其他,在线服务	户外品牌	户外品牌。这里提供探路者的官方服务与相关信息，支持通过官网了解产品、功能、使用方式及最新动态；具体服务范围、开放地区和使用规则请以官方网站当前页面为准。官方网站：toread.com.cn。	https://www.toread.com.cn	否
凯乐石	凯乐石	运动户外	运动户外,其他,在线服务	户外品牌	户外品牌。这里提供凯乐石的官方服务与相关信息，支持通过官网了解产品、功能、使用方式及最新动态；具体服务范围、开放地区和使用规则请以官方网站当前页面为准。官方网站：kailas.com.cn。	https://www.kailas.com.cn	否
中国政府网	国务院	政务	政务,生活服务	中国政府官方门户网站	中国政府官方门户网站。这里提供国务院的官方服务与相关信息，支持通过官网了解产品、功能、使用方式及最新动态；具体服务范围、开放地区和使用规则请以官方网站当前页面为准。官方网站：gov.cn。	https://www.gov.cn	否
Axure原型	Axure 项目原型	政务	政务,生活服务	Axure 原型项目页面	Axure 原型项目页面。这里提供Axure 项目原型的官方服务与相关信息，支持通过官网了解产品、功能、使用方式及最新动态；具体服务范围、开放地区和使用规则请以官方网站当前页面为准。官方网站：un6xlfjk.project.axureshow.com。	http://un6xlfjk.project.axureshow.com/	否
国家政务服务平台	国家政务服务平台	政务	政务,生活服务	全国一体化在线政务服务平台	全国一体化在线政务服务平台。这里提供国家政务服务平台的官方服务与相关信息，支持通过官网了解产品、功能、使用方式及最新动态；具体服务范围、开放地区和使用规则请以官方网站当前页面为准。官方网站：gjzwfw.www.gov.cn。	https://gjzwfw.www.gov.cn	否
民政部	中华人民共和国民政部	政务	政务,生活服务	民政部官方网站	民政部官方网站。这里提供中华人民共和国民政部的官方服务与相关信息，支持通过官网了解产品、功能、使用方式及最新动态；具体服务范围、开放地区和使用规则请以官方网站当前页面为准。官方网站：mca.gov.cn。	https://www.mca.gov.cn	否
外交部	中华人民共和国外交部	政务	政务,生活服务	外交部官方网站	外交部官方网站。这里提供中华人民共和国外交部的官方服务与相关信息，支持通过官网了解产品、功能、使用方式及最新动态；具体服务范围、开放地区和使用规则请以官方网站当前页面为准。官方网站：mfa.gov.cn。	https://www.mfa.gov.cn	否
国家统计局	国家统计局	政务	政务,生活服务	国家统计局官方网站	国家统计局官方网站。这里提供国家统计局的官方服务与相关信息，支持通过官网了解产品、功能、使用方式及最新动态；具体服务范围、开放地区和使用规则请以官方网站当前页面为准。官方网站：stats.gov.cn。	https://www.stats.gov.cn	否
国家税务总局	国家税务总局	政务	政务,生活服务	国家税务总局官方网站	国家税务总局官方网站。这里提供国家税务总局的官方服务与相关信息，支持通过官网了解产品、功能、使用方式及最新动态；具体服务范围、开放地区和使用规则请以官方网站当前页面为准。官方网站：chinatax.gov.cn。	https://www.chinatax.gov.cn	否
人力资源和社会保障部	人社部	政务	政务,生活服务	部委官网	部委官网。这里提供人社部的官方服务与相关信息，支持通过官网了解产品、功能、使用方式及最新动态；具体服务范围、开放地区和使用规则请以官方网站当前页面为准。官方网站：mohrss.gov.cn。	http://www.mohrss.gov.cn	否
教育部	教育部	政务	政务,生活服务	部委官网	部委官网。这里提供教育部的官方服务与相关信息，支持通过官网了解产品、功能、使用方式及最新动态；具体服务范围、开放地区和使用规则请以官方网站当前页面为准。官方网站：moe.gov.cn。	http://www.moe.gov.cn	否
科学技术部	科技部	政务	政务,生活服务	部委官网	部委官网。这里提供科技部的官方服务与相关信息，支持通过官网了解产品、功能、使用方式及最新动态；具体服务范围、开放地区和使用规则请以官方网站当前页面为准。官方网站：most.gov.cn。	https://www.most.gov.cn	否
工业和信息化部	工信部	政务	政务,生活服务	部委官网	部委官网。这里提供工信部的官方服务与相关信息，支持通过官网了解产品、功能、使用方式及最新动态；具体服务范围、开放地区和使用规则请以官方网站当前页面为准。官方网站：miit.gov.cn。	https://www.miit.gov.cn	否
中国人民银行	中国人民银行	政务	政务,生活服务	部委官网	部委官网。这里提供中国人民银行的官方服务与相关信息，支持通过官网了解产品、功能、使用方式及最新动态；具体服务范围、开放地区和使用规则请以官方网站当前页面为准。官方网站：pbc.gov.cn。	http://www.pbc.gov.cn	否
国家市场监督管理总局	市场监管总局	政务	政务,生活服务	部委官网	部委官网。这里提供市场监管总局的官方服务与相关信息，支持通过官网了解产品、功能、使用方式及最新动态；具体服务范围、开放地区和使用规则请以官方网站当前页面为准。官方网站：samr.gov.cn。	https://www.samr.gov.cn	否
信用中国	信用中国	政务	政务,生活服务	信用查询	信用查询。这里提供信用中国的官方服务与相关信息，支持通过官网了解产品、功能、使用方式及最新动态；具体服务范围、开放地区和使用规则请以官方网站当前页面为准。官方网站：creditchina.gov.cn。	https://www.creditchina.gov.cn	否
国家企业信用信息公示系统	国家企业信用信息公示	政务	政务,生活服务	企业信用	企业信用。这里提供国家企业信用信息公示的官方服务与相关信息，支持通过官网了解产品、功能、使用方式及最新动态；具体服务范围、开放地区和使用规则请以官方网站当前页面为准。官方网站：gsxt.gov.cn。	https://www.gsxt.gov.cn	否
中国裁判文书网	中国裁判文书网	政务	政务,生活服务	司法公开	司法公开。这里提供中国裁判文书网的官方服务与相关信息，支持通过官网了解产品、功能、使用方式及最新动态；具体服务范围、开放地区和使用规则请以官方网站当前页面为准。官方网站：wenshu.court.gov.cn。	https://wenshu.court.gov.cn	否
ChatGPT	ChatGPT	AI	AI,效率工具	OpenAI推出的AI聊天机器人	OpenAI开发的人工智能聊天机器人，支持自然语言对话、文本创作、代码生成等多种AI能力，是目前最流行的AI助手之一	https://chat.openai.com	是
Claude	Claude AI	AI	AI,效率工具	Anthropic推出的AI助手	Anthropic推出的AI助手。这里提供Claude AI的官方服务与相关信息，支持通过官网了解产品、功能、使用方式及最新动态；具体服务范围、开放地区和使用规则请以官方网站当前页面为准。官方网站：claude.ai。	https://claude.ai	是
Copilot	GitHub Copilot	AI	AI,编程开发,文具,效率工具	GitHub推出的AI编程助手	GitHub推出的AI编程助手。这里提供GitHub Copilot的官方服务与相关信息，支持通过官网了解产品、功能、使用方式及最新动态；具体服务范围、开放地区和使用规则请以官方网站当前页面为准。官方网站：github.com。	https://github.com/features/copilot	是
Coze扣子	Coze扣子	AI	AI,效率工具	字节跳动推出的AI智能体平台	字节跳动推出的AI智能体平台。这里提供Coze扣子的官方服务与相关信息，支持通过官网了解产品、功能、使用方式及最新动态；具体服务范围、开放地区和使用规则请以官方网站当前页面为准。官方网站：coze.cn。	https://www.coze.cn	否
DALL-E	DALL-E	AI	AI,效率工具	OpenAI的AI图像生成工具	OpenAI的AI图像生成工具。这里提供DALL-E的官方服务与相关信息，支持通过官网了解产品、功能、使用方式及最新动态；具体服务范围、开放地区和使用规则请以官方网站当前页面为准。官方网站：openai.com。	https://openai.com/dall-e	是
Deepseek	DeepSeek	AI	AI,效率工具	深度求索推出的AI大模型	深度求索推出的AI大模型。这里提供DeepSeek的官方服务与相关信息，支持通过官网了解产品、功能、使用方式及最新动态；具体服务范围、开放地区和使用规则请以官方网站当前页面为准。官方网站：deepseek.com。	https://www.deepseek.com	否
Gemini	Google Gemini	AI	AI,效率工具	Google推出的多模态AI大模型	Google推出的多模态AI大模型。这里提供Google Gemini的官方服务与相关信息，支持通过官网了解产品、功能、使用方式及最新动态；具体服务范围、开放地区和使用规则请以官方网站当前页面为准。官方网站：gemini.google.com。	https://gemini.google.com	是
Kimi	Kimi	AI	AI,效率工具	月之暗面推出的AI助手	月之暗面推出的AI助手。这里提供Kimi的官方服务与相关信息，支持通过官网了解产品、功能、使用方式及最新动态；具体服务范围、开放地区和使用规则请以官方网站当前页面为准。官方网站：kimi.moonshot.cn。	https://kimi.moonshot.cn	否
Leonardo AI	Leonardo AI	AI	AI,效率工具	AI图像生成与创作平台	AI图像生成与创作平台。这里提供Leonardo AI的官方服务与相关信息，支持通过官网了解产品、功能、使用方式及最新动态；具体服务范围、开放地区和使用规则请以官方网站当前页面为准。官方网站：leonardo.ai。	https://leonardo.ai	是
Midjourney	Midjourney	AI	AI,效率工具	AI绘画生成工具	AI绘画生成工具。这里提供Midjourney的官方服务与相关信息，支持通过官网了解产品、功能、使用方式及最新动态；具体服务范围、开放地区和使用规则请以官方网站当前页面为准。官方网站：midjourney.com。	https://www.midjourney.com	是
Notion AI	Notion AI	AI	办公协作,AI,效率工具	Notion内置的AI助手	Notion内置的AI助手。这里提供Notion AI的官方服务与相关信息，支持通过官网了解产品、功能、使用方式及最新动态；具体服务范围、开放地区和使用规则请以官方网站当前页面为准。官方网站：notion.so。	https://www.notion.so/product/ai	是
Perplexity	Perplexity AI	AI	AI,效率工具	AI驱动的搜索引擎	AI驱动的搜索引擎。这里提供Perplexity AI的官方服务与相关信息，支持通过官网了解产品、功能、使用方式及最新动态；具体服务范围、开放地区和使用规则请以官方网站当前页面为准。官方网站：perplexity.ai。	https://www.perplexity.ai	是
Runway	Runway ML	AI	AI,效率工具	AI视频生成与编辑工具	AI视频生成与编辑工具。这里提供Runway ML的官方服务与相关信息，支持通过官网了解产品、功能、使用方式及最新动态；具体服务范围、开放地区和使用规则请以官方网站当前页面为准。官方网站：runwayml.com。	https://runwayml.com	是
Stable Diffusion	Stable Diffusion	AI	AI,效率工具	开源AI图像生成模型	开源AI图像生成模型。这里提供Stable Diffusion的官方服务与相关信息，支持通过官网了解产品、功能、使用方式及最新动态；具体服务范围、开放地区和使用规则请以官方网站当前页面为准。官方网站：stability.ai。	https://stability.ai	是
华为盘古	华为盘古大模型	AI	AI,数码硬件,效率工具	华为行业大模型	华为行业大模型。这里提供华为盘古大模型的官方服务与相关信息，支持通过官网了解产品、功能、使用方式及最新动态；具体服务范围、开放地区和使用规则请以官方网站当前页面为准。官方网站：huawei.com。	https://www.huawei.com/pangu	否
天工AI	天工AI	AI	AI,效率工具	昆仑万维推出的AI助手	昆仑万维推出的AI助手。这里提供天工AI的官方服务与相关信息，支持通过官网了解产品、功能、使用方式及最新动态；具体服务范围、开放地区和使用规则请以官方网站当前页面为准。官方网站：tiangong.cn。	https://tiangong.cn	否
小米AI	小米AI	AI	AI,数码硬件,效率工具	小米旗下AI助手	小米旗下AI助手。这里提供小米AI的官方服务与相关信息，支持通过官网了解产品、功能、使用方式及最新动态；具体服务范围、开放地区和使用规则请以官方网站当前页面为准。官方网站：ai.mi.com。	https://ai.mi.com	否
文心一言	文心一言	AI	AI,效率工具	百度推出的AI大模型	百度推出的AI大模型。这里提供文心一言的官方服务与相关信息，支持通过官网了解产品、功能、使用方式及最新动态；具体服务范围、开放地区和使用规则请以官方网站当前页面为准。官方网站：yiyan.baidu.com。	https://yiyan.baidu.com	否
智谱AI	智谱AI	AI	AI,效率工具	智谱清言AI助手	智谱清言AI助手。这里提供智谱AI的官方服务与相关信息，支持通过官网了解产品、功能、使用方式及最新动态；具体服务范围、开放地区和使用规则请以官方网站当前页面为准。官方网站：chatglm.cn。	https://chatglm.cn	否
百川智能	百川智能	AI	AI,效率工具	百川智能大模型	百川智能大模型。这里提供百川智能的官方服务与相关信息，支持通过官网了解产品、功能、使用方式及最新动态；具体服务范围、开放地区和使用规则请以官方网站当前页面为准。官方网站：baichuan-ai.com。	https://www.baichuan-ai.com	否
腾讯混元	腾讯混元大模型	AI	AI,效率工具	腾讯自研的大语言模型	腾讯自研的大语言模型。这里提供腾讯混元大模型的官方服务与相关信息，支持通过官网了解产品、功能、使用方式及最新动态；具体服务范围、开放地区和使用规则请以官方网站当前页面为准。官方网站：hunyuan.tencent.com。	https://hunyuan.tencent.com	否
讯飞星火	讯飞星火认知大模型	AI	AI,效率工具	科大讯飞推出的AI大模型	科大讯飞推出的AI大模型。这里提供讯飞星火认知大模型的官方服务与相关信息，支持通过官网了解产品、功能、使用方式及最新动态；具体服务范围、开放地区和使用规则请以官方网站当前页面为准。官方网站：xinghuo.xfyun.cn。	https://xinghuo.xfyun.cn	否
豆包	豆包AI	AI	AI,效率工具	字节跳动旗下AI助手	字节跳动旗下AI助手。这里提供豆包AI的官方服务与相关信息，支持通过官网了解产品、功能、使用方式及最新动态；具体服务范围、开放地区和使用规则请以官方网站当前页面为准。官方网站：doubao.com。	https://www.doubao.com	否
通义千问	通义千问	AI	AI,效率工具	阿里推出的AI大模型	阿里推出的AI大模型。这里提供通义千问的官方服务与相关信息，支持通过官网了解产品、功能、使用方式及最新动态；具体服务范围、开放地区和使用规则请以官方网站当前页面为准。官方网站：tongyi.aliyun.com。	https://tongyi.aliyun.com	否
腾讯元宝	腾讯元宝AI助手	AI	AI,效率工具	腾讯推出的AI助手	腾讯推出的AI助手。这里提供腾讯元宝AI助手的官方服务与相关信息，支持通过官网了解产品、功能、使用方式及最新动态；具体服务范围、开放地区和使用规则请以官方网站当前页面为准。官方网站：yuanbao.tencent.com。	https://yuanbao.tencent.com	否
秘塔AI搜索	Metaso	AI	AI,效率工具	新一代AI搜索引擎	新一代AI搜索引擎。这里提供Metaso的官方服务与相关信息，支持通过官网了解产品、功能、使用方式及最新动态；具体服务范围、开放地区和使用规则请以官方网站当前页面为准。官方网站：metaso.cn。	https://metaso.cn	否
OpenAI	OpenAI	AI	AI,效率工具	美国AI研究公司	美国AI研究公司。这里提供OpenAI的官方服务与相关信息，支持通过官网了解产品、功能、使用方式及最新动态；具体服务范围、开放地区和使用规则请以官方网站当前页面为准。官方网站：openai.com。	https://openai.com	是
Anthropic	Anthropic	AI	AI,效率工具	AI安全公司	AI安全公司。这里提供Anthropic的官方服务与相关信息，支持通过官网了解产品、功能、使用方式及最新动态；具体服务范围、开放地区和使用规则请以官方网站当前页面为准。官方网站：anthropic.com。	https://www.anthropic.com	是
Hugging Face	Hugging Face	AI	AI,效率工具	AI模型社区	AI模型社区。这里提供Hugging Face的官方服务与相关信息，支持通过官网了解产品、功能、使用方式及最新动态；具体服务范围、开放地区和使用规则请以官方网站当前页面为准。官方网站：huggingface.co。	https://huggingface.co	是
Kimi	月之暗面Kimi	AI	AI,效率工具	长文本AI	长文本AI。这里提供月之暗面Kimi的官方服务与相关信息，支持通过官网了解产品、功能、使用方式及最新动态；具体服务范围、开放地区和使用规则请以官方网站当前页面为准。官方网站：kimi.com。	https://www.kimi.com	否
夸克	夸克AI	AI	效率工具,AI	智能搜索	智能搜索。这里提供夸克AI的官方服务与相关信息，支持通过官网了解产品、功能、使用方式及最新动态；具体服务范围、开放地区和使用规则请以官方网站当前页面为准。官方网站：quark.cn。	https://www.quark.cn	否
Suno	Suno	AI	AI,效率工具	AI音乐	AI音乐。这里提供Suno的官方服务与相关信息，支持通过官网了解产品、功能、使用方式及最新动态；具体服务范围、开放地区和使用规则请以官方网站当前页面为准。官方网站：suno.ai。	https://suno.ai	是
ElevenLabs	ElevenLabs	AI	AI,效率工具	AI语音	AI语音。这里提供ElevenLabs的官方服务与相关信息，支持通过官网了解产品、功能、使用方式及最新动态；具体服务范围、开放地区和使用规则请以官方网站当前页面为准。官方网站：elevenlabs.io。	https://elevenlabs.io	是
Cursor	Cursor	AI	AI,效率工具	AI编程	AI编程。这里提供Cursor的官方服务与相关信息，支持通过官网了解产品、功能、使用方式及最新动态；具体服务范围、开放地区和使用规则请以官方网站当前页面为准。官方网站：cursor.sh。	https://cursor.sh	是
Poe	Poe	AI	AI,效率工具	AI对话	AI对话。这里提供Poe的官方服务与相关信息，支持通过官网了解产品、功能、使用方式及最新动态；具体服务范围、开放地区和使用规则请以官方网站当前页面为准。官方网站：poe.com。	https://poe.com	是
Character.ai	Character.ai	AI	AI,效率工具	AI对话	AI对话。这里提供Character.ai的官方服务与相关信息，支持通过官网了解产品、功能、使用方式及最新动态；具体服务范围、开放地区和使用规则请以官方网站当前页面为准。官方网站：character.ai。	https://character.ai	是
Grok	xAI Grok	AI	AI,效率工具	AI对话	AI对话。这里提供xAI Grok的官方服务与相关信息，支持通过官网了解产品、功能、使用方式及最新动态；具体服务范围、开放地区和使用规则请以官方网站当前页面为准。官方网站：grok.com。	https://grok.com	是
MiMo	小米MiMO	AI	数码硬件,AI,效率工具	小米AI	小米AI。这里提供小米MiMO的官方服务与相关信息，支持通过官网了解产品、功能、使用方式及最新动态；具体服务范围、开放地区和使用规则请以官方网站当前页面为准。官方网站：mimo.mi.com。	https://mimo.mi.com	否
即梦AI	即梦AI	AI	AI,效率工具	字节AI创作	字节AI创作。这里提供即梦AI的官方服务与相关信息，支持通过官网了解产品、功能、使用方式及最新动态；具体服务范围、开放地区和使用规则请以官方网站当前页面为准。官方网站：jimeng.jianying.com。	https://jimeng.jianying.com	否
可灵AI	可灵AI	AI	AI,效率工具	快手AI视频	快手AI视频。这里提供可灵AI的官方服务与相关信息，支持通过官网了解产品、功能、使用方式及最新动态；具体服务范围、开放地区和使用规则请以官方网站当前页面为准。官方网站：klingai.kuaishou.com。	https://klingai.kuaishou.com	否
Sora	Sora	AI	AI,效率工具	OpenAI视频	OpenAI视频。这里提供Sora的官方服务与相关信息，支持通过官网了解产品、功能、使用方式及最新动态；具体服务范围、开放地区和使用规则请以官方网站当前页面为准。官方网站：sora.com。	https://sora.com	是
商量	SenseChat商量	AI	AI,效率工具	商汤AI	商汤AI。这里提供SenseChat商量的官方服务与相关信息，支持通过官网了解产品、功能、使用方式及最新动态；具体服务范围、开放地区和使用规则请以官方网站当前页面为准。官方网站：chat.sensetime.com。	https://chat.sensetime.com	否
阶跃星辰	阶跃星辰	AI	AI,效率工具	国产AI	国产AI。这里提供阶跃星辰的官方服务与相关信息，支持通过官网了解产品、功能、使用方式及最新动态；具体服务范围、开放地区和使用规则请以官方网站当前页面为准。官方网站：stepfun.com。	https://www.stepfun.com	否
零一万物	零一万物Yi	AI	AI,效率工具	国产AI	国产AI。这里提供零一万物Yi的官方服务与相关信息，支持通过官网了解产品、功能、使用方式及最新动态；具体服务范围、开放地区和使用规则请以官方网站当前页面为准。官方网站：lingyiwanwu.com。	https://www.lingyiwanwu.com	否
纳米AI	纳米AI	AI	AI,效率工具	360AI	360AI。这里提供纳米AI的官方服务与相关信息，支持通过官网了解产品、功能、使用方式及最新动态；具体服务范围、开放地区和使用规则请以官方网站当前页面为准。官方网站：n.cn。	https://www.n.cn	否
Mistral	Mistral AI	AI	AI,效率工具	开源AI	开源AI。这里提供Mistral AI的官方服务与相关信息，支持通过官网了解产品、功能、使用方式及最新动态；具体服务范围、开放地区和使用规则请以官方网站当前页面为准。官方网站：mistral.ai。	https://mistral.ai	是
Meta AI	Meta AI	AI	AI,效率工具	Llama	Llama。这里提供Meta AI的官方服务与相关信息，支持通过官网了解产品、功能、使用方式及最新动态；具体服务范围、开放地区和使用规则请以官方网站当前页面为准。官方网站：meta.ai。	https://www.meta.ai	是
NotebookLM	NotebookLM	AI	AI,效率工具	谷歌AI笔记	谷歌AI笔记。这里提供NotebookLM的官方服务与相关信息，支持通过官网了解产品、功能、使用方式及最新动态；具体服务范围、开放地区和使用规则请以官方网站当前页面为准。官方网站：notebooklm.google.com。	https://notebooklm.google.com	是
Veo	Google Veo	AI	AI,效率工具	谷歌AI视频	谷歌AI视频。这里提供Google Veo的官方服务与相关信息，支持通过官网了解产品、功能、使用方式及最新动态；具体服务范围、开放地区和使用规则请以官方网站当前页面为准。官方网站：deepmind.google。	https://deepmind.google/technologies/veo/	是
Udio	Udio	AI	AI,效率工具	AI音乐	AI音乐。这里提供Udio的官方服务与相关信息，支持通过官网了解产品、功能、使用方式及最新动态；具体服务范围、开放地区和使用规则请以官方网站当前页面为准。官方网站：udio.com。	https://www.udio.com	是
Luma Dream Machine	Luma AI	AI	AI,效率工具	AI视频生成	AI视频生成。这里提供Luma AI的官方服务与相关信息，支持通过官网了解产品、功能、使用方式及最新动态；具体服务范围、开放地区和使用规则请以官方网站当前页面为准。官方网站：lumalabs.ai。	https://lumalabs.ai	是
Pika	Pika	AI	AI,效率工具	AI视频生成	AI视频生成。这里提供Pika的官方服务与相关信息，支持通过官网了解产品、功能、使用方式及最新动态；具体服务范围、开放地区和使用规则请以官方网站当前页面为准。官方网站：pika.art。	https://pika.art	是
MiniMax	MiniMax	AI	AI,效率工具	国产AI	国产AI。这里提供MiniMax的官方服务与相关信息，支持通过官网了解产品、功能、使用方式及最新动态；具体服务范围、开放地区和使用规则请以官方网站当前页面为准。官方网站：minimaxi.com。	https://www.minimaxi.com	否
海螺AI	海螺AI	AI	AI,效率工具	MiniMaxAI	MiniMaxAI。这里提供海螺AI的官方服务与相关信息，支持通过官网了解产品、功能、使用方式及最新动态；具体服务范围、开放地区和使用规则请以官方网站当前页面为准。官方网站：hailuoai.com。	https://hailuoai.com	否
Codeberg	Codeberg	开发	编程开发,效率工具	开源代码托管平台	开源代码托管平台。这里提供Codeberg的官方服务与相关信息，支持通过官网了解产品、功能、使用方式及最新动态；具体服务范围、开放地区和使用规则请以官方网站当前页面为准。官方网站：codeberg.org。	https://codeberg.org	否
Penpot	Penpot	设计	设计与创意,效率工具	开源界面设计与原型平台	开源界面设计与原型平台。这里提供Penpot的官方服务与相关信息，支持通过官网了解产品、功能、使用方式及最新动态；具体服务范围、开放地区和使用规则请以官方网站当前页面为准。官方网站：penpot.app。	https://penpot.app	否
AppFlowy	AppFlowy	工具	办公协作,效率工具,在线服务	开源知识管理与协作平台	开源知识管理与协作平台。这里提供AppFlowy的官方服务与相关信息，支持通过官网了解产品、功能、使用方式及最新动态；具体服务范围、开放地区和使用规则请以官方网站当前页面为准。官方网站：appflowy.io。	https://appflowy.io	否
Raycast	Raycast	工具	效率工具,在线服务	macOS效率启动器	macOS效率启动器。这里提供Raycast的官方服务与相关信息，支持通过官网了解产品、功能、使用方式及最新动态；具体服务范围、开放地区和使用规则请以官方网站当前页面为准。官方网站：raycast.com。	https://raycast.com	是
roadmap.sh	roadmap.sh	教育	在线学习,效率工具	开发者学习路线图	开发者学习路线图。这里提供roadmap.sh的官方服务与相关信息，支持通过官网了解产品、功能、使用方式及最新动态；具体服务范围、开放地区和使用规则请以官方网站当前页面为准。官方网站：roadmap.sh。	https://roadmap.sh	否
OpenRouter	OpenRouter	AI	AI,效率工具	多模型AI接口平台	多模型AI接口平台。这里提供OpenRouter的官方服务与相关信息，支持通过官网了解产品、功能、使用方式及最新动态；具体服务范围、开放地区和使用规则请以官方网站当前页面为准。官方网站：openrouter.ai。	https://openrouter.ai	是
Replicate	Replicate	AI	AI,效率工具	AI模型运行平台	AI模型运行平台。这里提供Replicate的官方服务与相关信息，支持通过官网了解产品、功能、使用方式及最新动态；具体服务范围、开放地区和使用规则请以官方网站当前页面为准。官方网站：replicate.com。	https://replicate.com	是
Bruno	Bruno	开发	编程开发,效率工具	开源API客户端	开源API客户端。这里提供Bruno的官方服务与相关信息，支持通过官网了解产品、功能、使用方式及最新动态；具体服务范围、开放地区和使用规则请以官方网站当前页面为准。官方网站：usebruno.com。	https://www.usebruno.com	否
JetBrains	JetBrains	开发	编程开发,效率工具	开发工具厂商	开发工具厂商。这里提供JetBrains的官方服务与相关信息，支持通过官网了解产品、功能、使用方式及最新动态；具体服务范围、开放地区和使用规则请以官方网站当前页面为准。官方网站：jetbrains.com。	https://www.jetbrains.com	否
FigJam	FigJam	设计	设计与创意,效率工具	在线协作白板	在线协作白板。这里提供FigJam的官方服务与相关信息，支持通过官网了解产品、功能、使用方式及最新动态；具体服务范围、开放地区和使用规则请以官方网站当前页面为准。官方网站：figma.com。	https://www.figma.com/figjam	是
Todoist	Todoist	工具	效率工具,在线服务	任务管理工具	任务管理工具。这里提供Todoist的官方服务与相关信息，支持通过官网了解产品、功能、使用方式及最新动态；具体服务范围、开放地区和使用规则请以官方网站当前页面为准。官方网站：todoist.com。	https://www.todoist.com	是
TickTick	滴答清单	工具	效率工具,在线服务	任务与日程管理工具	任务与日程管理工具。这里提供滴答清单的官方服务与相关信息，支持通过官网了解产品、功能、使用方式及最新动态；具体服务范围、开放地区和使用规则请以官方网站当前页面为准。官方网站：ticktick.com。	https://www.ticktick.com	否
Readwise	Readwise	工具	效率工具,在线服务	阅读知识管理工具	阅读知识管理工具。这里提供Readwise的官方服务与相关信息，支持通过官网了解产品、功能、使用方式及最新动态；具体服务范围、开放地区和使用规则请以官方网站当前页面为准。官方网站：readwise.io。	https://readwise.io	是
Overleaf	Overleaf	教育	在线学习,效率工具	在线LaTeX协作平台	在线LaTeX协作平台。这里提供Overleaf的官方服务与相关信息，支持通过官网了解产品、功能、使用方式及最新动态；具体服务范围、开放地区和使用规则请以官方网站当前页面为准。官方网站：overleaf.com。	https://www.overleaf.com	是
Domestika	Domestika	教育	在线学习,效率工具	创意技能课程平台	创意技能课程平台。这里提供Domestika的官方服务与相关信息，支持通过官网了解产品、功能、使用方式及最新动态；具体服务范围、开放地区和使用规则请以官方网站当前页面为准。官方网站：domestika.org。	https://www.domestika.org	是
Aptabase	Aptabase	工具	其他,效率工具,在线服务	Aptabase在线服务	Aptabase在线服务。这里提供Aptabase的官方服务与相关信息，支持通过官网了解产品、功能、使用方式及最新动态；具体服务范围、开放地区和使用规则请以官方网站当前页面为准。官方网站：aptabase.com。	https://aptabase.com	是
Druid	Druid	工具	其他,效率工具,在线服务	Druid在线服务	Druid在线服务。这里提供Druid的官方服务与相关信息，支持通过官网了解产品、功能、使用方式及最新动态；具体服务范围、开放地区和使用规则请以官方网站当前页面为准。官方网站：druid.apache.org。	https://druid.apache.org	是
Awesome Selfhosted	Awesome Selfhosted	工具	其他,效率工具,在线服务	Awesome Selfhosted在线服务	Awesome Selfhosted在线服务。这里提供Awesome Selfhosted的官方服务与相关信息，支持通过官网了解产品、功能、使用方式及最新动态；具体服务范围、开放地区和使用规则请以官方网站当前页面为准。官方网站：awesome-selfhosted.net。	https://awesome-selfhosted.net	是
Gnu	Gnu	工具	其他,效率工具,在线服务	Gnu在线服务	Gnu在线服务。这里提供Gnu的官方服务与相关信息，支持通过官网了解产品、功能、使用方式及最新动态；具体服务范围、开放地区和使用规则请以官方网站当前页面为准。官方网站：gnu.org。	https://www.gnu.org/philosophy/who-does-that-server-really-serve.html	是
Emanuelef	Emanuelef	开发	编程开发,效率工具	Emanuelef在线服务	Emanuelef在线服务。这里提供Emanuelef的官方服务与相关信息，支持通过官网了解产品、功能、使用方式及最新动态；具体服务范围、开放地区和使用规则请以官方网站当前页面为准。官方网站：emanuelef.github.io。	https://emanuelef.github.io/daily-stars-explorer	是
Img	Img	工具	其他,效率工具,在线服务	Img在线服务	Img在线服务。这里提供Img的官方服务与相关信息，支持通过官网了解产品、功能、使用方式及最新动态；具体服务范围、开放地区和使用规则请以官方网站当前页面为准。官方网站：img.shields.io。	https://img.shields.io/liberapay/goal/awesome-selfhosted.svg	是
Matomo	Matomo	工具	其他,效率工具,在线服务	Matomo在线服务	Matomo在线服务。这里提供Matomo的官方服务与相关信息，支持通过官网了解产品、功能、使用方式及最新动态；具体服务范围、开放地区和使用规则请以官方网站当前页面为准。官方网站：matomo.org。	https://matomo.org	是
Awstats	Awstats	工具	其他,效率工具,在线服务	Awstats在线服务	Awstats在线服务。这里提供Awstats的官方服务与相关信息，支持通过官网了解产品、功能、使用方式及最新动态；具体服务范围、开放地区和使用规则请以官方网站当前页面为准。官方网站：awstats.org。	https://www.awstats.org	是
Demo	Demo	工具	其他,效率工具,在线服务	Demo在线服务	Demo在线服务。这里提供Demo的官方服务与相关信息，支持通过官网了解产品、功能、使用方式及最新动态；具体服务范围、开放地区和使用规则请以官方网站当前页面为准。官方网站：demo.medama.io。	https://demo.medama.io	是
Offen	Offen	开发	编程开发,效率工具	Offen在线服务	Offen在线服务。这里提供Offen的官方服务与相关信息，支持通过官网了解产品、功能、使用方式及最新动态；具体服务范围、开放地区和使用规则请以官方网站当前页面为准。官方网站：offen.dev。	https://www.offen.dev	是
Posthog	Posthog	工具	其他,效率工具,在线服务	Posthog在线服务	Posthog在线服务。这里提供Posthog的官方服务与相关信息，支持通过官网了解产品、功能、使用方式及最新动态；具体服务范围、开放地区和使用规则请以官方网站当前页面为准。官方网站：posthog.com。	https://posthog.com	是
Plausible	Plausible	工具	其他,效率工具,在线服务	Plausible在线服务	Plausible在线服务。这里提供Plausible的官方服务与相关信息，支持通过官网了解产品、功能、使用方式及最新动态；具体服务范围、开放地区和使用规则请以官方网站当前页面为准。官方网站：plausible.io。	https://plausible.io	是
Middlewarehq	Middlewarehq	工具	其他,效率工具,在线服务	Middlewarehq在线服务	Middlewarehq在线服务。这里提供Middlewarehq的官方服务与相关信息，支持通过官网了解产品、功能、使用方式及最新动态；具体服务范围、开放地区和使用规则请以官方网站当前页面为准。官方网站：middlewarehq.com。	https://middlewarehq.com	是
Netron	Netron	工具	其他,效率工具,在线服务	Netron在线服务	Netron在线服务。这里提供Netron的官方服务与相关信息，支持通过官网了解产品、功能、使用方式及最新动态；具体服务范围、开放地区和使用规则请以官方网站当前页面为准。官方网站：netron.app。	https://netron.app	是
Rybbit	Rybbit	工具	其他,效率工具,在线服务	Rybbit在线服务	Rybbit在线服务。这里提供Rybbit的官方服务与相关信息，支持通过官网了解产品、功能、使用方式及最新动态；具体服务范围、开放地区和使用规则请以官方网站当前页面为准。官方网站：rybbit.com。	https://rybbit.com	是
Archivebox	Archivebox	工具	其他,效率工具,在线服务	Archivebox在线服务	Archivebox在线服务。这里提供Archivebox的官方服务与相关信息，支持通过官网了解产品、功能、使用方式及最新动态；具体服务范围、开放地区和使用规则请以官方网站当前页面为准。官方网站：archivebox.io。	https://archivebox.io	是
Prismeanalytics	Prismeanalytics	工具	其他,效率工具,在线服务	Prismeanalytics在线服务	Prismeanalytics在线服务。这里提供Prismeanalytics的官方服务与相关信息，支持通过官网了解产品、功能、使用方式及最新动态；具体服务范围、开放地区和使用规则请以官方网站当前页面为准。官方网站：prismeanalytics.com。	https://www.prismeanalytics.com	是
Vinceanalytics	Vinceanalytics	工具	其他,效率工具,在线服务	Vinceanalytics在线服务	Vinceanalytics在线服务。这里提供Vinceanalytics的官方服务与相关信息，支持通过官网了解产品、功能、使用方式及最新动态；具体服务范围、开放地区和使用规则请以官方网站当前页面为准。官方网站：vinceanalytics.com。	https://www.vinceanalytics.com	是
Postiz	Postiz	工具	其他,效率工具,在线服务	Postiz在线服务	Postiz在线服务。这里提供Postiz的官方服务与相关信息，支持通过官网了解产品、功能、使用方式及最新动态；具体服务范围、开放地区和使用规则请以官方网站当前页面为准。官方网站：postiz.com。	https://postiz.com	是
Superset	Superset	工具	其他,效率工具,在线服务	Superset在线服务	Superset在线服务。这里提供Superset的官方服务与相关信息，支持通过官网了解产品、功能、使用方式及最新动态；具体服务范围、开放地区和使用规则请以官方网站当前页面为准。官方网站：superset.apache.org。	http://superset.apache.org	是
Bitmagnet	Bitmagnet	工具	其他,效率工具,在线服务	Bitmagnet在线服务	Bitmagnet在线服务。这里提供Bitmagnet的官方服务与相关信息，支持通过官网了解产品、功能、使用方式及最新动态；具体服务范围、开放地区和使用规则请以官方网站当前页面为准。官方网站：bitmagnet.io。	https://bitmagnet.io	是
Umami	Umami	工具	其他,效率工具,在线服务	Umami在线服务	Umami在线服务。这里提供Umami的官方服务与相关信息，支持通过官网了解产品、功能、使用方式及最新动态；具体服务范围、开放地区和使用规则请以官方网站当前页面为准。官方网站：umami.is。	https://umami.is	是
Mailpiler	Mailpiler	AI	AI,效率工具	Mailpiler在线服务	Mailpiler在线服务。这里提供Mailpiler的官方服务与相关信息，支持通过官网了解产品、功能、使用方式及最新动态；具体服务范围、开放地区和使用规则请以官方网站当前页面为准。官方网站：mailpiler.org。	https://www.mailpiler.org	是
Collectiveaccess	Collectiveaccess	工具	其他,效率工具,在线服务	Collectiveaccess在线服务	Collectiveaccess在线服务。这里提供Collectiveaccess的官方服务与相关信息，支持通过官网了解产品、功能、使用方式及最新动态；具体服务范围、开放地区和使用规则请以官方网站当前页面为准。官方网站：collectiveaccess.org。	https://collectiveaccess.org	是
Airflow	Airflow	AI	AI,效率工具	Airflow在线服务	Airflow在线服务。这里提供Airflow的官方服务与相关信息，支持通过官网了解产品、功能、使用方式及最新动态；具体服务范围、开放地区和使用规则请以官方网站当前页面为准。官方网站：airflow.apache.org。	https://airflow.apache.org	是
Openarchiver	Openarchiver	工具	其他,效率工具,在线服务	Openarchiver在线服务	Openarchiver在线服务。这里提供Openarchiver的官方服务与相关信息，支持通过官网了解产品、功能、使用方式及最新动态；具体服务范围、开放地区和使用规则请以官方网站当前页面为准。官方网站：openarchiver.com。	https://openarchiver.com	是
Automatisch	Automatisch	工具	其他,效率工具,在线服务	Automatisch在线服务	Automatisch在线服务。这里提供Automatisch的官方服务与相关信息，支持通过官网了解产品、功能、使用方式及最新动态；具体服务范围、开放地区和使用规则请以官方网站当前页面为准。官方网站：automatisch.io。	https://automatisch.io	是
Cronicle	Cronicle	工具	其他,效率工具,在线服务	Cronicle在线服务	Cronicle在线服务。这里提供Cronicle的官方服务与相关信息，支持通过官网了解产品、功能、使用方式及最新动态；具体服务范围、开放地区和使用规则请以官方网站当前页面为准。官方网站：cronicle.net。	https://cronicle.net	是
Changedetection	Changedetection	工具	其他,效率工具,在线服务	Changedetection在线服务	Changedetection在线服务。这里提供Changedetection的官方服务与相关信息，支持通过官网了解产品、功能、使用方式及最新动态；具体服务范围、开放地区和使用规则请以官方网站当前页面为准。官方网站：changedetection.io。	https://changedetection.io	是
Chiefonboarding	Chiefonboarding	工具	其他,效率工具,在线服务	Chiefonboarding在线服务	Chiefonboarding在线服务。这里提供Chiefonboarding的官方服务与相关信息，支持通过官网了解产品、功能、使用方式及最新动态；具体服务范围、开放地区和使用规则请以官方网站当前页面为准。官方网站：chiefonboarding.com。	https://chiefonboarding.com	是
Discount Bandit	Discount Bandit	工具	其他,效率工具,在线服务	Discount Bandit在线服务	Discount Bandit在线服务。这里提供Discount Bandit的官方服务与相关信息，支持通过官网了解产品、功能、使用方式及最新动态；具体服务范围、开放地区和使用规则请以官方网站当前页面为准。官方网站：discount-bandit.cybrarist.com。	https://discount-bandit.cybrarist.com	是
Dittofeed	Dittofeed	工具	其他,效率工具,在线服务	Dittofeed在线服务	Dittofeed在线服务。这里提供Dittofeed的官方服务与相关信息，支持通过官网了解产品、功能、使用方式及最新动态；具体服务范围、开放地区和使用规则请以官方网站当前页面为准。官方网站：dittofeed.com。	https://www.dittofeed.com	是
Olivetin	Olivetin	工具	其他,效率工具,在线服务	Olivetin在线服务	Olivetin在线服务。这里提供Olivetin的官方服务与相关信息，支持通过官网了解产品、功能、使用方式及最新动态；具体服务范围、开放地区和使用规则请以官方网站当前页面为准。官方网站：olivetin.app。	https://www.olivetin.app	是
Getleon	Getleon	AI	AI,效率工具	Getleon在线服务	Getleon在线服务。这里提供Getleon的官方服务与相关信息，支持通过官网了解产品、功能、使用方式及最新动态；具体服务范围、开放地区和使用规则请以官方网站当前页面为准。官方网站：getleon.ai。	https://getleon.ai	是
Linkding	Linkding	工具	其他,效率工具,在线服务	Linkding在线服务	Linkding在线服务。这里提供Linkding的官方服务与相关信息，支持通过官网了解产品、功能、使用方式及最新动态；具体服务范围、开放地区和使用规则请以官方网站当前页面为准。官方网站：linkding.link。	https://linkding.link	是
Radicale	Radicale	工具	其他,效率工具,在线服务	Radicale在线服务	Radicale在线服务。这里提供Radicale的官方服务与相关信息，支持通过官网了解产品、功能、使用方式及最新动态；具体服务范围、开放地区和使用规则请以官方网站当前页面为准。官方网站：radicale.org。	https://radicale.org	是
Codeberg	Codeberg	开发	编程开发,效率工具	Codeberg在线服务	Codeberg在线服务。这里提供Codeberg的官方服务与相关信息，支持通过官网了解产品、功能、使用方式及最新动态；具体服务范围、开放地区和使用规则请以官方网站当前页面为准。官方网站：codeberg.org。	https://codeberg.org/offerel/syncmarks-extension	是
Sabre	Sabre	工具	其他,效率工具,在线服务	Sabre在线服务	Sabre在线服务。这里提供Sabre的官方服务与相关信息，支持通过官网了解产品、功能、使用方式及最新动态；具体服务范围、开放地区和使用规则请以官方网站当前页面为准。官方网站：sabre.io。	https://sabre.io	是
Anycable	Anycable	工具	其他,效率工具,在线服务	Anycable在线服务	Anycable在线服务。这里提供Anycable的官方服务与相关信息，支持通过官网了解产品、功能、使用方式及最新动态；具体服务范围、开放地区和使用规则请以官方网站当前页面为准。官方网站：anycable.io。	https://anycable.io	是
Centrifugal	Centrifugal	开发	编程开发,效率工具	Centrifugal在线服务	Centrifugal在线服务。这里提供Centrifugal的官方服务与相关信息，支持通过官网了解产品、功能、使用方式及最新动态；具体服务范围、开放地区和使用规则请以官方网站当前页面为准。官方网站：centrifugal.dev。	https://centrifugal.dev	是
Chitchatter	Chitchatter	工具	效率工具,在线服务	Chitchatter在线服务	Chitchatter在线服务。这里提供Chitchatter的官方服务与相关信息，支持通过官网了解产品、功能、使用方式及最新动态；具体服务范围、开放地区和使用规则请以官方网站当前页面为准。官方网站：chitchatter.im。	https://chitchatter.im	是
Conduit	Conduit	工具	其他,效率工具,在线服务	Conduit在线服务	Conduit在线服务。这里提供Conduit的官方服务与相关信息，支持通过官网了解产品、功能、使用方式及最新动态；具体服务范围、开放地区和使用规则请以官方网站当前页面为准。官方网站：conduit.rs。	https://conduit.rs	是
Sabre	Sabre	工具	其他,效率工具,在线服务	Sabre在线服务	Sabre在线服务。这里提供Sabre的官方服务与相关信息，支持通过官网了解产品、功能、使用方式及最新动态；具体服务范围、开放地区和使用规则请以官方网站当前页面为准。官方网站：sabre.io。	https://sabre.io/baikal	是
Davical	Davical	工具	其他,效率工具,在线服务	Davical在线服务	Davical在线服务。这里提供Davical的官方服务与相关信息，支持通过官网了解产品、功能、使用方式及最新动态；具体服务范围、开放地区和使用规则请以官方网站当前页面为准。官方网站：davical.org。	https://www.davical.org	是
Gotify	Gotify	工具	其他,效率工具,在线服务	Gotify在线服务	Gotify在线服务。这里提供Gotify的官方服务与相关信息，支持通过官网了解产品、功能、使用方式及最新动态；具体服务范围、开放地区和使用规则请以官方网站当前页面为准。官方网站：gotify.net。	https://gotify.net	是
Forgejo	Forgejo	工具	其他,效率工具,在线服务	Forgejo在线服务	Forgejo在线服务。这里提供Forgejo的官方服务与相关信息，支持通过官网了解产品、功能、使用方式及最新动态；具体服务范围、开放地区和使用规则请以官方网站当前页面为准。官方网站：forgejo.ellis.link。	https://forgejo.ellis.link/continuwuation/continuwuity	是
Demo	Demo	工具	其他,效率工具,在线服务	Demo在线服务	Demo在线服务。这里提供Demo的官方服务与相关信息，支持通过官网了解产品、功能、使用方式及最新动态；具体服务范围、开放地区和使用规则请以官方网站当前页面为准。官方网站：demo.globaleaks.org。	https://demo.globaleaks.org	是
Livehelperchat	Livehelperchat	工具	效率工具,在线服务	Livehelperchat在线服务	Livehelperchat在线服务。这里提供Livehelperchat的官方服务与相关信息，支持通过官网了解产品、功能、使用方式及最新动态；具体服务范围、开放地区和使用规则请以官方网站当前页面为准。官方网站：livehelperchat.com。	https://livehelperchat.com	是
Ntfy	Ntfy	工具	其他,效率工具,在线服务	Ntfy在线服务	Ntfy在线服务。这里提供Ntfy的官方服务与相关信息，支持通过官网了解产品、功能、使用方式及最新动态；具体服务范围、开放地区和使用规则请以官方网站当前页面为准。官方网站：ntfy.sh。	https://ntfy.sh	是
Docs	Docs	工具	其他,效率工具,在线服务	Docs在线服务	Docs在线服务。这里提供Docs的官方服务与相关信息，支持通过官网了解产品、功能、使用方式及最新动态；具体服务范围、开放地区和使用规则请以官方网站当前页面为准。官方网站：docs.onetimesecret.com。	https://docs.onetimesecret.com	是
Novu	Novu	工具	其他,效率工具,在线服务	Novu在线服务	Novu在线服务。这里提供Novu的官方服务与相关信息，支持通过官网了解产品、功能、使用方式及最新动态；具体服务范围、开放地区和使用规则请以官方网站当前页面为准。官方网站：novu.co。	https://novu.co	是
Retroshare	Retroshare	工具	其他,效率工具,在线服务	Retroshare在线服务	Retroshare在线服务。这里提供Retroshare的官方服务与相关信息，支持通过官网了解产品、功能、使用方式及最新动态；具体服务范围、开放地区和使用规则请以官方网站当前页面为准。官方网站：retroshare.cc。	https://retroshare.cc	是
Onetimesecret	Onetimesecret	工具	其他,效率工具,在线服务	Onetimesecret在线服务	Onetimesecret在线服务。这里提供Onetimesecret的官方服务与相关信息，支持通过官网了解产品、功能、使用方式及最新动态；具体服务范围、开放地区和使用规则请以官方网站当前页面为准。官方网站：onetimesecret.com。	https://onetimesecret.com	是
Screego	Screego	工具	其他,效率工具,在线服务	Screego在线服务	Screego在线服务。这里提供Screego的官方服务与相关信息，支持通过官网了解产品、功能、使用方式及最新动态；具体服务范围、开放地区和使用规则请以官方网站当前页面为准。官方网站：screego.net。	https://screego.net	是
Samacloud	Samacloud	开发	编程开发,效率工具	Samacloud在线服务	Samacloud在线服务。这里提供Samacloud的官方服务与相关信息，支持通过官网了解产品、功能、使用方式及最新动态；具体服务范围、开放地区和使用规则请以官方网站当前页面为准。官方网站：samacloud.io。	https://samacloud.io	是
Element Hq	Element Hq	开发	编程开发,效率工具	Element Hq在线服务	Element Hq在线服务。这里提供Element Hq的官方服务与相关信息，支持通过官网了解产品、功能、使用方式及最新动态；具体服务范围、开放地区和使用规则请以官方网站当前页面为准。官方网站：element-hq.github.io。	https://element-hq.github.io/synapse/latest/index.html	是
App	App	工具	其他,效率工具,在线服务	App在线服务	App在线服务。这里提供App的官方服务与相关信息，支持通过官网了解产品、功能、使用方式及最新动态；具体服务范围、开放地区和使用规则请以官方网站当前页面为准。官方网站：app.screego.net。	https://app.screego.net	是
App	App	开发	编程开发,效率工具	App在线服务	App在线服务。这里提供App的官方服务与相关信息，支持通过官网了解产品、功能、使用方式及最新动态；具体服务范围、开放地区和使用规则请以官方网站当前页面为准。官方网站：app.samacloud.io。	https://app.samacloud.io/demo	是
Tox	Tox	工具	效率工具,在线服务	Tox在线服务	Tox在线服务。这里提供Tox的官方服务与相关信息，支持通过官网了解产品、功能、使用方式及最新动态；具体服务范围、开放地区和使用规则请以官方网站当前页面为准。官方网站：tox.chat。	https://tox.chat	是
Try	Try	工具	效率工具,在线服务	Try在线服务	Try在线服务。这里提供Try的官方服务与相关信息，支持通过官网了解产品、功能、使用方式及最新动态；具体服务范围、开放地区和使用规则请以官方网站当前页面为准。官方网站：try.tuwunel.chat。	https://try.tuwunel.chat	是
Wbo	Wbo	开发	编程开发,效率工具	Wbo在线服务	Wbo在线服务。这里提供Wbo的官方服务与相关信息，支持通过官网了解产品、功能、使用方式及最新动态；具体服务范围、开放地区和使用规则请以官方网站当前页面为准。官方网站：wbo.ophir.dev。	https://wbo.ophir.dev	是
Codeberg	Codeberg	开发	编程开发,效率工具	Codeberg在线服务	Codeberg在线服务。这里提供Codeberg的官方服务与相关信息，支持通过官网了解产品、功能、使用方式及最新动态；具体服务范围、开放地区和使用规则请以官方网站当前页面为准。官方网站：codeberg.org。	https://codeberg.org/b1gmail/b1gmail	是
Sandbox	Sandbox	工具	其他,效率工具,在线服务	Sandbox在线服务	Sandbox在线服务。这里提供Sandbox的官方服务与相关信息，支持通过官网了解产品、功能、使用方式及最新动态；具体服务范围、开放地区和使用规则请以官方网站当前页面为准。官方网站：sandbox.tinode.co。	https://sandbox.tinode.co	是
Docker Mailserver	Docker Mailserver	AI	AI,效率工具	Docker Mailserver在线服务	Docker Mailserver在线服务。这里提供Docker Mailserver的官方服务与相关信息，支持通过官网了解产品、功能、使用方式及最新动态；具体服务范围、开放地区和使用规则请以官方网站当前页面为准。官方网站：docker-mailserver.github.io。	https://docker-mailserver.github.io/docker-mailserver/edge	是
Tuwunel	Tuwunel	工具	效率工具,在线服务	Tuwunel在线服务	Tuwunel在线服务。这里提供Tuwunel的官方服务与相关信息，支持通过官网了解产品、功能、使用方式及最新动态；具体服务范围、开放地区和使用规则请以官方网站当前页面为准。官方网站：tuwunel.chat。	https://tuwunel.chat	是
Maddy	Maddy	AI	AI,效率工具	Maddy在线服务	Maddy在线服务。这里提供Maddy的官方服务与相关信息，支持通过官网了解产品、功能、使用方式及最新动态；具体服务范围、开放地区和使用规则请以官方网站当前页面为准。官方网站：maddy.email。	https://maddy.email	是
Iredmail	Iredmail	AI	AI,效率工具	Iredmail在线服务	Iredmail在线服务。这里提供Iredmail的官方服务与相关信息，支持通过官网了解产品、功能、使用方式及最新动态；具体服务范围、开放地区和使用规则请以官方网站当前页面为准。官方网站：iredmail.org。	https://www.iredmail.org	是
Mailinabox	Mailinabox	AI	AI,效率工具	Mailinabox在线服务	Mailinabox在线服务。这里提供Mailinabox的官方服务与相关信息，支持通过官网了解产品、功能、使用方式及最新动态；具体服务范围、开放地区和使用规则请以官方网站当前页面为准。官方网站：mailinabox.email。	https://mailinabox.email	是
Docs	Docs	工具	其他,效率工具,在线服务	Docs在线服务	Docs在线服务。这里提供Docs的官方服务与相关信息，支持通过官网了解产品、功能、使用方式及最新动态；具体服务范围、开放地区和使用规则请以官方网站当前页面为准。官方网站：docs.debops.org。	https://docs.debops.org	是
Mailcow	Mailcow	AI	AI,效率工具	Mailcow在线服务	Mailcow在线服务。这里提供Mailcow的官方服务与相关信息，支持通过官网了解产品、功能、使用方式及最新动态；具体服务范围、开放地区和使用规则请以官方网站当前页面为准。官方网站：mailcow.email。	https://mailcow.email	是
Xmox	Xmox	工具	其他,效率工具,在线服务	Xmox在线服务	Xmox在线服务。这里提供Xmox的官方服务与相关信息，支持通过官网了解产品、功能、使用方式及最新动态；具体服务范围、开放地区和使用规则请以官方网站当前页面为准。官方网站：xmox.nl。	https://www.xmox.nl	是
Docs	Docs	工具	其他,效率工具,在线服务	Docs在线服务	Docs在线服务。这里提供Docs的官方服务与相关信息，支持通过官网了解产品、功能、使用方式及最新动态；具体服务范围、开放地区和使用规则请以官方网站当前页面为准。官方网站：docs.postalserver.io。	https://docs.postalserver.io	是
Cyrusimap	Cyrusimap	工具	其他,效率工具,在线服务	Cyrusimap在线服务	Cyrusimap在线服务。这里提供Cyrusimap的官方服务与相关信息，支持通过官网了解产品、功能、使用方式及最新动态；具体服务范围、开放地区和使用规则请以官方网站当前页面为准。官方网站：cyrusimap.org。	https://www.cyrusimap.org	是
Simplelogin	Simplelogin	工具	其他,效率工具,在线服务	Simplelogin在线服务	Simplelogin在线服务。这里提供Simplelogin的官方服务与相关信息，支持通过官网了解产品、功能、使用方式及最新动态；具体服务范围、开放地区和使用规则请以官方网站当前页面为准。官方网站：simplelogin.io。	https://simplelogin.io	是
Mailu	Mailu	AI	AI,效率工具	Mailu在线服务	Mailu在线服务。这里提供Mailu的官方服务与相关信息，支持通过官网了解产品、功能、使用方式及最新动态；具体服务范围、开放地区和使用规则请以官方网站当前页面为准。官方网站：mailu.io。	https://mailu.io	是
Davmail	Davmail	AI	AI,效率工具	Davmail在线服务	Davmail在线服务。这里提供Davmail的官方服务与相关信息，支持通过官网了解产品、功能、使用方式及最新动态；具体服务范围、开放地区和使用规则请以官方网站当前页面为准。官方网站：davmail.sourceforge.net。	https://davmail.sourceforge.net	是
Courier Mta	Courier Mta	工具	其他,效率工具,在线服务	Courier Mta在线服务	Courier Mta在线服务。这里提供Courier Mta的官方服务与相关信息，支持通过官网了解产品、功能、使用方式及最新动态；具体服务范围、开放地区和使用规则请以官方网站当前页面为准。官方网站：courier-mta.org。	https://www.courier-mta.org	是
Courier Mta	Courier Mta	工具	其他,效率工具,在线服务	Courier Mta在线服务	Courier Mta在线服务。这里提供Courier Mta的官方服务与相关信息，支持通过官网了解产品、功能、使用方式及最新动态；具体服务范围、开放地区和使用规则请以官方网站当前页面为准。官方网站：courier-mta.org。	https://www.courier-mta.org/repo.html	是
Emailrelay	Emailrelay	AI	AI,效率工具	Emailrelay在线服务	Emailrelay在线服务。这里提供Emailrelay的官方服务与相关信息，支持通过官网了解产品、功能、使用方式及最新动态；具体服务范围、开放地区和使用规则请以官方网站当前页面为准。官方网站：emailrelay.sourceforge.net。	https://emailrelay.sourceforge.net	是
Haraka	Haraka	开发	编程开发,效率工具	Haraka在线服务	Haraka在线服务。这里提供Haraka的官方服务与相关信息，支持通过官网了解产品、功能、使用方式及最新动态；具体服务范围、开放地区和使用规则请以官方网站当前页面为准。官方网站：haraka.github.io。	https://haraka.github.io	是
Opensmtpd	Opensmtpd	工具	其他,效率工具,在线服务	Opensmtpd在线服务	Opensmtpd在线服务。这里提供Opensmtpd的官方服务与相关信息，支持通过官网了解产品、功能、使用方式及最新动态；具体服务范围、开放地区和使用规则请以官方网站当前页面为准。官方网站：opensmtpd.org。	https://opensmtpd.org	是
Listmonk	Listmonk	工具	其他,效率工具,在线服务	Listmonk在线服务	Listmonk在线服务。这里提供Listmonk的官方服务与相关信息，支持通过官网了解产品、功能、使用方式及最新动态；具体服务范围、开放地区和使用规则请以官方网站当前页面为准。官方网站：listmonk.app。	https://listmonk.app	是
Exim	Exim	工具	其他,效率工具,在线服务	Exim在线服务	Exim在线服务。这里提供Exim的官方服务与相关信息，支持通过官网了解产品、功能、使用方式及最新动态；具体服务范围、开放地区和使用规则请以官方网站当前页面为准。官方网站：exim.org。	https://www.exim.org	是
Keila	Keila	工具	其他,效率工具,在线服务	Keila在线服务	Keila在线服务。这里提供Keila的官方服务与相关信息，支持通过官网了解产品、功能、使用方式及最新动态；具体服务范围、开放地区和使用规则请以官方网站当前页面为准。官方网站：keila.io。	https://www.keila.io	是
Proofpoint	Proofpoint	工具	其他,效率工具,在线服务	Proofpoint在线服务	Proofpoint在线服务。这里提供Proofpoint的官方服务与相关信息，支持通过官网了解产品、功能、使用方式及最新动态；具体服务范围、开放地区和使用规则请以官方网站当前页面为准。官方网站：proofpoint.com。	https://www.proofpoint.com/us/products/email-protection/open-source-email-solution	是
Lists	Lists	AI	AI,效率工具	Lists在线服务	Lists在线服务。这里提供Lists的官方服务与相关信息，支持通过官网了解产品、功能、使用方式及最新动态；具体服务范围、开放地区和使用规则请以官方网站当前页面为准。官方网站：lists.mailman3.org。	https://lists.mailman3.org	是
Mlmmj	Mlmmj	工具	其他,效率工具,在线服务	Mlmmj在线服务	Mlmmj在线服务。这里提供Mlmmj的官方服务与相关信息，支持通过官网了解产品、功能、使用方式及最新动态；具体服务范围、开放地区和使用规则请以官方网站当前页面为准。官方网站：mlmmj.org。	https://mlmmj.org	是
List	List	工具	其他,效率工具,在线服务	List在线服务	List在线服务。这里提供List的官方服务与相关信息，支持通过官网了解产品、功能、使用方式及最新动态；具体服务范围、开放地区和使用规则请以官方网站当前页面为准。官方网站：list.org。	https://www.list.org	是
Codeberg	Codeberg	开发	编程开发,效率工具	Codeberg在线服务	Codeberg在线服务。这里提供Codeberg的官方服务与相关信息，支持通过官网了解产品、功能、使用方式及最新动态；具体服务范围、开放地区和使用规则请以官方网站当前页面为准。官方网站：codeberg.org。	https://codeberg.org/mlmmj/mlmmj	是
Sympa	Sympa	工具	其他,效率工具,在线服务	Sympa在线服务	Sympa在线服务。这里提供Sympa的官方服务与相关信息，支持通过官网了解产品、功能、使用方式及最新动态；具体服务范围、开放地区和使用规则请以官方网站当前页面为准。官方网站：sympa.community。	https://www.sympa.community	是
Inspircd	Inspircd	工具	其他,效率工具,在线服务	Inspircd在线服务	Inspircd在线服务。这里提供Inspircd的官方服务与相关信息，支持通过官网了解产品、功能、使用方式及最新动态；具体服务范围、开放地区和使用规则请以官方网站当前页面为准。官方网站：inspircd.org。	https://www.inspircd.org	是
Ergo	Ergo	工具	效率工具,在线服务	Ergo在线服务	Ergo在线服务。这里提供Ergo的官方服务与相关信息，支持通过官网了解产品、功能、使用方式及最新动态；具体服务范围、开放地区和使用规则请以官方网站当前页面为准。官方网站：ergo.chat。	https://ergo.chat	是
Demo	Demo	工具	效率工具,在线服务	Demo在线服务	Demo在线服务。这里提供Demo的官方服务与相关信息，支持通过官网了解产品、功能、使用方式及最新动态；具体服务范围、开放地区和使用规则请以官方网站当前页面为准。官方网站：demo.thelounge.chat。	https://demo.thelounge.chat	是
Quassel Irc	Quassel Irc	工具	其他,效率工具,在线服务	Quassel Irc在线服务	Quassel Irc在线服务。这里提供Quassel Irc的官方服务与相关信息，支持通过官网了解产品、功能、使用方式及最新动态；具体服务范围、开放地区和使用规则请以官方网站当前页面为准。官方网站：quassel-irc.org。	https://quassel-irc.org	是
Ngircd	Ngircd	工具	其他,效率工具,在线服务	Ngircd在线服务	Ngircd在线服务。这里提供Ngircd的官方服务与相关信息，支持通过官网了解产品、功能、使用方式及最新动态；具体服务范围、开放地区和使用规则请以官方网站当前页面为准。官方网站：ngircd.barton.de。	https://ngircd.barton.de	是
Thelounge	Thelounge	工具	效率工具,在线服务	Thelounge在线服务	Thelounge在线服务。这里提供Thelounge的官方服务与相关信息，支持通过官网了解产品、功能、使用方式及最新动态；具体服务范围、开放地区和使用规则请以官方网站当前页面为准。官方网站：thelounge.chat。	https://thelounge.chat	是
Robustirc	Robustirc	工具	其他,效率工具,在线服务	Robustirc在线服务	Robustirc在线服务。这里提供Robustirc的官方服务与相关信息，支持通过官网了解产品、功能、使用方式及最新动态；具体服务范围、开放地区和使用规则请以官方网站当前页面为准。官方网站：robustirc.net。	https://robustirc.net	是
Weechat	Weechat	工具	效率工具,在线服务	Weechat在线服务	Weechat在线服务。这里提供Weechat的官方服务与相关信息，支持通过官网了解产品、功能、使用方式及最新动态；具体服务范围、开放地区和使用规则请以官方网站当前页面为准。官方网站：weechat.org。	https://weechat.org	是
Routr	Routr	工具	其他,效率工具,在线服务	Routr在线服务	Routr在线服务。这里提供Routr的官方服务与相关信息，支持通过官网了解产品、功能、使用方式及最新动态；具体服务范围、开放地区和使用规则请以官方网站当前页面为准。官方网站：routr.io。	https://routr.io	是
Answer	Answer	工具	其他,效率工具,在线服务	Answer在线服务	Answer在线服务。这里提供Answer的官方服务与相关信息，支持通过官网了解产品、功能、使用方式及最新动态；具体服务范围、开放地区和使用规则请以官方网站当前页面为准。官方网站：answer.apache.org。	https://answer.apache.org	是
Akkoma	Akkoma	工具	其他,效率工具,在线服务	Akkoma在线服务	Akkoma在线服务。这里提供Akkoma的官方服务与相关信息，支持通过官网了解产品、功能、使用方式及最新动态；具体服务范围、开放地区和使用规则请以官方网站当前页面为准。官方网站：akkoma.social。	https://akkoma.social	是
Opensips	Opensips	工具	其他,效率工具,在线服务	Opensips在线服务	Opensips在线服务。这里提供Opensips的官方服务与相关信息，支持通过官网了解产品、功能、使用方式及最新动态；具体服务范围、开放地区和使用规则请以官方网站当前页面为准。官方网站：opensips.org。	https://opensips.org	是
Wazo Platform	Wazo Platform	工具	其他,效率工具,在线服务	Wazo Platform在线服务	Wazo Platform在线服务。这里提供Wazo Platform的官方服务与相关信息，支持通过官网了解产品、功能、使用方式及最新动态；具体服务范围、开放地区和使用规则请以官方网站当前页面为准。官方网站：wazo-platform.org。	https://wazo-platform.org	是
Yeti Switch	Yeti Switch	工具	其他,效率工具,在线服务	Yeti Switch在线服务	Yeti Switch在线服务。这里提供Yeti Switch的官方服务与相关信息，支持通过官网了解产品、功能、使用方式及最新动态；具体服务范围、开放地区和使用规则请以官方网站当前页面为准。官方网站：yeti-switch.org。	https://yeti-switch.org	是
Demo	Demo	工具	其他,效率工具,在线服务	Demo在线服务	Demo在线服务。这里提供Demo的官方服务与相关信息，支持通过官网了解产品、功能、使用方式及最新动态；具体服务范围、开放地区和使用规则请以官方网站当前页面为准。官方网站：demo.sip3.io。	https://demo.sip3.io	是
Akkoma	Akkoma	开发	编程开发,效率工具	Akkoma在线服务	Akkoma在线服务。这里提供Akkoma的官方服务与相关信息，支持通过官网了解产品、功能、使用方式及最新动态；具体服务范围、开放地区和使用规则请以官方网站当前页面为准。官方网站：akkoma.dev。	https://akkoma.dev/akkomagang/akkoma	是
Coralproject	Coralproject	工具	其他,效率工具,在线服务	Coralproject在线服务	Coralproject在线服务。这里提供Coralproject的官方服务与相关信息，支持通过官网了解产品、功能、使用方式及最新动态；具体服务范围、开放地区和使用规则请以官方网站当前页面为准。官方网站：coralproject.net。	https://coralproject.net	是
Demo	Demo	工具	其他,效率工具,在线服务	Demo在线服务	Demo在线服务。这里提供Demo的官方服务与相关信息，支持通过官网了解产品、功能、使用方式及最新动态；具体服务范围、开放地区和使用规则请以官方网站当前页面为准。官方网站：demo.yeti-switch.org。	https://demo.yeti-switch.org	是
Artalk	Artalk	工具	其他,效率工具,在线服务	Artalk在线服务	Artalk在线服务。这里提供Artalk的官方服务与相关信息，支持通过官网了解产品、功能、使用方式及最新动态；具体服务范围、开放地区和使用规则请以官方网站当前页面为准。官方网站：artalk.js.org。	https://artalk.js.org	是
Asm32	Asm32	工具	其他,效率工具,在线服务	Asm32在线服务	Asm32在线服务。这里提供Asm32的官方服务与相关信息，支持通过官网了解产品、功能、使用方式及最新动态；具体服务范围、开放地区和使用规则请以官方网站当前页面为准。官方网站：asm32.info。	https://asm32.info/fossil/asmbb/index	是
Board	Board	工具	其他,效率工具,在线服务	Board在线服务	Board在线服务。这里提供Board的官方服务与相关信息，支持通过官网了解产品、功能、使用方式及最新动态；具体服务范围、开放地区和使用规则请以官方网站当前页面为准。官方网站：board.asm32.info。	https://board.asm32.info	是
Discourse	Discourse	教育	在线学习,效率工具	Discourse在线服务	Discourse在线服务。这里提供Discourse的官方服务与相关信息，支持通过官网了解产品、功能、使用方式及最新动态；具体服务范围、开放地区和使用规则请以官方网站当前页面为准。官方网站：discourse.org。	https://www.discourse.org	是
Diasporafoundation	Diasporafoundation	工具	其他,效率工具,在线服务	Diasporafoundation在线服务	Diasporafoundation在线服务。这里提供Diasporafoundation的官方服务与相关信息，支持通过官网了解产品、功能、使用方式及最新动态；具体服务范围、开放地区和使用规则请以官方网站当前页面为准。官方网站：diasporafoundation.org。	https://diasporafoundation.org	是
Try	Try	教育	在线学习,效率工具	Try在线服务	Try在线服务。这里提供Try的官方服务与相关信息，支持通过官网了解产品、功能、使用方式及最新动态；具体服务范围、开放地区和使用规则请以官方网站当前页面为准。官方网站：try.discourse.org。	https://try.discourse.org	是
Elgg	Elgg	工具	其他,效率工具,在线服务	Elgg在线服务	Elgg在线服务。这里提供Elgg的官方服务与相关信息，支持通过官网了解产品、功能、使用方式及最新动态；具体服务范围、开放地区和使用规则请以官方网站当前页面为准。官方网站：elgg.org。	https://elgg.org	是
Gethabitat	Gethabitat	工具	其他,效率工具,在线服务	Gethabitat在线服务	Gethabitat在线服务。这里提供Gethabitat的官方服务与相关信息，支持通过官网了解产品、功能、使用方式及最新动态；具体服务范围、开放地区和使用规则请以官方网站当前页面为准。官方网站：gethabitat.org。	https://gethabitat.org	是
Hatsu	Hatsu	工具	其他,效率工具,在线服务	Hatsu在线服务	Hatsu在线服务。这里提供Hatsu的官方服务与相关信息，支持通过官网了解产品、功能、使用方式及最新动态；具体服务范围、开放地区和使用规则请以官方网站当前页面为准。官方网站：hatsu.cli.rs。	https://hatsu.cli.rs	是
Iceshrimp	Iceshrimp	开发	编程开发,效率工具	Iceshrimp在线服务	Iceshrimp在线服务。这里提供Iceshrimp的官方服务与相关信息，支持通过官网了解产品、功能、使用方式及最新动态；具体服务范围、开放地区和使用规则请以官方网站当前页面为准。官方网站：iceshrimp.dev。	https://iceshrimp.dev/iceshrimp/iceshrimp.net	是
Flarum	Flarum	工具	其他,效率工具,在线服务	Flarum在线服务	Flarum在线服务。这里提供Flarum的官方服务与相关信息，支持通过官网了解产品、功能、使用方式及最新动态；具体服务范围、开放地区和使用规则请以官方网站当前页面为准。官方网站：flarum.org。	https://flarum.org	是
Isso Comments	Isso Comments	工具	其他,效率工具,在线服务	Isso Comments在线服务	Isso Comments在线服务。这里提供Isso Comments的官方服务与相关信息，支持通过官网了解产品、功能、使用方式及最新动态；具体服务范围、开放地区和使用规则请以官方网站当前页面为准。官方网站：isso-comments.de。	https://isso-comments.de	是
Friendi	Friendi	工具	其他,效率工具,在线服务	Friendi在线服务	Friendi在线服务。这里提供Friendi的官方服务与相关信息，支持通过官网了解产品、功能、使用方式及最新动态；具体服务范围、开放地区和使用规则请以官方网站当前页面为准。官方网站：friendi.ca。	https://friendi.ca	是
Movim	Movim	工具	其他,效率工具,在线服务	Movim在线服务	Movim在线服务。这里提供Movim的官方服务与相关信息，支持通过官网了解产品、功能、使用方式及最新动态；具体服务范围、开放地区和使用规则请以官方网站当前页面为准。官方网站：movim.eu。	https://movim.eu	是
Misago Project	Misago Project	工具	其他,效率工具,在线服务	Misago Project在线服务	Misago Project在线服务。这里提供Misago Project的官方服务与相关信息，支持通过官网了解产品、功能、使用方式及最新动态；具体服务范围、开放地区和使用规则请以官方网站当前页面为准。官方网站：misago-project.org。	https://misago-project.org	是
Nodebb	Nodebb	工具	其他,效率工具,在线服务	Nodebb在线服务	Nodebb在线服务。这里提供Nodebb的官方服务与相关信息，支持通过官网了解产品、功能、使用方式及最新动态；具体服务范围、开放地区和使用规则请以官方网站当前页面为准。官方网站：nodebb.org。	https://nodebb.org	是
Try	Try	工具	其他,效率工具,在线服务	Try在线服务	Try在线服务。这里提供Try的官方服务与相关信息，支持通过官网了解产品、功能、使用方式及最新动态；具体服务范围、开放地区和使用规则请以官方网站当前页面为准。官方网站：try.nodebb.org。	https://try.nodebb.org	是
Pixelfed	Pixelfed	工具	其他,效率工具,在线服务	Pixelfed在线服务	Pixelfed在线服务。这里提供Pixelfed的官方服务与相关信息，支持通过官网了解产品、功能、使用方式及最新动态；具体服务范围、开放地区和使用规则请以官方网站当前页面为准。官方网站：pixelfed.social。	https://pixelfed.social	是
Pleroma	Pleroma	工具	其他,效率工具,在线服务	Pleroma在线服务	Pleroma在线服务。这里提供Pleroma的官方服务与相关信息，支持通过官网了解产品、功能、使用方式及最新动态；具体服务范围、开放地区和使用规则请以官方网站当前页面为准。官方网站：pleroma.social。	https://pleroma.social	是
Git	Git	开发	编程开发,效率工具	Git在线服务	Git在线服务。这里提供Git的官方服务与相关信息，支持通过官网了解产品、功能、使用方式及最新动态；具体服务范围、开放地区和使用规则请以官方网站当前页面为准。官方网站：git.pleroma.social。	https://git.pleroma.social/pleroma/pleroma	是
Scoold	Scoold	工具	其他,效率工具,在线服务	Scoold在线服务	Scoold在线服务。这里提供Scoold的官方服务与相关信息，支持通过官网了解产品、功能、使用方式及最新动态；具体服务范围、开放地区和使用规则请以官方网站当前页面为准。官方网站：scoold.com。	https://scoold.com	是
Galene	Galene	工具	其他,效率工具,在线服务	Galene在线服务	Galene在线服务。这里提供Galene的官方服务与相关信息，支持通过官网了解产品、功能、使用方式及最新动态；具体服务范围、开放地区和使用规则请以官方网站当前页面为准。官方网站：galene.org。	https://galene.org	是
Janus	Janus	工具	效率工具,在线服务	Janus在线服务	Janus在线服务。这里提供Janus的官方服务与相关信息，支持通过官网了解产品、功能、使用方式及最新动态；具体服务范围、开放地区和使用规则请以官方网站当前页面为准。官方网站：janus.conf.meetecho.com。	https://janus.conf.meetecho.com	是
Sfu	Sfu	工具	其他,效率工具,在线服务	Sfu在线服务	Sfu在线服务。这里提供Sfu的官方服务与相关信息，支持通过官网了解产品、功能、使用方式及最新动态；具体服务范围、开放地区和使用规则请以官方网站当前页面为准。官方网站：sfu.mirotalk.com。	https://sfu.mirotalk.com	是
C2c	C2c	工具	其他,效率工具,在线服务	C2c在线服务	C2c在线服务。这里提供C2c的官方服务与相关信息，支持通过官网了解产品、功能、使用方式及最新动态；具体服务范围、开放地区和使用规则请以官方网站当前页面为准。官方网站：c2c.mirotalk.com。	https://c2c.mirotalk.com	是
Meet	Meet	工具	效率工具,在线服务	Meet在线服务	Meet在线服务。这里提供Meet的官方服务与相关信息，支持通过官网了解产品、功能、使用方式及最新动态；具体服务范围、开放地区和使用规则请以官方网站当前页面为准。官方网站：meet.jit.si。	https://meet.jit.si	是
P2p	P2p	工具	其他,效率工具,在线服务	P2p在线服务	P2p在线服务。这里提供P2p的官方服务与相关信息，支持通过官网了解产品、功能、使用方式及最新动态；具体服务范围、开放地区和使用规则请以官方网站当前页面为准。官方网站：p2p.mirotalk.com。	https://p2p.mirotalk.com/newcall	是
Sfu	Sfu	工具	其他,效率工具,在线服务	Sfu在线服务	Sfu在线服务。这里提供Sfu的官方服务与相关信息，支持通过官网了解产品、功能、使用方式及最新动态；具体服务范围、开放地区和使用规则请以官方网站当前页面为准。官方网站：sfu.mirotalk.com。	https://sfu.mirotalk.com/newroom	是
P2p	P2p	工具	其他,效率工具,在线服务	P2p在线服务	P2p在线服务。这里提供P2p的官方服务与相关信息，支持通过官网了解产品、功能、使用方式及最新动态；具体服务范围、开放地区和使用规则请以官方网站当前页面为准。官方网站：p2p.mirotalk.com。	https://p2p.mirotalk.com	是
Plugnmeet	Plugnmeet	工具	效率工具,在线服务	Plugnmeet在线服务	Plugnmeet在线服务。这里提供Plugnmeet的官方服务与相关信息，支持通过官网了解产品、功能、使用方式及最新动态；具体服务范围、开放地区和使用规则请以官方网站当前页面为准。官方网站：plugnmeet.org。	https://www.plugnmeet.org	是
Snikket	Snikket	工具	其他,效率工具,在线服务	Snikket在线服务	Snikket在线服务。这里提供Snikket的官方服务与相关信息，支持通过官网了解产品、功能、使用方式及最新动态；具体服务范围、开放地区和使用规则请以官方网站当前页面为准。官方网站：snikket.org。	https://snikket.org	是
Conversejs	Conversejs	工具	其他,效率工具,在线服务	Conversejs在线服务	Conversejs在线服务。这里提供Conversejs的官方服务与相关信息，支持通过官网了解产品、功能、使用方式及最新动态；具体服务范围、开放地区和使用规则请以官方网站当前页面为准。官方网站：conversejs.org。	https://conversejs.org	是
Getindico	Getindico	工具	其他,效率工具,在线服务	Getindico在线服务	Getindico在线服务。这里提供Getindico的官方服务与相关信息，支持通过官网了解产品、功能、使用方式及最新动态；具体服务范围、开放地区和使用规则请以官方网站当前页面为准。官方网站：getindico.io。	https://getindico.io	是
Osem	Osem	工具	其他,效率工具,在线服务	Osem在线服务	Osem在线服务。这里提供Osem的官方服务与相关信息，支持通过官网了解产品、功能、使用方式及最新动态；具体服务范围、开放地区和使用规则请以官方网站当前页面为准。官方网站：osem.io。	https://osem.io	是
Motion	Motion	工具	其他,效率工具,在线服务	Motion在线服务	Motion在线服务。这里提供Motion的官方服务与相关信息，支持通过官网了解产品、功能、使用方式及最新动态；具体服务范围、开放地区和使用规则请以官方网站当前页面为准。官方网站：motion.tools。	https://motion.tools	是
Sandbox	Sandbox	工具	其他,效率工具,在线服务	Sandbox在线服务	Sandbox在线服务。这里提供Sandbox的官方服务与相关信息，支持通过官网了解产品、功能、使用方式及最新动态；具体服务范围、开放地区和使用规则请以官方网站当前页面为准。官方网站：sandbox.motion.tools。	https://sandbox.motion.tools/createsite	是
Demo	Demo	工具	其他,效率工具,在线服务	Demo在线服务	Demo在线服务。这里提供Demo的官方服务与相关信息，支持通过官网了解产品、功能、使用方式及最新动态；具体服务范围、开放地区和使用规则请以官方网站当前页面为准。官方网站：demo.openslides.org。	https://demo.openslides.org/login	是
Try	Try	工具	其他,效率工具,在线服务	Try在线服务	Try在线服务。这里提供Try的官方服务与相关信息，支持通过官网了解产品、功能、使用方式及最新动态；具体服务范围、开放地区和使用规则请以官方网站当前页面为准。官方网站：try.automad.org。	https://try.automad.org	是
Apostrophecms	Apostrophecms	工具	其他,效率工具,在线服务	Apostrophecms在线服务	Apostrophecms在线服务。这里提供Apostrophecms的官方服务与相关信息，支持通过官网了解产品、功能、使用方式及最新动态；具体服务范围、开放地区和使用规则请以官方网站当前页面为准。官方网站：apostrophecms.com。	https://apostrophecms.com	是
Automad	Automad	工具	其他,效率工具,在线服务	Automad在线服务	Automad在线服务。这里提供Automad的官方服务与相关信息，支持通过官网了解产品、功能、使用方式及最新动态；具体服务范围、开放地区和使用规则请以官方网站当前页面为准。官方网站：automad.org。	https://automad.org	是
Boltcms	Boltcms	工具	其他,效率工具,在线服务	Boltcms在线服务	Boltcms在线服务。这里提供Boltcms的官方服务与相关信息，支持通过官网了解产品、功能、使用方式及最新动态；具体服务范围、开放地区和使用规则请以官方网站当前页面为准。官方网站：boltcms.io。	https://boltcms.io	是
Getcockpit	Getcockpit	工具	其他,效率工具,在线服务	Getcockpit在线服务	Getcockpit在线服务。这里提供Getcockpit的官方服务与相关信息，支持通过官网了解产品、功能、使用方式及最新动态；具体服务范围、开放地区和使用规则请以官方网站当前页面为准。官方网站：getcockpit.com。	https://getcockpit.com	是
Concretecms	Concretecms	工具	其他,效率工具,在线服务	Concretecms在线服务	Concretecms在线服务。这里提供Concretecms的官方服务与相关信息，支持通过官网了解产品、功能、使用方式及最新动态；具体服务范围、开放地区和使用规则请以官方网站当前页面为准。官方网站：concretecms.com。	https://www.concretecms.com	是
Medusajs	Medusajs	教育	在线学习,效率工具	Medusajs在线服务	Medusajs在线服务。这里提供Medusajs的官方服务与相关信息，支持通过官网了解产品、功能、使用方式及最新动态；具体服务范围、开放地区和使用规则请以官方网站当前页面为准。官方网站：medusajs.com。	https://medusajs.com	是
Miniflux	Miniflux	工具	其他,效率工具,在线服务	Miniflux在线服务	Miniflux在线服务。这里提供Miniflux的官方服务与相关信息，支持通过官网了解产品、功能、使用方式及最新动态；具体服务范围、开放地区和使用规则请以官方网站当前页面为准。官方网站：miniflux.app。	https://miniflux.app	是
Tt Rss	Tt Rss	工具	其他,效率工具,在线服务	Tt Rss在线服务	Tt Rss在线服务。这里提供Tt Rss的官方服务与相关信息，支持通过官网了解产品、功能、使用方式及最新动态；具体服务范围、开放地区和使用规则请以官方网站当前页面为准。官方网站：tt-rss.org。	https://tt-rss.org	是
Bewcloud	Bewcloud	开发	编程开发,效率工具	Bewcloud在线服务	Bewcloud在线服务。这里提供Bewcloud的官方服务与相关信息，支持通过官网了解产品、功能、使用方式及最新动态；具体服务范围、开放地区和使用规则请以官方网站当前页面为准。官方网站：bewcloud.com。	https://bewcloud.com	是
Cloudreve	Cloudreve	开发	编程开发,效率工具	Cloudreve在线服务	Cloudreve在线服务。这里提供Cloudreve的官方服务与相关信息，支持通过官网了解产品、功能、使用方式及最新动态；具体服务范围、开放地区和使用规则请以官方网站当前页面为准。官方网站：cloudreve.org。	https://cloudreve.org	是
Try	Try	开发	编程开发,效率工具	Try在线服务	Try在线服务。这里提供Try的官方服务与相关信息，支持通过官网了解产品、功能、使用方式及最新动态；具体服务范围、开放地区和使用规则请以官方网站当前页面为准。官方网站：try.nextcloud.com。	https://try.nextcloud.com	是
Puter	Puter	工具	其他,效率工具,在线服务	Puter在线服务	Puter在线服务。这里提供Puter的官方服务与相关信息，支持通过官网了解产品、功能、使用方式及最新动态；具体服务范围、开放地区和使用规则请以官方网站当前页面为准。官方网站：puter.com。	https://puter.com	是
Peergos	Peergos	工具	其他,效率工具,在线服务	Peergos在线服务	Peergos在线服务。这里提供Peergos的官方服务与相关信息，支持通过官网了解产品、功能、使用方式及最新动态；具体服务范围、开放地区和使用规则请以官方网站当前页面为准。官方网站：peergos.org。	https://peergos.org	是
Samba	Samba	工具	其他,效率工具,在线服务	Samba在线服务	Samba在线服务。这里提供Samba的官方服务与相关信息，支持通过官网了解产品、功能、使用方式及最新动态；具体服务范围、开放地区和使用规则请以官方网站当前页面为准。官方网站：samba.org。	https://www.samba.org	是
Syncthing	Syncthing	工具	其他,效率工具,在线服务	Syncthing在线服务	Syncthing在线服务。这里提供Syncthing的官方服务与相关信息，支持通过官网了解产品、功能、使用方式及最新动态；具体服务范围、开放地区和使用规则请以官方网站当前页面为准。官方网站：syncthing.net。	https://syncthing.net	是
Sync In	Sync In	工具	其他,效率工具,在线服务	Sync In在线服务	Sync In在线服务。这里提供Sync In的官方服务与相关信息，支持通过官网了解产品、功能、使用方式及最新动态；具体服务范围、开放地区和使用规则请以官方网站当前页面为准。官方网站：sync-in.com。	https://sync-in.com	是
Goharbor	Goharbor	工具	其他,效率工具,在线服务	Goharbor在线服务	Goharbor在线服务。这里提供Goharbor的官方服务与相关信息，支持通过官网了解产品、功能、使用方式及最新动态；具体服务范围、开放地区和使用规则请以官方网站当前页面为准。官方网站：goharbor.io。	https://goharbor.io	是
Git	Git	开发	编程开发,效率工具	Git在线服务	Git在线服务。这里提供Git的官方服务与相关信息，支持通过官网了解产品、功能、使用方式及最新动态；具体服务范围、开放地区和使用规则请以官方网站当前页面为准。官方网站：git.deuxfleurs.fr。	https://git.deuxfleurs.fr/deuxfleurs/garage	是
Zotregistry	Zotregistry	开发	编程开发,效率工具	Zotregistry在线服务	Zotregistry在线服务。这里提供Zotregistry的官方服务与相关信息，支持通过官网了解产品、功能、使用方式及最新动态；具体服务范围、开放地区和使用规则请以官方网站当前页面为准。官方网站：zotregistry.dev。	https://zotregistry.dev	是
Webtorrent	Webtorrent	工具	其他,效率工具,在线服务	Webtorrent在线服务	Webtorrent在线服务。这里提供Webtorrent的官方服务与相关信息，支持通过官网了解产品、功能、使用方式及最新动态；具体服务范围、开放地区和使用规则请以官方网站当前页面为准。官方网站：webtorrent.io。	https://webtorrent.io	是
Git	Git	开发	编程开发,效率工具	Git在线服务	Git在线服务。这里提供Git的官方服务与相关信息，支持通过官网了解产品、功能、使用方式及最新动态；具体服务范围、开放地区和使用规则请以官方网站当前页面为准。官方网站：git.deluge-torrent.org。	https://git.deluge-torrent.org/deluge/tree	是
Codeberg	Codeberg	开发	编程开发,效率工具	Codeberg在线服务	Codeberg在线服务。这里提供Codeberg的官方服务与相关信息，支持通过官网了解产品、功能、使用方式及最新动态；具体服务范围、开放地区和使用规则请以官方网站当前页面为准。官方网站：codeberg.org。	https://codeberg.org/ladigitale/digirecord	是
Projectsend	Projectsend	工具	其他,效率工具,在线服务	Projectsend在线服务	Projectsend在线服务。这里提供Projectsend的官方服务与相关信息，支持通过官网了解产品、功能、使用方式及最新动态；具体服务范围、开放地区和使用规则请以官方网站当前页面为准。官方网站：projectsend.org。	https://www.projectsend.org	是
Tinyfilemanager	Tinyfilemanager	开发	编程开发,效率工具	Tinyfilemanager在线服务	Tinyfilemanager在线服务。这里提供Tinyfilemanager的官方服务与相关信息，支持通过官网了解产品、功能、使用方式及最新动态；具体服务范围、开放地区和使用规则请以官方网站当前页面为准。官方网站：tinyfilemanager.github.io。	https://tinyfilemanager.github.io	是
Play0ad	Play0ad	工具	其他,效率工具,在线服务	Play0ad在线服务	Play0ad在线服务。这里提供Play0ad的官方服务与相关信息，支持通过官网了解产品、功能、使用方式及最新动态；具体服务范围、开放地区和使用规则请以官方网站当前页面为准。官方网站：play0ad.com。	https://play0ad.com	是
Mindustrygame	Mindustrygame	开发	编程开发,效率工具	Mindustrygame在线服务	Mindustrygame在线服务。这里提供Mindustrygame的官方服务与相关信息，支持通过官网了解产品、功能、使用方式及最新动态；具体服务范围、开放地区和使用规则请以官方网站当前页面为准。官方网站：mindustrygame.github.io。	https://mindustrygame.github.io	是
Luanti	Luanti	工具	其他,效率工具,在线服务	Luanti在线服务	Luanti在线服务。这里提供Luanti的官方服务与相关信息，支持通过官网了解产品、功能、使用方式及最新动态；具体服务范围、开放地区和使用规则请以官方网站当前页面为准。官方网站：luanti.org。	https://www.luanti.org	是
Lichess	Lichess	工具	其他,效率工具,在线服务	Lichess在线服务	Lichess在线服务。这里提供Lichess的官方服务与相关信息，支持通过官网了解产品、功能、使用方式及最新动态；具体服务范围、开放地区和使用规则请以官方网站当前页面为准。官方网站：lichess.org。	https://lichess.org	是
Redeclipse	Redeclipse	工具	其他,效率工具,在线服务	Redeclipse在线服务	Redeclipse在线服务。这里提供Redeclipse的官方服务与相关信息，支持通过官网了解产品、功能、使用方式及最新动态；具体服务范围、开放地区和使用规则请以官方网站当前页面为准。官方网站：redeclipse.net。	https://www.redeclipse.net	是
Lancache	Lancache	工具	其他,效率工具,在线服务	Lancache在线服务	Lancache在线服务。这里提供Lancache的官方服务与相关信息，支持通过官网了解产品、功能、使用方式及最新动态；具体服务范围、开放地区和使用规则请以官方网站当前页面为准。官方网站：lancache.net。	https://lancache.net	是
Sbpp	Sbpp	开发	编程开发,效率工具	Sbpp在线服务	Sbpp在线服务。这里提供Sbpp的官方服务与相关信息，支持通过官网了解产品、功能、使用方式及最新动态；具体服务范围、开放地区和使用规则请以官方网站当前页面为准。官方网站：sbpp.github.io。	https://sbpp.github.io	是
Genea	Genea	工具	其他,效率工具,在线服务	Genea在线服务	Genea在线服务。这里提供Genea的官方服务与相关信息，支持通过官网了解产品、功能、使用方式及最新动态；具体服务范围、开放地区和使用规则请以官方网站当前页面为准。官方网站：genea.app。	https://www.genea.app	是
Grampsweb	Grampsweb	工具	其他,效率工具,在线服务	Grampsweb在线服务	Grampsweb在线服务。这里提供Grampsweb的官方服务与相关信息，支持通过官网了解产品、功能、使用方式及最新动态；具体服务范围、开放地区和使用规则请以官方网站当前页面为准。官方网站：grampsweb.org。	https://www.grampsweb.org	是
Khoj	Khoj	开发	编程开发,效率工具	Khoj在线服务	Khoj在线服务。这里提供Khoj的官方服务与相关信息，支持通过官网了解产品、功能、使用方式及最新动态；具体服务范围、开放地区和使用规则请以官方网站当前页面为准。官方网站：khoj.dev。	https://khoj.dev	是
Agenta	Agenta	AI	AI,效率工具	Agenta在线服务	Agenta在线服务。这里提供Agenta的官方服务与相关信息，支持通过官网了解产品、功能、使用方式及最新动态；具体服务范围、开放地区和使用规则请以官方网站当前页面为准。官方网站：agenta.ai。	https://agenta.ai	是
Localai	Localai	AI	AI,效率工具	Localai在线服务	Localai在线服务。这里提供Localai的官方服务与相关信息，支持通过官网了解产品、功能、使用方式及最新动态；具体服务范围、开放地区和使用规则请以官方网站当前页面为准。官方网站：localai.io。	https://localai.io	是
Openmeetings	Openmeetings	工具	效率工具,在线服务	Openmeetings在线服务	Openmeetings在线服务。这里提供Openmeetings的官方服务与相关信息，支持通过官网了解产品、功能、使用方式及最新动态；具体服务范围、开放地区和使用规则请以官方网站当前页面为准。官方网站：openmeetings.apache.org。	https://openmeetings.apache.org/index.html	是
Zimbra	Zimbra	工具	其他,效率工具,在线服务	Zimbra在线服务	Zimbra在线服务。这里提供Zimbra的官方服务与相关信息，支持通过官网了解产品、功能、使用方式及最新动态；具体服务范围、开放地区和使用规则请以官方网站当前页面为准。官方网站：zimbra.com。	https://www.zimbra.com	是
Egroupware	Egroupware	工具	其他,效率工具,在线服务	Egroupware在线服务	Egroupware在线服务。这里提供Egroupware的官方服务与相关信息，支持通过官网了解产品、功能、使用方式及最新动态；具体服务范围、开放地区和使用规则请以官方网站当前页面为准。官方网站：egroupware.org。	https://www.egroupware.org	是
Sogo	Sogo	工具	其他,效率工具,在线服务	Sogo在线服务	Sogo在线服务。这里提供Sogo的官方服务与相关信息，支持通过官网了解产品、功能、使用方式及最新动态；具体服务范围、开放地区和使用规则请以官方网站当前页面为准。官方网站：sogo.nu。	https://www.sogo.nu	是
Docs	Docs	AI	AI,效率工具	Docs在线服务	Docs在线服务。这里提供Docs的官方服务与相关信息，支持通过官网了解产品、功能、使用方式及最新动态；具体服务范围、开放地区和使用规则请以官方网站当前页面为准。官方网站：docs.endurain.com。	https://docs.endurain.com	是
Wger	Wger	工具	其他,效率工具,在线服务	Wger在线服务	Wger在线服务。这里提供Wger的官方服务与相关信息，支持通过官网了解产品、功能、使用方式及最新动态；具体服务范围、开放地区和使用规则请以官方网站当前页面为准。官方网站：wger.de。	https://wger.de/en/dashboard	是
Openelis Global	Openelis Global	工具	其他,效率工具,在线服务	Openelis Global在线服务	Openelis Global在线服务。这里提供Openelis Global的官方服务与相关信息，支持通过官网了解产品、功能、使用方式及最新动态；具体服务范围、开放地区和使用规则请以官方网站当前页面为准。官方网站：openelis-global.org。	https://openelis-global.org	是
Wger	Wger	工具	其他,效率工具,在线服务	Wger在线服务	Wger在线服务。这里提供Wger的官方服务与相关信息，支持通过官网了解产品、功能、使用方式及最新动态；具体服务范围、开放地区和使用规则请以官方网站当前页面为准。官方网站：wger.de。	https://wger.de	是
Docs	Docs	工具	其他,效率工具,在线服务	Docs在线服务	Docs在线服务。这里提供Docs的官方服务与相关信息，支持通过官网了解产品、功能、使用方式及最新动态；具体服务范围、开放地区和使用规则请以官方网站当前页面为准。官方网站：docs.fittrackee.org。	https://docs.fittrackee.org	是
Admidio	Admidio	工具	其他,效率工具,在线服务	Admidio在线服务	Admidio在线服务。这里提供Admidio的官方服务与相关信息，支持通过官网了解产品、功能、使用方式及最新动态；具体服务范围、开放地区和使用规则请以官方网站当前页面为准。官方网站：admidio.org。	https://www.admidio.org	是
Evcc	Evcc	工具	其他,效率工具,在线服务	Evcc在线服务	Evcc在线服务。这里提供Evcc的官方服务与相关信息，支持通过官网了解产品、功能、使用方式及最新动态；具体服务范围、开放地区和使用规则请以官方网站当前页面为准。官方网站：evcc.io。	https://evcc.io	是
Fhem	Fhem	工具	其他,效率工具,在线服务	Fhem在线服务	Fhem在线服务。这里提供Fhem的官方服务与相关信息，支持通过官网了解产品、功能、使用方式及最新动态；具体服务范围、开放地区和使用规则请以官方网站当前页面为准。官方网站：fhem.de。	https://fhem.de/fhem.html	是
Meremedical	Meremedical	工具	其他,效率工具,在线服务	Meremedical在线服务	Meremedical在线服务。这里提供Meremedical的官方服务与相关信息，支持通过官网了解产品、功能、使用方式及最新动态；具体服务范围、开放地区和使用规则请以官方网站当前页面为准。官方网站：meremedical.co。	https://meremedical.co	是
Openelis Global	Openelis Global	工具	其他,效率工具,在线服务	Openelis Global在线服务	Openelis Global在线服务。这里提供Openelis Global的官方服务与相关信息，支持通过官网了解产品、功能、使用方式及最新动态；具体服务范围、开放地区和使用规则请以官方网站当前页面为准。官方网站：openelis-global.org。	https://openelis-global.org/getting-started/demo	是
Svn	Svn	工具	其他,效率工具,在线服务	Svn在线服务	Svn在线服务。这里提供Svn的官方服务与相关信息，支持通过官网了解产品、功能、使用方式及最新动态；具体服务范围、开放地区和使用规则请以官方网站当前页面为准。官方网站：svn.fhem.de。	https://svn.fhem.de/trac	是
Nodered	Nodered	工具	其他,效率工具,在线服务	Nodered在线服务	Nodered在线服务。这里提供Nodered的官方服务与相关信息，支持通过官网了解产品、功能、使用方式及最新动态；具体服务范围、开放地区和使用规则请以官方网站当前页面为准。官方网站：nodered.org。	https://nodered.org	是
Onloc	Onloc	工具	其他,效率工具,在线服务	Onloc在线服务	Onloc在线服务。这里提供Onloc的官方服务与相关信息，支持通过官网了解产品、功能、使用方式及最新动态；具体服务范围、开放地区和使用规则请以官方网站当前页面为准。官方网站：onloc.app。	https://onloc.app	是
Iobroker	Iobroker	工具	其他,效率工具,在线服务	Iobroker在线服务	Iobroker在线服务。这里提供Iobroker的官方服务与相关信息，支持通过官网了解产品、功能、使用方式及最新动态；具体服务范围、开放地区和使用规则请以官方网站当前页面为准。官方网站：iobroker.net。	https://www.iobroker.net	是
Minthcm	Minthcm	工具	其他,效率工具,在线服务	Minthcm在线服务	Minthcm在线服务。这里提供Minthcm的官方服务与相关信息，支持通过官网了解产品、功能、使用方式及最新动态；具体服务范围、开放地区和使用规则请以官方网站当前页面为准。官方网站：minthcm.org。	https://minthcm.org	是
Fmd Foss	Fmd Foss	工具	其他,效率工具,在线服务	Fmd Foss在线服务	Fmd Foss在线服务。这里提供Fmd Foss的官方服务与相关信息，支持通过官网了解产品、功能、使用方式及最新动态；具体服务范围、开放地区和使用规则请以官方网站当前页面为准。官方网站：fmd-foss.org。	https://fmd-foss.org	是
Openhab	Openhab	工具	其他,效率工具,在线服务	Openhab在线服务	Openhab在线服务。这里提供Openhab的官方服务与相关信息，支持通过官网了解产品、功能、使用方式及最新动态；具体服务范围、开放地区和使用规则请以官方网站当前页面为准。官方网站：openhab.org。	https://www.openhab.org	是
Gladysassistant	Gladysassistant	工具	其他,效率工具,在线服务	Gladysassistant在线服务	Gladysassistant在线服务。这里提供Gladysassistant的官方服务与相关信息，支持通过官网了解产品、功能、使用方式及最新动态；具体服务范围、开放地区和使用规则请以官方网站当前页面为准。官方网站：gladysassistant.com。	https://gladysassistant.com	是
Openremote	Openremote	工具	其他,效率工具,在线服务	Openremote在线服务	Openremote在线服务。这里提供Openremote的官方服务与相关信息，支持通过官网了解产品、功能、使用方式及最新动态；具体服务范围、开放地区和使用规则请以官方网站当前页面为准。官方网站：openremote.io。	https://openremote.io	是
Thingsboard	Thingsboard	工具	其他,效率工具,在线服务	Thingsboard在线服务	Thingsboard在线服务。这里提供Thingsboard的官方服务与相关信息，支持通过官网了解产品、功能、使用方式及最新动态；具体服务范围、开放地区和使用规则请以官方网站当前页面为准。官方网站：thingsboard.io。	https://thingsboard.io	是
Solectrus	Solectrus	工具	其他,效率工具,在线服务	Solectrus在线服务	Solectrus在线服务。这里提供Solectrus的官方服务与相关信息，支持通过官网了解产品、功能、使用方式及最新动态；具体服务范围、开放地区和使用规则请以官方网站当前页面为准。官方网站：solectrus.de。	https://solectrus.de	是
Inventaire	Inventaire	AI	AI,效率工具	Inventaire在线服务	Inventaire在线服务。这里提供Inventaire的官方服务与相关信息，支持通过官网了解产品、功能、使用方式及最新动态；具体服务范围、开放地区和使用规则请以官方网站当前页面为准。官方网站：inventaire.io。	https://inventaire.io/welcome	是
Inventree	Inventree	工具	其他,效率工具,在线服务	Inventree在线服务	Inventree在线服务。这里提供Inventree的官方服务与相关信息，支持通过官网了解产品、功能、使用方式及最新动态；具体服务范围、开放地区和使用规则请以官方网站当前页面为准。官方网站：inventree.org。	https://inventree.org/demo	是
Docs	Docs	工具	其他,效率工具,在线服务	Docs在线服务	Docs在线服务。这里提供Docs的官方服务与相关信息，支持通过官网了解产品、功能、使用方式及最新动态；具体服务范围、开放地区和使用规则请以官方网站当前页面为准。官方网站：docs.part-db.de。	https://docs.part-db.de	是
Cannery	Cannery	工具	其他,效率工具,在线服务	Cannery在线服务	Cannery在线服务。这里提供Cannery的官方服务与相关信息，支持通过官网了解产品、功能、使用方式及最新动态；具体服务范围、开放地区和使用规则请以官方网站当前页面为准。官方网站：cannery.app。	https://cannery.app	是
Webthings	Webthings	工具	其他,效率工具,在线服务	Webthings在线服务	Webthings在线服务。这里提供Webthings的官方服务与相关信息，支持通过官网了解产品、功能、使用方式及最新动态；具体服务范围、开放地区和使用规则请以官方网站当前页面为准。官方网站：webthings.io。	https://webthings.io/gateway	是
Atomicserver	Atomicserver	工具	其他,效率工具,在线服务	Atomicserver在线服务	Atomicserver在线服务。这里提供Atomicserver的官方服务与相关信息，支持通过官网了解产品、功能、使用方式及最新动态；具体服务范围、开放地区和使用规则请以官方网站当前页面为准。官方网站：atomicserver.eu。	https://atomicserver.eu	是
Demo	Demo	工具	其他,效率工具,在线服务	Demo在线服务	Demo在线服务。这里提供Demo的官方服务与相关信息，支持通过官网了解产品、功能、使用方式及最新动态；具体服务范围、开放地区和使用规则请以官方网站当前页面为准。官方网站：demo.homebox.software。	https://demo.homebox.software	是
Instructure	Instructure	工具	其他,效率工具,在线服务	Instructure在线服务	Instructure在线服务。这里提供Instructure的官方服务与相关信息，支持通过官网了解产品、功能、使用方式及最新动态；具体服务范围、开放地区和使用规则请以官方网站当前页面为准。官方网站：instructure.com。	https://www.instructure.com/canvas	是
Atomicdata	Atomicdata	开发	编程开发,效率工具	Atomicdata在线服务	Atomicdata在线服务。这里提供Atomicdata的官方服务与相关信息，支持通过官网了解产品、功能、使用方式及最新动态；具体服务范围、开放地区和使用规则请以官方网站当前页面为准。官方网站：atomicdata.dev。	https://atomicdata.dev	是
Map	Map	工具	其他,效率工具,在线服务	Map在线服务	Map在线服务。这里提供Map的官方服务与相关信息，支持通过官网了解产品、功能、使用方式及最新动态；具体服务范围、开放地区和使用规则请以官方网站当前页面为准。官方网站：map.kits.blog。	https://map.kits.blog	是
Librekb	Librekb	工具	其他,效率工具,在线服务	Librekb在线服务	Librekb在线服务。这里提供Librekb的官方服务与相关信息，支持通过官网了解产品、功能、使用方式及最新动态；具体服务范围、开放地区和使用规则请以官方网站当前页面为准。官方网站：librekb.com。	https://librekb.com	是
Shelf	Shelf	工具	其他,效率工具,在线服务	Shelf在线服务	Shelf在线服务。这里提供Shelf的官方服务与相关信息，支持通过官网了解产品、功能、使用方式及最新动态；具体服务范围、开放地区和使用规则请以官方网站当前页面为准。官方网站：shelf.nu。	https://www.shelf.nu	是
Heliumedu	Heliumedu	教育	在线学习,效率工具	Heliumedu在线服务	Heliumedu在线服务。这里提供Heliumedu的官方服务与相关信息，支持通过官网了解产品、功能、使用方式及最新动态；具体服务范围、开放地区和使用规则请以官方网站当前页面为准。官方网站：heliumedu.com。	https://www.heliumedu.com	是
Ladigitale	Ladigitale	开发	编程开发,效率工具	Ladigitale在线服务	Ladigitale在线服务。这里提供Ladigitale的官方服务与相关信息，支持通过官网了解产品、功能、使用方式及最新动态；具体服务范围、开放地区和使用规则请以官方网站当前页面为准。官方网站：ladigitale.dev。	https://ladigitale.dev/digimindmap	是
Inginious	Inginious	工具	其他,效率工具,在线服务	Inginious在线服务	Inginious在线服务。这里提供Inginious的官方服务与相关信息，支持通过官网了解产品、功能、使用方式及最新动态；具体服务范围、开放地区和使用规则请以官方网站当前页面为准。官方网站：inginious.org。	https://inginious.org	是
Gibbonedu	Gibbonedu	教育	在线学习,效率工具	Gibbonedu在线服务	Gibbonedu在线服务。这里提供Gibbonedu的官方服务与相关信息，支持通过官网了解产品、功能、使用方式及最新动态；具体服务范围、开放地区和使用规则请以官方网站当前页面为准。官方网站：gibbonedu.org。	https://gibbonedu.org	是
App	App	教育	在线学习,效率工具	App在线服务	App在线服务。这里提供App的官方服务与相关信息，支持通过官网了解产品、功能、使用方式及最新动态；具体服务范围、开放地区和使用规则请以官方网站当前页面为准。官方网站：app.heliumedu.com。	https://app.heliumedu.com	是
Ladigitale	Ladigitale	开发	编程开发,效率工具	Ladigitale在线服务	Ladigitale在线服务。这里提供Ladigitale的官方服务与相关信息，支持通过官网了解产品、功能、使用方式及最新动态；具体服务范围、开放地区和使用规则请以官方网站当前页面为准。官方网站：ladigitale.dev。	https://ladigitale.dev/digitools	是
Ilias	Ilias	工具	其他,效率工具,在线服务	Ilias在线服务	Ilias在线服务。这里提供Ilias的官方服务与相关信息，支持通过官网了解产品、功能、使用方式及最新动态；具体服务范围、开放地区和使用规则请以官方网站当前页面为准。官方网站：ilias.de。	https://www.ilias.de	是
Chamilo	Chamilo	工具	其他,效率工具,在线服务	Chamilo在线服务	Chamilo在线服务。这里提供Chamilo的官方服务与相关信息，支持通过官网了解产品、功能、使用方式及最新动态；具体服务范围、开放地区和使用规则请以官方网站当前页面为准。官方网站：chamilo.org。	https://chamilo.org	是
Openolat	Openolat	工具	其他,效率工具,在线服务	Openolat在线服务	Openolat在线服务。这里提供Openolat的官方服务与相关信息，支持通过官网了解产品、功能、使用方式及最新动态；具体服务范围、开放地区和使用规则请以官方网站当前页面为准。官方网站：openolat.com。	https://www.openolat.com	是
Ladigitale	Ladigitale	开发	编程开发,效率工具	Ladigitale在线服务	Ladigitale在线服务。这里提供Ladigitale的官方服务与相关信息，支持通过官网了解产品、功能、使用方式及最新动态；具体服务范围、开放地区和使用规则请以官方网站当前页面为准。官方网站：ladigitale.dev。	https://ladigitale.dev/digiscreen	是
Rosariosis	Rosariosis	工具	其他,效率工具,在线服务	Rosariosis在线服务	Rosariosis在线服务。这里提供Rosariosis的官方服务与相关信息，支持通过官网了解产品、功能、使用方式及最新动态；具体服务范围、开放地区和使用规则请以官方网站当前页面为准。官方网站：rosariosis.org。	https://www.rosariosis.org	是
Demo	Demo	工具	其他,效率工具,在线服务	Demo在线服务	Demo在线服务。这里提供Demo的官方服务与相关信息，支持通过官网了解产品、功能、使用方式及最新动态；具体服务范围、开放地区和使用规则请以官方网站当前页面为准。官方网站：demo.openeclass.org。	https://demo.openeclass.org	是
Git	Git	开发	编程开发,效率工具	Git在线服务	Git在线服务。这里提供Git的官方服务与相关信息，支持通过官网了解产品、功能、使用方式及最新动态；具体服务范围、开放地区和使用规则请以官方网站当前页面为准。官方网站：git.moodle.org。	https://git.moodle.org/gw	是
Cnc	Cnc	工具	其他,效率工具,在线服务	Cnc在线服务	Cnc在线服务。这里提供Cnc的官方服务与相关信息，支持通过官网了解产品、功能、使用方式及最新动态；具体服务范围、开放地区和使用规则请以官方网站当前页面为准。官方网站：cnc.js.org。	https://cnc.js.org	是
Docs	Docs	工具	其他,效率工具,在线服务	Docs在线服务	Docs在线服务。这里提供Docs的官方服务与相关信息，支持通过官网了解产品、功能、使用方式及最新动态；具体服务范围、开放地区和使用规则请以官方网站当前页面为准。官方网站：docs.fluidd.xyz。	https://docs.fluidd.xyz	是
Docs	Docs	AI	AI,效率工具	Docs在线服务	Docs在线服务。这里提供Docs的官方服务与相关信息，支持通过官网了解产品、功能、使用方式及最新动态；具体服务范围、开放地区和使用规则请以官方网站当前页面为准。官方网站：docs.mainsail.xyz。	https://docs.mainsail.xyz	是
Linuxcnc	Linuxcnc	工具	其他,效率工具,在线服务	Linuxcnc在线服务	Linuxcnc在线服务。这里提供Linuxcnc的官方服务与相关信息，支持通过官网了解产品、功能、使用方式及最新动态；具体服务范围、开放地区和使用规则请以官方网站当前页面为准。官方网站：linuxcnc.org。	https://www.linuxcnc.org	是
Qstonline	Qstonline	工具	其他,效率工具,在线服务	Qstonline在线服务	Qstonline在线服务。这里提供Qstonline的官方服务与相关信息，支持通过官网了解产品、功能、使用方式及最新动态；具体服务范围、开放地区和使用规则请以官方网站当前页面为准。官方网站：qstonline.org。	https://qstonline.org/free_account.htm	是
Manyfold	Manyfold	工具	其他,效率工具,在线服务	Manyfold在线服务	Manyfold在线服务。这里提供Manyfold的官方服务与相关信息，支持通过官网了解产品、功能、使用方式及最新动态；具体服务范围、开放地区和使用规则请以官方网站当前页面为准。官方网站：manyfold.app。	https://manyfold.app	是
Octoprint	Octoprint	工具	其他,效率工具,在线服务	Octoprint在线服务	Octoprint在线服务。这里提供Octoprint的官方服务与相关信息，支持通过官网了解产品、功能、使用方式及最新动态；具体服务范围、开放地区和使用规则请以官方网站当前页面为准。官方网站：octoprint.org。	https://octoprint.org	是
Sourceforge	Sourceforge	工具	其他,效率工具,在线服务	Sourceforge在线服务	Sourceforge在线服务。这里提供Sourceforge的官方服务与相关信息，支持通过官网了解产品、功能、使用方式及最新动态；具体服务范围、开放地区和使用规则请以官方网站当前页面为准。官方网站：sourceforge.net。	https://sourceforge.net/projects/qstonline	是
Rosariosis	Rosariosis	工具	其他,效率工具,在线服务	Rosariosis在线服务	Rosariosis在线服务。这里提供Rosariosis的官方服务与相关信息，支持通过官网了解产品、功能、使用方式及最新动态；具体服务范围、开放地区和使用规则请以官方网站当前页面为准。官方网站：rosariosis.org。	https://www.rosariosis.org/demo	是
Documen	Documen	工具	其他,效率工具,在线服务	Documen在线服务	Documen在线服务。这里提供Documen的官方服务与相关信息，支持通过官网了解产品、功能、使用方式及最新动态；具体服务范围、开放地区和使用规则请以官方网站当前页面为准。官方网站：documen.tician.de。	https://documen.tician.de/relate	是
Adventurelog	Adventurelog	工具	其他,效率工具,在线服务	Adventurelog在线服务	Adventurelog在线服务。这里提供Adventurelog的官方服务与相关信息，支持通过官网了解产品、功能、使用方式及最新动态；具体服务范围、开放地区和使用规则请以官方网站当前页面为准。官方网站：adventurelog.app。	https://adventurelog.app	是
Project Osrm	Project Osrm	工具	其他,效率工具,在线服务	Project Osrm在线服务	Project Osrm在线服务。这里提供Project Osrm的官方服务与相关信息，支持通过官网了解产品、功能、使用方式及最新动态；具体服务范围、开放地区和使用规则请以官方网站当前页面为准。官方网站：project-osrm.org。	http://project-osrm.org	是
Knrdl	Knrdl	开发	编程开发,效率工具	Knrdl在线服务	Knrdl在线服务。这里提供Knrdl的官方服务与相关信息，支持通过官网了解产品、功能、使用方式及最新动态；具体服务范围、开放地区和使用规则请以官方网站当前页面为准。官方网站：knrdl.github.io。	https://knrdl.github.io/bicimon	是
Opentripplanner	Opentripplanner	工具	其他,效率工具,在线服务	Opentripplanner在线服务	Opentripplanner在线服务。这里提供Opentripplanner的官方服务与相关信息，支持通过官网了解产品、功能、使用方式及最新动态；具体服务范围、开放地区和使用规则请以官方网站当前页面为准。官方网站：opentripplanner.org。	https://www.opentripplanner.org	是
Owntracks	Owntracks	工具	其他,效率工具,在线服务	Owntracks在线服务	Owntracks在线服务。这里提供Owntracks的官方服务与相关信息，支持通过官网了解产品、功能、使用方式及最新动态；具体服务范围、开放地区和使用规则请以官方网站当前页面为准。官方网站：owntracks.org。	https://owntracks.org	是
Nominatim	Nominatim	工具	其他,效率工具,在线服务	Nominatim在线服务	Nominatim在线服务。这里提供Nominatim的官方服务与相关信息，支持通过官网了解产品、功能、使用方式及最新动态；具体服务范围、开放地区和使用规则请以官方网站当前页面为准。官方网站：nominatim.org。	https://nominatim.org	是
Airtrail	Airtrail	AI	AI,效率工具	Airtrail在线服务	Airtrail在线服务。这里提供Airtrail的官方服务与相关信息，支持通过官网了解产品、功能、使用方式及最新动态；具体服务范围、开放地区和使用规则请以官方网站当前页面为准。官方网站：airtrail.johan.ohly.dk。	https://airtrail.johan.ohly.dk	是
Nextgis	Nextgis	工具	其他,效率工具,在线服务	Nextgis在线服务	Nextgis在线服务。这里提供Nextgis的官方服务与相关信息，支持通过官网了解产品、功能、使用方式及最新动态；具体服务范围、开放地区和使用规则请以官方网站当前页面为准。官方网站：nextgis.com。	https://nextgis.com/nextgis-web	是
Demo	Demo	工具	其他,效率工具,在线服务	Demo在线服务	Demo在线服务。这里提供Demo的官方服务与相关信息，支持通过官网了解产品、功能、使用方式及最新动态；具体服务范围、开放地区和使用规则请以官方网站当前页面为准。官方网站：demo.traccar.org。	https://demo.traccar.org	是
Traccar	Traccar	工具	其他,效率工具,在线服务	Traccar在线服务	Traccar在线服务。这里提供Traccar的官方服务与相关信息，支持通过官网了解产品、功能、使用方式及最新动态；具体服务范围、开放地区和使用规则请以官方网站当前页面为准。官方网站：traccar.org。	https://www.traccar.org	是
Itskovacs Trip	Itskovacs Trip	工具	其他,效率工具,在线服务	Itskovacs Trip在线服务	Itskovacs Trip在线服务。这里提供Itskovacs Trip的官方服务与相关信息，支持通过官网了解产品、功能、使用方式及最新动态；具体服务范围、开放地区和使用规则请以官方网站当前页面为准。官方网站：itskovacs-trip.netlify.app。	https://itskovacs-trip.netlify.app	是
Demo	Demo	工具	其他,效率工具,在线服务	Demo在线服务	Demo在线服务。这里提供Demo的官方服务与相关信息，支持通过官网了解产品、功能、使用方式及最新动态；具体服务范围、开放地区和使用规则请以官方网站当前页面为准。官方网站：demo.wanderer.to。	https://demo.wanderer.to	是
Itskovacs Trip	Itskovacs Trip	工具	其他,效率工具,在线服务	Itskovacs Trip在线服务	Itskovacs Trip在线服务。这里提供Itskovacs Trip的官方服务与相关信息，支持通过官网了解产品、功能、使用方式及最新动态；具体服务范围、开放地区和使用规则请以官方网站当前页面为准。官方网站：itskovacs-trip.netlify.app。	https://itskovacs-trip.netlify.app/home	是
Elengrab	Elengrab	工具	其他,效率工具,在线服务	Elengrab在线服务	Elengrab在线服务。这里提供Elengrab的官方服务与相关信息，支持通过官网了解产品、功能、使用方式及最新动态；具体服务范围、开放地区和使用规则请以官方网站当前页面为准。官方网站：elengrab.n-hub.ru。	https://elengrab.n-hub.ru	是
Tileserver	Tileserver	工具	其他,效率工具,在线服务	Tileserver在线服务	Tileserver在线服务。这里提供Tileserver的官方服务与相关信息，支持通过官网了解产品、功能、使用方式及最新动态；具体服务范围、开放地区和使用规则请以官方网站当前页面为准。官方网站：tileserver.readthedocs.io。	https://tileserver.readthedocs.io	是
Ombi	Ombi	工具	其他,效率工具,在线服务	Ombi在线服务	Ombi在线服务。这里提供Ombi的官方服务与相关信息，支持通过官网了解产品、功能、使用方式及最新动态；具体服务范围、开放地区和使用规则请以官方网站当前页面为准。官方网站：ombi.io。	https://ombi.io	是
Lardbit	Lardbit	开发	编程开发,效率工具	Lardbit在线服务	Lardbit在线服务。这里提供Lardbit的官方服务与相关信息，支持通过官网了解产品、功能、使用方式及最新动态；具体服务范围、开放地区和使用规则请以官方网站当前页面为准。官方网站：lardbit.github.io。	https://lardbit.github.io/nefarious	是
Downtify	Downtify	工具	其他,效率工具,在线服务	Downtify在线服务	Downtify在线服务。这里提供Downtify的官方服务与相关信息，支持通过官网了解产品、功能、使用方式及最新动态；具体服务范围、开放地区和使用规则请以官方网站当前页面为准。官方网站：downtify.henriquesebastiao.com。	https://downtify.henriquesebastiao.com	是
App	App	工具	其他,效率工具,在线服务	App在线服务	App在线服务。这里提供App的官方服务与相关信息，支持通过官网了解产品、功能、使用方式及最新动态；具体服务范围、开放地区和使用规则请以官方网站当前页面为准。官方网站：app.ombi.io。	https://app.ombi.io	是
Reaparr	Reaparr	工具	其他,效率工具,在线服务	Reaparr在线服务	Reaparr在线服务。这里提供Reaparr的官方服务与相关信息，支持通过官网了解产品、功能、使用方式及最新动态；具体服务范围、开放地区和使用规则请以官方网站当前页面为准。官方网站：reaparr.rocks。	https://www.reaparr.rocks	是
Ampache	Ampache	工具	其他,效率工具,在线服务	Ampache在线服务	Ampache在线服务。这里提供Ampache的官方服务与相关信息，支持通过官网了解产品、功能、使用方式及最新动态；具体服务范围、开放地区和使用规则请以官方网站当前页面为准。官方网站：ampache.org。	https://ampache.org	是
Sonarr	Sonarr	工具	其他,效率工具,在线服务	Sonarr在线服务	Sonarr在线服务。这里提供Sonarr的官方服务与相关信息，支持通过官网了解产品、功能、使用方式及最新动态；具体服务范围、开放地区和使用规则请以官方网站当前页面为准。官方网站：sonarr.tv。	https://sonarr.tv	是
Play	Play	工具	其他,效率工具,在线服务	Play在线服务	Play在线服务。这里提供Play的官方服务与相关信息，支持通过官网了解产品、功能、使用方式及最新动态；具体服务范围、开放地区和使用规则请以官方网站当前页面为准。官方网站：play.dogmazic.net。	https://play.dogmazic.net	是
Beets	Beets	工具	其他,效率工具,在线服务	Beets在线服务	Beets在线服务。这里提供Beets的官方服务与相关信息，支持通过官网了解产品、功能、使用方式及最新动态；具体服务范围、开放地区和使用规则请以官方网站当前页面为准。官方网站：beets.io。	https://beets.io	是
Libretime	Libretime	工具	其他,效率工具,在线服务	Libretime在线服务	Libretime在线服务。这里提供Libretime的官方服务与相关信息，支持通过官网了解产品、功能、使用方式及最新动态；具体服务范围、开放地区和使用规则请以官方网站当前页面为准。官方网站：libretime.org。	https://libretime.org	是
Koel	Koel	开发	编程开发,效率工具	Koel在线服务	Koel在线服务。这里提供Koel的官方服务与相关信息，支持通过官网了解产品、功能、使用方式及最新动态；具体服务范围、开放地区和使用规则请以官方网站当前页面为准。官方网站：koel.dev。	https://koel.dev	是
Musicpd	Musicpd	工具	其他,效率工具,在线服务	Musicpd在线服务	Musicpd在线服务。这里提供Musicpd的官方服务与相关信息，支持通过官网了解产品、功能、使用方式及最新动态；具体服务范围、开放地区和使用规则请以官方网站当前页面为准。官方网站：musicpd.org。	https://www.musicpd.org	是
Moodeaudio	Moodeaudio	工具	其他,效率工具,在线服务	Moodeaudio在线服务	Moodeaudio在线服务。这里提供Moodeaudio的官方服务与相关信息，支持通过官网了解产品、功能、使用方式及最新动态；具体服务范围、开放地区和使用规则请以官方网站当前页面为准。官方网站：moodeaudio.org。	https://moodeaudio.org	是
Mstream	Mstream	工具	其他,效率工具,在线服务	Mstream在线服务	Mstream在线服务。这里提供Mstream的官方服务与相关信息，支持通过官网了解产品、功能、使用方式及最新动态；具体服务范围、开放地区和使用规则请以官方网站当前页面为准。官方网站：mstream.io。	https://mstream.io	是
Pinepods	Pinepods	工具	其他,效率工具,在线服务	Pinepods在线服务	Pinepods在线服务。这里提供Pinepods的官方服务与相关信息，支持通过官网了解产品、功能、使用方式及最新动态；具体服务范围、开放地区和使用规则请以官方网站当前页面为准。官方网站：pinepods.online。	https://www.pinepods.online	是
Try	Try	工具	其他,效率工具,在线服务	Try在线服务	Try在线服务。这里提供Try的官方服务与相关信息，支持通过官网了解产品、功能、使用方式及最新动态；具体服务范围、开放地区和使用规则请以官方网站当前页面为准。官方网站：try.pinepods.online。	https://try.pinepods.online	是
Jellyfin	Jellyfin	工具	其他,效率工具,在线服务	Jellyfin在线服务	Jellyfin在线服务。这里提供Jellyfin的官方服务与相关信息，支持通过官网了解产品、功能、使用方式及最新动态；具体服务范围、开放地区和使用规则请以官方网站当前页面为准。官方网站：jellyfin.org。	https://jellyfin.org	是
Gerbera	Gerbera	工具	其他,效率工具,在线服务	Gerbera在线服务	Gerbera在线服务。这里提供Gerbera的官方服务与相关信息，支持通过官网了解产品、功能、使用方式及最新动态；具体服务范围、开放地区和使用规则请以官方网站当前页面为准。官方网站：gerbera.io。	https://gerbera.io	是
Next	Next	AI	AI,效率工具	Next在线服务	Next在线服务。这里提供Next的官方服务与相关信息，支持通过官网了解产品、功能、使用方式及最新动态；具体服务范围、开放地区和使用规则请以官方网站当前页面为准。官方网站：next.kaiserapps.com。	https://next.kaiserapps.com	是
Icecast	Icecast	工具	其他,效率工具,在线服务	Icecast在线服务	Icecast在线服务。这里提供Icecast的官方服务与相关信息，支持通过官网了解产品、功能、使用方式及最新动态；具体服务范围、开放地区和使用规则请以官方网站当前页面为准。官方网站：icecast.org。	https://icecast.org	是
Kyoo	Kyoo	开发	编程开发,效率工具	Kyoo在线服务	Kyoo在线服务。这里提供Kyoo的官方服务与相关信息，支持通过官网了解产品、功能、使用方式及最新动态；具体服务范围、开放地区和使用规则请以官方网站当前页面为准。官方网站：kyoo.zoriya.dev。	https://kyoo.zoriya.dev	是
Karaoke Eternal	Karaoke Eternal	工具	其他,效率工具,在线服务	Karaoke Eternal在线服务	Karaoke Eternal在线服务。这里提供Karaoke Eternal的官方服务与相关信息，支持通过官网了解产品、功能、使用方式及最新动态；具体服务范围、开放地区和使用规则请以官方网站当前页面为准。官方网站：karaoke-eternal.com。	https://www.karaoke-eternal.com	是
Stashapp	Stashapp	工具	其他,效率工具,在线服务	Stashapp在线服务	Stashapp在线服务。这里提供Stashapp的官方服务与相关信息，支持通过官网了解产品、功能、使用方式及最新动态；具体服务范围、开放地区和使用规则请以官方网站当前页面为准。官方网站：stashapp.cc。	https://stashapp.cc	是
Mistserver	Mistserver	工具	其他,效率工具,在线服务	Mistserver在线服务	Mistserver在线服务。这里提供Mistserver的官方服务与相关信息，支持通过官网了解产品、功能、使用方式及最新动态；具体服务范围、开放地区和使用规则请以官方网站当前页面为准。官方网站：mistserver.org。	https://mistserver.org	是
Nyanko	Nyanko	工具	其他,效率工具,在线服务	Nyanko在线服务	Nyanko在线服务。这里提供Nyanko的官方服务与相关信息，支持通过官网了解产品、功能、使用方式及最新动态；具体服务范围、开放地区和使用规则请以官方网站当前页面为准。官方网站：nyanko.ws。	http://nyanko.ws/nymphcast.php	是
U Wave	U Wave	工具	其他,效率工具,在线服务	U Wave在线服务	U Wave在线服务。这里提供U Wave的官方服务与相关信息，支持通过官网了解产品、功能、使用方式及最新动态；具体服务范围、开放地区和使用规则请以官方网站当前页面为准。官方网站：u-wave.net。	https://u-wave.net	是
Mediamtx	Mediamtx	工具	其他,效率工具,在线服务	Mediamtx在线服务	Mediamtx在线服务。这里提供Mediamtx的官方服务与相关信息，支持通过官网了解产品、功能、使用方式及最新动态；具体服务范围、开放地区和使用规则请以官方网站当前页面为准。官方网站：mediamtx.org。	https://mediamtx.org/docs/kickoff/introduction	是
Mediacms	Mediacms	工具	其他,效率工具,在线服务	Mediacms在线服务	Mediacms在线服务。这里提供Mediacms的官方服务与相关信息，支持通过官网了解产品、功能、使用方式及最新动态；具体服务范围、开放地区和使用规则请以官方网站当前页面为准。官方网站：mediacms.io。	https://mediacms.io	是
Wlk	Wlk	工具	其他,效率工具,在线服务	Wlk在线服务	Wlk在线服务。这里提供Wlk的官方服务与相关信息，支持通过官网了解产品、功能、使用方式及最新动态；具体服务范围、开放地区和使用规则请以官方网站当前页面为准。官方网站：wlk.yt。	https://wlk.yt	是
Anchr	Anchr	工具	其他,效率工具,在线服务	Anchr在线服务	Anchr在线服务。这里提供Anchr的官方服务与相关信息，支持通过官网了解产品、功能、使用方式及最新动态；具体服务范围、开放地区和使用规则请以官方网站当前页面为准。官方网站：anchr.io。	https://anchr.io	是
Cups	Cups	工具	其他,效率工具,在线服务	Cups在线服务	Cups在线服务。这里提供Cups的官方服务与相关信息，支持通过官网了解产品、功能、使用方式及最新动态；具体服务范围、开放地区和使用规则请以官方网站当前页面为准。官方网站：cups.org。	https://www.cups.org	是
Asciinema	Asciinema	工具	其他,效率工具,在线服务	Asciinema在线服务	Asciinema在线服务。这里提供Asciinema的官方服务与相关信息，支持通过官网了解产品、功能、使用方式及最新动态；具体服务范围、开放地区和使用规则请以官方网站当前页面为准。官方网站：asciinema.org。	https://asciinema.org	是
Digiboard	Digiboard	工具	其他,效率工具,在线服务	Digiboard在线服务	Digiboard在线服务。这里提供Digiboard的官方服务与相关信息，支持通过官网了解产品、功能、使用方式及最新动态；具体服务范围、开放地区和使用规则请以官方网站当前页面为准。官方网站：digiboard.app。	https://digiboard.app	是
Asciinema	Asciinema	工具	其他,效率工具,在线服务	Asciinema在线服务	Asciinema在线服务。这里提供Asciinema的官方服务与相关信息，支持通过官网了解产品、功能、使用方式及最新动态；具体服务范围、开放地区和使用规则请以官方网站当前页面为准。官方网站：asciinema.org。	https://asciinema.org/explore	是
Anubis	Anubis	工具	其他,效率工具,在线服务	Anubis在线服务	Anubis在线服务。这里提供Anubis的官方服务与相关信息，支持通过官网了解产品、功能、使用方式及最新动态；具体服务范围、开放地区和使用规则请以官方网站当前页面为准。官方网站：anubis.techaro.lol。	https://anubis.techaro.lol	是
Codeberg	Codeberg	开发	编程开发,效率工具	Codeberg在线服务	Codeberg在线服务。这里提供Codeberg的官方服务与相关信息，支持通过官网了解产品、功能、使用方式及最新动态；具体服务范围、开放地区和使用规则请以官方网站当前页面为准。官方网站：codeberg.org。	https://codeberg.org/ladigitale/digicut	是
Codeberg	Codeberg	开发	编程开发,效率工具	Codeberg在线服务	Codeberg在线服务。这里提供Codeberg的官方服务与相关信息，支持通过官网了解产品、功能、使用方式及最新动态；具体服务范围、开放地区和使用规则请以官方网站当前页面为准。官方网站：codeberg.org。	https://codeberg.org/ladigitale/digimerge	是
Codeberg	Codeberg	开发	编程开发,效率工具	Codeberg在线服务	Codeberg在线服务。这里提供Codeberg的官方服务与相关信息，支持通过官网了解产品、功能、使用方式及最新动态；具体服务范围、开放地区和使用规则请以官方网站当前页面为准。官方网站：codeberg.org。	https://codeberg.org/ladigitale/digitranscode	是
Ladigitale	Ladigitale	开发	编程开发,效率工具	Ladigitale在线服务	Ladigitale在线服务。这里提供Ladigitale的官方服务与相关信息，支持通过官网了解产品、功能、使用方式及最新动态；具体服务范围、开放地区和使用规则请以官方网站当前页面为准。官方网站：ladigitale.dev。	https://ladigitale.dev/digicard	是
Ladigitale	Ladigitale	开发	编程开发,效率工具	Ladigitale在线服务	Ladigitale在线服务。这里提供Ladigitale的官方服务与相关信息，支持通过官网了解产品、功能、使用方式及最新动态；具体服务范围、开放地区和使用规则请以官方网站当前页面为准。官方网站：ladigitale.dev。	https://ladigitale.dev/digiflashcards	是
Ladigitale	Ladigitale	开发	编程开发,效率工具	Ladigitale在线服务	Ladigitale在线服务。这里提供Ladigitale的官方服务与相关信息，支持通过官网了解产品、功能、使用方式及最新动态；具体服务范围、开放地区和使用规则请以官方网站当前页面为准。官方网站：ladigitale.dev。	https://ladigitale.dev/digiface	是
Ladigitale	Ladigitale	开发	编程开发,效率工具	Ladigitale在线服务	Ladigitale在线服务。这里提供Ladigitale的官方服务与相关信息，支持通过官网了解产品、功能、使用方式及最新动态；具体服务范围、开放地区和使用规则请以官方网站当前页面为准。官方网站：ladigitale.dev。	https://ladigitale.dev/digimerge	是
Ladigitale	Ladigitale	开发	编程开发,效率工具	Ladigitale在线服务	Ladigitale在线服务。这里提供Ladigitale的官方服务与相关信息，支持通过官网了解产品、功能、使用方式及最新动态；具体服务范围、开放地区和使用规则请以官方网站当前页面为准。官方网站：ladigitale.dev。	https://ladigitale.dev/digiquiz	是
Ladigitale	Ladigitale	开发	编程开发,效率工具	Ladigitale在线服务	Ladigitale在线服务。这里提供Ladigitale的官方服务与相关信息，支持通过官网了解产品、功能、使用方式及最新动态；具体服务范围、开放地区和使用规则请以官方网站当前页面为准。官方网站：ladigitale.dev。	https://ladigitale.dev/digisteps	是
Ladigitale	Ladigitale	开发	编程开发,效率工具	Ladigitale在线服务	Ladigitale在线服务。这里提供Ladigitale的官方服务与相关信息，支持通过官网了解产品、功能、使用方式及最新动态；具体服务范围、开放地区和使用规则请以官方网站当前页面为准。官方网站：ladigitale.dev。	https://ladigitale.dev/digitranscode	是
Ladigitale	Ladigitale	开发	编程开发,效率工具	Ladigitale在线服务	Ladigitale在线服务。这里提供Ladigitale的官方服务与相关信息，支持通过官网了解产品、功能、使用方式及最新动态；具体服务范围、开放地区和使用规则请以官方网站当前页面为准。官方网站：ladigitale.dev。	https://ladigitale.dev/digiread	是
Ladigitale	Ladigitale	开发	编程开发,效率工具	Ladigitale在线服务	Ladigitale在线服务。这里提供Ladigitale的官方服务与相关信息，支持通过官网了解产品、功能、使用方式及最新动态；具体服务范围、开放地区和使用规则请以官方网站当前页面为准。官方网站：ladigitale.dev。	https://ladigitale.dev/digiview	是
Domjudge	Domjudge	工具	其他,效率工具,在线服务	Domjudge在线服务	Domjudge在线服务。这里提供Domjudge的官方服务与相关信息，支持通过官网了解产品、功能、使用方式及最新动态；具体服务范围、开放地区和使用规则请以官方网站当前页面为准。官方网站：domjudge.org。	https://www.domjudge.org/demo	是
Domjudge	Domjudge	工具	其他,效率工具,在线服务	Domjudge在线服务	Domjudge在线服务。这里提供Domjudge的官方服务与相关信息，支持通过官网了解产品、功能、使用方式及最新动态；具体服务范围、开放地区和使用规则请以官方网站当前页面为准。官方网站：domjudge.org。	https://www.domjudge.org	是
Esmira	Esmira	工具	其他,效率工具,在线服务	Esmira在线服务	Esmira在线服务。这里提供Esmira的官方服务与相关信息，支持通过官网了解产品、功能、使用方式及最新动态；具体服务范围、开放地区和使用规则请以官方网站当前页面为准。官方网站：esmira.kl.ac.at。	https://esmira.kl.ac.at	是
Demo Esmira	Demo Esmira	工具	其他,效率工具,在线服务	Demo Esmira在线服务	Demo Esmira在线服务。这里提供Demo Esmira的官方服务与相关信息，支持通过官网了解产品、功能、使用方式及最新动态；具体服务范围、开放地区和使用规则请以官方网站当前页面为准。官方网站：demo-esmira.kl.ac.at。	https://demo-esmira.kl.ac.at	是
Ladigitale	Ladigitale	开发	编程开发,效率工具	Ladigitale在线服务	Ladigitale在线服务。这里提供Ladigitale的官方服务与相关信息，支持通过官网了解产品、功能、使用方式及最新动态；具体服务范围、开放地区和使用规则请以官方网站当前页面为准。官方网站：ladigitale.dev。	https://ladigitale.dev/digiwords	是
Hortusfox	Hortusfox	开发	编程开发,效率工具	Hortusfox在线服务	Hortusfox在线服务。这里提供Hortusfox的官方服务与相关信息，支持通过官网了解产品、功能、使用方式及最新动态；具体服务范围、开放地区和使用规则请以官方网站当前页面为准。官方网站：hortusfox.github.io。	https://hortusfox.github.io	是
Habitica	Habitica	工具	其他,效率工具,在线服务	Habitica在线服务	Habitica在线服务。这里提供Habitica的官方服务与相关信息，支持通过官网了解产品、功能、使用方式及最新动态；具体服务范围、开放地区和使用规则请以官方网站当前页面为准。官方网站：habitica.com。	https://habitica.com	是
Codeberg	Codeberg	开发	编程开发,效率工具	Codeberg在线服务	Codeberg在线服务。这里提供Codeberg的官方服务与相关信息，支持通过官网了解产品、功能、使用方式及最新动态；具体服务范围、开放地区和使用规则请以官方网站当前页面为准。官方网站：codeberg.org。	https://codeberg.org/nanawel/geeftlist	是
Imgcompress	Imgcompress	工具	其他,效率工具,在线服务	Imgcompress在线服务	Imgcompress在线服务。这里提供Imgcompress的官方服务与相关信息，支持通过官网了解产品、功能、使用方式及最新动态；具体服务范围、开放地区和使用规则请以官方网站当前页面为准。官方网站：imgcompress.karimzouine.com。	https://imgcompress.karimzouine.com	是
Infisical	Infisical	工具	其他,效率工具,在线服务	Infisical在线服务	Infisical在线服务。这里提供Infisical的官方服务与相关信息，支持通过官网了解产品、功能、使用方式及最新动态；具体服务范围、开放地区和使用规则请以官方网站当前页面为准。官方网站：infisical.com。	https://infisical.com	是
Koillection	Koillection	开发	编程开发,效率工具	Koillection在线服务	Koillection在线服务。这里提供Koillection的官方服务与相关信息，支持通过官网了解产品、功能、使用方式及最新动态；具体服务范围、开放地区和使用规则请以官方网站当前页面为准。官方网站：koillection.github.io。	https://koillection.github.io	是
Domain Locker	Domain Locker	AI	AI,效率工具	Domain Locker在线服务	Domain Locker在线服务。这里提供Domain Locker的官方服务与相关信息，支持通过官网了解产品、功能、使用方式及最新动态；具体服务范围、开放地区和使用规则请以官方网站当前页面为准。官方网站：domain-locker.com。	https://domain-locker.com	是
Demo	Demo	AI	AI,效率工具	Demo在线服务	Demo在线服务。这里提供Demo的官方服务与相关信息，支持通过官网了解产品、功能、使用方式及最新动态；具体服务范围、开放地区和使用规则请以官方网站当前页面为准。官方网站：demo.domain-locker.com。	https://demo.domain-locker.com	是
Bayang	Bayang	开发	编程开发,效率工具	Bayang在线服务	Bayang在线服务。这里提供Bayang的官方服务与相关信息，支持通过官网了解产品、功能、使用方式及最新动态；具体服务范围、开放地区和使用规则请以官方网站当前页面为准。官方网站：bayang.github.io。	https://bayang.github.io/jelu-web	是
Neko	Neko	工具	其他,效率工具,在线服务	Neko在线服务	Neko在线服务。这里提供Neko的官方服务与相关信息，支持通过官网了解产品、功能、使用方式及最新动态；具体服务范围、开放地区和使用规则请以官方网站当前页面为准。官方网站：neko.m1k1o.net。	https://neko.m1k1o.net	是
Svdc1	Svdc1	开发	编程开发,效率工具	Svdc1在线服务	Svdc1在线服务。这里提供Svdc1的官方服务与相关信息，支持通过官网了解产品、功能、使用方式及最新动态；具体服务范围、开放地区和使用规则请以官方网站当前页面为准。官方网站：svdc1.github.io。	https://svdc1.github.io/mirumoji	是
Garlic Signage	Garlic Signage	工具	其他,效率工具,在线服务	Garlic Signage在线服务	Garlic Signage在线服务。这里提供Garlic Signage的官方服务与相关信息，支持通过官网了解产品、功能、使用方式及最新动态；具体服务范围、开放地区和使用规则请以官方网站当前页面为准。官方网站：garlic-signage.com。	https://garlic-signage.com/garlic-hub	是
Gwfh	Gwfh	工具	其他,效率工具,在线服务	Gwfh在线服务	Gwfh在线服务。这里提供Gwfh的官方服务与相关信息，支持通过官网了解产品、功能、使用方式及最新动态；具体服务范围、开放地区和使用规则请以官方网站当前页面为准。官方网站：gwfh.mranftl.com。	https://gwfh.mranftl.com/fonts	是
Svdc1	Svdc1	开发	编程开发,效率工具	Svdc1在线服务	Svdc1在线服务。这里提供Svdc1的官方服务与相关信息，支持通过官网了解产品、功能、使用方式及最新动态；具体服务范围、开放地区和使用规则请以官方网站当前页面为准。官方网站：svdc1.github.io。	https://svdc1.github.io/mirumoji/docs	是
Mosparo	Mosparo	工具	其他,效率工具,在线服务	Mosparo在线服务	Mosparo在线服务。这里提供Mosparo的官方服务与相关信息，支持通过官网了解产品、功能、使用方式及最新动态；具体服务范围、开放地区和使用规则请以官方网站当前页面为准。官方网站：mosparo.io。	https://mosparo.io	是
Languagetool	Languagetool	工具	其他,效率工具,在线服务	Languagetool在线服务	Languagetool在线服务。这里提供Languagetool的官方服务与相关信息，支持通过官网了解产品、功能、使用方式及最新动态；具体服务范围、开放地区和使用规则请以官方网站当前页面为准。官方网站：languagetool.org。	https://languagetool.org	是
Omnitools	Omnitools	工具	其他,效率工具,在线服务	Omnitools在线服务	Omnitools在线服务。这里提供Omnitools的官方服务与相关信息，支持通过官网了解产品、功能、使用方式及最新动态；具体服务范围、开放地区和使用规则请以官方网站当前页面为准。官方网站：omnitools.app。	https://omnitools.app	是
Lubelogger	Lubelogger	工具	其他,效率工具,在线服务	Lubelogger在线服务	Lubelogger在线服务。这里提供Lubelogger的官方服务与相关信息，支持通过官网了解产品、功能、使用方式及最新动态；具体服务范围、开放地区和使用规则请以官方网站当前页面为准。官方网站：lubelogger.com。	https://lubelogger.com	是
Kasmweb	Kasmweb	工具	其他,效率工具,在线服务	Kasmweb在线服务	Kasmweb在线服务。这里提供Kasmweb的官方服务与相关信息，支持通过官网了解产品、功能、使用方式及最新动态；具体服务范围、开放地区和使用规则请以官方网站当前页面为准。官方网站：kasmweb.com。	https://kasmweb.com	是
Re Director	Re Director	开发	编程开发,效率工具	Re Director在线服务	Re Director在线服务。这里提供Re Director的官方服务与相关信息，支持通过官网了解产品、功能、使用方式及最新动态；具体服务范围、开放地区和使用规则请以官方网站当前页面为准。官方网站：re-director.github.io。	https://re-director.github.io	是
Operational	Operational	工具	其他,效率工具,在线服务	Operational在线服务	Operational在线服务。这里提供Operational的官方服务与相关信息，支持通过官网了解产品、功能、使用方式及最新动态；具体服务范围、开放地区和使用规则请以官方网站当前页面为准。官方网站：operational.co。	https://operational.co	是
Password	Password	工具	其他,效率工具,在线服务	Password在线服务	Password在线服务。这里提供Password的官方服务与相关信息，支持通过官网了解产品、功能、使用方式及最新动态；具体服务范围、开放地区和使用规则请以官方网站当前页面为准。官方网站：password.oppetmoln.se。	https://password.oppetmoln.se	是
Rxresu	Rxresu	工具	其他,效率工具,在线服务	Rxresu在线服务	Rxresu在线服务。这里提供Rxresu的官方服务与相关信息，支持通过官网了解产品、功能、使用方式及最新动态；具体服务范围、开放地区和使用规则请以官方网站当前页面为准。官方网站：rxresu.me。	https://rxresu.me	是
App	App	工具	其他,效率工具,在线服务	App在线服务	App在线服务。这里提供App的官方服务与相关信息，支持通过官网了解产品、功能、使用方式及最新动态；具体服务范围、开放地区和使用规则请以官方网站当前页面为准。官方网站：app.operational.co。	https://app.operational.co	是
Open Meteo	Open Meteo	工具	其他,效率工具,在线服务	Open Meteo在线服务	Open Meteo在线服务。这里提供Open Meteo的官方服务与相关信息，支持通过官网了解产品、功能、使用方式及最新动态；具体服务范围、开放地区和使用规则请以官方网站当前页面为准。官方网站：open-meteo.com。	https://open-meteo.com	是
Open Meteo	Open Meteo	工具	其他,效率工具,在线服务	Open Meteo在线服务	Open Meteo在线服务。这里提供Open Meteo的官方服务与相关信息，支持通过官网了解产品、功能、使用方式及最新动态；具体服务范围、开放地区和使用规则请以官方网站当前页面为准。官方网站：open-meteo.com。	https://open-meteo.com/en/docs	是
Sane Project	Sane Project	工具	其他,效率工具,在线服务	Sane Project在线服务	Sane Project在线服务。这里提供Sane Project的官方服务与相关信息，支持通过官网了解产品、功能、使用方式及最新动态；具体服务范围、开放地区和使用规则请以官方网站当前页面为准。官方网站：sane-project.org。	http://sane-project.org	是
Revealjs	Revealjs	工具	其他,效率工具,在线服务	Revealjs在线服务	Revealjs在线服务。这里提供Revealjs的官方服务与相关信息，支持通过官网了解产品、功能、使用方式及最新动态；具体服务范围、开放地区和使用规则请以官方网站当前页面为准。官方网站：revealjs.com。	https://revealjs.com	是
Sane Project	Sane Project	工具	其他,效率工具,在线服务	Sane Project在线服务	Sane Project在线服务。这里提供Sane Project的官方服务与相关信息，支持通过官网了解产品、功能、使用方式及最新动态；具体服务范围、开放地区和使用规则请以官方网站当前页面为准。官方网站：sane-project.org。	http://www.sane-project.org/cvs.html	是
String	String	工具	其他,效率工具,在线服务	String在线服务	String在线服务。这里提供String的官方服务与相关信息，支持通过官网了解产品、功能、使用方式及最新动态；具体服务范围、开放地区和使用规则请以官方网站当前页面为准。官方网站：string.is。	https://string.is	是
Goteleport	Goteleport	工具	其他,效率工具,在线服务	Goteleport在线服务	Goteleport在线服务。这里提供Goteleport的官方服务与相关信息，支持通过官网了解产品、功能、使用方式及最新动态；具体服务范围、开放地区和使用规则请以官方网站当前页面为准。官方网站：goteleport.com。	https://goteleport.com	是
Wavelog	Wavelog	工具	其他,效率工具,在线服务	Wavelog在线服务	Wavelog在线服务。这里提供Wavelog的官方服务与相关信息，支持通过官网了解产品、功能、使用方式及最新动态；具体服务范围、开放地区和使用规则请以官方网站当前页面为准。官方网站：wavelog.org。	https://www.wavelog.org	是
Actualbudget	Actualbudget	工具	其他,效率工具,在线服务	Actualbudget在线服务	Actualbudget在线服务。这里提供Actualbudget的官方服务与相关信息，支持通过官网了解产品、功能、使用方式及最新动态；具体服务范围、开放地区和使用规则请以官方网站当前页面为准。官方网站：actualbudget.org。	https://actualbudget.org	是
Btcpayserver	Btcpayserver	工具	其他,效率工具,在线服务	Btcpayserver在线服务	Btcpayserver在线服务。这里提供Btcpayserver的官方服务与相关信息，支持通过官网了解产品、功能、使用方式及最新动态；具体服务范围、开放地区和使用规则请以官方网站当前页面为准。官方网站：btcpayserver.org。	https://btcpayserver.org	是
Ezbookkeeping	Ezbookkeeping	工具	其他,效率工具,在线服务	Ezbookkeeping在线服务	Ezbookkeeping在线服务。这里提供Ezbookkeeping的官方服务与相关信息，支持通过官网了解产品、功能、使用方式及最新动态；具体服务范围、开放地区和使用规则请以官方网站当前页面为准。官方网站：ezbookkeeping.mayswind.net。	https://ezbookkeeping.mayswind.net	是
Hyperswitch	Hyperswitch	工具	其他,效率工具,在线服务	Hyperswitch在线服务	Hyperswitch在线服务。这里提供Hyperswitch的官方服务与相关信息，支持通过官网了解产品、功能、使用方式及最新动态；具体服务范围、开放地区和使用规则请以官方网站当前页面为准。官方网站：hyperswitch.io。	https://hyperswitch.io	是
Kanboard	Kanboard	工具	其他,效率工具,在线服务	Kanboard在线服务	Kanboard在线服务。这里提供Kanboard的官方服务与相关信息，支持通过官网了解产品、功能、使用方式及最新动态；具体服务范围、开放地区和使用规则请以官方网站当前页面为准。官方网站：kanboard.org。	https://kanboard.org	是
Taskwarrior	Taskwarrior	工具	效率工具,在线服务	Taskwarrior在线服务	Taskwarrior在线服务。这里提供Taskwarrior的官方服务与相关信息，支持通过官网了解产品、功能、使用方式及最新动态；具体服务范围、开放地区和使用规则请以官方网站当前页面为准。官方网站：taskwarrior.org。	https://taskwarrior.org	是
Getontracks	Getontracks	工具	其他,效率工具,在线服务	Getontracks在线服务	Getontracks在线服务。这里提供Getontracks的官方服务与相关信息，支持通过官网了解产品、功能、使用方式及最新动态；具体服务范围、开放地区和使用规则请以官方网站当前页面为准。官方网站：getontracks.org。	https://www.getontracks.org	是
Osl	Osl	工具	其他,效率工具,在线服务	Osl在线服务	Osl在线服务。这里提供Osl的官方服务与相关信息，支持通过官网了解产品、功能、使用方式及最新动态；具体服务范围、开放地区和使用规则请以官方网站当前页面为准。官方网站：osl.lanterne-rouge.info。	https://osl.lanterne-rouge.info	是
Super Productivity	Super Productivity	工具	效率工具,在线服务	Super Productivity在线服务	Super Productivity在线服务。这里提供Super Productivity的官方服务与相关信息，支持通过官网了解产品、功能、使用方式及最新动态；具体服务范围、开放地区和使用规则请以官方网站当前页面为准。官方网站：super-productivity.com。	https://super-productivity.com	是
Wekan	Wekan	开发	编程开发,效率工具	Wekan在线服务	Wekan在线服务。这里提供Wekan的官方服务与相关信息，支持通过官网了解产品、功能、使用方式及最新动态；具体服务范围、开放地区和使用规则请以官方网站当前页面为准。官方网站：wekan.github.io。	https://wekan.github.io	是
Tududi	Tududi	工具	其他,效率工具,在线服务	Tududi在线服务	Tududi在线服务。这里提供Tududi的官方服务与相关信息，支持通过官网了解产品、功能、使用方式及最新动态；具体服务范围、开放地区和使用规则请以官方网站当前页面为准。官方网站：tududi.com。	https://tududi.com	是
Try	Try	工具	其他,效率工具,在线服务	Try在线服务	Try在线服务。这里提供Try的官方服务与相关信息，支持通过官网了解产品、功能、使用方式及最新动态；具体服务范围、开放地区和使用规则请以官方网站当前页面为准。官方网站：try.vikunja.io。	https://try.vikunja.io/login	是
Bugpin	Bugpin	工具	其他,效率工具,在线服务	Bugpin在线服务	Bugpin在线服务。这里提供Bugpin的官方服务与相关信息，支持通过官网了解产品、功能、使用方式及最新动态；具体服务范围、开放地区和使用规则请以官方网站当前页面为准。官方网站：bugpin.io。	https://bugpin.io	是
Libredesk	Libredesk	工具	其他,效率工具,在线服务	Libredesk在线服务	Libredesk在线服务。这里提供Libredesk的官方服务与相关信息，支持通过官网了解产品、功能、使用方式及最新动态；具体服务范围、开放地区和使用规则请以官方网站当前页面为准。官方网站：libredesk.io。	https://libredesk.io	是
Itflow	Itflow	工具	其他,效率工具,在线服务	Itflow在线服务	Itflow在线服务。这里提供Itflow的官方服务与相关信息，支持通过官网了解产品、功能、使用方式及最新动态；具体服务范围、开放地区和使用规则请以官方网站当前页面为准。官方网站：itflow.org。	https://itflow.org	是
Demo	Demo	工具	其他,效率工具,在线服务	Demo在线服务	Demo在线服务。这里提供Demo的官方服务与相关信息，支持通过官网了解产品、功能、使用方式及最新动态；具体服务范围、开放地区和使用规则请以官方网站当前页面为准。官方网站：demo.freescout.net。	https://demo.freescout.net/login	是
Freescout	Freescout	工具	其他,效率工具,在线服务	Freescout在线服务	Freescout在线服务。这里提供Freescout的官方服务与相关信息，支持通过官网了解产品、功能、使用方式及最新动态；具体服务范围、开放地区和使用规则请以官方网站当前页面为准。官方网站：freescout.net。	https://freescout.net	是
Roundup Tracker	Roundup Tracker	工具	其他,效率工具,在线服务	Roundup Tracker在线服务	Roundup Tracker在线服务。这里提供Roundup Tracker的官方服务与相关信息，支持通过官网了解产品、功能、使用方式及最新动态；具体服务范围、开放地区和使用规则请以官方网站当前页面为准。官方网站：roundup-tracker.org。	https://www.roundup-tracker.org	是
Zammad	Zammad	工具	其他,效率工具,在线服务	Zammad在线服务	Zammad在线服务。这里提供Zammad的官方服务与相关信息，支持通过官网了解产品、功能、使用方式及最新动态；具体服务范围、开放地区和使用规则请以官方网站当前页面为准。官方网站：zammad.org。	https://zammad.org	是
Activitywatch	Activitywatch	工具	其他,效率工具,在线服务	Activitywatch在线服务	Activitywatch在线服务。这里提供Activitywatch的官方服务与相关信息，支持通过官网了解产品、功能、使用方式及最新动态；具体服务范围、开放地区和使用规则请以官方网站当前页面为准。官方网站：activitywatch.net。	https://activitywatch.net	是
Traggo	Traggo	工具	其他,效率工具,在线服务	Traggo在线服务	Traggo在线服务。这里提供Traggo的官方服务与相关信息，支持通过官网了解产品、功能、使用方式及最新动态；具体服务范围、开放地区和使用规则请以官方网站当前页面为准。官方网站：traggo.net。	https://traggo.net	是
Wakapi	Wakapi	开发	编程开发,效率工具	Wakapi在线服务	Wakapi在线服务。这里提供Wakapi的官方服务与相关信息，支持通过官网了解产品、功能、使用方式及最新动态；具体服务范围、开放地区和使用规则请以官方网站当前页面为准。官方网站：wakapi.dev。	https://wakapi.dev	是
Timetagger	Timetagger	工具	其他,效率工具,在线服务	Timetagger在线服务	Timetagger在线服务。这里提供Timetagger的官方服务与相关信息，支持通过官网了解产品、功能、使用方式及最新动态；具体服务范围、开放地区和使用规则请以官方网站当前页面为准。官方网站：timetagger.app。	https://timetagger.app/app/demo	是
Timetagger	Timetagger	工具	其他,效率工具,在线服务	Timetagger在线服务	Timetagger在线服务。这里提供Timetagger的官方服务与相关信息，支持通过官网了解产品、功能、使用方式及最新动态；具体服务范围、开放地区和使用规则请以官方网站当前页面为准。官方网站：timetagger.app。	https://timetagger.app	是
Surmai	Surmai	AI	AI,效率工具	Surmai在线服务	Surmai在线服务。这里提供Surmai的官方服务与相关信息，支持通过官网了解产品、功能、使用方式及最新动态；具体服务范围、开放地区和使用规则请以官方网站当前页面为准。官方网站：surmai.app。	https://surmai.app	是
Frigate	Frigate	工具	其他,效率工具,在线服务	Frigate在线服务	Frigate在线服务。这里提供Frigate的官方服务与相关信息，支持通过官网了解产品、功能、使用方式及最新动态；具体服务范围、开放地区和使用规则请以官方网站当前页面为准。官方网站：frigate.video。	https://frigate.video	是
Shlink	Shlink	工具	其他,效率工具,在线服务	Shlink在线服务	Shlink在线服务。这里提供Shlink的官方服务与相关信息，支持通过官网了解产品、功能、使用方式及最新动态；具体服务范围、开放地区和使用规则请以官方网站当前页面为准。官方网站：shlink.io。	https://shlink.io	是
U	U	工具	其他,效率工具,在线服务	U在线服务	U在线服务。这里提供U的官方服务与相关信息，支持通过官网了解产品、功能、使用方式及最新动态；具体服务范围、开放地区和使用规则请以官方网站当前页面为准。官方网站：u.azlux.fr。	https://u.azlux.fr	是
Secluso	Secluso	工具	其他,效率工具,在线服务	Secluso在线服务	Secluso在线服务。这里提供Secluso的官方服务与相关信息，支持通过官网了解产品、功能、使用方式及最新动态；具体服务范围、开放地区和使用规则请以官方网站当前页面为准。官方网站：secluso.com。	https://secluso.com	是
Codeberg	Codeberg	开发	编程开发,效率工具	Codeberg在线服务	Codeberg在线服务。这里提供Codeberg的官方服务与相关信息，支持通过官网了解产品、功能、使用方式及最新动态；具体服务范围、开放地区和使用规则请以官方网站当前页面为准。官方网站：codeberg.org。	https://codeberg.org/sentryshot/sentryshot	是
Httpd	Httpd	工具	其他,效率工具,在线服务	Httpd在线服务	Httpd在线服务。这里提供Httpd的官方服务与相关信息，支持通过官网了解产品、功能、使用方式及最新动态；具体服务范围、开放地区和使用规则请以官方网站当前页面为准。官方网站：httpd.apache.org。	https://httpd.apache.org	是
Viseron	Viseron	工具	其他,效率工具,在线服务	Viseron在线服务	Viseron在线服务。这里提供Viseron的官方服务与相关信息，支持通过官网了解产品、功能、使用方式及最新动态；具体服务范围、开放地区和使用规则请以官方网站当前页面为准。官方网站：viseron.netlify.app。	https://viseron.netlify.app	是
Algernon	Algernon	工具	其他,效率工具,在线服务	Algernon在线服务	Algernon在线服务。这里提供Algernon的官方服务与相关信息，支持通过官网了解产品、功能、使用方式及最新动态；具体服务范围、开放地区和使用规则请以官方网站当前页面为准。官方网站：algernon.roboticoverlords.org。	https://algernon.roboticoverlords.org	是
Bunkerweb	Bunkerweb	工具	其他,效率工具,在线服务	Bunkerweb在线服务	Bunkerweb在线服务。这里提供Bunkerweb的官方服务与相关信息，支持通过官网了解产品、功能、使用方式及最新动态；具体服务范围、开放地区和使用规则请以官方网站当前页面为准。官方网站：bunkerweb.io。	https://www.bunkerweb.io	是
Demo	Demo	工具	其他,效率工具,在线服务	Demo在线服务	Demo在线服务。这里提供Demo的官方服务与相关信息，支持通过官网了解产品、功能、使用方式及最新动态；具体服务范围、开放地区和使用规则请以官方网站当前页面为准。官方网站：demo.bunkerweb.io。	https://demo.bunkerweb.io	是
Lighttpd	Lighttpd	工具	其他,效率工具,在线服务	Lighttpd在线服务	Lighttpd在线服务。这里提供Lighttpd的官方服务与相关信息，支持通过官网了解产品、功能、使用方式及最新动态；具体服务范围、开放地区和使用规则请以官方网站当前页面为准。官方网站：lighttpd.net。	https://www.lighttpd.net	是
Demo	Demo	AI	AI,效率工具	Demo在线服务	Demo在线服务。这里提供Demo的官方服务与相关信息，支持通过官网了解产品、功能、使用方式及最新动态；具体服务范围、开放地区和使用规则请以官方网站当前页面为准。官方网站：demo.waf.chaitin.com。	https://demo.waf.chaitin.com	是
Libreprojects	Libreprojects	工具	其他,效率工具,在线服务	Libreprojects在线服务	Libreprojects在线服务。这里提供Libreprojects的官方服务与相关信息，支持通过官网了解产品、功能、使用方式及最新动态；具体服务范围、开放地区和使用规则请以官方网站当前页面为准。官方网站：libreprojects.net。	https://libreprojects.net	是
Redecentralize	Redecentralize	开发	编程开发,效率工具	Redecentralize在线服务	Redecentralize在线服务。这里提供Redecentralize的官方服务与相关信息，支持通过官网了解产品、功能、使用方式及最新动态；具体服务范围、开放地区和使用规则请以官方网站当前页面为准。官方网站：redecentralize.github.io。	https://redecentralize.github.io/alternative-internet	是
Awesomehub	Awesomehub	工具	其他,效率工具,在线服务	Awesomehub在线服务	Awesomehub在线服务。这里提供Awesomehub的官方服务与相关信息，支持通过官网了解产品、功能、使用方式及最新动态；具体服务范围、开放地区和使用规则请以官方网站当前页面为准。官方网站：awesomehub.js.org。	https://awesomehub.js.org/list/selfhosted	是
Indieweb	Indieweb	工具	其他,效率工具,在线服务	Indieweb在线服务	Indieweb在线服务。这里提供Indieweb的官方服务与相关信息，支持通过官网了解产品、功能、使用方式及最新动态；具体服务范围、开放地区和使用规则请以官方网站当前页面为准。官方网站：indieweb.org。	https://indieweb.org	是
Pijul	Pijul	工具	其他,效率工具,在线服务	Pijul在线服务	Pijul在线服务。这里提供Pijul的官方服务与相关信息，支持通过官网了解产品、功能、使用方式及最新动态；具体服务范围、开放地区和使用规则请以官方网站当前页面为准。官方网站：pijul.org。	https://pijul.org	是
Img	Img	工具	其他,效率工具,在线服务	Img在线服务	Img在线服务。这里提供Img的官方服务与相关信息，支持通过官网了解产品、功能、使用方式及最新动态；具体服务范围、开放地区和使用规则请以官方网站当前页面为准。官方网站：img.shields.io。	https://img.shields.io/crates/v/boringtun.svg	是
Img	Img	工具	其他,效率工具,在线服务	Img在线服务	Img在线服务。这里提供Img的官方服务与相关信息，支持通过官网了解产品、功能、使用方式及最新动态；具体服务范围、开放地区和使用规则请以官方网站当前页面为准。官方网站：img.shields.io。	https://img.shields.io/crates/v/rkik	是
Img	Img	工具	其他,效率工具,在线服务	Img在线服务	Img在线服务。这里提供Img的官方服务与相关信息，支持通过官网了解产品、功能、使用方式及最新动态；具体服务范围、开放地区和使用规则请以官方网站当前页面为准。官方网站：img.shields.io。	https://img.shields.io/crates/v/easytier	是
Img	Img	工具	其他,效率工具,在线服务	Img在线服务	Img在线服务。这里提供Img的官方服务与相关信息，支持通过官网了解产品、功能、使用方式及最新动态；具体服务范围、开放地区和使用规则请以官方网站当前页面为准。官方网站：img.shields.io。	https://img.shields.io/crates/v/dipc	是
Img	Img	工具	其他,效率工具,在线服务	Img在线服务	Img在线服务。这里提供Img的官方服务与相关信息，支持通过官网了解产品、功能、使用方式及最新动态；具体服务范围、开放地区和使用规则请以官方网站当前页面为准。官方网站：img.shields.io。	https://img.shields.io/crates/v/arti.svg	是
Img	Img	工具	其他,效率工具,在线服务	Img在线服务	Img在线服务。这里提供Img的官方服务与相关信息，支持通过官网了解产品、功能、使用方式及最新动态；具体服务范围、开放地区和使用规则请以官方网站当前页面为准。官方网站：img.shields.io。	https://img.shields.io/crates/v/sniffnet	是
Img	Img	工具	其他,效率工具,在线服务	Img在线服务	Img在线服务。这里提供Img的官方服务与相关信息，支持通过官网了解产品、功能、使用方式及最新动态；具体服务范围、开放地区和使用规则请以官方网站当前页面为准。官方网站：img.shields.io。	https://img.shields.io/crates/v/typst.svg	是
Shields	Shields	工具	其他,效率工具,在线服务	Shields在线服务	Shields在线服务。这里提供Shields的官方服务与相关信息，支持通过官网了解产品、功能、使用方式及最新动态；具体服务范围、开放地区和使用规则请以官方网站当前页面为准。官方网站：shields.io。	https://shields.io/github/v/release/tabbyml/tabby	是
Img	Img	工具	其他,效率工具,在线服务	Img在线服务	Img在线服务。这里提供Img的官方服务与相关信息，支持通过官网了解产品、功能、使用方式及最新动态；具体服务范围、开放地区和使用规则请以官方网站当前页面为准。官方网站：img.shields.io。	https://img.shields.io/circleci/build/gh/chainsafe/forest/main	是
Img	Img	工具	其他,效率工具,在线服务	Img在线服务	Img在线服务。这里提供Img的官方服务与相关信息，支持通过官网了解产品、功能、使用方式及最新动态；具体服务范围、开放地区和使用规则请以官方网站当前页面为准。官方网站：img.shields.io。	https://img.shields.io/crates/v/vproxy.svg	是
Img	Img	工具	其他,效率工具,在线服务	Img在线服务	Img在线服务。这里提供Img的官方服务与相关信息，支持通过官网了解产品、功能、使用方式及最新动态；具体服务范围、开放地区和使用规则请以官方网站当前页面为准。官方网站：img.shields.io。	https://img.shields.io/github/workflow/status/starkware-libs/cairo/ci	是
Img	Img	工具	其他,效率工具,在线服务	Img在线服务	Img在线服务。这里提供Img的官方服务与相关信息，支持通过官网了解产品、功能、使用方式及最新动态；具体服务范围、开放地区和使用规则请以官方网站当前页面为准。官方网站：img.shields.io。	https://img.shields.io/github/workflow/status/foundry-rs/foundry/test	是
Img	Img	工具	其他,效率工具,在线服务	Img在线服务	Img在线服务。这里提供Img的官方服务与相关信息，支持通过官网了解产品、功能、使用方式及最新动态；具体服务范围、开放地区和使用规则请以官方网站当前页面为准。官方网站：img.shields.io。	https://img.shields.io/crates/v/oxigraph	是
Img	Img	工具	其他,效率工具,在线服务	Img在线服务	Img在线服务。这里提供Img的官方服务与相关信息，支持通过官网了解产品、功能、使用方式及最新动态；具体服务范围、开放地区和使用规则请以官方网站当前页面为准。官方网站：img.shields.io。	https://img.shields.io/crates/v/lightning.svg	是
Img	Img	工具	其他,效率工具,在线服务	Img在线服务	Img在线服务。这里提供Img的官方服务与相关信息，支持通过官网了解产品、功能、使用方式及最新动态；具体服务范围、开放地区和使用规则请以官方网站当前页面为准。官方网站：img.shields.io。	https://img.shields.io/badge/license-postgresql%20license-3d86c6.svg	是
Woodpecker	Woodpecker	工具	其他,效率工具,在线服务	Woodpecker在线服务	Woodpecker在线服务。这里提供Woodpecker的官方服务与相关信息，支持通过官网了解产品、功能、使用方式及最新动态；具体服务范围、开放地区和使用规则请以官方网站当前页面为准。官方网站：woodpecker.deuxfleurs.fr。	https://woodpecker.deuxfleurs.fr/api/badges/1/status.svg	是
Img	Img	工具	其他,效率工具,在线服务	Img在线服务	Img在线服务。这里提供Img的官方服务与相关信息，支持通过官网了解产品、功能、使用方式及最新动态；具体服务范围、开放地区和使用规则请以官方网站当前页面为准。官方网站：img.shields.io。	https://img.shields.io/github/actions/workflow/status/dsplce-co/supabase-plus/publish.yml	是
Img	Img	工具	其他,效率工具,在线服务	Img在线服务	Img在线服务。这里提供Img的官方服务与相关信息，支持通过官网了解产品、功能、使用方式及最新动态；具体服务范围、开放地区和使用规则请以官方网站当前页面为准。官方网站：img.shields.io。	https://img.shields.io/github/actions/workflow/status/cozodb/cozo/build.yml	是
Img	Img	工具	其他,效率工具,在线服务	Img在线服务	Img在线服务。这里提供Img的官方服务与相关信息，支持通过官网了解产品、功能、使用方式及最新动态；具体服务范围、开放地区和使用规则请以官方网站当前页面为准。官方网站：img.shields.io。	https://img.shields.io/crates/v/gluesql.svg	是
Img	Img	工具	其他,效率工具,在线服务	Img在线服务	Img在线服务。这里提供Img的官方服务与相关信息，支持通过官网了解产品、功能、使用方式及最新动态；具体服务范围、开放地区和使用规则请以官方网站当前页面为准。官方网站：img.shields.io。	https://img.shields.io/crates/v/qrlew	是
Img	Img	工具	其他,效率工具,在线服务	Img在线服务	Img在线服务。这里提供Img的官方服务与相关信息，支持通过官网了解产品、功能、使用方式及最新动态；具体服务范围、开放地区和使用规则请以官方网站当前页面为准。官方网站：img.shields.io。	https://img.shields.io/github/workflow/status/skytable/skytable/tests	是
Michelhe	Michelhe	开发	编程开发,效率工具	Michelhe在线服务	Michelhe在线服务。这里提供Michelhe的官方服务与相关信息，支持通过官网了解产品、功能、使用方式及最新动态；具体服务范围、开放地区和使用规则请以官方网站当前页面为准。官方网站：michelhe.github.io。	https://michelhe.github.io/rustboyadvance-ng	是
W3	W3	工具	其他,效率工具,在线服务	W3在线服务	W3在线服务。这里提供W3的官方服务与相关信息，支持通过官网了解产品、功能、使用方式及最新动态；具体服务范围、开放地区和使用规则请以官方网站当前页面为准。官方网站：w3.org。	https://www.w3.org/tr/sparql11-overview	是
Img	Img	工具	其他,效率工具,在线服务	Img在线服务	Img在线服务。这里提供Img的官方服务与相关信息，支持通过官网了解产品、功能、使用方式及最新动态；具体服务范围、开放地区和使用规则请以官方网站当前页面为准。官方网站：img.shields.io。	https://img.shields.io/github/workflow/status/surrealdb/surrealdb/continuous%20integration/main	是
Img	Img	工具	其他,效率工具,在线服务	Img在线服务	Img在线服务。这里提供Img的官方服务与相关信息，支持通过官网了解产品、功能、使用方式及最新动态；具体服务范围、开放地区和使用规则请以官方网站当前页面为准。官方网站：img.shields.io。	https://img.shields.io/crates/v/broot.svg	是
Img	Img	工具	其他,效率工具,在线服务	Img在线服务	Img在线服务。这里提供Img的官方服务与相关信息，支持通过官网了解产品、功能、使用方式及最新动态；具体服务范围、开放地区和使用规则请以官方网站当前页面为准。官方网站：img.shields.io。	https://img.shields.io/crates/v/toasty.svg	是
Img	Img	工具	其他,效率工具,在线服务	Img在线服务	Img在线服务。这里提供Img的官方服务与相关信息，支持通过官网了解产品、功能、使用方式及最新动态；具体服务范围、开放地区和使用规则请以官方网站当前页面为准。官方网站：img.shields.io。	https://img.shields.io/crates/v/tsink.svg	是
Img	Img	工具	其他,效率工具,在线服务	Img在线服务	Img在线服务。这里提供Img的官方服务与相关信息，支持通过官网了解产品、功能、使用方式及最新动态；具体服务范围、开放地区和使用规则请以官方网站当前页面为准。官方网站：img.shields.io。	https://img.shields.io/crates/v/tonbo.svg	是
Img	Img	工具	其他,效率工具,在线服务	Img在线服务	Img在线服务。这里提供Img的官方服务与相关信息，支持通过官网了解产品、功能、使用方式及最新动态；具体服务范围、开放地区和使用规则请以官方网站当前页面为准。官方网站：img.shields.io。	https://img.shields.io/crates/v/usearch.svg	是
Img	Img	工具	其他,效率工具,在线服务	Img在线服务	Img在线服务。这里提供Img的官方服务与相关信息，支持通过官网了解产品、功能、使用方式及最新动态；具体服务范围、开放地区和使用规则请以官方网站当前页面为准。官方网站：img.shields.io。	https://img.shields.io/crates/v/valentinus	是
Img	Img	工具	其他,效率工具,在线服务	Img在线服务	Img在线服务。这里提供Img的官方服务与相关信息，支持通过官网了解产品、功能、使用方式及最新动态；具体服务范围、开放地区和使用规则请以官方网站当前页面为准。官方网站：img.shields.io。	https://img.shields.io/badge/build-passing-brightgreen.svg	是
Img	Img	工具	其他,效率工具,在线服务	Img在线服务	Img在线服务。这里提供Img的官方服务与相关信息，支持通过官网了解产品、功能、使用方式及最新动态；具体服务范围、开放地区和使用规则请以官方网站当前页面为准。官方网站：img.shields.io。	https://img.shields.io/crates/v/oxipng.svg	是
Img	Img	工具	其他,效率工具,在线服务	Img在线服务	Img在线服务。这里提供Img的官方服务与相关信息，支持通过官网了解产品、功能、使用方式及最新动态；具体服务范围、开放地区和使用规则请以官方网站当前页面为准。官方网站：img.shields.io。	https://img.shields.io/crates/v/filessh	是
Img	Img	工具	其他,效率工具,在线服务	Img在线服务	Img在线服务。这里提供Img的官方服务与相关信息，支持通过官网了解产品、功能、使用方式及最新动态；具体服务范围、开放地区和使用规则请以官方网站当前页面为准。官方网站：img.shields.io。	https://img.shields.io/crates/v/snakepipe.svg	是
Img	Img	工具	其他,效率工具,在线服务	Img在线服务	Img在线服务。这里提供Img的官方服务与相关信息，支持通过官网了解产品、功能、使用方式及最新动态；具体服务范围、开放地区和使用规则请以官方网站当前页面为准。官方网站：img.shields.io。	https://img.shields.io/crates/v/ludusavi	是
Img	Img	工具	其他,效率工具,在线服务	Img在线服务	Img在线服务。这里提供Img的官方服务与相关信息，支持通过官网了解产品、功能、使用方式及最新动态；具体服务范围、开放地区和使用规则请以官方网站当前页面为准。官方网站：img.shields.io。	https://img.shields.io/github/actions/workflow/status/mtkennerly/ludusavi/main.yaml	是
Img	Img	工具	其他,效率工具,在线服务	Img在线服务	Img在线服务。这里提供Img的官方服务与相关信息，支持通过官网了解产品、功能、使用方式及最新动态；具体服务范围、开放地区和使用规则请以官方网站当前页面为准。官方网站：img.shields.io。	https://img.shields.io/crates/v/rebos	是
Modbus	Modbus	工具	其他,效率工具,在线服务	Modbus在线服务	Modbus在线服务。这里提供Modbus的官方服务与相关信息，支持通过官网了解产品、功能、使用方式及最新动态；具体服务范围、开放地区和使用规则请以官方网站当前页面为准。官方网站：modbus.org。	https://www.modbus.org	是
Img	Img	工具	其他,效率工具,在线服务	Img在线服务	Img在线服务。这里提供Img的官方服务与相关信息，支持通过官网了解产品、功能、使用方式及最新动态；具体服务范围、开放地区和使用规则请以官方网站当前页面为准。官方网站：img.shields.io。	https://img.shields.io/github/actions/workflow/status/codecoradev/uteke/ci.yml	是
Img	Img	工具	其他,效率工具,在线服务	Img在线服务	Img在线服务。这里提供Img的官方服务与相关信息，支持通过官网了解产品、功能、使用方式及最新动态；具体服务范围、开放地区和使用规则请以官方网站当前页面为准。官方网站：img.shields.io。	https://img.shields.io/github/workflow/status/theseus-os/theseus/documentation	是
Img	Img	工具	其他,效率工具,在线服务	Img在线服务	Img在线服务。这里提供Img的官方服务与相关信息，支持通过官网了解产品、功能、使用方式及最新动态；具体服务范围、开放地区和使用规则请以官方网站当前页面为准。官方网站：img.shields.io。	https://img.shields.io/github/check-runs/tensorzero/tensorzero/main	是
Img	Img	工具	其他,效率工具,在线服务	Img在线服务	Img在线服务。这里提供Img的官方服务与相关信息，支持通过官网了解产品、功能、使用方式及最新动态；具体服务范围、开放地区和使用规则请以官方网站当前页面为准。官方网站：img.shields.io。	https://img.shields.io/github/last-commit/juspay/hyperswitch	是
Img	Img	工具	其他,效率工具,在线服务	Img在线服务	Img在线服务。这里提供Img的官方服务与相关信息，支持通过官网了解产品、功能、使用方式及最新动态；具体服务范围、开放地区和使用规则请以官方网站当前页面为准。官方网站：img.shields.io。	https://img.shields.io/crates/v/rootasrole.svg	是
Img	Img	工具	其他,效率工具,在线服务	Img在线服务	Img在线服务。这里提供Img的官方服务与相关信息，支持通过官网了解产品、功能、使用方式及最新动态；具体服务范围、开放地区和使用规则请以官方网站当前页面为准。官方网站：img.shields.io。	https://img.shields.io/github/workflow/status/vrmiguel/bustd/build-and-test	是
Img	Img	工具	其他,效率工具,在线服务	Img在线服务	Img在线服务。这里提供Img的官方服务与相关信息，支持通过官网了解产品、功能、使用方式及最新动态；具体服务范围、开放地区和使用规则请以官方网站当前页面为准。官方网站：img.shields.io。	https://img.shields.io/badge/license-mit%20or%20apache--2.0-blue.svg	是
Img	Img	工具	其他,效率工具,在线服务	Img在线服务	Img在线服务。这里提供Img的官方服务与相关信息，支持通过官网了解产品、功能、使用方式及最新动态；具体服务范围、开放地区和使用规则请以官方网站当前页面为准。官方网站：img.shields.io。	https://img.shields.io/crates/v/rustnet-monitor	是
Img	Img	工具	其他,效率工具,在线服务	Img在线服务	Img在线服务。这里提供Img的官方服务与相关信息，支持通过官网了解产品、功能、使用方式及最新动态；具体服务范围、开放地区和使用规则请以官方网站当前页面为准。官方网站：img.shields.io。	https://img.shields.io/codecov/c/github/lechatp/rootasrole	是
Img	Img	工具	其他,效率工具,在线服务	Img在线服务	Img在线服务。这里提供Img的官方服务与相关信息，支持通过官网了解产品、功能、使用方式及最新动态；具体服务范围、开放地区和使用规则请以官方网站当前页面为准。官方网站：img.shields.io。	https://img.shields.io/github/actions/workflow/status/max-sixty/worktrunk/ci.yaml	是
Img	Img	工具	其他,效率工具,在线服务	Img在线服务	Img在线服务。这里提供Img的官方服务与相关信息，支持通过官网了解产品、功能、使用方式及最新动态；具体服务范围、开放地区和使用规则请以官方网站当前页面为准。官方网站：img.shields.io。	https://img.shields.io/github/actions/workflow/status/lechatp/rootasrole/build.yml	是
Img	Img	工具	其他,效率工具,在线服务	Img在线服务	Img在线服务。这里提供Img的官方服务与相关信息，支持通过官网了解产品、功能、使用方式及最新动态；具体服务范围、开放地区和使用规则请以官方网站当前页面为准。官方网站：img.shields.io。	https://img.shields.io/github/workflow/status/clementtsang/bottom/ci/master	是
Img	Img	工具	其他,效率工具,在线服务	Img在线服务	Img在线服务。这里提供Img的官方服务与相关信息，支持通过官网了解产品、功能、使用方式及最新动态；具体服务范围、开放地区和使用规则请以官方网站当前页面为准。官方网站：img.shields.io。	https://img.shields.io/github/actions/workflow/status/domcyrus/rustnet/rust.yml	是
Eradman	Eradman	工具	其他,效率工具,在线服务	Eradman在线服务	Eradman在线服务。这里提供Eradman的官方服务与相关信息，支持通过官网了解产品、功能、使用方式及最新动态；具体服务范围、开放地区和使用规则请以官方网站当前页面为准。官方网站：eradman.com。	http://eradman.com/entrproject	是
Img	Img	工具	其他,效率工具,在线服务	Img在线服务	Img在线服务。这里提供Img的官方服务与相关信息，支持通过官网了解产品、功能、使用方式及最新动态；具体服务范围、开放地区和使用规则请以官方网站当前页面为准。官方网站：img.shields.io。	https://img.shields.io/crates/v/brush-shell.svg	是
Img	Img	工具	其他,效率工具,在线服务	Img在线服务	Img在线服务。这里提供Img的官方服务与相关信息，支持通过官网了解产品、功能、使用方式及最新动态；具体服务范围、开放地区和使用规则请以官方网站当前页面为准。官方网站：img.shields.io。	https://img.shields.io/github/actions/workflow/status/spikehd/dorion/build.yml	是
Img	Img	工具	其他,效率工具,在线服务	Img在线服务	Img在线服务。这里提供Img的官方服务与相关信息，支持通过官网了解产品、功能、使用方式及最新动态；具体服务范围、开放地区和使用规则请以官方网站当前页面为准。官方网站：img.shields.io。	https://img.shields.io/crates/v/stringzilla.svg	是
Git	Git	开发	编程开发,效率工具	Git在线服务	Git在线服务。这里提供Git的官方服务与相关信息，支持通过官网了解产品、功能、使用方式及最新动态；具体服务范围、开放地区和使用规则请以官方网站当前页面为准。官方网站：git.sr.ht。	https://git.sr.ht/~lessa/pepper	是
Img	Img	工具	其他,效率工具,在线服务	Img在线服务	Img在线服务。这里提供Img的官方服务与相关信息，支持通过官网了解产品、功能、使用方式及最新动态；具体服务范围、开放地区和使用规则请以官方网站当前页面为准。官方网站：img.shields.io。	https://img.shields.io/github/workflow/status/nickgerace/gfold/merge/main	是
Img	Img	工具	其他,效率工具,在线服务	Img在线服务	Img在线服务。这里提供Img的官方服务与相关信息，支持通过官网了解产品、功能、使用方式及最新动态；具体服务范围、开放地区和使用规则请以官方网站当前页面为准。官方网站：img.shields.io。	https://img.shields.io/crates/v/macpow.svg	是
Img	Img	工具	其他,效率工具,在线服务	Img在线服务	Img在线服务。这里提供Img的官方服务与相关信息，支持通过官网了解产品、功能、使用方式及最新动态；具体服务范围、开放地区和使用规则请以官方网站当前页面为准。官方网站：img.shields.io。	https://img.shields.io/github/workflow/status/ouch-org/ouch/build-and-test	是
Img	Img	工具	其他,效率工具,在线服务	Img在线服务	Img在线服务。这里提供Img的官方服务与相关信息，支持通过官网了解产品、功能、使用方式及最新动态；具体服务范围、开放地区和使用规则请以官方网站当前页面为准。官方网站：img.shields.io。	https://img.shields.io/crates/v/pluginlab.svg	是
Img	Img	工具	其他,效率工具,在线服务	Img在线服务	Img在线服务。这里提供Img的官方服务与相关信息，支持通过官网了解产品、功能、使用方式及最新动态；具体服务范围、开放地区和使用规则请以官方网站当前页面为准。官方网站：img.shields.io。	https://img.shields.io/github/actions/workflow/status/orhun/kmon/ci.yml	是
Amp	Amp	工具	其他,效率工具,在线服务	Amp在线服务	Amp在线服务。这里提供Amp的官方服务与相关信息，支持通过官网了解产品、功能、使用方式及最新动态；具体服务范围、开放地区和使用规则请以官方网站当前页面为准。官方网站：amp.rs。	https://amp.rs	是
Img	Img	工具	其他,效率工具,在线服务	Img在线服务	Img在线服务。这里提供Img的官方服务与相关信息，支持通过官网了解产品、功能、使用方式及最新动态；具体服务范围、开放地区和使用规则请以官方网站当前页面为准。官方网站：img.shields.io。	https://img.shields.io/github/actions/workflow/status/orhun/systeroid/ci.yml	是
Img	Img	工具	其他,效率工具,在线服务	Img在线服务	Img在线服务。这里提供Img的官方服务与相关信息，支持通过官网了解产品、功能、使用方式及最新动态；具体服务范围、开放地区和使用规则请以官方网站当前页面为准。官方网站：img.shields.io。	https://img.shields.io/github/actions/workflow/status/stav121/tasklet/rust.yml	是
Img	Img	工具	其他,效率工具,在线服务	Img在线服务	Img在线服务。这里提供Img的官方服务与相关信息，支持通过官网了解产品、功能、使用方式及最新动态；具体服务范围、开放地区和使用规则请以官方网站当前页面为准。官方网站：img.shields.io。	https://img.shields.io/crates/v/melody_compiler	是
Img	Img	工具	其他,效率工具,在线服务	Img在线服务	Img在线服务。这里提供Img的官方服务与相关信息，支持通过官网了解产品、功能、使用方式及最新动态；具体服务范围、开放地区和使用规则请以官方网站当前页面为准。官方网站：img.shields.io。	https://img.shields.io/crates/v/rust-parallel.svg	是
Img	Img	工具	其他,效率工具,在线服务	Img在线服务	Img在线服务。这里提供Img的官方服务与相关信息，支持通过官网了解产品、功能、使用方式及最新动态；具体服务范围、开放地区和使用规则请以官方网站当前页面为准。官方网站：img.shields.io。	https://img.shields.io/crates/v/complate.svg	是
Img	Img	工具	其他,效率工具,在线服务	Img在线服务	Img在线服务。这里提供Img的官方服务与相关信息，支持通过官网了解产品、功能、使用方式及最新动态；具体服务范围、开放地区和使用规则请以官方网站当前页面为准。官方网站：img.shields.io。	https://img.shields.io/crates/d/complate	是
Img	Img	工具	其他,效率工具,在线服务	Img在线服务	Img在线服务。这里提供Img的官方服务与相关信息，支持通过官网了解产品、功能、使用方式及最新动态；具体服务范围、开放地区和使用规则请以官方网站当前页面为准。官方网站：img.shields.io。	https://img.shields.io/github/actions/workflow/status/ivanwng97/pixtuoid/ci.yml	是
Firecracker Microvm	Firecracker Microvm	开发	编程开发,效率工具	Firecracker Microvm在线服务	Firecracker Microvm在线服务。这里提供Firecracker Microvm的官方服务与相关信息，支持通过官网了解产品、功能、使用方式及最新动态；具体服务范围、开放地区和使用规则请以官方网站当前页面为准。官方网站：firecracker-microvm.github.io。	https://firecracker-microvm.github.io	是
Img	Img	工具	其他,效率工具,在线服务	Img在线服务	Img在线服务。这里提供Img的官方服务与相关信息，支持通过官网了解产品、功能、使用方式及最新动态；具体服务范围、开放地区和使用规则请以官方网站当前页面为准。官方网站：img.shields.io。	https://img.shields.io/crates/v/tailtales.svg	是
Git	Git	开发	编程开发,效率工具	Git在线服务	Git在线服务。这里提供Git的官方服务与相关信息，支持通过官网了解产品、功能、使用方式及最新动态；具体服务范围、开放地区和使用规则请以官方网站当前页面为准。官方网站：git.sr.ht。	https://git.sr.ht/~lessa/verco	是
Img	Img	工具	其他,效率工具,在线服务	Img在线服务	Img在线服务。这里提供Img的官方服务与相关信息，支持通过官网了解产品、功能、使用方式及最新动态；具体服务范围、开放地区和使用规则请以官方网站当前页面为准。官方网站：img.shields.io。	https://img.shields.io/crates/v/rucola-notes.svg	是
Img	Img	工具	其他,效率工具,在线服务	Img在线服务	Img在线服务。这里提供Img的官方服务与相关信息，支持通过官网了解产品、功能、使用方式及最新动态；具体服务范围、开放地区和使用规则请以官方网站当前页面为准。官方网站：img.shields.io。	https://img.shields.io/crates/v/suckit.svg	是
Img	Img	工具	其他,效率工具,在线服务	Img在线服务	Img在线服务。这里提供Img的官方服务与相关信息，支持通过官网了解产品、功能、使用方式及最新动态；具体服务范围、开放地区和使用规则请以官方网站当前页面为准。官方网站：img.shields.io。	https://img.shields.io/crates/v/tuicr	是
Img	Img	工具	其他,效率工具,在线服务	Img在线服务	Img在线服务。这里提供Img的官方服务与相关信息，支持通过官网了解产品、功能、使用方式及最新动态；具体服务范围、开放地区和使用规则请以官方网站当前页面为准。官方网站：img.shields.io。	https://img.shields.io/crates/v/rustic-rs.svg	是
Img	Img	工具	其他,效率工具,在线服务	Img在线服务	Img在线服务。这里提供Img的官方服务与相关信息，支持通过官网了解产品、功能、使用方式及最新动态；具体服务范围、开放地区和使用规则请以官方网站当前页面为准。官方网站：img.shields.io。	https://img.shields.io/github/check-runs/alexpasmantier/television/main	是
Img	Img	工具	其他,效率工具,在线服务	Img在线服务	Img在线服务。这里提供Img的官方服务与相关信息，支持通过官网了解产品、功能、使用方式及最新动态；具体服务范围、开放地区和使用规则请以官方网站当前页面为准。官方网站：img.shields.io。	https://img.shields.io/crates/v/xiu.svg	是
Img	Img	工具	其他,效率工具,在线服务	Img在线服务	Img在线服务。这里提供Img的官方服务与相关信息，支持通过官网了解产品、功能、使用方式及最新动态；具体服务范围、开放地区和使用规则请以官方网站当前页面为准。官方网站：img.shields.io。	https://img.shields.io/crates/v/fzf-make	是
Img	Img	工具	其他,效率工具,在线服务	Img在线服务	Img在线服务。这里提供Img的官方服务与相关信息，支持通过官网了解产品、功能、使用方式及最新动态；具体服务范围、开放地区和使用规则请以官方网站当前页面为准。官方网站：img.shields.io。	https://img.shields.io/crates/v/wthrr	是
Img	Img	工具	其他,效率工具,在线服务	Img在线服务	Img在线服务。这里提供Img的官方服务与相关信息，支持通过官网了解产品、功能、使用方式及最新动态；具体服务范围、开放地区和使用规则请以官方网站当前页面为准。官方网站：img.shields.io。	https://img.shields.io/github/v/release/zhom/donutbrowser	是
Img	Img	工具	其他,效率工具,在线服务	Img在线服务	Img在线服务。这里提供Img的官方服务与相关信息，支持通过官网了解产品、功能、使用方式及最新动态；具体服务范围、开放地区和使用规则请以官方网站当前页面为准。官方网站：img.shields.io。	https://img.shields.io/github/v/release/superradcompany/microsandbox	是
Img	Img	工具	其他,效率工具,在线服务	Img在线服务	Img在线服务。这里提供Img的官方服务与相关信息，支持通过官网了解产品、功能、使用方式及最新动态；具体服务范围、开放地区和使用规则请以官方网站当前页面为准。官方网站：img.shields.io。	https://img.shields.io/github/actions/workflow/status/orhun/rustypaste/ci.yml	是
Img	Img	工具	其他,效率工具,在线服务	Img在线服务	Img在线服务。这里提供Img的官方服务与相关信息，支持通过官网了解产品、功能、使用方式及最新动态；具体服务范围、开放地区和使用规则请以官方网站当前页面为准。官方网站：img.shields.io。	https://img.shields.io/github/actions/workflow/status/sopaco/cowork-forge/rust.yml	是
Img	Img	工具	其他,效率工具,在线服务	Img在线服务	Img在线服务。这里提供Img的官方服务与相关信息，支持通过官网了解产品、功能、使用方式及最新动态；具体服务范围、开放地区和使用规则请以官方网站当前页面为准。官方网站：img.shields.io。	https://img.shields.io/crates/v/git-time-machine.svg	是
Img	Img	工具	其他,效率工具,在线服务	Img在线服务	Img在线服务。这里提供Img的官方服务与相关信息，支持通过官网了解产品、功能、使用方式及最新动态；具体服务范围、开放地区和使用规则请以官方网站当前页面为准。官方网站：img.shields.io。	https://img.shields.io/crates/v/create-rust-app.svg	是
Img	Img	工具	其他,效率工具,在线服务	Img在线服务	Img在线服务。这里提供Img的官方服务与相关信息，支持通过官网了解产品、功能、使用方式及最新动态；具体服务范围、开放地区和使用规则请以官方网站当前页面为准。官方网站：img.shields.io。	https://img.shields.io/badge/website-forgecode.dev-blue	是
Blog	Blog	工具	其他,效率工具,在线服务	Blog在线服务	Blog在线服务。这里提供Blog的官方服务与相关信息，支持通过官网了解产品、功能、使用方式及最新动态；具体服务范围、开放地区和使用规则请以官方网站当前页面为准。官方网站：blog.thoughtram.io。	https://blog.thoughtram.io/announcements/tools/2014/09/18/announcing-clog-a-conventional-changelog-generator-for-the-rest-of-us.html	是
Img	Img	工具	其他,效率工具,在线服务	Img在线服务	Img在线服务。这里提供Img的官方服务与相关信息，支持通过官网了解产品、功能、使用方式及最新动态；具体服务范围、开放地区和使用规则请以官方网站当前页面为准。官方网站：img.shields.io。	https://img.shields.io/crates/v/intelli-shell.svg	是
Img	Img	工具	其他,效率工具,在线服务	Img在线服务	Img在线服务。这里提供Img的官方服务与相关信息，支持通过官网了解产品、功能、使用方式及最新动态；具体服务范围、开放地区和使用规则请以官方网站当前页面为准。官方网站：img.shields.io。	https://img.shields.io/github/actions/workflow/status/orhun/git-cliff/ci.yml	是
Img	Img	工具	其他,效率工具,在线服务	Img在线服务	Img在线服务。这里提供Img的官方服务与相关信息，支持通过官网了解产品、功能、使用方式及最新动态；具体服务范围、开放地区和使用规则请以官方网站当前页面为准。官方网站：img.shields.io。	https://img.shields.io/github/v/release/martinvonz/jj	是
Buck2	Buck2	工具	其他,效率工具,在线服务	Buck2在线服务	Buck2在线服务。这里提供Buck2的官方服务与相关信息，支持通过官网了解产品、功能、使用方式及最新动态；具体服务范围、开放地区和使用规则请以官方网站当前页面为准。官方网站：buck2.build。	https://buck2.build	是
Nixos	Nixos	工具	其他,效率工具,在线服务	Nixos在线服务	Nixos在线服务。这里提供Nixos的官方服务与相关信息，支持通过官网了解产品、功能、使用方式及最新动态；具体服务范围、开放地区和使用规则请以官方网站当前页面为准。官方网站：nixos.org。	https://nixos.org	是
Rust Embedded	Rust Embedded	工具	其他,效率工具,在线服务	Rust Embedded在线服务	Rust Embedded在线服务。这里提供Rust Embedded的官方服务与相关信息，支持通过官网了解产品、功能、使用方式及最新动态；具体服务范围、开放地区和使用规则请以官方网站当前页面为准。官方网站：rust-embedded.org。	https://rust-embedded.org	是
Bazel	Bazel	工具	其他,效率工具,在线服务	Bazel在线服务	Bazel在线服务。这里提供Bazel的官方服务与相关信息，支持通过官网了解产品、功能、使用方式及最新动态；具体服务范围、开放地区和使用规则请以官方网站当前页面为准。官方网站：bazel.build。	https://bazel.build	是
Doc	Doc	工具	其他,效率工具,在线服务	Doc在线服务	Doc在线服务。这里提供Doc的官方服务与相关信息，支持通过官网了解产品、功能、使用方式及最新动态；具体服务范围、开放地区和使用规则请以官方网站当前页面为准。官方网站：doc.rust-lang.org。	https://doc.rust-lang.org/book/first-edition/ffi.html	是
Bestpractices	Bestpractices	开发	编程开发,效率工具	Bestpractices在线服务	Bestpractices在线服务。这里提供Bestpractices的官方服务与相关信息，支持通过官网了解产品、功能、使用方式及最新动态；具体服务范围、开放地区和使用规则请以官方网站当前页面为准。官方网站：bestpractices.dev。	https://www.bestpractices.dev/projects/8050/badge	是
Company Mode	Company Mode	开发	编程开发,效率工具	Company Mode在线服务	Company Mode在线服务。这里提供Company Mode的官方服务与相关信息，支持通过官网了解产品、功能、使用方式及最新动态；具体服务范围、开放地区和使用规则请以官方网站当前页面为准。官方网站：company-mode.github.io。	https://company-mode.github.io	是
Eclipse	Eclipse	工具	其他,效率工具,在线服务	Eclipse在线服务	Eclipse在线服务。这里提供Eclipse的官方服务与相关信息，支持通过官网了解产品、功能、使用方式及最新动态；具体服务范围、开放地区和使用规则请以官方网站当前页面为准。官方网站：eclipse.org。	https://www.eclipse.org	是
Kakoune	Kakoune	工具	其他,效率工具,在线服务	Kakoune在线服务	Kakoune在线服务。这里提供Kakoune的官方服务与相关信息，支持通过官网了解产品、功能、使用方式及最新动态；具体服务范围、开放地区和使用规则请以官方网站当前页面为准。官方网站：kakoune.org。	http://kakoune.org	是
Docs	Docs	工具	其他,效率工具,在线服务	Docs在线服务	Docs在线服务。这里提供Docs的官方服务与相关信息，支持通过官网了解产品、功能、使用方式及最新动态；具体服务范围、开放地区和使用规则请以官方网站当前页面为准。官方网站：docs.rs。	https://docs.rs	是
Gitpod	Gitpod	开发	编程开发,效率工具	Gitpod在线服务	Gitpod在线服务。这里提供Gitpod的官方服务与相关信息，支持通过官网了解产品、功能、使用方式及最新动态；具体服务范围、开放地区和使用规则请以官方网站当前页面为准。官方网站：gitpod.io。	https://gitpod.io	是
Rust Lang	Rust Lang	工具	其他,效率工具,在线服务	Rust Lang在线服务	Rust Lang在线服务。这里提供Rust Lang的官方服务与相关信息，支持通过官网了解产品、功能、使用方式及最新动态；具体服务范围、开放地区和使用规则请以官方网站当前页面为准。官方网站：rust-lang.org。	https://rust-lang.org/tools	是
Jetbrains	Jetbrains	AI	AI,效率工具	Jetbrains在线服务	Jetbrains在线服务。这里提供Jetbrains的官方服务与相关信息，支持通过官网了解产品、功能、使用方式及最新动态；具体服务范围、开放地区和使用规则请以官方网站当前页面为准。官方网站：jetbrains.com。	https://www.jetbrains.com/idea	是
Microsoft	Microsoft	开发	编程开发,效率工具	Microsoft在线服务	Microsoft在线服务。这里提供Microsoft的官方服务与相关信息，支持通过官网了解产品、功能、使用方式及最新动态；具体服务范围、开放地区和使用规则请以官方网站当前页面为准。官方网站：microsoft.github.io。	https://microsoft.github.io/language-server-protocol	是
Jetbrains	Jetbrains	AI	AI,效率工具	Jetbrains在线服务	Jetbrains在线服务。这里提供Jetbrains的官方服务与相关信息，支持通过官网了解产品、功能、使用方式及最新动态；具体服务范围、开放地区和使用规则请以官方网站当前页面为准。官方网站：jetbrains.com。	https://www.jetbrains.com/rust	是
Gnu	Gnu	工具	其他,效率工具,在线服务	Gnu在线服务	Gnu在线服务。这里提供Gnu的官方服务与相关信息，支持通过官网了解产品、功能、使用方式及最新动态；具体服务范围、开放地区和使用规则请以官方网站当前页面为准。官方网站：gnu.org。	https://www.gnu.org/software/emacs	是
Sublimetext	Sublimetext	工具	其他,效率工具,在线服务	Sublimetext在线服务	Sublimetext在线服务。这里提供Sublimetext的官方服务与相关信息，支持通过官网了解产品、功能、使用方式及最新动态；具体服务范围、开放地区和使用规则请以官方网站当前页面为准。官方网站：sublimetext.com。	https://www.sublimetext.com	是
Vim	Vim	工具	其他,效率工具,在线服务	Vim在线服务	Vim在线服务。这里提供Vim的官方服务与相关信息，支持通过官网了解产品、功能、使用方式及最新动态；具体服务范围、开放地区和使用规则请以官方网站当前页面为准。官方网站：vim.sourceforge.io。	https://vim.sourceforge.io	是
Img	Img	工具	其他,效率工具,在线服务	Img在线服务	Img在线服务。这里提供Img的官方服务与相关信息，支持通过官网了解产品、功能、使用方式及最新动态；具体服务范围、开放地区和使用规则请以官方网站当前页面为准。官方网站：img.shields.io。	https://img.shields.io/crates/v/mocktail	是
Img	Img	工具	其他,效率工具,在线服务	Img在线服务	Img在线服务。这里提供Img的官方服务与相关信息，支持通过官网了解产品、功能、使用方式及最新动态；具体服务范围、开放地区和使用规则请以官方网站当前页面为准。官方网站：img.shields.io。	https://img.shields.io/crates/v/googletest-json-serde.svg	是
Img	Img	工具	其他,效率工具,在线服务	Img在线服务	Img在线服务。这里提供Img的官方服务与相关信息，支持通过官网了解产品、功能、使用方式及最新动态；具体服务范围、开放地区和使用规则请以官方网站当前页面为准。官方网站：img.shields.io。	https://img.shields.io/crates/v/cucumber.svg	是
Img	Img	工具	其他,效率工具,在线服务	Img在线服务	Img在线服务。这里提供Img的官方服务与相关信息，支持通过官网了解产品、功能、使用方式及最新动态；具体服务范围、开放地区和使用规则请以官方网站当前页面为准。官方网站：img.shields.io。	https://img.shields.io/crates/v/cargo-nextest	是
Hypothesis	Hypothesis	工具	效率工具,在线服务	Hypothesis在线服务	Hypothesis在线服务。这里提供Hypothesis的官方服务与相关信息，支持通过官网了解产品、功能、使用方式及最新动态；具体服务范围、开放地区和使用规则请以官方网站当前页面为准。官方网站：hypothesis.works。	https://hypothesis.works	是
Img	Img	工具	其他,效率工具,在线服务	Img在线服务	Img在线服务。这里提供Img的官方服务与相关信息，支持通过官网了解产品、功能、使用方式及最新动态；具体服务范围、开放地区和使用规则请以官方网站当前页面为准。官方网站：img.shields.io。	https://img.shields.io/crates/v/faux.svg	是
Arewelearningyet	Arewelearningyet	教育	在线学习,效率工具	Arewelearningyet在线服务	Arewelearningyet在线服务。这里提供Arewelearningyet的官方服务与相关信息，支持通过官网了解产品、功能、使用方式及最新动态；具体服务范围、开放地区和使用规则请以官方网站当前页面为准。官方网站：arewelearningyet.com。	https://www.arewelearningyet.com	是
Img	Img	工具	其他,效率工具,在线服务	Img在线服务	Img在线服务。这里提供Img的官方服务与相关信息，支持通过官网了解产品、功能、使用方式及最新动态；具体服务范围、开放地区和使用规则请以官方网站当前页面为准。官方网站：img.shields.io。	https://img.shields.io/crates/v/dfdx	是
Img	Img	工具	其他,效率工具,在线服务	Img在线服务	Img在线服务。这里提供Img的官方服务与相关信息，支持通过官网了解产品、功能、使用方式及最新动态；具体服务范围、开放地区和使用规则请以官方网站当前页面为准。官方网站：img.shields.io。	https://img.shields.io/github/actions/workflow/status/ekzhang/bore/ci.yml	是
Circleci	Circleci	工具	其他,效率工具,在线服务	Circleci在线服务	Circleci在线服务。这里提供Circleci的官方服务与相关信息，支持通过官网了解产品、功能、使用方式及最新动态；具体服务范围、开放地区和使用规则请以官方网站当前页面为准。官方网站：circleci.com。	https://circleci.com/gh/maciejkula/rustlearn.svg	是
Img	Img	工具	其他,效率工具,在线服务	Img在线服务	Img在线服务。这里提供Img的官方服务与相关信息，支持通过官网了解产品、功能、使用方式及最新动态；具体服务范围、开放地区和使用规则请以官方网站当前页面为准。官方网站：img.shields.io。	https://img.shields.io/crates/v/lightgbm3.svg	是
Img	Img	工具	其他,效率工具,在线服务	Img在线服务	Img在线服务。这里提供Img的官方服务与相关信息，支持通过官网了解产品、功能、使用方式及最新动态；具体服务范围、开放地区和使用规则请以官方网站当前页面为准。官方网站：img.shields.io。	https://img.shields.io/github/actions/workflow/status/rathole-org/rathole/rust.yml	是
Img	Img	工具	其他,效率工具,在线服务	Img在线服务	Img在线服务。这里提供Img的官方服务与相关信息，支持通过官网了解产品、功能、使用方式及最新动态；具体服务范围、开放地区和使用规则请以官方网站当前页面为准。官方网站：img.shields.io。	https://img.shields.io/crates/v/radiate	是
Img	Img	工具	其他,效率工具,在线服务	Img在线服务	Img在线服务。这里提供Img的官方服务与相关信息，支持通过官网了解产品、功能、使用方式及最新动态；具体服务范围、开放地区和使用规则请以官方网站当前页面为准。官方网站：img.shields.io。	https://img.shields.io/crates/v/perf_monitor.svg	是
Img	Img	工具	其他,效率工具,在线服务	Img在线服务	Img在线服务。这里提供Img的官方服务与相关信息，支持通过官网了解产品、功能、使用方式及最新动态；具体服务范围、开放地区和使用规则请以官方网站当前页面为准。官方网站：img.shields.io。	https://img.shields.io/crates/v/deltaml.svg	是
Img	Img	工具	其他,效率工具,在线服务	Img在线服务	Img在线服务。这里提供Img的官方服务与相关信息，支持通过官网了解产品、功能、使用方式及最新动态；具体服务范围、开放地区和使用规则请以官方网站当前页面为准。官方网站：img.shields.io。	https://img.shields.io/github/actions/workflow/status/luminal-ai/luminal/test-core.yml	是
Img	Img	工具	其他,效率工具,在线服务	Img在线服务	Img在线服务。这里提供Img的官方服务与相关信息，支持通过官网了解产品、功能、使用方式及最新动态；具体服务范围、开放地区和使用规则请以官方网站当前页面为准。官方网站：img.shields.io。	https://img.shields.io/github/actions/workflow/status/blackportal-ai/nebula/core.yml	是
Img	Img	工具	其他,效率工具,在线服务	Img在线服务	Img在线服务。这里提供Img的官方服务与相关信息，支持通过官网了解产品、功能、使用方式及最新动态；具体服务范围、开放地区和使用规则请以官方网站当前页面为准。官方网站：img.shields.io。	https://img.shields.io/circleci/build/github/smartcorelib/smartcore	是
Img	Img	工具	其他,效率工具,在线服务	Img在线服务	Img在线服务。这里提供Img的官方服务与相关信息，支持通过官网了解产品、功能、使用方式及最新动态；具体服务范围、开放地区和使用规则请以官方网站当前页面为准。官方网站：img.shields.io。	https://img.shields.io/github/actions/workflow/status/blackportal-ai/delta/core.yml	是
Img	Img	工具	其他,效率工具,在线服务	Img在线服务	Img在线服务。这里提供Img的官方服务与相关信息，支持通过官网了解产品、功能、使用方式及最新动态；具体服务范围、开放地区和使用规则请以官方网站当前页面为准。官方网站：img.shields.io。	https://img.shields.io/pypi/v/polars-bio	是
Portmedia	Portmedia	工具	其他,效率工具,在线服务	Portmedia在线服务	Portmedia在线服务。这里提供Portmedia的官方服务与相关信息，支持通过官网了解产品、功能、使用方式及最新动态；具体服务范围、开放地区和使用规则请以官方网站当前页面为准。官方网站：portmedia.sourceforge.net。	https://portmedia.sourceforge.net/portmidi	是
Img	Img	工具	其他,效率工具,在线服务	Img在线服务	Img在线服务。这里提供Img的官方服务与相关信息，支持通过官网了解产品、功能、使用方式及最新动态；具体服务范围、开放地区和使用规则请以官方网站当前页面为准。官方网站：img.shields.io。	https://img.shields.io/crates/v/reedline	是
7 Zip	7 Zip	工具	其他,效率工具,在线服务	7 Zip在线服务	7 Zip在线服务。这里提供7 Zip的官方服务与相关信息，支持通过官网了解产品、功能、使用方式及最新动态；具体服务范围、开放地区和使用规则请以官方网站当前页面为准。官方网站：7-zip.org。	https://7-zip.org/7z.html	是
Invisible Island	Invisible Island	工具	其他,效率工具,在线服务	Invisible Island在线服务	Invisible Island在线服务。这里提供Invisible Island的官方服务与相关信息，支持通过官网了解产品、功能、使用方式及最新动态；具体服务范围、开放地区和使用规则请以官方网站当前页面为准。官方网站：invisible-island.net。	https://invisible-island.net/ncurses/ncurses.html	是
Img	Img	工具	其他,效率工具,在线服务	Img在线服务	Img在线服务。这里提供Img的官方服务与相关信息，支持通过官网了解产品、功能、使用方式及最新动态；具体服务范围、开放地区和使用规则请以官方网站当前页面为准。官方网站：img.shields.io。	https://img.shields.io/docsrs/iocraft	是
Starship	Starship	工具	其他,效率工具,在线服务	Starship在线服务	Starship在线服务。这里提供Starship的官方服务与相关信息，支持通过官网了解产品、功能、使用方式及最新动态；具体服务范围、开放地区和使用规则请以官方网站当前页面为准。官方网站：starship.rs。	https://starship.rs	是
Circleci	Circleci	工具	其他,效率工具,在线服务	Circleci在线服务	Circleci在线服务。这里提供Circleci的官方服务与相关信息，支持通过官网了解产品、功能、使用方式及最新动态；具体服务范围、开放地区和使用规则请以官方网站当前页面为准。官方网站：circleci.com。	https://circleci.com/gh/vstakhov/libucl.svg	是
Gnu	Gnu	工具	其他,效率工具,在线服务	Gnu在线服务	Gnu在线服务。这里提供Gnu的官方服务与相关信息，支持通过官网了解产品、功能、使用方式及最新动态；具体服务范围、开放地区和使用规则请以官方网站当前页面为准。官方网站：gnu.org。	http://www.gnu.org/software/gsl	是
Circleci	Circleci	工具	其他,效率工具,在线服务	Circleci在线服务	Circleci在线服务。这里提供Circleci的官方服务与相关信息，支持通过官网了解产品、功能、使用方式及最新动态；具体服务范围、开放地区和使用规则请以官方网站当前页面为准。官方网站：circleci.com。	https://circleci.com/gh/cossacklabs/themis/tree/master.svg	是
Datatracker	Datatracker	工具	其他,效率工具,在线服务	Datatracker在线服务	Datatracker在线服务。这里提供Datatracker的官方服务与相关信息，支持通过官网了解产品、功能、使用方式及最新动态；具体服务范围、开放地区和使用规则请以官方网站当前页面为准。官方网站：datatracker.ietf.org。	https://datatracker.ietf.org/doc/html/rfc5246	是
Img	Img	工具	其他,效率工具,在线服务	Img在线服务	Img在线服务。这里提供Img的官方服务与相关信息，支持通过官网了解产品、功能、使用方式及最新动态；具体服务范围、开放地区和使用规则请以官方网站当前页面为准。官方网站：img.shields.io。	https://img.shields.io/github/workflow/status/amv-dev/yata/rust	是
Openssl	Openssl	工具	其他,效率工具,在线服务	Openssl在线服务	Openssl在线服务。这里提供Openssl的官方服务与相关信息，支持通过官网了解产品、功能、使用方式及最新动态；具体服务范围、开放地区和使用规则请以官方网站当前页面为准。官方网站：openssl.org。	https://www.openssl.org	是
Img	Img	工具	其他,效率工具,在线服务	Img在线服务	Img在线服务。这里提供Img的官方服务与相关信息，支持通过官网了解产品、功能、使用方式及最新动态；具体服务范围、开放地区和使用规则请以官方网站当前页面为准。官方网站：img.shields.io。	https://img.shields.io/crates/v/mathcore.svg	是
Img	Img	工具	其他,效率工具,在线服务	Img在线服务	Img在线服务。这里提供Img的官方服务与相关信息，支持通过官网了解产品、功能、使用方式及最新动态；具体服务范围、开放地区和使用规则请以官方网站当前页面为准。官方网站：img.shields.io。	https://img.shields.io/crates/v/randomorg.svg	是
Img	Img	工具	其他,效率工具,在线服务	Img在线服务	Img在线服务。这里提供Img的官方服务与相关信息，支持通过官网了解产品、功能、使用方式及最新动态；具体服务范围、开放地区和使用规则请以官方网站当前页面为准。官方网站：img.shields.io。	https://img.shields.io/crates/v/kn0syseccrs	是
Datatracker	Datatracker	工具	其他,效率工具,在线服务	Datatracker在线服务	Datatracker在线服务。这里提供Datatracker的官方服务与相关信息，支持通过官网了解产品、功能、使用方式及最新动态；具体服务范围、开放地区和使用规则请以官方网站当前页面为准。官方网站：datatracker.ietf.org。	https://datatracker.ietf.org/doc/draft-krawczyk-cfrg-opaque	是
Img	Img	工具	其他,效率工具,在线服务	Img在线服务	Img在线服务。这里提供Img的官方服务与相关信息，支持通过官网了解产品、功能、使用方式及最新动态；具体服务范围、开放地区和使用规则请以官方网站当前页面为准。官方网站：img.shields.io。	https://img.shields.io/crates/v/egui_graphs	是
Cassandra	Cassandra	工具	其他,效率工具,在线服务	Cassandra在线服务	Cassandra在线服务。这里提供Cassandra的官方服务与相关信息，支持通过官网了解产品、功能、使用方式及最新动态；具体服务范围、开放地区和使用规则请以官方网站当前页面为准。官方网站：cassandra.apache.org。	https://cassandra.apache.org/_/index.html	是
Img	Img	工具	其他,效率工具,在线服务	Img在线服务	Img在线服务。这里提供Img的官方服务与相关信息，支持通过官网了解产品、功能、使用方式及最新动态；具体服务范围、开放地区和使用规则请以官方网站当前页面为准。官方网站：img.shields.io。	https://img.shields.io/crates/v/simsimd.svg	是
Img	Img	工具	其他,效率工具,在线服务	Img在线服务	Img在线服务。这里提供Img的官方服务与相关信息，支持通过官网了解产品、功能、使用方式及最新动态；具体服务范围、开放地区和使用规则请以官方网站当前页面为准。官方网站：img.shields.io。	https://img.shields.io/docsrs/egui_graphs	是
Aws	Aws	工具	其他,效率工具,在线服务	Aws在线服务	Aws在线服务。这里提供Aws的官方服务与相关信息，支持通过官网了解产品、功能、使用方式及最新动态；具体服务范围、开放地区和使用规则请以官方网站当前页面为准。官方网站：aws.amazon.com。	https://aws.amazon.com/dynamodb	是
Img	Img	工具	其他,效率工具,在线服务	Img在线服务	Img在线服务。这里提供Img的官方服务与相关信息，支持通过官网了解产品、功能、使用方式及最新动态；具体服务范围、开放地区和使用规则请以官方网站当前页面为准。官方网站：img.shields.io。	https://img.shields.io/crates/v/lru.svg	是
Img	Img	工具	其他,效率工具,在线服务	Img在线服务	Img在线服务。这里提供Img的官方服务与相关信息，支持通过官网了解产品、功能、使用方式及最新动态；具体服务范围、开放地区和使用规则请以官方网站当前页面为准。官方网站：img.shields.io。	https://img.shields.io/crates/v/undoredo.svg	是
Img	Img	工具	其他,效率工具,在线服务	Img在线服务	Img在线服务。这里提供Img的官方服务与相关信息，支持通过官网了解产品、功能、使用方式及最新动态；具体服务范围、开放地区和使用规则请以官方网站当前页面为准。官方网站：img.shields.io。	https://img.shields.io/docsrs/charton/latest	是
Symas	Symas	工具	其他,效率工具,在线服务	Symas在线服务	Symas在线服务。这里提供Symas的官方服务与相关信息，支持通过官网了解产品、功能、使用方式及最新动态；具体服务范围、开放地区和使用规则请以官方网站当前页面为准。官方网站：symas.com。	https://www.symas.com/lmdb.php	是
Redb	Redb	工具	其他,效率工具,在线服务	Redb在线服务	Redb在线服务。这里提供Redb的官方服务与相关信息，支持通过官网了解产品、功能、使用方式及最新动态；具体服务范围、开放地区和使用规则请以官方网站当前页面为准。官方网站：redb.org。	https://www.redb.org	是
Circleci	Circleci	工具	其他,效率工具,在线服务	Circleci在线服务	Circleci在线服务。这里提供Circleci的官方服务与相关信息，支持通过官网了解产品、功能、使用方式及最新动态；具体服务范围、开放地区和使用规则请以官方网站当前页面为准。官方网站：circleci.com。	https://circleci.com/gh/aembke/fred.rs/tree/main.svg	是
App	App	工具	其他,效率工具,在线服务	App在线服务	App在线服务。这里提供App的官方服务与相关信息，支持通过官网了解产品、功能、使用方式及最新动态；具体服务范围、开放地区和使用规则请以官方网站当前页面为准。官方网站：app.circleci.com。	https://app.circleci.com/pipelines/github/aembke/fred.rs	是
Influxdata	Influxdata	工具	其他,效率工具,在线服务	Influxdata在线服务	Influxdata在线服务。这里提供Influxdata的官方服务与相关信息，支持通过官网了解产品、功能、使用方式及最新动态；具体服务范围、开放地区和使用规则请以官方网站当前页面为准。官方网站：influxdata.com。	https://www.influxdata.com	是
Img	Img	工具	其他,效率工具,在线服务	Img在线服务	Img在线服务。这里提供Img的官方服务与相关信息，支持通过官网了解产品、功能、使用方式及最新动态；具体服务范围、开放地区和使用规则请以官方网站当前页面为准。官方网站：img.shields.io。	https://img.shields.io/github/actions/workflow/status/polodb/polodb/rust.yml	是
Polodb	Polodb	工具	其他,效率工具,在线服务	Polodb在线服务	Polodb在线服务。这里提供Polodb的官方服务与相关信息，支持通过官网了解产品、功能、使用方式及最新动态；具体服务范围、开放地区和使用规则请以官方网站当前页面为准。官方网站：polodb.org。	https://www.polodb.org	是
Rocksdb	Rocksdb	工具	其他,效率工具,在线服务	Rocksdb在线服务	Rocksdb在线服务。这里提供Rocksdb的官方服务与相关信息，支持通过官网了解产品、功能、使用方式及最新动态；具体服务范围、开放地区和使用规则请以官方网站当前页面为准。官方网站：rocksdb.org。	https://rocksdb.org	是
Circleci	Circleci	工具	其他,效率工具,在线服务	Circleci在线服务	Circleci在线服务。这里提供Circleci的官方服务与相关信息，支持通过官网了解产品、功能、使用方式及最新动态；具体服务范围、开放地区和使用规则请以官方网站当前页面为准。官方网站：circleci.com。	https://circleci.com/gh/blackbeam/mysql_async/tree/master.svg	是
Mongreldb	Mongreldb	工具	其他,效率工具,在线服务	Mongreldb在线服务	Mongreldb在线服务。这里提供Mongreldb的官方服务与相关信息，支持通过官网了解产品、功能、使用方式及最新动态；具体服务范围、开放地区和使用规则请以官方网站当前页面为准。官方网站：mongreldb.com。	https://www.mongreldb.com	是
Surrealdb	Surrealdb	工具	其他,效率工具,在线服务	Surrealdb在线服务	Surrealdb在线服务。这里提供Surrealdb的官方服务与相关信息，支持通过官网了解产品、功能、使用方式及最新动态；具体服务范围、开放地区和使用规则请以官方网站当前页面为准。官方网站：surrealdb.com。	https://surrealdb.com	是
Img	Img	工具	其他,效率工具,在线服务	Img在线服务	Img在线服务。这里提供Img的官方服务与相关信息，支持通过官网了解产品、功能、使用方式及最新动态；具体服务范围、开放地区和使用规则请以官方网站当前页面为准。官方网站：img.shields.io。	https://img.shields.io/crates/v/njord.svg	是
Img	Img	工具	其他,效率工具,在线服务	Img在线服务	Img在线服务。这里提供Img的官方服务与相关信息，支持通过官网了解产品、功能、使用方式及最新动态；具体服务范围、开放地区和使用规则请以官方网站当前页面为准。官方网站：img.shields.io。	https://img.shields.io/crates/v/diesel-guard.svg	是
Img	Img	工具	其他,效率工具,在线服务	Img在线服务	Img在线服务。这里提供Img的官方服务与相关信息，支持通过官网了解产品、功能、使用方式及最新动态；具体服务范围、开放地区和使用规则请以官方网站当前页面为准。官方网站：img.shields.io。	https://img.shields.io/docsrs/sea-orm/latest	是
Img	Img	工具	其他,效率工具,在线服务	Img在线服务	Img在线服务。这里提供Img的官方服务与相关信息，支持通过官网了解产品、功能、使用方式及最新动态；具体服务范围、开放地区和使用规则请以官方网站当前页面为准。官方网站：img.shields.io。	https://img.shields.io/docsrs/sea-query/latest	是
Img	Img	工具	其他,效率工具,在线服务	Img在线服务	Img在线服务。这里提供Img的官方服务与相关信息，支持通过官网了解产品、功能、使用方式及最新动态；具体服务范围、开放地区和使用规则请以官方网站当前页面为准。官方网站：img.shields.io。	https://img.shields.io/crates/v/pg_walstream	是
Img	Img	工具	其他,效率工具,在线服务	Img在线服务	Img在线服务。这里提供Img的官方服务与相关信息，支持通过官网了解产品、功能、使用方式及最新动态；具体服务范围、开放地区和使用规则请以官方网站当前页面为准。官方网站：img.shields.io。	https://img.shields.io/crates/v/sea-orm.svg	是
Img	Img	工具	其他,效率工具,在线服务	Img在线服务	Img在线服务。这里提供Img的官方服务与相关信息，支持通过官网了解产品、功能、使用方式及最新动态；具体服务范围、开放地区和使用规则请以官方网站当前页面为准。官方网站：img.shields.io。	https://img.shields.io/docsrs/sea-schema/latest	是
Img	Img	工具	其他,效率工具,在线服务	Img在线服务	Img在线服务。这里提供Img的官方服务与相关信息，支持通过官网了解产品、功能、使用方式及最新动态；具体服务范围、开放地区和使用规则请以官方网站当前页面为准。官方网站：img.shields.io。	https://img.shields.io/crates/v/seaography.svg	是
Img	Img	工具	其他,效率工具,在线服务	Img在线服务	Img在线服务。这里提供Img的官方服务与相关信息，支持通过官网了解产品、功能、使用方式及最新动态；具体服务范围、开放地区和使用规则请以官方网站当前页面为准。官方网站：img.shields.io。	https://img.shields.io/crates/v/sea-query.svg	是
Venndb	Venndb	工具	其他,效率工具,在线服务	Venndb在线服务	Venndb在线服务。这里提供Venndb的官方服务与相关信息，支持通过官网了解产品、功能、使用方式及最新动态；具体服务范围、开放地区和使用规则请以官方网站当前页面为准。官方网站：venndb.plabayo.tech。	https://venndb.plabayo.tech	是
Img	Img	工具	其他,效率工具,在线服务	Img在线服务	Img在线服务。这里提供Img的官方服务与相关信息，支持通过官网了解产品、功能、使用方式及最新动态；具体服务范围、开放地区和使用规则请以官方网站当前页面为准。官方网站：img.shields.io。	https://img.shields.io/github/workflow/status/launchbadge/sqlx/rust/master	是
Img	Img	工具	其他,效率工具,在线服务	Img在线服务	Img在线服务。这里提供Img的官方服务与相关信息，支持通过官网了解产品、功能、使用方式及最新动态；具体服务范围、开放地区和使用规则请以官方网站当前页面为准。官方网站：img.shields.io。	https://img.shields.io/docsrs/seaography/latest	是
Img	Img	工具	其他,效率工具,在线服务	Img在线服务	Img在线服务。这里提供Img的官方服务与相关信息，支持通过官网了解产品、功能、使用方式及最新动态；具体服务范围、开放地区和使用规则请以官方网站当前页面为准。官方网站：img.shields.io。	https://img.shields.io/crates/v/sea-schema.svg	是
Doc	Doc	工具	其他,效率工具,在线服务	Doc在线服务	Doc在线服务。这里提供Doc的官方服务与相关信息，支持通过官网了解产品、功能、使用方式及最新动态；具体服务范围、开放地区和使用规则请以官方网站当前页面为准。官方网站：doc.rust-cqrs.org。	https://doc.rust-cqrs.org	是
Sqlite	Sqlite	工具	其他,效率工具,在线服务	Sqlite在线服务	Sqlite在线服务。这里提供Sqlite的官方服务与相关信息，支持通过官网了解产品、功能、使用方式及最新动态；具体服务范围、开放地区和使用规则请以官方网站当前页面为准。官方网站：sqlite.org。	https://sqlite.org/index.html	是
Flatbuffers	Flatbuffers	开发	编程开发,效率工具	Flatbuffers在线服务	Flatbuffers在线服务。这里提供Flatbuffers的官方服务与相关信息，支持通过官网了解产品、功能、使用方式及最新动态；具体服务范围、开放地区和使用规则请以官方网站当前页面为准。官方网站：flatbuffers.dev。	https://flatbuffers.dev	是
Confluent	Confluent	工具	其他,效率工具,在线服务	Confluent在线服务	Confluent在线服务。这里提供Confluent的官方服务与相关信息，支持通过官网了解产品、功能、使用方式及最新动态；具体服务范围、开放地区和使用规则请以官方网站当前页面为准。官方网站：confluent.io。	https://www.confluent.io/product/confluent-platform/data-compatibility	是
Img	Img	工具	其他,效率工具,在线服务	Img在线服务	Img在线服务。这里提供Img的官方服务与相关信息，支持通过官网了解产品、功能、使用方式及最新动态；具体服务范围、开放地区和使用规则请以官方网站当前页面为准。官方网站：img.shields.io。	https://img.shields.io/github/actions/workflow/status/avhz/rustquant/build.yml	是
Img	Img	工具	其他,效率工具,在线服务	Img在线服务	Img在线服务。这里提供Img的官方服务与相关信息，支持通过官网了解产品、功能、使用方式及最新动态；具体服务范围、开放地区和使用规则请以官方网站当前页面为准。官方网站：img.shields.io。	https://img.shields.io/github/actions/workflow/status/apache/opendal/ci_core.yml	是
Arewegameyet	Arewegameyet	工具	其他,效率工具,在线服务	Arewegameyet在线服务	Arewegameyet在线服务。这里提供Arewegameyet的官方服务与相关信息，支持通过官网了解产品、功能、使用方式及最新动态；具体服务范围、开放地区和使用规则请以官方网站当前页面为准。官方网站：arewegameyet.rs。	https://arewegameyet.rs	是
Alpaca	Alpaca	工具	其他,效率工具,在线服务	Alpaca在线服务	Alpaca在线服务。这里提供Alpaca的官方服务与相关信息，支持通过官网了解产品、功能、使用方式及最新动态；具体服务范围、开放地区和使用规则请以官方网站当前页面为准。官方网站：alpaca.markets。	https://alpaca.markets	是
Img	Img	工具	其他,效率工具,在线服务	Img在线服务	Img在线服务。这里提供Img的官方服务与相关信息，支持通过官网了解产品、功能、使用方式及最新动态；具体服务范围、开放地区和使用规则请以官方网站当前页面为准。官方网站：img.shields.io。	https://img.shields.io/crates/d/serde-saphyr.svg	是
Img	Img	工具	其他,效率工具,在线服务	Img在线服务	Img在线服务。这里提供Img的官方服务与相关信息，支持通过官网了解产品、功能、使用方式及最新动态；具体服务范围、开放地区和使用规则请以官方网站当前页面为准。官方网站：img.shields.io。	https://img.shields.io/crates/v/serde-aux.svg	是
Liballeg	Liballeg	工具	其他,效率工具,在线服务	Liballeg在线服务	Liballeg在线服务。这里提供Liballeg的官方服务与相关信息，支持通过官网了解产品、功能、使用方式及最新动态；具体服务范围、开放地区和使用规则请以官方网站当前页面为准。官方网站：liballeg.org。	https://liballeg.org	是
Fyrox	Fyrox	工具	其他,效率工具,在线服务	Fyrox在线服务	Fyrox在线服务。这里提供Fyrox的官方服务与相关信息，支持通过官网了解产品、功能、使用方式及最新动态；具体服务范围、开放地区和使用规则请以官方网站当前页面为准。官方网站：fyrox.rs。	https://fyrox.rs	是
Img	Img	工具	其他,效率工具,在线服务	Img在线服务	Img在线服务。这里提供Img的官方服务与相关信息，支持通过官网了解产品、功能、使用方式及最新动态；具体服务范围、开放地区和使用规则请以官方网站当前页面为准。官方网站：img.shields.io。	https://img.shields.io/crates/v/kand.svg	是
Piston	Piston	工具	其他,效率工具,在线服务	Piston在线服务	Piston在线服务。这里提供Piston的官方服务与相关信息，支持通过官网了解产品、功能、使用方式及最新动态；具体服务范围、开放地区和使用规则请以官方网站当前页面为准。官方网站：piston.rs。	https://www.piston.rs	是
Img	Img	工具	其他,效率工具,在线服务	Img在线服务	Img在线服务。这里提供Img的官方服务与相关信息，支持通过官网了解产品、功能、使用方式及最新动态；具体服务范围、开放地区和使用规则请以官方网站当前页面为准。官方网站：img.shields.io。	https://img.shields.io/crates/d/bevy.svg	是
Img	Img	工具	其他,效率工具,在线服务	Img在线服务	Img在线服务。这里提供Img的官方服务与相关信息，支持通过官网了解产品、功能、使用方式及最新动态；具体服务范围、开放地区和使用规则请以官方网站当前页面为准。官方网站：img.shields.io。	https://img.shields.io/crates/d/ascending_graphics.svg	是
Img	Img	工具	其他,效率工具,在线服务	Img在线服务	Img在线服务。这里提供Img的官方服务与相关信息，支持通过官网了解产品、功能、使用方式及最新动态；具体服务范围、开放地区和使用规则请以官方网站当前页面为准。官方网站：img.shields.io。	https://img.shields.io/crates/v/piston.svg	是
Img	Img	工具	其他,效率工具,在线服务	Img在线服务	Img在线服务。这里提供Img的官方服务与相关信息，支持通过官网了解产品、功能、使用方式及最新动态；具体服务范围、开放地区和使用规则请以官方网站当前页面为准。官方网站：img.shields.io。	https://img.shields.io/crates/d/fyrox.svg	是
Img	Img	工具	其他,效率工具,在线服务	Img在线服务	Img在线服务。这里提供Img的官方服务与相关信息，支持通过官网了解产品、功能、使用方式及最新动态；具体服务范围、开放地区和使用规则请以官方网站当前页面为准。官方网站：img.shields.io。	https://img.shields.io/crates/d/kiss3d.svg	是
Img	Img	工具	其他,效率工具,在线服务	Img在线服务	Img在线服务。这里提供Img的官方服务与相关信息，支持通过官网了解产品、功能、使用方式及最新动态；具体服务范围、开放地区和使用规则请以官方网站当前页面为准。官方网站：img.shields.io。	https://img.shields.io/crates/v/bevy.svg	是
Img	Img	工具	其他,效率工具,在线服务	Img在线服务	Img在线服务。这里提供Img的官方服务与相关信息，支持通过官网了解产品、功能、使用方式及最新动态；具体服务范围、开放地区和使用规则请以官方网站当前页面为准。官方网站：img.shields.io。	https://img.shields.io/badge/license-mit-blue.svg	是
Img	Img	工具	其他,效率工具,在线服务	Img在线服务	Img在线服务。这里提供Img的官方服务与相关信息，支持通过官网了解产品、功能、使用方式及最新动态；具体服务范围、开放地区和使用规则请以官方网站当前页面为准。官方网站：img.shields.io。	https://img.shields.io/crates/l/ascending_graphics.svg	是
Img	Img	工具	其他,效率工具,在线服务	Img在线服务	Img在线服务。这里提供Img的官方服务与相关信息，支持通过官网了解产品、功能、使用方式及最新动态；具体服务范围、开放地区和使用规则请以官方网站当前页面为准。官方网站：img.shields.io。	https://img.shields.io/crates/l/fyrox.svg	是
Img	Img	工具	其他,效率工具,在线服务	Img在线服务	Img在线服务。这里提供Img的官方服务与相关信息，支持通过官网了解产品、功能、使用方式及最新动态；具体服务范围、开放地区和使用规则请以官方网站当前页面为准。官方网站：img.shields.io。	https://img.shields.io/crates/v/ggez.svg	是
Img	Img	工具	其他,效率工具,在线服务	Img在线服务	Img在线服务。这里提供Img的官方服务与相关信息，支持通过官网了解产品、功能、使用方式及最新动态；具体服务范围、开放地区和使用规则请以官方网站当前页面为准。官方网站：img.shields.io。	https://img.shields.io/crates/l/piston.svg	是
Raylib	Raylib	工具	其他,效率工具,在线服务	Raylib在线服务	Raylib在线服务。这里提供Raylib的官方服务与相关信息，支持通过官网了解产品、功能、使用方式及最新动态；具体服务范围、开放地区和使用规则请以官方网站当前页面为准。官方网站：raylib.com。	https://www.raylib.com	是
Img	Img	工具	其他,效率工具,在线服务	Img在线服务	Img在线服务。这里提供Img的官方服务与相关信息，支持通过官网了解产品、功能、使用方式及最新动态；具体服务范围、开放地区和使用规则请以官方网站当前页面为准。官方网站：img.shields.io。	https://img.shields.io/crates/d/piston.svg	是
Img	Img	工具	其他,效率工具,在线服务	Img在线服务	Img在线服务。这里提供Img的官方服务与相关信息，支持通过官网了解产品、功能、使用方式及最新动态；具体服务范围、开放地区和使用规则请以官方网站当前页面为准。官方网站：img.shields.io。	https://img.shields.io/crates/d/ggez.svg	是
Img	Img	工具	其他,效率工具,在线服务	Img在线服务	Img在线服务。这里提供Img的官方服务与相关信息，支持通过官网了解产品、功能、使用方式及最新动态；具体服务范围、开放地区和使用规则请以官方网站当前页面为准。官方网站：img.shields.io。	https://img.shields.io/github/stars/bedrock-crustaceans/bedrock-rs	是
Img	Img	工具	其他,效率工具,在线服务	Img在线服务	Img在线服务。这里提供Img的官方服务与相关信息，支持通过官网了解产品、功能、使用方式及最新动态；具体服务范围、开放地区和使用规则请以官方网站当前页面为准。官方网站：img.shields.io。	https://img.shields.io/crates/v/gamedig.svg	是
Img	Img	工具	其他,效率工具,在线服务	Img在线服务	Img在线服务。这里提供Img的官方服务与相关信息，支持通过官网了解产品、功能、使用方式及最新动态；具体服务范围、开放地区和使用规则请以官方网站当前页面为准。官方网站：img.shields.io。	https://img.shields.io/crates/v/martin.svg	是
Img	Img	工具	其他,效率工具,在线服务	Img在线服务	Img在线服务。这里提供Img的官方服务与相关信息，支持通过官网了解产品、功能、使用方式及最新动态；具体服务范围、开放地区和使用规则请以官方网站当前页面为准。官方网站：img.shields.io。	https://img.shields.io/crates/d/gamedig.svg	是
Libsdl	Libsdl	工具	其他,效率工具,在线服务	Libsdl在线服务	Libsdl在线服务。这里提供Libsdl的官方服务与相关信息，支持通过官网了解产品、功能、使用方式及最新动态；具体服务范围、开放地区和使用规则请以官方网站当前页面为准。官方网站：libsdl.org。	https://www.libsdl.org	是
Sfml Dev	Sfml Dev	开发	编程开发,效率工具	Sfml Dev在线服务	Sfml Dev在线服务。这里提供Sfml Dev的官方服务与相关信息，支持通过官网了解产品、功能、使用方式及最新动态；具体服务范围、开放地区和使用规则请以官方网站当前页面为准。官方网站：sfml-dev.org。	https://www.sfml-dev.org	是
Flutter	Flutter	开发	编程开发,效率工具	Flutter在线服务	Flutter在线服务。这里提供Flutter的官方服务与相关信息，支持通过官网了解产品、功能、使用方式及最新动态；具体服务范围、开放地区和使用规则请以官方网站当前页面为准。官方网站：flutter.dev。	https://flutter.dev	是
Glfw	Glfw	工具	其他,效率工具,在线服务	Glfw在线服务	Glfw在线服务。这里提供Glfw的官方服务与相关信息，支持通过官网了解产品、功能、使用方式及最新动态；具体服务范围、开放地区和使用规则请以官方网站当前页面为准。官方网站：glfw.org。	https://www.glfw.org	是
Gtk	Gtk	工具	其他,效率工具,在线服务	Gtk在线服务	Gtk在线服务。这里提供Gtk的官方服务与相关信息，支持通过官网了解产品、功能、使用方式及最新动态；具体服务范围、开放地区和使用规则请以官方网站当前页面为准。官方网站：gtk.org。	https://www.gtk.org	是
Img	Img	工具	其他,效率工具,在线服务	Img在线服务	Img在线服务。这里提供Img的官方服务与相关信息，支持通过官网了解产品、功能、使用方式及最新动态；具体服务范围、开放地区和使用规则请以官方网站当前页面为准。官方网站：img.shields.io。	https://img.shields.io/crates/v/skillratings	是
Img	Img	工具	其他,效率工具,在线服务	Img在线服务	Img在线服务。这里提供Img的官方服务与相关信息，支持通过官网了解产品、功能、使用方式及最新动态；具体服务范围、开放地区和使用规则请以官方网站当前页面为准。官方网站：img.shields.io。	https://img.shields.io/crates/v/toornament.svg	是
Img	Img	工具	其他,效率工具,在线服务	Img在线服务	Img在线服务。这里提供Img的官方服务与相关信息，支持通过官网了解产品、功能、使用方式及最新动态；具体服务范围、开放地区和使用规则请以官方网站当前页面为准。官方网站：img.shields.io。	https://img.shields.io/badge/docs-book-informational	是
Doc	Doc	工具	其他,效率工具,在线服务	Doc在线服务	Doc在线服务。这里提供Doc的官方服务与相关信息，支持通过官网了解产品、功能、使用方式及最新动态；具体服务范围、开放地区和使用规则请以官方网站当前页面为准。官方网站：doc.qt.io。	https://doc.qt.io	是
Img	Img	工具	其他,效率工具,在线服务	Img在线服务	Img在线服务。这里提供Img的官方服务与相关信息，支持通过官网了解产品、功能、使用方式及最新动态；具体服务范围、开放地区和使用规则请以官方网站当前页面为准。官方网站：img.shields.io。	https://img.shields.io/github/workflow/status/neo4j-labs/graph/ci/main	是
Img	Img	工具	其他,效率工具,在线服务	Img在线服务	Img在线服务。这里提供Img的官方服务与相关信息，支持通过官网了解产品、功能、使用方式及最新动态；具体服务范围、开放地区和使用规则请以官方网站当前页面为准。官方网站：img.shields.io。	https://img.shields.io/github/actions/workflow/status/linebender/xilem/ci.yml	是
Circleci	Circleci	工具	其他,效率工具,在线服务	Circleci在线服务	Circleci在线服务。这里提供Circleci的官方服务与相关信息，支持通过官网了解产品、功能、使用方式及最新动态；具体服务范围、开放地区和使用规则请以官方网站当前页面为准。官方网站：circleci.com。	https://circleci.com/gh/estk/log4rs.svg	是
Fltk	Fltk	工具	其他,效率工具,在线服务	Fltk在线服务	Fltk在线服务。这里提供Fltk的官方服务与相关信息，支持通过官网了解产品、功能、使用方式及最新动态；具体服务范围、开放地区和使用规则请以官方网站当前页面为准。官方网站：fltk.org。	https://www.fltk.org	是
Commonmark	Commonmark	工具	其他,效率工具,在线服务	Commonmark在线服务	Commonmark在线服务。这里提供Commonmark的官方服务与相关信息，支持通过官网了解产品、功能、使用方式及最新动态；具体服务范围、开放地区和使用规则请以官方网站当前页面为准。官方网站：commonmark.org。	https://commonmark.org	是
Img	Img	工具	其他,效率工具,在线服务	Img在线服务	Img在线服务。这里提供Img的官方服务与相关信息，支持通过官网了解产品、功能、使用方式及最新动态；具体服务范围、开放地区和使用规则请以官方网站当前页面为准。官方网站：img.shields.io。	https://img.shields.io/github/workflow/status/tauri-apps/tauri/test%20library	是
Datatracker	Datatracker	工具	其他,效率工具,在线服务	Datatracker在线服务	Datatracker在线服务。这里提供Datatracker的官方服务与相关信息，支持通过官网了解产品、功能、使用方式及最新动态；具体服务范围、开放地区和使用规则请以官方网站当前页面为准。官方网站：datatracker.ietf.org。	https://datatracker.ietf.org/doc/html/rfc7252	是
Nanomsg	Nanomsg	工具	其他,效率工具,在线服务	Nanomsg在线服务	Nanomsg在线服务。这里提供Nanomsg的官方服务与相关信息，支持通过官网了解产品、功能、使用方式及最新动态；具体服务范围、开放地区和使用规则请以官方网站当前页面为准。官方网站：nanomsg.org。	https://nanomsg.org	是
Circleci	Circleci	工具	其他,效率工具,在线服务	Circleci在线服务	Circleci在线服务。这里提供Circleci的官方服务与相关信息，支持通过官网了解产品、功能、使用方式及最新动态；具体服务范围、开放地区和使用规则请以官方网站当前页面为准。官方网站：circleci.com。	https://circleci.com/gh/libp2p/rust-libp2p.svg	是
Mqtt	Mqtt	工具	其他,效率工具,在线服务	Mqtt在线服务	Mqtt在线服务。这里提供Mqtt的官方服务与相关信息，支持通过官网了解产品、功能、使用方式及最新动态；具体服务范围、开放地区和使用规则请以官方网站当前页面为准。官方网站：mqtt.org。	https://mqtt.org	是
Sciter	Sciter	工具	其他,效率工具,在线服务	Sciter在线服务	Sciter在线服务。这里提供Sciter的官方服务与相关信息，支持通过官网了解产品、功能、使用方式及最新动态；具体服务范围、开放地区和使用规则请以官方网站当前页面为准。官方网站：sciter.com。	https://sciter.com	是
Img	Img	工具	其他,效率工具,在线服务	Img在线服务	Img在线服务。这里提供Img的官方服务与相关信息，支持通过官网了解产品、功能、使用方式及最新动态；具体服务范围、开放地区和使用规则请以官方网站当前页面为准。官方网站：img.shields.io。	https://img.shields.io/github/workflow/status/lemunozm/message-io/message-io%20ci	是
Nng	Nng	工具	其他,效率工具,在线服务	Nng在线服务	Nng在线服务。这里提供Nng的官方服务与相关信息，支持通过官网了解产品、功能、使用方式及最新动态；具体服务范围、开放地区和使用规则请以官方网站当前页面为准。官方网站：nng.nanomsg.org。	https://nng.nanomsg.org/index.html	是
Stomp	Stomp	开发	编程开发,效率工具	Stomp在线服务	Stomp在线服务。这里提供Stomp的官方服务与相关信息，支持通过官网了解产品、功能、使用方式及最新动态；具体服务范围、开放地区和使用规则请以官方网站当前页面为准。官方网站：stomp.github.io。	http://stomp.github.io/stomp-specification-1.2.html	是
Img	Img	工具	其他,效率工具,在线服务	Img在线服务	Img在线服务。这里提供Img的官方服务与相关信息，支持通过官网了解产品、功能、使用方式及最新动态；具体服务范围、开放地区和使用规则请以官方网站当前页面为准。官方网站：img.shields.io。	https://img.shields.io/crates/v/tonic	是
Img	Img	工具	其他,效率工具,在线服务	Img在线服务	Img在线服务。这里提供Img的官方服务与相关信息，支持通过官网了解产品、功能、使用方式及最新动态；具体服务范围、开放地区和使用规则请以官方网站当前页面为准。官方网站：img.shields.io。	https://img.shields.io/crates/v/deboa	是
Libssh2	Libssh2	工具	其他,效率工具,在线服务	Libssh2在线服务	Libssh2在线服务。这里提供Libssh2的官方服务与相关信息，支持通过官网了解产品、功能、使用方式及最新动态；具体服务范围、开放地区和使用规则请以官方网站当前页面为准。官方网站：libssh2.org。	https://libssh2.org	是
Img	Img	工具	其他,效率工具,在线服务	Img在线服务	Img在线服务。这里提供Img的官方服务与相关信息，支持通过官网了解产品、功能、使用方式及最新动态；具体服务范围、开放地区和使用规则请以官方网站当前页面为准。官方网站：img.shields.io。	https://img.shields.io/github/workflow/status/b23r0/rust-raknet/rust	是
Img	Img	工具	其他,效率工具,在线服务	Img在线服务	Img在线服务。这里提供Img的官方服务与相关信息，支持通过官网了解产品、功能、使用方式及最新动态；具体服务范围、开放地区和使用规则请以官方网站当前页面为准。官方网站：img.shields.io。	https://img.shields.io/github/actions/workflow/status/aws/s2n-quic/ci.yml	是
Pijul	Pijul	工具	其他,效率工具,在线服务	Pijul在线服务	Pijul在线服务。这里提供Pijul的官方服务与相关信息，支持通过官网了解产品、功能、使用方式及最新动态；具体服务范围、开放地区和使用规则请以官方网站当前页面为准。官方网站：pijul.org。	https://pijul.org/thrussh	是
Img	Img	工具	其他,效率工具,在线服务	Img在线服务	Img在线服务。这里提供Img的官方服务与相关信息，支持通过官网了解产品、功能、使用方式及最新动态；具体服务范围、开放地区和使用规则请以官方网站当前页面为准。官方网站：img.shields.io。	https://img.shields.io/github/actions/workflow/status/cloudflare/quiche/stable.yml	是
Img	Img	工具	其他,效率工具,在线服务	Img在线服务	Img在线服务。这里提供Img的官方服务与相关信息，支持通过官网了解产品、功能、使用方式及最新动态；具体服务范围、开放地区和使用规则请以官方网站当前页面为准。官方网站：img.shields.io。	https://img.shields.io/github/actions/workflow/status/tencent/tquic/rust.yml	是
Img	Img	工具	其他,效率工具,在线服务	Img在线服务	Img在线服务。这里提供Img的官方服务与相关信息，支持通过官网了解产品、功能、使用方式及最新动态；具体服务范围、开放地区和使用规则请以官方网站当前页面为准。官方网站：img.shields.io。	https://img.shields.io/crates/v/pe-sign	是
Img	Img	工具	其他,效率工具,在线服务	Img在线服务	Img在线服务。这里提供Img的官方服务与相关信息，支持通过官网了解产品、功能、使用方式及最新动态；具体服务范围、开放地区和使用规则请以官方网站当前页面为准。官方网站：img.shields.io。	https://img.shields.io/crates/v/wavefront_rs.svg	是
Img	Img	工具	其他,效率工具,在线服务	Img在线服务	Img在线服务。这里提供Img的官方服务与相关信息，支持通过官网了解产品、功能、使用方式及最新动态；具体服务范围、开放地区和使用规则请以官方网站当前页面为准。官方网站：img.shields.io。	https://img.shields.io/crates/d/wavefront_rs	是
Img	Img	工具	其他,效率工具,在线服务	Img在线服务	Img在线服务。这里提供Img的官方服务与相关信息，支持通过官网了解产品、功能、使用方式及最新动态；具体服务范围、开放地区和使用规则请以官方网站当前页面为准。官方网站：img.shields.io。	https://img.shields.io/crates/v/thread-priority.svg	是
Netfilter	Netfilter	工具	其他,效率工具,在线服务	Netfilter在线服务	Netfilter在线服务。这里提供Netfilter的官方服务与相关信息，支持通过官网了解产品、功能、使用方式及最新动态；具体服务范围、开放地区和使用规则请以官方网站当前页面为准。官方网站：netfilter.org。	https://www.netfilter.org/projects/iptables/index.html	是
Img	Img	工具	其他,效率工具,在线服务	Img在线服务	Img在线服务。这里提供Img的官方服务与相关信息，支持通过官网了解产品、功能、使用方式及最新动态；具体服务范围、开放地区和使用规则请以官方网站当前页面为准。官方网站：img.shields.io。	https://img.shields.io/crates/v/piccolo	是
Img	Img	工具	其他,效率工具,在线服务	Img在线服务	Img在线服务。这里提供Img的官方服务与相关信息，支持通过官网了解产品、功能、使用方式及最新动态；具体服务范围、开放地区和使用规则请以官方网站当前页面为准。官方网站：img.shields.io。	https://img.shields.io/github/actions/workflow/status/esp-rs/esp-hal/ci.yml	是
Man	Man	工具	其他,效率工具,在线服务	Man在线服务	Man在线服务。这里提供Man的官方服务与相关信息，支持通过官网了解产品、功能、使用方式及最新动态；具体服务范围、开放地区和使用规则请以官方网站当前页面为准。官方网站：man.openbsd.org。	https://man.openbsd.org/sysexits	是
Arewewebyet	Arewewebyet	工具	其他,效率工具,在线服务	Arewewebyet在线服务	Arewewebyet在线服务。这里提供Arewewebyet的官方服务与相关信息，支持通过官网了解产品、功能、使用方式及最新动态；具体服务范围、开放地区和使用规则请以官方网站当前页面为准。官方网站：arewewebyet.org。	https://www.arewewebyet.org	是
Img	Img	工具	其他,效率工具,在线服务	Img在线服务	Img在线服务。这里提供Img的官方服务与相关信息，支持通过官网了解产品、功能、使用方式及最新动态；具体服务范围、开放地区和使用规则请以官方网站当前页面为准。官方网站：img.shields.io。	https://img.shields.io/crates/v/fancy-regex.svg	是
Img	Img	工具	其他,效率工具,在线服务	Img在线服务	Img在线服务。这里提供Img的官方服务与相关信息，支持通过官网了解产品、功能、使用方式及最新动态；具体服务范围、开放地区和使用规则请以官方网站当前页面为准。官方网站：img.shields.io。	https://img.shields.io/crates/v/decancer.svg	是
Curl	Curl	工具	其他,效率工具,在线服务	Curl在线服务	Curl在线服务。这里提供Curl的官方服务与相关信息，支持通过官网了解产品、功能、使用方式及最新动态；具体服务范围、开放地区和使用规则请以官方网站当前页面为准。官方网站：curl.se。	https://curl.se/libcurl	是
Expressjs	Expressjs	工具	其他,效率工具,在线服务	Expressjs在线服务	Expressjs在线服务。这里提供Expressjs的官方服务与相关信息，支持通过官网了解产品、功能、使用方式及最新动态；具体服务范围、开放地区和使用规则请以官方网站当前页面为准。官方网站：expressjs.com。	https://expressjs.com	是
Getzola	Getzola	工具	其他,效率工具,在线服务	Getzola在线服务	Getzola在线服务。这里提供Getzola的官方服务与相关信息，支持通过官网了解产品、功能、使用方式及最新动态；具体服务范围、开放地区和使用规则请以官方网站当前页面为准。官方网站：getzola.org。	https://www.getzola.org	是
Getblades	Getblades	工具	其他,效率工具,在线服务	Getblades在线服务	Getblades在线服务。这里提供Getblades的官方服务与相关信息，支持通过官网了解产品、功能、使用方式及最新动态；具体服务范围、开放地区和使用规则请以官方网站当前页面为准。官方网站：getblades.org。	https://www.getblades.org	是
Img	Img	工具	其他,效率工具,在线服务	Img在线服务	Img在线服务。这里提供Img的官方服务与相关信息，支持通过官网了解产品、功能、使用方式及最新动态；具体服务范围、开放地区和使用规则请以官方网站当前页面为准。官方网站：img.shields.io。	https://img.shields.io/crates/v/wreq.svg	是
Img	Img	工具	其他,效率工具,在线服务	Img在线服务	Img在线服务。这里提供Img的官方服务与相关信息，支持通过官网了解产品、功能、使用方式及最新动态；具体服务范围、开放地区和使用规则请以官方网站当前页面为准。官方网站：img.shields.io。	https://img.shields.io/github/actions/workflow/status/tokio-rs/topcoat/ci.yml	是
Img	Img	工具	其他,效率工具,在线服务	Img在线服务	Img在线服务。这里提供Img的官方服务与相关信息，支持通过官网了解产品、功能、使用方式及最新动态；具体服务范围、开放地区和使用规则请以官方网站当前页面为准。官方网站：img.shields.io。	https://img.shields.io/crates/v/utoipauto.svg	是
Marmite	Marmite	工具	其他,效率工具,在线服务	Marmite在线服务	Marmite在线服务。这里提供Marmite的官方服务与相关信息，支持通过官网了解产品、功能、使用方式及最新动态；具体服务范围、开放地区和使用规则请以官方网站当前页面为准。官方网站：marmite.blog。	https://marmite.blog	是
Img	Img	工具	其他,效率工具,在线服务	Img在线服务	Img在线服务。这里提供Img的官方服务与相关信息，支持通过官网了解产品、功能、使用方式及最新动态；具体服务范围、开放地区和使用规则请以官方网站当前页面为准。官方网站：img.shields.io。	https://img.shields.io/badge/unsafe-forbidden-success.svg	是
Img	Img	工具	其他,效率工具,在线服务	Img在线服务	Img在线服务。这里提供Img的官方服务与相关信息，支持通过官网了解产品、功能、使用方式及最新动态；具体服务范围、开放地区和使用规则请以官方网站当前页面为准。官方网站：img.shields.io。	https://img.shields.io/crates/v/rookie.svg	是
Img	Img	工具	其他,效率工具,在线服务	Img在线服务	Img在线服务。这里提供Img的官方服务与相关信息，支持通过官网了解产品、功能、使用方式及最新动态；具体服务范围、开放地区和使用规则请以官方网站当前页面为准。官方网站：img.shields.io。	https://img.shields.io/crates/v/utoipa.svg	是
Img	Img	工具	其他,效率工具,在线服务	Img在线服务	Img在线服务。这里提供Img的官方服务与相关信息，支持通过官网了解产品、功能、使用方式及最新动态；具体服务范围、开放地区和使用规则请以官方网站当前页面为准。官方网站：img.shields.io。	https://img.shields.io/crates/v/urlshortener.svg	是
Repoflow	Repoflow	工具	其他,效率工具,在线服务	Repoflow在线服务	Repoflow在线服务。这里提供Repoflow的官方服务与相关信息，支持通过官网了解产品、功能、使用方式及最新动态；具体服务范围、开放地区和使用规则请以官方网站当前页面为准。官方网站：repoflow.io。	https://www.repoflow.io	是
Datatracker	Datatracker	工具	其他,效率工具,在线服务	Datatracker在线服务	Datatracker在线服务。这里提供Datatracker的官方服务与相关信息，支持通过官网了解产品、功能、使用方式及最新动态；具体服务范围、开放地区和使用规则请以官方网站当前页面为准。官方网站：datatracker.ietf.org。	https://datatracker.ietf.org/doc/rfc6455	是
Cis198 2016s	Cis198 2016s	开发	编程开发,效率工具	Cis198 2016s在线服务	Cis198 2016s在线服务。这里提供Cis198 2016s的官方服务与相关信息，支持通过官网了解产品、功能、使用方式及最新动态；具体服务范围、开放地区和使用规则请以官方网站当前页面为准。官方网站：cis198-2016s.github.io。	http://cis198-2016s.github.io/schedule	是
Manning	Manning	工具	其他,效率工具,在线服务	Manning在线服务	Manning在线服务。这里提供Manning的官方服务与相关信息，支持通过官网了解产品、功能、使用方式及最新动态；具体服务范围、开放地区和使用规则请以官方网站当前页面为准。官方网站：manning.com。	https://www.manning.com/books/embedded-software-with-rust	是
Google	Google	开发	编程开发,效率工具	Google在线服务	Google在线服务。这里提供Google的官方服务与相关信息，支持通过官网了解产品、功能、使用方式及最新动态；具体服务范围、开放地区和使用规则请以官方网站当前页面为准。官方网站：google.github.io。	https://google.github.io/comprehensive-rust/ko	是
Rustbeginners	Rustbeginners	开发	编程开发,效率工具	Rustbeginners在线服务	Rustbeginners在线服务。这里提供Rustbeginners的官方服务与相关信息，支持通过官网了解产品、功能、使用方式及最新动态；具体服务范围、开放地区和使用规则请以官方网站当前页面为准。官方网站：rustbeginners.github.io。	https://rustbeginners.github.io/awesome-rust-mentors	是
Root 11	Root 11	开发	编程开发,效率工具	Root 11在线服务	Root 11在线服务。这里提供Root 11的官方服务与相关信息，支持通过官网了解产品、功能、使用方式及最新动态；具体服务范围、开放地区和使用规则请以官方网站当前页面为准。官方网站：root-11.github.io。	https://root-11.github.io/intro-book	是
Google	Google	开发	编程开发,效率工具	Google在线服务	Google在线服务。这里提供Google的官方服务与相关信息，支持通过官网了解产品、功能、使用方式及最新动态；具体服务范围、开放地区和使用规则请以官方网站当前页面为准。官方网站：google.github.io。	https://google.github.io/comprehensive-rust	是
Benchmarksgame Team	Benchmarksgame Team	工具	其他,效率工具,在线服务	Benchmarksgame Team在线服务	Benchmarksgame Team在线服务。这里提供Benchmarksgame Team的官方服务与相关信息，支持通过官网了解产品、功能、使用方式及最新动态；具体服务范围、开放地区和使用规则请以官方网站当前页面为准。官方网站：benchmarksgame-team.pages.debian.net。	https://benchmarksgame-team.pages.debian.net/benchmarksgame	是
Rust Lang	Rust Lang	工具	其他,效率工具,在线服务	Rust Lang在线服务	Rust Lang在线服务。这里提供Rust Lang的官方服务与相关信息，支持通过官网了解产品、功能、使用方式及最新动态；具体服务范围、开放地区和使用规则请以官方网站当前页面为准。官方网站：rust-lang.guide。	https://rust-lang.guide	是
Rust Tieng Viet	Rust Tieng Viet	开发	编程开发,效率工具	Rust Tieng Viet在线服务	Rust Tieng Viet在线服务。这里提供Rust Tieng Viet的官方服务与相关信息，支持通过官网了解产品、功能、使用方式及最新动态；具体服务范围、开放地区和使用规则请以官方网站当前页面为准。官方网站：rust-tieng-viet.github.io。	https://rust-tieng-viet.github.io	是
Manning	Manning	工具	其他,效率工具,在线服务	Manning在线服务	Manning在线服务。这里提供Manning的官方服务与相关信息，支持通过官网了解产品、功能、使用方式及最新动态；具体服务范围、开放地区和使用规则请以官方网站当前页面为准。官方网站：manning.com。	https://www.manning.com/books/refactoring-to-rust	是
Manning	Manning	工具	其他,效率工具,在线服务	Manning在线服务	Manning在线服务。这里提供Manning的官方服务与相关信息，支持通过官网了解产品、功能、使用方式及最新动态；具体服务范围、开放地区和使用规则请以官方网站当前页面为准。官方网站：manning.com。	https://www.manning.com/livevideo/rust-in-motion	是
Manning	Manning	工具	其他,效率工具,在线服务	Manning在线服务	Manning在线服务。这里提供Manning的官方服务与相关信息，支持通过官网了解产品、功能、使用方式及最新动态；具体服务范围、开放地区和使用规则请以官方网站当前页面为准。官方网站：manning.com。	https://www.manning.com/books/rust-in-action	是
Rust Unofficial	Rust Unofficial	开发	编程开发,效率工具	Rust Unofficial在线服务	Rust Unofficial在线服务。这里提供Rust Unofficial的官方服务与相关信息，支持通过官网了解产品、功能、使用方式及最新动态；具体服务范围、开放地区和使用规则请以官方网站当前页面为准。官方网站：rust-unofficial.github.io。	https://rust-unofficial.github.io/too-many-lists	是
Lborb	Lborb	开发	编程开发,效率工具	Lborb在线服务	Lborb在线服务。这里提供Lborb的官方服务与相关信息，支持通过官网了解产品、功能、使用方式及最新动态；具体服务范围、开放地区和使用规则请以官方网站当前页面为准。官方网站：lborb.github.io。	https://lborb.github.io/book	是
Tourofrust	Tourofrust	工具	其他,效率工具,在线服务	Tourofrust在线服务	Tourofrust在线服务。这里提供Tourofrust的官方服务与相关信息，支持通过官网了解产品、功能、使用方式及最新动态；具体服务范围、开放地区和使用规则请以官方网站当前页面为准。官方网站：tourofrust.com。	https://tourofrust.com	是
Cheats	Cheats	工具	其他,效率工具,在线服务	Cheats在线服务	Cheats在线服务。这里提供Cheats的官方服务与相关信息，支持通过官网了解产品、功能、使用方式及最新动态；具体服务范围、开放地区和使用规则请以官方网站当前页面为准。官方网站：cheats.rs。	https://cheats.rs	是
Rust Lang Nursery	Rust Lang Nursery	开发	编程开发,效率工具	Rust Lang Nursery在线服务	Rust Lang Nursery在线服务。这里提供Rust Lang Nursery的官方服务与相关信息，支持通过官网了解产品、功能、使用方式及最新动态；具体服务范围、开放地区和使用规则请以官方网站当前页面为准。官方网站：rust-lang-nursery.github.io。	https://rust-lang-nursery.github.io/rust-cookbook	是
Newrustacean	Newrustacean	工具	其他,效率工具,在线服务	Newrustacean在线服务	Newrustacean在线服务。这里提供Newrustacean的官方服务与相关信息，支持通过官网了解产品、功能、使用方式及最新动态；具体服务范围、开放地区和使用规则请以官方网站当前页面为准。官方网站：newrustacean.com。	https://newrustacean.com	是
Aturon	Aturon	开发	编程开发,效率工具	Aturon在线服务	Aturon在线服务。这里提供Aturon的官方服务与相关信息，支持通过官网了解产品、功能、使用方式及最新动态；具体服务范围、开放地区和使用规则请以官方网站当前页面为准。官方网站：aturon.github.io。	http://aturon.github.io	是
Overexact	Overexact	工具	其他,效率工具,在线服务	Overexact在线服务	Overexact在线服务。这里提供Overexact的官方服务与相关信息，支持通过官网了解产品、功能、使用方式及最新动态；具体服务范围、开放地区和使用规则请以官方网站当前页面为准。官方网站：overexact.com。	https://overexact.com/rust-for-professionals	是
Doc	Doc	工具	其他,效率工具,在线服务	Doc在线服务	Doc在线服务。这里提供Doc的官方服务与相关信息，支持通过官网了解产品、功能、使用方式及最新动态；具体服务范围、开放地区和使用规则请以官方网站当前页面为准。官方网站：doc.rust-lang.org。	https://doc.rust-lang.org/rust-by-example	是
Docs	Docs	工具	其他,效率工具,在线服务	Docs在线服务	Docs在线服务。这里提供Docs的官方服务与相关信息，支持通过官网了解产品、功能、使用方式及最新动态；具体服务范围、开放地区和使用规则请以官方网站当前页面为准。官方网站：docs.python.org。	https://docs.python.org/3/library/asyncio.html	是
Nnethercote	Nnethercote	开发	编程开发,效率工具	Nnethercote在线服务	Nnethercote在线服务。这里提供Nnethercote的官方服务与相关信息，支持通过官网了解产品、功能、使用方式及最新动态；具体服务范围、开放地区和使用规则请以官方网站当前页面为准。官方网站：nnethercote.github.io。	https://nnethercote.github.io/perf-book	是
Docs	Docs	工具	其他,效率工具,在线服务	Docs在线服务	Docs在线服务。这里提供Docs的官方服务与相关信息，支持通过官网了解产品、功能、使用方式及最新动态；具体服务范围、开放地区和使用规则请以官方网站当前页面为准。官方网站：docs.python.org。	https://docs.python.org/3/library/sqlite3.html	是
Rustacean Station	Rustacean Station	工具	其他,效率工具,在线服务	Rustacean Station在线服务	Rustacean Station在线服务。这里提供Rustacean Station的官方服务与相关信息，支持通过官网了解产品、功能、使用方式及最新动态；具体服务范围、开放地区和使用规则请以官方网站当前页面为准。官方网站：rustacean-station.org。	https://rustacean-station.org	是
Manning	Manning	工具	其他,效率工具,在线服务	Manning在线服务	Manning在线服务。这里提供Manning的官方服务与相关信息，支持通过官网了解产品、功能、使用方式及最新动态；具体服务范围、开放地区和使用规则请以官方网站当前页面为准。官方网站：manning.com。	https://www.manning.com/books/rust-servers-services-and-apps	是
Licensebuttons	Licensebuttons	工具	其他,效率工具,在线服务	Licensebuttons在线服务	Licensebuttons在线服务。这里提供Licensebuttons的官方服务与相关信息，支持通过官网了解产品、功能、使用方式及最新动态；具体服务范围、开放地区和使用规则请以官方网站当前页面为准。官方网站：licensebuttons.net。	https://licensebuttons.net/p/zero/1.0/88x31.png	是
Awesome Python	Awesome Python	工具	其他,效率工具,在线服务	Awesome Python在线服务	Awesome Python在线服务。这里提供Awesome Python的官方服务与相关信息，支持通过官网了解产品、功能、使用方式及最新动态；具体服务范围、开放地区和使用规则请以官方网站当前页面为准。官方网站：awesome-python.com。	https://awesome-python.com	是
Qt	Qt	工具	其他,效率工具,在线服务	Qt在线服务	Qt在线服务。这里提供Qt的官方服务与相关信息，支持通过官网了解产品、功能、使用方式及最新动态；具体服务范围、开放地区和使用规则请以官方网站当前页面为准。官方网站：qt.io。	https://www.qt.io	是
Docs	Docs	工具	其他,效率工具,在线服务	Docs在线服务	Docs在线服务。这里提供Docs的官方服务与相关信息，支持通过官网了解产品、功能、使用方式及最新动态；具体服务范围、开放地区和使用规则请以官方网站当前页面为准。官方网站：docs.djangoproject.com。	https://docs.djangoproject.com/en/dev/topics/db/models	是
Spark	Spark	工具	其他,效率工具,在线服务	Spark在线服务	Spark在线服务。这里提供Spark的官方服务与相关信息，支持通过官网了解产品、功能、使用方式及最新动态；具体服务范围、开放地区和使用规则请以官方网站当前页面为准。官方网站：spark.apache.org。	https://spark.apache.org	是
Json Schema	Json Schema	工具	其他,效率工具,在线服务	Json Schema在线服务	Json Schema在线服务。这里提供Json Schema的官方服务与相关信息，支持通过官网了解产品、功能、使用方式及最新动态；具体服务范围、开放地区和使用规则请以官方网站当前页面为准。官方网站：json-schema.org。	https://json-schema.org	是
Docs	Docs	工具	其他,效率工具,在线服务	Docs在线服务	Docs在线服务。这里提供Docs的官方服务与相关信息，支持通过官网了解产品、功能、使用方式及最新动态；具体服务范围、开放地区和使用规则请以官方网站当前页面为准。官方网站：docs.python.org。	https://docs.python.org/3/library/unittest.mock.html	是
Docs	Docs	工具	其他,效率工具,在线服务	Docs在线服务	Docs在线服务。这里提供Docs的官方服务与相关信息，支持通过官网了解产品、功能、使用方式及最新动态；具体服务范围、开放地区和使用规则请以官方网站当前页面为准。官方网站：docs.python.org。	https://docs.python.org/3/library/logging.html	是
Docs	Docs	工具	其他,效率工具,在线服务	Docs在线服务	Docs在线服务。这里提供Docs的官方服务与相关信息，支持通过官网了解产品、功能、使用方式及最新动态；具体服务范围、开放地区和使用规则请以官方网站当前页面为准。官方网站：docs.python.org。	https://docs.python.org/3/library/pdb.html	是
Docs	Docs	工具	其他,效率工具,在线服务	Docs在线服务	Docs在线服务。这里提供Docs的官方服务与相关信息，支持通过官网了解产品、功能、使用方式及最新动态；具体服务范围、开放地区和使用规则请以官方网站当前页面为准。官方网站：docs.python.org。	https://docs.python.org/3/library/argparse.html	是
Docs	Docs	工具	其他,效率工具,在线服务	Docs在线服务	Docs在线服务。这里提供Docs的官方服务与相关信息，支持通过官网了解产品、功能、使用方式及最新动态；具体服务范围、开放地区和使用规则请以官方网站当前页面为准。官方网站：docs.python.org。	https://docs.python.org/3/library/difflib.html	是
Docs	Docs	工具	其他,效率工具,在线服务	Docs在线服务	Docs在线服务。这里提供Docs的官方服务与相关信息，支持通过官网了解产品、功能、使用方式及最新动态；具体服务范围、开放地区和使用规则请以官方网站当前页面为准。官方网站：docs.djangoproject.com。	https://docs.djangoproject.com/en/dev/ref/contrib/gis	是
Graphviz	Graphviz	工具	其他,效率工具,在线服务	Graphviz在线服务	Graphviz在线服务。这里提供Graphviz的官方服务与相关信息，支持通过官网了解产品、功能、使用方式及最新动态；具体服务范围、开放地区和使用规则请以官方网站当前页面为准。官方网站：graphviz.org。	https://www.graphviz.org	是
Sourceforge	Sourceforge	工具	其他,效率工具,在线服务	Sourceforge在线服务	Sourceforge在线服务。这里提供Sourceforge的官方服务与相关信息，支持通过官网了解产品、功能、使用方式及最新动态；具体服务范围、开放地区和使用规则请以官方网站当前页面为准。官方网站：sourceforge.net。	https://sourceforge.net/projects/mysql-python	是
Elastic	Elastic	工具	其他,效率工具,在线服务	Elastic在线服务	Elastic在线服务。这里提供Elastic的官方服务与相关信息，支持通过官网了解产品、功能、使用方式及最新动态；具体服务范围、开放地区和使用规则请以官方网站当前页面为准。官方网站：elastic.co。	https://www.elastic.co/products/elasticsearch	是
Docs	Docs	工具	其他,效率工具,在线服务	Docs在线服务	Docs在线服务。这里提供Docs的官方服务与相关信息，支持通过官网了解产品、功能、使用方式及最新动态；具体服务范围、开放地区和使用规则请以官方网站当前页面为准。官方网站：docs.python.org。	https://docs.python.org/3/library/tkinter.html	是
Docs	Docs	工具	其他,效率工具,在线服务	Docs在线服务	Docs在线服务。这里提供Docs的官方服务与相关信息，支持通过官网了解产品、功能、使用方式及最新动态；具体服务范围、开放地区和使用规则请以官方网站当前页面为准。官方网站：docs.python.org。	https://docs.python.org/3/library/tomllib.html	是
Docs	Docs	工具	其他,效率工具,在线服务	Docs在线服务	Docs在线服务。这里提供Docs的官方服务与相关信息，支持通过官网了解产品、功能、使用方式及最新动态；具体服务范围、开放地区和使用规则请以官方网站当前页面为准。官方网站：docs.python.org。	https://docs.python.org/3/library/pathlib.html	是
Docs	Docs	工具	其他,效率工具,在线服务	Docs在线服务	Docs在线服务。这里提供Docs的官方服务与相关信息，支持通过官网了解产品、功能、使用方式及最新动态；具体服务范围、开放地区和使用规则请以官方网站当前页面为准。官方网站：docs.python.org。	https://docs.python.org/3/library/mimetypes.html	是
Docs	Docs	工具	其他,效率工具,在线服务	Docs在线服务	Docs在线服务。这里提供Docs的官方服务与相关信息，支持通过官网了解产品、功能、使用方式及最新动态；具体服务范围、开放地区和使用规则请以官方网站当前页面为准。官方网站：docs.python.org。	https://docs.python.org/3/library/configparser.html	是
Docs	Docs	工具	其他,效率工具,在线服务	Docs在线服务	Docs在线服务。这里提供Docs的官方服务与相关信息，支持通过官网了解产品、功能、使用方式及最新动态；具体服务范围、开放地区和使用规则请以官方网站当前页面为准。官方网站：docs.python.org。	https://docs.python.org/3/library/multiprocessing.html	是
Docs	Docs	工具	其他,效率工具,在线服务	Docs在线服务	Docs在线服务。这里提供Docs的官方服务与相关信息，支持通过官网了解产品、功能、使用方式及最新动态；具体服务范围、开放地区和使用规则请以官方网站当前页面为准。官方网站：docs.python.org。	https://docs.python.org/3/library/concurrent.futures.html	是
Docs	Docs	工具	其他,效率工具,在线服务	Docs在线服务	Docs在线服务。这里提供Docs的官方服务与相关信息，支持通过官网了解产品、功能、使用方式及最新动态；具体服务范围、开放地区和使用规则请以官方网站当前页面为准。官方网站：docs.python.org。	https://docs.python.org/3/library/zoneinfo.html	是
Docs	Docs	工具	其他,效率工具,在线服务	Docs在线服务	Docs在线服务。这里提供Docs的官方服务与相关信息，支持通过官网了解产品、功能、使用方式及最新动态；具体服务范围、开放地区和使用规则请以官方网站当前页面为准。官方网站：docs.python.org。	https://docs.python.org/3/library/functools.html	是
Docs	Docs	工具	其他,效率工具,在线服务	Docs在线服务	Docs在线服务。这里提供Docs的官方服务与相关信息，支持通过官网了解产品、功能、使用方式及最新动态；具体服务范围、开放地区和使用规则请以官方网站当前页面为准。官方网站：docs.python.org。	https://docs.python.org/3/library/datetime.html	是
Pypodcats	Pypodcats	工具	其他,效率工具,在线服务	Pypodcats在线服务	Pypodcats在线服务。这里提供Pypodcats的官方服务与相关信息，支持通过官网了解产品、功能、使用方式及最新动态；具体服务范围、开放地区和使用规则请以官方网站当前页面为准。官方网站：pypodcats.live。	https://pypodcats.live	是
Pythonbytes	Pythonbytes	工具	其他,效率工具,在线服务	Pythonbytes在线服务	Pythonbytes在线服务。这里提供Pythonbytes的官方服务与相关信息，支持通过官网了解产品、功能、使用方式及最新动态；具体服务范围、开放地区和使用规则请以官方网站当前页面为准。官方网站：pythonbytes.fm。	https://pythonbytes.fm	是
Opensearch	Opensearch	工具	其他,效率工具,在线服务	Opensearch在线服务	Opensearch在线服务。这里提供Opensearch的官方服务与相关信息，支持通过官网了解产品、功能、使用方式及最新动态；具体服务范围、开放地区和使用规则请以官方网站当前页面为准。官方网站：opensearch.org。	https://opensearch.org	是
Meilisearch	Meilisearch	工具	其他,效率工具,在线服务	Meilisearch在线服务	Meilisearch在线服务。这里提供Meilisearch的官方服务与相关信息，支持通过官网了解产品、功能、使用方式及最新动态；具体服务范围、开放地区和使用规则请以官方网站当前页面为准。官方网站：meilisearch.com。	https://www.meilisearch.com	是
Musicbrainz	Musicbrainz	AI	AI,效率工具	Musicbrainz在线服务	Musicbrainz在线服务。这里提供Musicbrainz的官方服务与相关信息，支持通过官网了解产品、功能、使用方式及最新动态；具体服务范围、开放地区和使用规则请以官方网站当前页面为准。官方网站：musicbrainz.org。	https://musicbrainz.org	是
Trackawesomelist	Trackawesomelist	工具	其他,效率工具,在线服务	Trackawesomelist在线服务	Trackawesomelist在线服务。这里提供Trackawesomelist的官方服务与相关信息，支持通过官网了解产品、功能、使用方式及最新动态；具体服务范围、开放地区和使用规则请以官方网站当前页面为准。官方网站：trackawesomelist.com。	https://www.trackawesomelist.com	是
Djangochat	Djangochat	工具	效率工具,在线服务	Djangochat在线服务	Djangochat在线服务。这里提供Djangochat的官方服务与相关信息，支持通过官网了解产品、功能、使用方式及最新动态；具体服务范围、开放地区和使用规则请以官方网站当前页面为准。官方网站：djangochat.com。	https://djangochat.com	是
Selenium	Selenium	开发	编程开发,效率工具	Selenium在线服务	Selenium在线服务。这里提供Selenium的官方服务与相关信息，支持通过官网了解产品、功能、使用方式及最新动态；具体服务范围、开放地区和使用规则请以官方网站当前页面为准。官方网站：selenium.dev。	https://selenium.dev/documentation/webdriver	是
Imagemagick	Imagemagick	设计	设计与创意,效率工具	Imagemagick在线服务	Imagemagick在线服务。这里提供Imagemagick的官方服务与相关信息，支持通过官网了解产品、功能、使用方式及最新动态；具体服务范围、开放地区和使用规则请以官方网站当前页面为准。官方网站：imagemagick.org。	https://www.imagemagick.org/script/magick-wand.php	是
Maven	Maven	工具	其他,效率工具,在线服务	Maven在线服务	Maven在线服务。这里提供Maven的官方服务与相关信息，支持通过官网了解产品、功能、使用方式及最新动态；具体服务范围、开放地区和使用规则请以官方网站当前页面为准。官方网站：maven.apache.org。	https://maven.apache.org	是
Bytebuddy	Bytebuddy	工具	其他,效率工具,在线服务	Bytebuddy在线服务	Bytebuddy在线服务。这里提供Bytebuddy的官方服务与相关信息，支持通过官网了解产品、功能、使用方式及最新动态；具体服务范围、开放地区和使用规则请以官方网站当前页面为准。官方网站：bytebuddy.net。	https://bytebuddy.net	是
Pycoders	Pycoders	开发	编程开发,效率工具	Pycoders在线服务	Pycoders在线服务。这里提供Pycoders的官方服务与相关信息，支持通过官网了解产品、功能、使用方式及最新动态；具体服务范围、开放地区和使用规则请以官方网站当前页面为准。官方网站：pycoders.com。	https://pycoders.com	是
Openpyxl	Openpyxl	工具	其他,效率工具,在线服务	Openpyxl在线服务	Openpyxl在线服务。这里提供Openpyxl的官方服务与相关信息，支持通过官网了解产品、功能、使用方式及最新动态；具体服务范围、开放地区和使用规则请以官方网站当前页面为准。官方网站：openpyxl.readthedocs.io。	https://openpyxl.readthedocs.io/en/stable	是
Talkpython	Talkpython	工具	其他,效率工具,在线服务	Talkpython在线服务	Talkpython在线服务。这里提供Talkpython的官方服务与相关信息，支持通过官网了解产品、功能、使用方式及最新动态；具体服务范围、开放地区和使用规则请以官方网站当前页面为准。官方网站：talkpython.fm。	https://talkpython.fm	是
Gradle	Gradle	工具	其他,效率工具,在线服务	Gradle在线服务	Gradle在线服务。这里提供Gradle的官方服务与相关信息，支持通过官网了解产品、功能、使用方式及最新动态；具体服务范围、开放地区和使用规则请以官方网站当前页面为准。官方网站：gradle.org。	https://gradle.org	是
Infinispan	Infinispan	工具	其他,效率工具,在线服务	Infinispan在线服务	Infinispan在线服务。这里提供Infinispan的官方服务与相关信息，支持通过官网了解产品、功能、使用方式及最新动态；具体服务范围、开放地区和使用规则请以官方网站当前页面为准。官方网站：infinispan.org。	https://infinispan.org	是
Picocli	Picocli	工具	其他,效率工具,在线服务	Picocli在线服务	Picocli在线服务。这里提供Picocli的官方服务与相关信息，支持通过官网了解产品、功能、使用方式及最新动态；具体服务范围、开放地区和使用规则请以官方网站当前页面为准。官方网站：picocli.info。	https://picocli.info	是
Cache2k	Cache2k	工具	其他,效率工具,在线服务	Cache2k在线服务	Cache2k在线服务。这里提供Cache2k的官方服务与相关信息，支持通过官网了解产品、功能、使用方式及最新动态；具体服务范围、开放地区和使用规则请以官方网站当前页面为准。官方网站：cache2k.org。	https://cache2k.org	是
Awesome	Awesome	工具	其他,效率工具,在线服务	Awesome在线服务	Awesome在线服务。这里提供Awesome的官方服务与相关信息，支持通过官网了解产品、功能、使用方式及最新动态；具体服务范围、开放地区和使用规则请以官方网站当前页面为准。官方网站：awesome.re。	https://awesome.re/badge.svg	是
Asm	Asm	工具	其他,效率工具,在线服务	Asm在线服务	Asm在线服务。这里提供Asm的官方服务与相关信息，支持通过官网了解产品、功能、使用方式及最新动态；具体服务范围、开放地区和使用规则请以官方网站当前页面为准。官方网站：asm.ow2.io。	https://asm.ow2.io	是
Byteman	Byteman	工具	其他,效率工具,在线服务	Byteman在线服务	Byteman在线服务。这里提供Byteman的官方服务与相关信息，支持通过官网了解产品、功能、使用方式及最新动态；具体服务范围、开放地区和使用规则请以官方网站当前页面为准。官方网站：byteman.jboss.org。	https://byteman.jboss.org	是
Jspecify	Jspecify	开发	编程开发,效率工具	Jspecify在线服务	Jspecify在线服务。这里提供Jspecify的官方服务与相关信息，支持通过官网了解产品、功能、使用方式及最新动态；具体服务范围、开放地区和使用规则请以官方网站当前页面为准。官方网站：jspecify.dev。	https://jspecify.dev	是
Jcommander	Jcommander	工具	其他,效率工具,在线服务	Jcommander在线服务	Jcommander在线服务。这里提供Jcommander的官方服务与相关信息，支持通过官网了解产品、功能、使用方式及最新动态；具体服务范围、开放地区和使用规则请以官方网站当前页面为准。官方网站：jcommander.org。	https://jcommander.org	是
Spring	Spring	工具	其他,效率工具,在线服务	Spring在线服务	Spring在线服务。这里提供Spring的官方服务与相关信息，支持通过官网了解产品、功能、使用方式及最新动态；具体服务范围、开放地区和使用规则请以官方网站当前页面为准。官方网站：spring.io。	https://spring.io/projects/spring-ai	是
Immutables	Immutables	开发	编程开发,效率工具	Immutables在线服务	Immutables在线服务。这里提供Immutables的官方服务与相关信息，支持通过官网了解产品、功能、使用方式及最新动态；具体服务范围、开放地区和使用规则请以官方网站当前页面为准。官方网站：immutables.github.io。	https://immutables.github.io	是
Antlr	Antlr	工具	其他,效率工具,在线服务	Antlr在线服务	Antlr在线服务。这里提供Antlr的官方服务与相关信息，支持通过官网了解产品、功能、使用方式及最新动态；具体服务范围、开放地区和使用规则请以官方网站当前页面为准。官方网站：antlr.org。	https://www.antlr.org	是
Pydevtools	Pydevtools	开发	编程开发,效率工具	Pydevtools在线服务	Pydevtools在线服务。这里提供Pydevtools的官方服务与相关信息，支持通过官网了解产品、功能、使用方式及最新动态；具体服务范围、开放地区和使用规则请以官方网站当前页面为准。官方网站：pydevtools.com。	https://pydevtools.com	是
Ehcache	Ehcache	工具	其他,效率工具,在线服务	Ehcache在线服务	Ehcache在线服务。这里提供Ehcache的官方服务与相关信息，支持通过官网了解产品、功能、使用方式及最新动态；具体服务范围、开放地区和使用规则请以官方网站当前页面为准。官方网站：ehcache.org。	https://www.ehcache.org	是
Cobertura	Cobertura	开发	编程开发,效率工具	Cobertura在线服务	Cobertura在线服务。这里提供Cobertura的官方服务与相关信息，支持通过官网了解产品、功能、使用方式及最新动态；具体服务范围、开放地区和使用规则请以官方网站当前页面为准。官方网站：cobertura.github.io。	https://cobertura.github.io/cobertura	是
Joda	Joda	工具	其他,效率工具,在线服务	Joda在线服务	Joda在线服务。这里提供Joda的官方服务与相关信息，支持通过官网了解产品、功能、使用方式及最新动态；具体服务范围、开放地区和使用规则请以官方网站当前页面为准。官方网站：joda.org。	https://www.joda.org/joda-beans	是
Eclemma	Eclemma	工具	其他,效率工具,在线服务	Eclemma在线服务	Eclemma在线服务。这里提供Eclemma的官方服务与相关信息，支持通过官网了解产品、功能、使用方式及最新动态；具体服务范围、开放地区和使用规则请以官方网站当前页面为准。官方网站：eclemma.org。	https://www.eclemma.org/jacoco	是
Avaje	Avaje	工具	其他,效率工具,在线服务	Avaje在线服务	Avaje在线服务。这里提供Avaje的官方服务与相关信息，支持通过官网了解产品、功能、使用方式及最新动态；具体服务范围、开放地区和使用规则请以官方网站当前页面为准。官方网站：avaje.io。	https://avaje.io/http	是
Toolshref	Toolshref	工具	其他,效率工具,在线服务	Toolshref在线服务	Toolshref在线服务。这里提供Toolshref的官方服务与相关信息，支持通过官网了解产品、功能、使用方式及最新动态；具体服务范围、开放地区和使用规则请以官方网站当前页面为准。官方网站：toolshref.com。	https://toolshref.com	是
Javacc	Javacc	开发	编程开发,效率工具	Javacc在线服务	Javacc在线服务。这里提供Javacc的官方服务与相关信息，支持通过官网了解产品、功能、使用方式及最新动态；具体服务范围、开放地区和使用规则请以官方网站当前页面为准。官方网站：javacc.github.io。	https://javacc.github.io/javacc	是
Curator	Curator	工具	其他,效率工具,在线服务	Curator在线服务	Curator在线服务。这里提供Curator的官方服务与相关信息，支持通过官网了解产品、功能、使用方式及最新动态；具体服务范围、开放地区和使用规则请以官方网站当前页面为准。官方网站：curator.apache.org。	https://curator.apache.org	是
Microconfig	Microconfig	工具	其他,效率工具,在线服务	Microconfig在线服务	Microconfig在线服务。这里提供Microconfig的官方服务与相关信息，支持通过官网了解产品、功能、使用方式及最新动态；具体服务范围、开放地区和使用规则请以官方网站当前页面为准。官方网站：microconfig.io。	https://microconfig.io	是
Avaje	Avaje	工具	其他,效率工具,在线服务	Avaje在线服务	Avaje在线服务。这里提供Avaje的官方服务与相关信息，支持通过官网了解产品、功能、使用方式及最新动态；具体服务范围、开放地区和使用规则请以官方网站当前页面为准。官方网站：avaje.io。	https://avaje.io/config	是
Choco Solver	Choco Solver	工具	其他,效率工具,在线服务	Choco Solver在线服务	Choco Solver在线服务。这里提供Choco Solver的官方服务与相关信息，支持通过官网了解产品、功能、使用方式及最新动态；具体服务范围、开放地区和使用规则请以官方网站当前页面为准。官方网站：choco-solver.org。	https://choco-solver.org	是
Jqassistant	Jqassistant	工具	其他,效率工具,在线服务	Jqassistant在线服务	Jqassistant在线服务。这里提供Jqassistant的官方服务与相关信息，支持通过官网了解产品、功能、使用方式及最新动态；具体服务范围、开放地区和使用规则请以官方网站当前页面为准。官方网站：jqassistant.org。	https://jqassistant.org	是
Jflex	Jflex	工具	其他,效率工具,在线服务	Jflex在线服务	Jflex在线服务。这里提供Jflex的官方服务与相关信息，支持通过官网了解产品、功能、使用方式及最新动态；具体服务范围、开放地区和使用规则请以官方网站当前页面为准。官方网站：jflex.de。	https://jflex.de	是
Avro	Avro	工具	其他,效率工具,在线服务	Avro在线服务	Avro在线服务。这里提供Avro的官方服务与相关信息，支持通过官网了解产品、功能、使用方式及最新动态；具体服务范围、开放地区和使用规则请以官方网站当前页面为准。官方网站：avro.apache.org。	https://avro.apache.org	是
Ini4j	Ini4j	工具	其他,效率工具,在线服务	Ini4j在线服务	Ini4j在线服务。这里提供Ini4j的官方服务与相关信息，支持通过官网了解产品、功能、使用方式及最新动态；具体服务范围、开放地区和使用规则请以官方网站当前页面为准。官方网站：ini4j.sourceforge.net。	https://ini4j.sourceforge.net	是
Orc	Orc	工具	其他,效率工具,在线服务	Orc在线服务	Orc在线服务。这里提供Orc的官方服务与相关信息，支持通过官网了解产品、功能、使用方式及最新动态；具体服务范围、开放地区和使用规则请以官方网站当前页面为准。官方网站：orc.apache.org。	https://orc.apache.org	是
Opencsv	Opencsv	工具	其他,效率工具,在线服务	Opencsv在线服务	Opencsv在线服务。这里提供Opencsv的官方服务与相关信息，支持通过官网了解产品、功能、使用方式及最新动态；具体服务范围、开放地区和使用规则请以官方网站当前页面为准。官方网站：opencsv.sourceforge.net。	https://opencsv.sourceforge.net	是
Rvesse	Rvesse	开发	编程开发,效率工具	Rvesse在线服务	Rvesse在线服务。这里提供Rvesse的官方服务与相关信息，支持通过官网了解产品、功能、使用方式及最新动态；具体服务范围、开放地区和使用规则请以官方网站当前页面为准。官方网站：rvesse.github.io。	https://rvesse.github.io/airline	是
Super Csv	Super Csv	开发	编程开发,效率工具	Super Csv在线服务	Super Csv在线服务。这里提供Super Csv的官方服务与相关信息，支持通过官网了解产品、功能、使用方式及最新动态；具体服务范围、开放地区和使用规则请以官方网站当前页面为准。官方网站：super-csv.github.io。	https://super-csv.github.io/super-csv	是
Thrift	Thrift	工具	其他,效率工具,在线服务	Thrift在线服务	Thrift在线服务。这里提供Thrift的官方服务与相关信息，支持通过官网了解产品、功能、使用方式及最新动态；具体服务范围、开放地区和使用规则请以官方网站当前页面为准。官方网站：thrift.apache.org。	https://thrift.apache.org	是
Parquet	Parquet	工具	其他,效率工具,在线服务	Parquet在线服务	Parquet在线服务。这里提供Parquet的官方服务与相关信息，支持通过官网了解产品、功能、使用方式及最新动态；具体服务范围、开放地区和使用规则请以官方网站当前页面为准。官方网站：parquet.apache.org。	https://parquet.apache.org	是
Drill	Drill	工具	其他,效率工具,在线服务	Drill在线服务	Drill在线服务。这里提供Drill的官方服务与相关信息，支持通过官网了解产品、功能、使用方式及最新动态；具体服务范围、开放地区和使用规则请以官方网站当前页面为准。官方网站：drill.apache.org。	https://drill.apache.org	是
Projectlombok	Projectlombok	工具	其他,效率工具,在线服务	Projectlombok在线服务	Projectlombok在线服务。这里提供Projectlombok的官方服务与相关信息，支持通过官网了解产品、功能、使用方式及最新动态；具体服务范围、开放地区和使用规则请以官方网站当前页面为准。官方网站：projectlombok.org。	https://projectlombok.org	是
Jdbi	Jdbi	工具	其他,效率工具,在线服务	Jdbi在线服务	Jdbi在线服务。这里提供Jdbi的官方服务与相关信息，支持通过官网了解产品、功能、使用方式及最新动态；具体服务范围、开放地区和使用规则请以官方网站当前页面为准。官方网站：jdbi.org。	https://jdbi.org	是
Schemacrawler	Schemacrawler	工具	其他,效率工具,在线服务	Schemacrawler在线服务	Schemacrawler在线服务。这里提供Schemacrawler的官方服务与相关信息，支持通过官网了解产品、功能、使用方式及最新动态；具体服务范围、开放地区和使用规则请以官方网站当前页面为准。官方网站：schemacrawler.com。	https://www.schemacrawler.com	是
H2database	H2database	工具	其他,效率工具,在线服务	H2database在线服务	H2database在线服务。这里提供H2database的官方服务与相关信息，支持通过官网了解产品、功能、使用方式及最新动态；具体服务范围、开放地区和使用规则请以官方网站当前页面为准。官方网站：h2database.com。	https://h2database.com	是
Calcite	Calcite	工具	其他,效率工具,在线服务	Calcite在线服务	Calcite在线服务。这里提供Calcite的官方服务与相关信息，支持通过官网了解产品、功能、使用方式及最新动态；具体服务范围、开放地区和使用规则请以官方网站当前页面为准。官方网站：calcite.apache.org。	https://calcite.apache.org	是
Boofcv	Boofcv	工具	其他,效率工具,在线服务	Boofcv在线服务	Boofcv在线服务。这里提供Boofcv的官方服务与相关信息，支持通过官网了解产品、功能、使用方式及最新动态；具体服务范围、开放地区和使用规则请以官方网站当前页面为准。官方网站：boofcv.org。	https://boofcv.org	是
Phoenix	Phoenix	工具	其他,效率工具,在线服务	Phoenix在线服务	Phoenix在线服务。这里提供Phoenix的官方服务与相关信息，支持通过官网了解产品、功能、使用方式及最新动态；具体服务范围、开放地区和使用规则请以官方网站当前页面为准。官方网站：phoenix.apache.org。	https://phoenix.apache.org	是
Jooq	Jooq	工具	其他,效率工具,在线服务	Jooq在线服务	Jooq在线服务。这里提供Jooq的官方服务与相关信息，支持通过官网了解产品、功能、使用方式及最新动态；具体服务范围、开放地区和使用规则请以官方网站当前页面为准。官方网站：jooq.org。	https://www.jooq.org	是
Querydsl	Querydsl	工具	其他,效率工具,在线服务	Querydsl在线服务	Querydsl在线服务。这里提供Querydsl的官方服务与相关信息，支持通过官网了解产品、功能、使用方式及最新动态；具体服务范围、开放地区和使用规则请以官方网站当前页面为准。官方网站：querydsl.com。	http://www.querydsl.com	是
Optaplanner	Optaplanner	工具	其他,效率工具,在线服务	Optaplanner在线服务	Optaplanner在线服务。这里提供Optaplanner的官方服务与相关信息，支持通过官网了解产品、功能、使用方式及最新动态；具体服务范围、开放地区和使用规则请以官方网站当前页面为准。官方网站：optaplanner.org。	https://www.optaplanner.org	是
Mapdb	Mapdb	工具	其他,效率工具,在线服务	Mapdb在线服务	Mapdb在线服务。这里提供Mapdb的官方服务与相关信息，支持通过官网了解产品、功能、使用方式及最新动态；具体服务范围、开放地区和使用规则请以官方网站当前页面为准。官方网站：mapdb.org。	https://www.mapdb.org	是
Vibur	Vibur	工具	其他,效率工具,在线服务	Vibur在线服务	Vibur在线服务。这里提供Vibur的官方服务与相关信息，支持通过官网了解产品、功能、使用方式及最新动态；具体服务范围、开放地区和使用规则请以官方网站当前页面为准。官方网站：vibur.org。	https://www.vibur.org	是
Arcadedb	Arcadedb	工具	其他,效率工具,在线服务	Arcadedb在线服务	Arcadedb在线服务。这里提供Arcadedb的官方服务与相关信息，支持通过官网了解产品、功能、使用方式及最新动态；具体服务范围、开放地区和使用规则请以官方网站当前页面为准。官方网站：arcadedb.com。	https://arcadedb.com	是
Debezium	Debezium	工具	其他,效率工具,在线服务	Debezium在线服务	Debezium在线服务。这里提供Debezium的官方服务与相关信息，支持通过官网了解产品、功能、使用方式及最新动态；具体服务范围、开放地区和使用规则请以官方网站当前页面为准。官方网站：debezium.io。	https://debezium.io	是
Dagger	Dagger	开发	编程开发,效率工具	Dagger在线服务	Dagger在线服务。这里提供Dagger的官方服务与相关信息，支持通过官网了解产品、功能、使用方式及最新动态；具体服务范围、开放地区和使用规则请以官方网站当前页面为准。官方网站：dagger.dev。	https://dagger.dev	是
Dcevm	Dcevm	开发	编程开发,效率工具	Dcevm在线服务	Dcevm在线服务。这里提供Dcevm的官方服务与相关信息，支持通过官网了解产品、功能、使用方式及最新动态；具体服务范围、开放地区和使用规则请以官方网站当前页面为准。官方网站：dcevm.github.io。	https://dcevm.github.io	是
Avaje	Avaje	工具	其他,效率工具,在线服务	Avaje在线服务	Avaje在线服务。这里提供Avaje的官方服务与相关信息，支持通过官网了解产品、功能、使用方式及最新动态；具体服务范围、开放地区和使用规则请以官方网站当前页面为准。官方网站：avaje.io。	https://avaje.io/inject	是
Geode	Geode	工具	其他,效率工具,在线服务	Geode在线服务	Geode在线服务。这里提供Geode的官方服务与相关信息，支持通过官网了解产品、功能、使用方式及最新动态；具体服务范围、开放地区和使用规则请以官方网站当前页面为准。官方网站：geode.apache.org。	https://geode.apache.org	是
Storm	Storm	工具	其他,效率工具,在线服务	Storm在线服务	Storm在线服务。这里提供Storm的官方服务与相关信息，支持通过官网了解产品、功能、使用方式及最新动态；具体服务范围、开放地区和使用规则请以官方网站当前页面为准。官方网站：storm.apache.org。	https://storm.apache.org	是
Deltaspike	Deltaspike	工具	其他,效率工具,在线服务	Deltaspike在线服务	Deltaspike在线服务。这里提供Deltaspike的官方服务与相关信息，支持通过官网了解产品、功能、使用方式及最新动态；具体服务范围、开放地区和使用规则请以官方网站当前页面为准。官方网站：deltaspike.apache.org。	https://deltaspike.apache.org	是
Trino	Trino	工具	其他,效率工具,在线服务	Trino在线服务	Trino在线服务。这里提供Trino的官方服务与相关信息，支持通过官网了解产品、功能、使用方式及最新动态；具体服务范围、开放地区和使用规则请以官方网站当前页面为准。官方网站：trino.io。	https://trino.io	是
Noexception	Noexception	工具	其他,效率工具,在线服务	Noexception在线服务	Noexception在线服务。这里提供Noexception的官方服务与相关信息，支持通过官网了解产品、功能、使用方式及最新动态；具体服务范围、开放地区和使用规则请以官方网站当前页面为准。官方网站：noexception.machinezoo.com。	https://noexception.machinezoo.com	是
Jgroups	Jgroups	工具	其他,效率工具,在线服务	Jgroups在线服务	Jgroups在线服务。这里提供Jgroups的官方服务与相关信息，支持通过官网了解产品、功能、使用方式及最新动态；具体服务范围、开放地区和使用规则请以官方网站当前页面为准。官方网站：jgroups.org。	http://www.jgroups.org	是
Tools	Tools	工具	其他,效率工具,在线服务	Tools在线服务	Tools在线服务。这里提供Tools的官方服务与相关信息，支持通过官网了解产品、功能、使用方式及最新动态；具体服务范围、开放地区和使用规则请以官方网站当前页面为准。官方网站：tools.ietf.org。	https://tools.ietf.org/html/rfc5545	是
Eclipse Ee4j	Eclipse Ee4j	开发	编程开发,效率工具	Eclipse Ee4j在线服务	Eclipse Ee4j在线服务。这里提供Eclipse Ee4j的官方服务与相关信息，支持通过官网了解产品、功能、使用方式及最新动态；具体服务范围、开放地区和使用规则请以官方网站当前页面为准。官方网站：eclipse-ee4j.github.io。	https://eclipse-ee4j.github.io/glassfish-hk2	是
Nrktkt	Nrktkt	开发	编程开发,效率工具	Nrktkt在线服务	Nrktkt在线服务。这里提供Nrktkt的官方服务与相关信息，支持通过官网了解产品、功能、使用方式及最新动态；具体服务范围、开放地区和使用规则请以官方网站当前页面为准。官方网站：nrktkt.github.io。	https://nrktkt.github.io/tail	是
Izpack	Izpack	工具	其他,效率工具,在线服务	Izpack在线服务	Izpack在线服务。这里提供Izpack的官方服务与相关信息，支持通过官网了解产品、功能、使用方式及最新动态；具体服务范围、开放地区和使用规则请以官方网站当前页面为准。官方网站：izpack.org。	https://izpack.org	是
Liquibase	Liquibase	工具	其他,效率工具,在线服务	Liquibase在线服务	Liquibase在线服务。这里提供Liquibase的官方服务与相关信息，支持通过官网了解产品、功能、使用方式及最新动态；具体服务范围、开放地区和使用规则请以官方网站当前页面为准。官方网站：liquibase.org。	https://www.liquibase.org	是
Documents4j	Documents4j	工具	其他,效率工具,在线服务	Documents4j在线服务	Documents4j在线服务。这里提供Documents4j的官方服务与相关信息，支持通过官网了解产品、功能、使用方式及最新动态；具体服务范围、开放地区和使用规则请以官方网站当前页面为准。官方网站：documents4j.com。	https://documents4j.com	是
Docs	Docs	工具	其他,效率工具,在线服务	Docs在线服务	Docs在线服务。这里提供Docs的官方服务与相关信息，支持通过官网了解产品、功能、使用方式及最新动态；具体服务范围、开放地区和使用规则请以官方网站当前页面为准。官方网站：docs.paralleluniverse.co。	https://docs.paralleluniverse.co/quasar	是
Poi	Poi	工具	其他,效率工具,在线服务	Poi在线服务	Poi在线服务。这里提供Poi的官方服务与相关信息，支持通过官网了解产品、功能、使用方式及最新动态；具体服务范围、开放地区和使用规则请以官方网站当前页面为准。官方网站：poi.apache.org。	https://poi.apache.org	是
Openjml	Openjml	工具	其他,效率工具,在线服务	Openjml在线服务	Openjml在线服务。这里提供Openjml的官方服务与相关信息，支持通过官网了解产品、功能、使用方式及最新动态；具体服务范围、开放地区和使用规则请以官方网站当前页面为准。官方网站：openjml.org。	https://www.openjml.org	是
Checkerframework	Checkerframework	工具	效率工具,在线服务	Checkerframework在线服务	Checkerframework在线服务。这里提供Checkerframework的官方服务与相关信息，支持通过官网了解产品、功能、使用方式及最新动态；具体服务范围、开放地区和使用规则请以官方网站当前页面为准。官方网站：checkerframework.org。	https://checkerframework.org	是
Massoni	Massoni	教育	在线学习,效率工具	Massoni在线服务	Massoni在线服务。这里提供Massoni的官方服务与相关信息，支持通过官网了解产品、功能、使用方式及最新动态；具体服务范围、开放地区和使用规则请以官方网站当前页面为准。官方网站：massoni.computacao.ufcg.edu.br。	https://massoni.computacao.ufcg.edu.br/home/jmlok	是
Search	Search	工具	其他,效率工具,在线服务	Search在线服务	Search在线服务。这里提供Search的官方服务与相关信息，支持通过官网了解产品、功能、使用方式及最新动态；具体服务范围、开放地区和使用规则请以官方网站当前页面为准。官方网站：search.maven.org。	https://search.maven.org	是
Jdeploy	Jdeploy	工具	其他,效率工具,在线服务	Jdeploy在线服务	Jdeploy在线服务。这里提供Jdeploy的官方服务与相关信息，支持通过官网了解产品、功能、使用方式及最新动态；具体服务范围、开放地区和使用规则请以官方网站当前页面为准。官方网站：jdeploy.com。	https://www.jdeploy.com	是
Bitbucket	Bitbucket	工具	其他,效率工具,在线服务	Bitbucket在线服务	Bitbucket在线服务。这里提供Bitbucket的官方服务与相关信息，支持通过官网了解产品、功能、使用方式及最新动态；具体服务范围、开放地区和使用规则请以官方网站当前页面为准。官方网站：bitbucket.org。	https://bitbucket.org/atlassian/fugue	是
Atomikos	Atomikos	工具	其他,效率工具,在线服务	Atomikos在线服务	Atomikos在线服务。这里提供Atomikos的官方服务与相关信息，支持通过官网了解产品、功能、使用方式及最新动态；具体服务范围、开放地区和使用规则请以官方网站当前页面为准。官方网站：atomikos.com。	https://www.atomikos.com	是
Litiengine	Litiengine	工具	其他,效率工具,在线服务	Litiengine在线服务	Litiengine在线服务。这里提供Litiengine的官方服务与相关信息，支持通过官网了解产品、功能、使用方式及最新动态；具体服务范围、开放地区和使用规则请以官方网站当前页面为准。官方网站：litiengine.com。	https://litiengine.com	是
Key Project	Key Project	工具	其他,效率工具,在线服务	Key Project在线服务	Key Project在线服务。这里提供Key Project的官方服务与相关信息，支持通过官网了解产品、功能、使用方式及最新动态；具体服务范围、开放地区和使用规则请以官方网站当前页面为准。官方网站：key-project.org。	https://www.key-project.org	是
Vavr	Vavr	工具	其他,效率工具,在线服务	Vavr在线服务	Vavr在线服务。这里提供Vavr的官方服务与相关信息，支持通过官网了解产品、功能、使用方式及最新动态；具体服务范围、开放地区和使用规则请以官方网站当前页面为准。官方网站：vavr.io。	https://www.vavr.io	是
Lwjgl	Lwjgl	工具	其他,效率工具,在线服务	Lwjgl在线服务	Lwjgl在线服务。这里提供Lwjgl的官方服务与相关信息，支持通过官网了解产品、功能、使用方式及最新动态；具体服务范围、开放地区和使用规则请以官方网站当前页面为准。官方网站：lwjgl.org。	https://www.lwjgl.org	是
Gurkenlabs	Gurkenlabs	开发	编程开发,效率工具	Gurkenlabs在线服务	Gurkenlabs在线服务。这里提供Gurkenlabs的官方服务与相关信息，支持通过官网了解产品、功能、使用方式及最新动态；具体服务范围、开放地区和使用规则请以官方网站当前页面为准。官方网站：gurkenlabs.github.io。	https://gurkenlabs.github.io/input4j	是
Jbox2d	Jbox2d	工具	其他,效率工具,在线服务	Jbox2d在线服务	Jbox2d在线服务。这里提供Jbox2d的官方服务与相关信息，支持通过官网了解产品、功能、使用方式及最新动态；具体服务范围、开放地区和使用规则请以官方网站当前页面为准。官方网站：jbox2d.org。	https://www.jbox2d.org	是
Sis	Sis	工具	其他,效率工具,在线服务	Sis在线服务	Sis在线服务。这里提供Sis的官方服务与相关信息，支持通过官网了解产品、功能、使用方式及最新动态；具体服务范围、开放地区和使用规则请以官方网站当前页面为准。官方网站：sis.apache.org。	https://sis.apache.org	是
H2gis	H2gis	工具	其他,效率工具,在线服务	H2gis在线服务	H2gis在线服务。这里提供H2gis的官方服务与相关信息，支持通过官网了解产品、功能、使用方式及最新动态；具体服务范围、开放地区和使用规则请以官方网站当前页面为准。官方网站：h2gis.org。	https://h2gis.org	是
Geotools	Geotools	工具	其他,效率工具,在线服务	Geotools在线服务	Geotools在线服务。这里提供Geotools的官方服务与相关信息，支持通过官网了解产品、功能、使用方式及最新动态；具体服务范围、开放地区和使用规则请以官方网站当前页面为准。官方网站：geotools.org。	https://geotools.org	是
Plse	Plse	教育	在线学习,效率工具	Plse在线服务	Plse在线服务。这里提供Plse的官方服务与相关信息，支持通过官网了解产品、功能、使用方式及最新动态；具体服务范围、开放地区和使用规则请以官方网站当前页面为准。官方网站：plse.cs.washington.edu。	https://plse.cs.washington.edu/daikon	是
Narayana	Narayana	工具	其他,效率工具,在线服务	Narayana在线服务	Narayana在线服务。这里提供Narayana的官方服务与相关信息，支持通过官网了解产品、功能、使用方式及最新动态；具体服务范围、开放地区和使用规则请以官方网站当前页面为准。官方网站：narayana.io。	https://narayana.io	是
Astrapi69	Astrapi69	开发	编程开发,效率工具	Astrapi69在线服务	Astrapi69在线服务。这里提供Astrapi69的官方服务与相关信息，支持通过官网了解产品、功能、使用方式及最新动态；具体服务范围、开放地区和使用规则请以官方网站当前页面为准。官方网站：astrapi69.github.io。	https://astrapi69.github.io/jgeohash	是
Lmax Exchange	Lmax Exchange	开发	编程开发,效率工具	Lmax Exchange在线服务	Lmax Exchange在线服务。这里提供Lmax Exchange的官方服务与相关信息，支持通过官网了解产品、功能、使用方式及最新动态；具体服务范围、开放地区和使用规则请以官方网站当前页面为准。官方网站：lmax-exchange.github.io。	https://lmax-exchange.github.io/disruptor	是
Labs	Labs	工具	其他,效率工具,在线服务	Labs在线服务	Labs在线服务。这里提供Labs的官方服务与相关信息，支持通过官网了解产品、功能、使用方式及最新动态；具体服务范围、开放地区和使用规则请以官方网站当前页面为准。官方网站：labs.carrotsearch.com。	https://labs.carrotsearch.com/hppc.html	是
Hc	Hc	工具	其他,效率工具,在线服务	Hc在线服务	Hc在线服务。这里提供Hc的官方服务与相关信息，支持通过官网了解产品、功能、使用方式及最新动态；具体服务范围、开放地区和使用规则请以官方网站当前页面为准。官方网站：hc.apache.org。	https://hc.apache.org	是
Jmonkeyengine	Jmonkeyengine	工具	其他,效率工具,在线服务	Jmonkeyengine在线服务	Jmonkeyengine在线服务。这里提供Jmonkeyengine的官方服务与相关信息，支持通过官网了解产品、功能、使用方式及最新动态；具体服务范围、开放地区和使用规则请以官方网站当前页面为准。官方网站：jmonkeyengine.org。	https://jmonkeyengine.org	是
Objenesis	Objenesis	工具	其他,效率工具,在线服务	Objenesis在线服务	Objenesis在线服务。这里提供Objenesis的官方服务与相关信息，支持通过官网了解产品、功能、使用方式及最新动态；具体服务范围、开放地区和使用规则请以官方网站当前页面为准。官方网站：objenesis.org。	https://objenesis.org	是
Jgrasp	Jgrasp	工具	其他,效率工具,在线服务	Jgrasp在线服务	Jgrasp在线服务。这里提供Jgrasp的官方服务与相关信息，支持通过官网了解产品、功能、使用方式及最新动态；具体服务范围、开放地区和使用规则请以官方网站当前页面为准。官方网站：jgrasp.org。	https://www.jgrasp.org	是
Avaje	Avaje	工具	其他,效率工具,在线服务	Avaje在线服务	Avaje在线服务。这里提供Avaje的官方服务与相关信息，支持通过官网了解产品、功能、使用方式及最新动态；具体服务范围、开放地区和使用规则请以官方网站当前页面为准。官方网站：avaje.io。	https://avaje.io/http-client	是
Whichjdk	Whichjdk	工具	其他,效率工具,在线服务	Whichjdk在线服务	Whichjdk在线服务。这里提供Whichjdk的官方服务与相关信息，支持通过官网了解产品、功能、使用方式及最新动态；具体服务范围、开放地区和使用规则请以官方网站当前页面为准。官方网站：whichjdk.com。	https://whichjdk.com	是
Sksamuel	Sksamuel	开发	编程开发,效率工具	Sksamuel在线服务	Sksamuel在线服务。这里提供Sksamuel的官方服务与相关信息，支持通过官网了解产品、功能、使用方式及最新动态；具体服务范围、开放地区和使用规则请以官方网站当前页面为准。官方网站：sksamuel.github.io。	https://sksamuel.github.io/scrimage	是
Code	Code	开发	编程开发,效率工具	Code在线服务	Code在线服务。这里提供Code的官方服务与相关信息，支持通过官网了解产品、功能、使用方式及最新动态；具体服务范围、开放地区和使用规则请以官方网站当前页面为准。官方网站：code.visualstudio.com。	https://code.visualstudio.com/docs/languages/java	是
Genson	Genson	工具	其他,效率工具,在线服务	Genson在线服务	Genson在线服务。这里提供Genson的官方服务与相关信息，支持通过官网了解产品、功能、使用方式及最新动态；具体服务范围、开放地区和使用规则请以官方网站当前页面为准。官方网站：genson.io。	http://genson.io	是
Netbeans	Netbeans	工具	其他,效率工具,在线服务	Netbeans在线服务	Netbeans在线服务。这里提供Netbeans的官方服务与相关信息，支持通过官网了解产品、功能、使用方式及最新动态；具体服务范围、开放地区和使用规则请以官方网站当前页面为准。官方网站：netbeans.apache.org。	https://netbeans.apache.org	是
Mini2dx	Mini2dx	工具	其他,效率工具,在线服务	Mini2dx在线服务	Mini2dx在线服务。这里提供Mini2dx的官方服务与相关信息，支持通过官网了解产品、功能、使用方式及最新动态；具体服务范围、开放地区和使用规则请以官方网站当前页面为准。官方网站：mini2dx.org。	https://mini2dx.org	是
Avaje	Avaje	工具	其他,效率工具,在线服务	Avaje在线服务	Avaje在线服务。这里提供Avaje的官方服务与相关信息，支持通过官网了解产品、功能、使用方式及最新动态；具体服务范围、开放地区和使用规则请以官方网站当前页面为准。官方网站：avaje.io。	https://avaje.io/jsonb	是
Gluonhq	Gluonhq	工具	其他,效率工具,在线服务	Gluonhq在线服务	Gluonhq在线服务。这里提供Gluonhq的官方服务与相关信息，支持通过官网了解产品、功能、使用方式及最新动态；具体服务范围、开放地区和使用规则请以官方网站当前页面为准。官方网站：gluonhq.com。	https://gluonhq.com/products/scene-builder	是
Aws	Aws	工具	其他,效率工具,在线服务	Aws在线服务	Aws在线服务。这里提供Aws的官方服务与相关信息，支持通过官网了解产品、功能、使用方式及最新动态；具体服务范围、开放地区和使用规则请以官方网站当前页面为准。官方网站：aws.amazon.com。	https://aws.amazon.com/corretto	是
Fastutil	Fastutil	工具	其他,效率工具,在线服务	Fastutil在线服务	Fastutil在线服务。这里提供Fastutil的官方服务与相关信息，支持通过官网了解产品、功能、使用方式及最新动态；具体服务范围、开放地区和使用规则请以官方网站当前页面为准。官方网站：fastutil.di.unimi.it。	https://fastutil.di.unimi.it	是
Eclipse	Eclipse	工具	其他,效率工具,在线服务	Eclipse在线服务	Eclipse在线服务。这里提供Eclipse的官方服务与相关信息，支持通过官网了解产品、功能、使用方式及最新动态；具体服务范围、开放地区和使用规则请以官方网站当前页面为准。官方网站：eclipse.org。	https://www.eclipse.org/swt	是
Flink	Flink	工具	其他,效率工具,在线服务	Flink在线服务	Flink在线服务。这里提供Flink的官方服务与相关信息，支持通过官网了解产品、功能、使用方式及最新动态；具体服务范围、开放地区和使用规则请以官方网站当前页面为准。官方网站：flink.apache.org。	https://flink.apache.org	是
Logback	Logback	工具	其他,效率工具,在线服务	Logback在线服务	Logback在线服务。这里提供Logback的官方服务与相关信息，支持通过官网了解产品、功能、使用方式及最新动态；具体服务范围、开放地区和使用规则请以官方网站当前页面为准。官方网站：logback.qos.ch。	https://logback.qos.ch	是
Slf4j	Slf4j	工具	其他,效率工具,在线服务	Slf4j在线服务	Slf4j在线服务。这里提供Slf4j的官方服务与相关信息，支持通过官网了解产品、功能、使用方式及最新动态；具体服务范围、开放地区和使用规则请以官方网站当前页面为准。官方网站：slf4j.org。	https://www.slf4j.org	是
Djl	Djl	AI	AI,效率工具	Djl在线服务	Djl在线服务。这里提供Djl的官方服务与相关信息，支持通过官网了解产品、功能、使用方式及最新动态；具体服务范围、开放地区和使用规则请以官方网站当前页面为准。官方网站：djl.ai。	https://djl.ai	是
Elastic	Elastic	工具	其他,效率工具,在线服务	Elastic在线服务	Elastic在线服务。这里提供Elastic的官方服务与相关信息，支持通过官网了解产品、功能、使用方式及最新动态；具体服务范围、开放地区和使用规则请以官方网站当前页面为准。官方网站：elastic.co。	https://www.elastic.co/logstash	是
Elastic	Elastic	工具	其他,效率工具,在线服务	Elastic在线服务	Elastic在线服务。这里提供Elastic的官方服务与相关信息，支持通过官网了解产品、功能、使用方式及最新动态；具体服务范围、开放地区和使用规则请以官方网站当前页面为准。官方网站：elastic.co。	https://www.elastic.co/kibana	是
Bell Sw	Bell Sw	工具	其他,效率工具,在线服务	Bell Sw在线服务	Bell Sw在线服务。这里提供Bell Sw的官方服务与相关信息，支持通过官网了解产品、功能、使用方式及最新动态；具体服务范围、开放地区和使用规则请以官方网站当前页面为准。官方网站：bell-sw.com。	https://bell-sw.com	是
Jsoniter	Jsoniter	工具	其他,效率工具,在线服务	Jsoniter在线服务	Jsoniter在线服务。这里提供Jsoniter的官方服务与相关信息，支持通过官网了解产品、功能、使用方式及最新动态；具体服务范围、开放地区和使用规则请以官方网站当前页面为准。官方网站：jsoniter.com。	https://jsoniter.com	是
Google	Google	开发	编程开发,效率工具	Google在线服务	Google在线服务。这里提供Google的官方服务与相关信息，支持通过官网了解产品、功能、使用方式及最新动态；具体服务范围、开放地区和使用规则请以官方网站当前页面为准。官方网站：google.github.io。	https://google.github.io/flogger	是
Mahout	Mahout	工具	其他,效率工具,在线服务	Mahout在线服务	Mahout在线服务。这里提供Mahout的官方服务与相关信息，支持通过官网了解产品、功能、使用方式及最新动态；具体服务范围、开放地区和使用规则请以官方网站当前页面为准。官方网站：mahout.apache.org。	https://mahout.apache.org	是
Tribuo	Tribuo	工具	其他,效率工具,在线服务	Tribuo在线服务	Tribuo在线服务。这里提供Tribuo的官方服务与相关信息，支持通过官网了解产品、功能、使用方式及最新动态；具体服务范围、开放地区和使用规则请以官方网站当前页面为准。官方网站：tribuo.org。	https://tribuo.org	是
Activemq	Activemq	工具	其他,效率工具,在线服务	Activemq在线服务	Activemq在线服务。这里提供Activemq的官方服务与相关信息，支持通过官网了解产品、功能、使用方式及最新动态；具体服务范围、开放地区和使用规则请以官方网站当前页面为准。官方网站：activemq.apache.org。	https://activemq.apache.org	是
Camel	Camel	工具	其他,效率工具,在线服务	Camel在线服务	Camel在线服务。这里提供Camel的官方服务与相关信息，支持通过官网了解产品、功能、使用方式及最新动态；具体服务范围、开放地区和使用规则请以官方网站当前页面为准。官方网站：camel.apache.org。	https://camel.apache.org	是
Logging	Logging	工具	其他,效率工具,在线服务	Logging在线服务	Logging在线服务。这里提供Logging的官方服务与相关信息，支持通过官网了解产品、功能、使用方式及最新动态；具体服务范围、开放地区和使用规则请以官方网站当前页面为准。官方网站：logging.apache.org。	https://logging.apache.org/log4j	是
Hermes	Hermes	工具	其他,效率工具,在线服务	Hermes在线服务	Hermes在线服务。这里提供Hermes的官方服务与相关信息，支持通过官网了解产品、功能、使用方式及最新动态；具体服务范围、开放地区和使用规则请以官方网站当前页面为准。官方网站：hermes.allegro.tech。	https://hermes.allegro.tech	是
Ojalgo	Ojalgo	工具	其他,效率工具,在线服务	Ojalgo在线服务	Ojalgo在线服务。这里提供Ojalgo的官方服务与相关信息，支持通过官网了解产品、功能、使用方式及最新动态；具体服务范围、开放地区和使用规则请以官方网站当前页面为准。官方网站：ojalgo.org。	https://www.ojalgo.org	是
Qpid	Qpid	工具	其他,效率工具,在线服务	Qpid在线服务	Qpid在线服务。这里提供Qpid的官方服务与相关信息，支持通过官网了解产品、功能、使用方式及最新动态；具体服务范围、开放地区和使用规则请以官方网站当前页面为准。官方网站：qpid.apache.org。	https://qpid.apache.org	是
Rocketmq	Rocketmq	工具	其他,效率工具,在线服务	Rocketmq在线服务	Rocketmq在线服务。这里提供Rocketmq的官方服务与相关信息，支持通过官网了解产品、功能、使用方式及最新动态；具体服务范围、开放地区和使用规则请以官方网站当前页面为准。官方网站：rocketmq.apache.org。	https://rocketmq.apache.org	是
Openjdk	Openjdk	工具	其他,效率工具,在线服务	Openjdk在线服务	Openjdk在线服务。这里提供Openjdk的官方服务与相关信息，支持通过官网了解产品、功能、使用方式及最新动态；具体服务范围、开放地区和使用规则请以官方网站当前页面为准。官方网站：openjdk.java.net。	https://openjdk.java.net	是
Micronaut	Micronaut	工具	其他,效率工具,在线服务	Micronaut在线服务	Micronaut在线服务。这里提供Micronaut的官方服务与相关信息，支持通过官网了解产品、功能、使用方式及最新动态；具体服务范围、开放地区和使用规则请以官方网站当前页面为准。官方网站：micronaut.io。	https://micronaut.io	是
Quarkus	Quarkus	工具	其他,效率工具,在线服务	Quarkus在线服务	Quarkus在线服务。这里提供Quarkus的官方服务与相关信息，支持通过官网了解产品、功能、使用方式及最新动态；具体服务范围、开放地区和使用规则请以官方网站当前页面为准。官方网站：quarkus.io。	https://quarkus.io	是
Pulsar	Pulsar	工具	其他,效率工具,在线服务	Pulsar在线服务	Pulsar在线服务。这里提供Pulsar的官方服务与相关信息，支持通过官网了解产品、功能、使用方式及最新动态；具体服务范围、开放地区和使用规则请以官方网站当前页面为准。官方网站：pulsar.apache.org。	https://pulsar.apache.org	是
Togglz	Togglz	工具	其他,效率工具,在线服务	Togglz在线服务	Togglz在线服务。这里提供Togglz的官方服务与相关信息，支持通过官网了解产品、功能、使用方式及最新动态；具体服务范围、开放地区和使用规则请以官方网站当前页面为准。官方网站：togglz.org。	https://www.togglz.org	是
Joda	Joda	工具	其他,效率工具,在线服务	Joda在线服务	Joda在线服务。这里提供Joda的官方服务与相关信息，支持通过官网了解产品、功能、使用方式及最新动态；具体服务范围、开放地区和使用规则请以官方网站当前页面为准。官方网站：joda.org。	https://www.joda.org/joda-money	是
Jbang	Jbang	开发	编程开发,效率工具	Jbang在线服务	Jbang在线服务。这里提供Jbang的官方服务与相关信息，支持通过官网了解产品、功能、使用方式及最新动态；具体服务范围、开放地区和使用规则请以官方网站当前页面为准。官方网站：jbang.dev。	https://www.jbang.dev	是
Rpc	Rpc	工具	其他,效率工具,在线服务	Rpc在线服务	Rpc在线服务。这里提供Rpc的官方服务与相关信息，支持通过官网了解产品、功能、使用方式及最新动态；具体服务范围、开放地区和使用规则请以官方网站当前页面为准。官方网站：rpc.activej.io。	https://rpc.activej.io	是
Mobileui	Mobileui	开发	编程开发,效率工具	Mobileui在线服务	Mobileui在线服务。这里提供Mobileui的官方服务与相关信息，支持通过官网了解产品、功能、使用方式及最新动态；具体服务范围、开放地区和使用规则请以官方网站当前页面为准。官方网站：mobileui.dev。	https://mobileui.dev	是
Zipkin	Zipkin	工具	其他,效率工具,在线服务	Zipkin在线服务	Zipkin在线服务。这里提供Zipkin的官方服务与相关信息，支持通过官网了解产品、功能、使用方式及最新动态；具体服务范围、开放地区和使用规则请以官方网站当前页面为准。官方网站：zipkin.io。	https://zipkin.io	是
Helidon	Helidon	工具	其他,效率工具,在线服务	Helidon在线服务	Helidon在线服务。这里提供Helidon的官方服务与相关信息，支持通过官网了解产品、功能、使用方式及最新动态；具体服务范围、开放地区和使用规则请以官方网站当前页面为准。官方网站：helidon.io。	https://helidon.io	是
Rollgate	Rollgate	工具	其他,效率工具,在线服务	Rollgate在线服务	Rollgate在线服务。这里提供Rollgate的官方服务与相关信息，支持通过官网了解产品、功能、使用方式及最新动态；具体服务范围、开放地区和使用规则请以官方网站当前页面为准。官方网站：rollgate.io。	https://rollgate.io	是
Javagl	Javagl	工具	其他,效率工具,在线服务	Javagl在线服务	Javagl在线服务。这里提供Javagl的官方服务与相关信息，支持通过官网了解产品、功能、使用方式及最新动态；具体服务范围、开放地区和使用规则请以官方网站当前页面为准。官方网站：javagl.de。	https://javagl.de/jcuda.org	是
Cayenne	Cayenne	工具	其他,效率工具,在线服务	Cayenne在线服务	Cayenne在线服务。这里提供Cayenne的官方服务与相关信息，支持通过官网了解产品、功能、使用方式及最新动态；具体服务范围、开放地区和使用规则请以官方网站当前页面为准。官方网站：cayenne.apache.org。	https://cayenne.apache.org	是
Dkpro	Dkpro	开发	编程开发,效率工具	Dkpro在线服务	Dkpro在线服务。这里提供Dkpro的官方服务与相关信息，支持通过官网了解产品、功能、使用方式及最新动态；具体服务范围、开放地区和使用规则请以官方网站当前页面为准。官方网站：dkpro.github.io。	https://dkpro.github.io	是
Undertow	Undertow	工具	其他,效率工具,在线服务	Undertow在线服务	Undertow在线服务。这里提供Undertow的官方服务与相关信息，支持通过官网了解产品、功能、使用方式及最新动态；具体服务范围、开放地区和使用规则请以官方网站当前页面为准。官方网站：undertow.io。	https://undertow.io	是
Jolokia	Jolokia	工具	其他,效率工具,在线服务	Jolokia在线服务	Jolokia在线服务。这里提供Jolokia的官方服务与相关信息，支持通过官网了解产品、功能、使用方式及最新动态；具体服务范围、开放地区和使用规则请以官方网站当前页面为准。官方网站：jolokia.org。	https://jolokia.org	是
Ebean	Ebean	工具	其他,效率工具,在线服务	Ebean在线服务	Ebean在线服务。这里提供Ebean的官方服务与相关信息，支持通过官网了解产品、功能、使用方式及最新动态；具体服务范围、开放地区和使用规则请以官方网站当前页面为准。官方网站：ebean.io。	https://ebean.io	是
Nlp	Nlp	教育	在线学习,效率工具	Nlp在线服务	Nlp在线服务。这里提供Nlp的官方服务与相关信息，支持通过官网了解产品、功能、使用方式及最新动态；具体服务范围、开放地区和使用规则请以官方网站当前页面为准。官方网站：nlp.stanford.edu。	https://nlp.stanford.edu/software/corenlp.shtml	是
Javaee	Javaee	开发	编程开发,效率工具	Javaee在线服务	Javaee在线服务。这里提供Javaee的官方服务与相关信息，支持通过官网了解产品、功能、使用方式及最新动态；具体服务范围、开放地区和使用规则请以官方网站当前页面为准。官方网站：javaee.github.io。	https://javaee.github.io/grizzly	是
Jbake	Jbake	工具	其他,效率工具,在线服务	Jbake在线服务	Jbake在线服务。这里提供Jbake的官方服务与相关信息，支持通过官网了解产品、功能、使用方式及最新动态；具体服务范围、开放地区和使用规则请以官方网站当前页面为准。官方网站：jbake.org。	https://jbake.org	是
Pdfbox	Pdfbox	工具	其他,效率工具,在线服务	Pdfbox在线服务	Pdfbox在线服务。这里提供Pdfbox的官方服务与相关信息，支持通过官网了解产品、功能、使用方式及最新动态；具体服务范围、开放地区和使用规则请以官方网站当前页面为准。官方网站：pdfbox.apache.org。	https://pdfbox.apache.org	是
Mina	Mina	工具	其他,效率工具,在线服务	Mina在线服务	Mina在线服务。这里提供Mina的官方服务与相关信息，支持通过官网了解产品、功能、使用方式及最新动态；具体服务范围、开放地区和使用规则请以官方网站当前页面为准。官方网站：mina.apache.org。	https://mina.apache.org	是
Multi Os Engine	Multi Os Engine	工具	其他,效率工具,在线服务	Multi Os Engine在线服务	Multi Os Engine在线服务。这里提供Multi Os Engine的官方服务与相关信息，支持通过官网了解产品、功能、使用方式及最新动态；具体服务范围、开放地区和使用规则请以官方网站当前页面为准。官方网站：multi-os-engine.org。	https://multi-os-engine.org	是
Glowroot	Glowroot	工具	其他,效率工具,在线服务	Glowroot在线服务	Glowroot在线服务。这里提供Glowroot的官方服务与相关信息，支持通过官网了解产品、功能、使用方式及最新动态；具体服务范围、开放地区和使用规则请以官方网站当前页面为准。官方网站：glowroot.org。	https://glowroot.org	是
Xmlgraphics	Xmlgraphics	工具	其他,效率工具,在线服务	Xmlgraphics在线服务	Xmlgraphics在线服务。这里提供Xmlgraphics的官方服务与相关信息，支持通过官网了解产品、功能、使用方式及最新动态；具体服务范围、开放地区和使用规则请以官方网站当前页面为准。官方网站：xmlgraphics.apache.org。	https://xmlgraphics.apache.org/fop	是
Commons	Commons	工具	其他,效率工具,在线服务	Commons在线服务	Commons在线服务。这里提供Commons的官方服务与相关信息，支持通过官网了解产品、功能、使用方式及最新动态；具体服务范围、开放地区和使用规则请以官方网站当前页面为准。官方网站：commons.apache.org。	https://commons.apache.org/proper/commons-bcel	是
Netty	Netty	工具	其他,效率工具,在线服务	Netty在线服务	Netty在线服务。这里提供Netty的官方服务与相关信息，支持通过官网了解产品、功能、使用方式及最新动态；具体服务范围、开放地区和使用规则请以官方网站当前页面为准。官方网站：netty.io。	https://netty.io	是
Commons	Commons	工具	其他,效率工具,在线服务	Commons在线服务	Commons在线服务。这里提供Commons的官方服务与相关信息，支持通过官网了解产品、功能、使用方式及最新动态；具体服务范围、开放地区和使用规则请以官方网站当前页面为准。官方网站：commons.apache.org。	https://commons.apache.org/proper/commons-beanutils	是
Commons	Commons	工具	其他,效率工具,在线服务	Commons在线服务	Commons在线服务。这里提供Commons的官方服务与相关信息，支持通过官网了解产品、功能、使用方式及最新动态；具体服务范围、开放地区和使用规则请以官方网站当前页面为准。官方网站：commons.apache.org。	https://commons.apache.org/sandbox/commons-classscan	是
Commons	Commons	工具	其他,效率工具,在线服务	Commons在线服务	Commons在线服务。这里提供Commons的官方服务与相关信息，支持通过官网了解产品、功能、使用方式及最新动态；具体服务范围、开放地区和使用规则请以官方网站当前页面为准。官方网站：commons.apache.org。	https://commons.apache.org/proper/commons-bsf	是
Commons	Commons	工具	其他,效率工具,在线服务	Commons在线服务	Commons在线服务。这里提供Commons的官方服务与相关信息，支持通过官网了解产品、功能、使用方式及最新动态；具体服务范围、开放地区和使用规则请以官方网站当前页面为准。官方网站：commons.apache.org。	https://commons.apache.org/sandbox/commons-cli2	是
Commons	Commons	工具	其他,效率工具,在线服务	Commons在线服务	Commons在线服务。这里提供Commons的官方服务与相关信息，支持通过官网了解产品、功能、使用方式及最新动态；具体服务范围、开放地区和使用规则请以官方网站当前页面为准。官方网站：commons.apache.org。	https://commons.apache.org/sandbox/commons-beanutils2	是
Commons	Commons	工具	其他,效率工具,在线服务	Commons在线服务	Commons在线服务。这里提供Commons的官方服务与相关信息，支持通过官网了解产品、功能、使用方式及最新动态；具体服务范围、开放地区和使用规则请以官方网站当前页面为准。官方网站：commons.apache.org。	https://commons.apache.org/proper/commons-compress	是
Commons	Commons	工具	其他,效率工具,在线服务	Commons在线服务	Commons在线服务。这里提供Commons的官方服务与相关信息，支持通过官网了解产品、功能、使用方式及最新动态；具体服务范围、开放地区和使用规则请以官方网站当前页面为准。官方网站：commons.apache.org。	https://commons.apache.org/proper/commons-cli	是
Commons	Commons	工具	其他,效率工具,在线服务	Commons在线服务	Commons在线服务。这里提供Commons的官方服务与相关信息，支持通过官网了解产品、功能、使用方式及最新动态；具体服务范围、开放地区和使用规则请以官方网站当前页面为准。官方网站：commons.apache.org。	https://commons.apache.org/sandbox/commons-convert	是
Commons	Commons	工具	其他,效率工具,在线服务	Commons在线服务	Commons在线服务。这里提供Commons的官方服务与相关信息，支持通过官网了解产品、功能、使用方式及最新动态；具体服务范围、开放地区和使用规则请以官方网站当前页面为准。官方网站：commons.apache.org。	https://commons.apache.org/proper/commons-daemon	是
Commons	Commons	工具	其他,效率工具,在线服务	Commons在线服务	Commons在线服务。这里提供Commons的官方服务与相关信息，支持通过官网了解产品、功能、使用方式及最新动态；具体服务范围、开放地区和使用规则请以官方网站当前页面为准。官方网站：commons.apache.org。	https://commons.apache.org/proper/commons-dbcp	是
Commons	Commons	工具	其他,效率工具,在线服务	Commons在线服务	Commons在线服务。这里提供Commons的官方服务与相关信息，支持通过官网了解产品、功能、使用方式及最新动态；具体服务范围、开放地区和使用规则请以官方网站当前页面为准。官方网站：commons.apache.org。	https://commons.apache.org/proper/commons-dbutils	是
Commons	Commons	工具	其他,效率工具,在线服务	Commons在线服务	Commons在线服务。这里提供Commons的官方服务与相关信息，支持通过官网了解产品、功能、使用方式及最新动态；具体服务范围、开放地区和使用规则请以官方网站当前页面为准。官方网站：commons.apache.org。	https://commons.apache.org/proper/commons-codec	是
Commons	Commons	工具	其他,效率工具,在线服务	Commons在线服务	Commons在线服务。这里提供Commons的官方服务与相关信息，支持通过官网了解产品、功能、使用方式及最新动态；具体服务范围、开放地区和使用规则请以官方网站当前页面为准。官方网站：commons.apache.org。	https://commons.apache.org/proper/commons-collections	是
Commons	Commons	工具	其他,效率工具,在线服务	Commons在线服务	Commons在线服务。这里提供Commons的官方服务与相关信息，支持通过官网了解产品、功能、使用方式及最新动态；具体服务范围、开放地区和使用规则请以官方网站当前页面为准。官方网站：commons.apache.org。	https://commons.apache.org/proper/commons-exec	是
Commons	Commons	工具	其他,效率工具,在线服务	Commons在线服务	Commons在线服务。这里提供Commons的官方服务与相关信息，支持通过官网了解产品、功能、使用方式及最新动态；具体服务范围、开放地区和使用规则请以官方网站当前页面为准。官方网站：commons.apache.org。	https://commons.apache.org/proper/commons-configuration	是
Commons	Commons	工具	其他,效率工具,在线服务	Commons在线服务	Commons在线服务。这里提供Commons的官方服务与相关信息，支持通过官网了解产品、功能、使用方式及最新动态；具体服务范围、开放地区和使用规则请以官方网站当前页面为准。官方网站：commons.apache.org。	https://commons.apache.org/proper/commons-csv	是
Commons	Commons	工具	其他,效率工具,在线服务	Commons在线服务	Commons在线服务。这里提供Commons的官方服务与相关信息，支持通过官网了解产品、功能、使用方式及最新动态；具体服务范围、开放地区和使用规则请以官方网站当前页面为准。官方网站：commons.apache.org。	https://commons.apache.org/proper/commons-fileupload	是
Commons	Commons	工具	其他,效率工具,在线服务	Commons在线服务	Commons在线服务。这里提供Commons的官方服务与相关信息，支持通过官网了解产品、功能、使用方式及最新动态；具体服务范围、开放地区和使用规则请以官方网站当前页面为准。官方网站：commons.apache.org。	https://commons.apache.org/sandbox/commons-finder	是
Commons	Commons	工具	其他,效率工具,在线服务	Commons在线服务	Commons在线服务。这里提供Commons的官方服务与相关信息，支持通过官网了解产品、功能、使用方式及最新动态；具体服务范围、开放地区和使用规则请以官方网站当前页面为准。官方网站：commons.apache.org。	https://commons.apache.org/sandbox/commons-flatfile	是
Commons	Commons	工具	其他,效率工具,在线服务	Commons在线服务	Commons在线服务。这里提供Commons的官方服务与相关信息，支持通过官网了解产品、功能、使用方式及最新动态；具体服务范围、开放地区和使用规则请以官方网站当前页面为准。官方网站：commons.apache.org。	https://commons.apache.org/sandbox/commons-graph	是
Commons	Commons	工具	其他,效率工具,在线服务	Commons在线服务	Commons在线服务。这里提供Commons的官方服务与相关信息，支持通过官网了解产品、功能、使用方式及最新动态；具体服务范围、开放地区和使用规则请以官方网站当前页面为准。官方网站：commons.apache.org。	https://commons.apache.org/proper/commons-digester	是
Commons	Commons	工具	其他,效率工具,在线服务	Commons在线服务	Commons在线服务。这里提供Commons的官方服务与相关信息，支持通过官网了解产品、功能、使用方式及最新动态；具体服务范围、开放地区和使用规则请以官方网站当前页面为准。官方网站：commons.apache.org。	https://commons.apache.org/sandbox/commons-i18n	是
Commons	Commons	工具	其他,效率工具,在线服务	Commons在线服务	Commons在线服务。这里提供Commons的官方服务与相关信息，支持通过官网了解产品、功能、使用方式及最新动态；具体服务范围、开放地区和使用规则请以官方网站当前页面为准。官方网站：commons.apache.org。	https://commons.apache.org/proper/commons-email	是
Commons	Commons	工具	其他,效率工具,在线服务	Commons在线服务	Commons在线服务。这里提供Commons的官方服务与相关信息，支持通过官网了解产品、功能、使用方式及最新动态；具体服务范围、开放地区和使用规则请以官方网站当前页面为准。官方网站：commons.apache.org。	https://commons.apache.org/sandbox/commons-id	是
Commons	Commons	工具	其他,效率工具,在线服务	Commons在线服务	Commons在线服务。这里提供Commons的官方服务与相关信息，支持通过官网了解产品、功能、使用方式及最新动态；具体服务范围、开放地区和使用规则请以官方网站当前页面为准。官方网站：commons.apache.org。	https://commons.apache.org/proper/commons-imaging	是
Commons	Commons	工具	其他,效率工具,在线服务	Commons在线服务	Commons在线服务。这里提供Commons的官方服务与相关信息，支持通过官网了解产品、功能、使用方式及最新动态；具体服务范围、开放地区和使用规则请以官方网站当前页面为准。官方网站：commons.apache.org。	https://commons.apache.org/proper/commons-io	是
Commons	Commons	工具	其他,效率工具,在线服务	Commons在线服务	Commons在线服务。这里提供Commons的官方服务与相关信息，支持通过官网了解产品、功能、使用方式及最新动态；具体服务范围、开放地区和使用规则请以官方网站当前页面为准。官方网站：commons.apache.org。	https://commons.apache.org/proper/commons-jci	是
Commons	Commons	工具	其他,效率工具,在线服务	Commons在线服务	Commons在线服务。这里提供Commons的官方服务与相关信息，支持通过官网了解产品、功能、使用方式及最新动态；具体服务范围、开放地区和使用规则请以官方网站当前页面为准。官方网站：commons.apache.org。	https://commons.apache.org/sandbox/commons-javaflow	是
Commons	Commons	工具	其他,效率工具,在线服务	Commons在线服务	Commons在线服务。这里提供Commons的官方服务与相关信息，支持通过官网了解产品、功能、使用方式及最新动态；具体服务范围、开放地区和使用规则请以官方网站当前页面为准。官方网站：commons.apache.org。	https://commons.apache.org/proper/commons-jelly	是
Commons	Commons	工具	其他,效率工具,在线服务	Commons在线服务	Commons在线服务。这里提供Commons的官方服务与相关信息，支持通过官网了解产品、功能、使用方式及最新动态；具体服务范围、开放地区和使用规则请以官方网站当前页面为准。官方网站：commons.apache.org。	https://commons.apache.org/proper/commons-jcs	是
Commons	Commons	工具	其他,效率工具,在线服务	Commons在线服务	Commons在线服务。这里提供Commons的官方服务与相关信息，支持通过官网了解产品、功能、使用方式及最新动态；具体服务范围、开放地区和使用规则请以官方网站当前页面为准。官方网站：commons.apache.org。	https://commons.apache.org/proper/commons-jxpath	是
Commons	Commons	工具	其他,效率工具,在线服务	Commons在线服务	Commons在线服务。这里提供Commons的官方服务与相关信息，支持通过官网了解产品、功能、使用方式及最新动态；具体服务范围、开放地区和使用规则请以官方网站当前页面为准。官方网站：commons.apache.org。	https://commons.apache.org/sandbox/commons-jnet	是
Commons	Commons	工具	其他,效率工具,在线服务	Commons在线服务	Commons在线服务。这里提供Commons的官方服务与相关信息，支持通过官网了解产品、功能、使用方式及最新动态；具体服务范围、开放地区和使用规则请以官方网站当前页面为准。官方网站：commons.apache.org。	https://commons.apache.org/proper/commons-lang	是
Commons	Commons	工具	其他,效率工具,在线服务	Commons在线服务	Commons在线服务。这里提供Commons的官方服务与相关信息，支持通过官网了解产品、功能、使用方式及最新动态；具体服务范围、开放地区和使用规则请以官方网站当前页面为准。官方网站：commons.apache.org。	https://commons.apache.org/proper/commons-math	是
Commons	Commons	工具	其他,效率工具,在线服务	Commons在线服务	Commons在线服务。这里提供Commons的官方服务与相关信息，支持通过官网了解产品、功能、使用方式及最新动态；具体服务范围、开放地区和使用规则请以官方网站当前页面为准。官方网站：commons.apache.org。	https://commons.apache.org/sandbox/commons-monitoring	是
Commons	Commons	工具	其他,效率工具,在线服务	Commons在线服务	Commons在线服务。这里提供Commons的官方服务与相关信息，支持通过官网了解产品、功能、使用方式及最新动态；具体服务范围、开放地区和使用规则请以官方网站当前页面为准。官方网站：commons.apache.org。	https://commons.apache.org/sandbox/commons-nabla	是
Commons	Commons	工具	其他,效率工具,在线服务	Commons在线服务	Commons在线服务。这里提供Commons的官方服务与相关信息，支持通过官网了解产品、功能、使用方式及最新动态；具体服务范围、开放地区和使用规则请以官方网站当前页面为准。官方网站：commons.apache.org。	https://commons.apache.org/proper/commons-net	是
Commons	Commons	工具	其他,效率工具,在线服务	Commons在线服务	Commons在线服务。这里提供Commons的官方服务与相关信息，支持通过官网了解产品、功能、使用方式及最新动态；具体服务范围、开放地区和使用规则请以官方网站当前页面为准。官方网站：commons.apache.org。	https://commons.apache.org/sandbox/commons-performance	是
Commons	Commons	工具	其他,效率工具,在线服务	Commons在线服务	Commons在线服务。这里提供Commons的官方服务与相关信息，支持通过官网了解产品、功能、使用方式及最新动态；具体服务范围、开放地区和使用规则请以官方网站当前页面为准。官方网站：commons.apache.org。	https://commons.apache.org/proper/commons-jexl	是
Commons	Commons	工具	其他,效率工具,在线服务	Commons在线服务	Commons在线服务。这里提供Commons的官方服务与相关信息，支持通过官网了解产品、功能、使用方式及最新动态；具体服务范围、开放地区和使用规则请以官方网站当前页面为准。官方网站：commons.apache.org。	https://commons.apache.org/sandbox/commons-pipeline	是
Commons	Commons	工具	其他,效率工具,在线服务	Commons在线服务	Commons在线服务。这里提供Commons的官方服务与相关信息，支持通过官网了解产品、功能、使用方式及最新动态；具体服务范围、开放地区和使用规则请以官方网站当前页面为准。官方网站：commons.apache.org。	https://commons.apache.org/proper/commons-pool	是
Commons	Commons	工具	其他,效率工具,在线服务	Commons在线服务	Commons在线服务。这里提供Commons的官方服务与相关信息，支持通过官网了解产品、功能、使用方式及最新动态；具体服务范围、开放地区和使用规则请以官方网站当前页面为准。官方网站：commons.apache.org。	https://commons.apache.org/proper/commons-rdf	是
Akka	Akka	工具	其他,效率工具,在线服务	Akka在线服务	Akka在线服务。这里提供Akka的官方服务与相关信息，支持通过官网了解产品、功能、使用方式及最新动态；具体服务范围、开放地区和使用规则请以官方网站当前页面为准。官方网站：akka.io。	https://akka.io	是
Elide	Elide	工具	其他,效率工具,在线服务	Elide在线服务	Elide在线服务。这里提供Elide的官方服务与相关信息，支持通过官网了解产品、功能、使用方式及最新动态；具体服务范围、开放地区和使用规则请以官方网站当前页面为准。官方网站：elide.io。	https://elide.io	是
Commons	Commons	工具	其他,效率工具,在线服务	Commons在线服务	Commons在线服务。这里提供Commons的官方服务与相关信息，支持通过官网了解产品、功能、使用方式及最新动态；具体服务范围、开放地区和使用规则请以官方网站当前页面为准。官方网站：commons.apache.org。	https://commons.apache.org/proper/commons-scxml	是
Jersey	Jersey	开发	编程开发,效率工具	Jersey在线服务	Jersey在线服务。这里提供Jersey的官方服务与相关信息，支持通过官网了解产品、功能、使用方式及最新动态；具体服务范围、开放地区和使用规则请以官方网站当前页面为准。官方网站：jersey.github.io。	https://jersey.github.io	是
Commons	Commons	工具	其他,效率工具,在线服务	Commons在线服务	Commons在线服务。这里提供Commons的官方服务与相关信息，支持通过官网了解产品、功能、使用方式及最新动态；具体服务范围、开放地区和使用规则请以官方网站当前页面为准。官方网站：commons.apache.org。	https://commons.apache.org/proper/commons-logging	是
Commons	Commons	工具	其他,效率工具,在线服务	Commons在线服务	Commons在线服务。这里提供Commons的官方服务与相关信息，支持通过官网了解产品、功能、使用方式及最新动态；具体服务范围、开放地区和使用规则请以官方网站当前页面为准。官方网站：commons.apache.org。	https://commons.apache.org/proper/commons-vfs	是
Commons	Commons	工具	其他,效率工具,在线服务	Commons在线服务	Commons在线服务。这里提供Commons的官方服务与相关信息，支持通过官网了解产品、功能、使用方式及最新动态；具体服务范围、开放地区和使用规则请以官方网站当前页面为准。官方网站：commons.apache.org。	https://commons.apache.org/proper/commons-validator	是
Commons	Commons	工具	其他,效率工具,在线服务	Commons在线服务	Commons在线服务。这里提供Commons的官方服务与相关信息，支持通过官网了解产品、功能、使用方式及最新动态；具体服务范围、开放地区和使用规则请以官方网站当前页面为准。官方网站：commons.apache.org。	https://commons.apache.org/proper/commons-weaver	是
Biojava	Biojava	工具	其他,效率工具,在线服务	Biojava在线服务	Biojava在线服务。这里提供Biojava的官方服务与相关信息，支持通过官网了解产品、功能、使用方式及最新动态；具体服务范围、开放地区和使用规则请以官方网站当前页面为准。官方网站：biojava.org。	https://biojava.org	是
Graphstream Project	Graphstream Project	工具	其他,效率工具,在线服务	Graphstream Project在线服务	Graphstream Project在线服务。这里提供Graphstream Project的官方服务与相关信息，支持通过官网了解产品、功能、使用方式及最新动态；具体服务范围、开放地区和使用规则请以官方网站当前页面为准。官方网站：graphstream-project.org。	https://graphstream-project.org	是
Commons	Commons	工具	其他,效率工具,在线服务	Commons在线服务	Commons在线服务。这里提供Commons的官方服务与相关信息，支持通过官网了解产品、功能、使用方式及最新动态；具体服务范围、开放地区和使用规则请以官方网站当前页面为准。官方网站：commons.apache.org。	https://commons.apache.org/sandbox/commons-openpgp	是
Lucene	Lucene	工具	其他,效率工具,在线服务	Lucene在线服务	Lucene在线服务。这里提供Lucene的官方服务与相关信息，支持通过官网了解产品、功能、使用方式及最新动态；具体服务范围、开放地区和使用规则请以官方网站当前页面为准。官方网站：lucene.apache.org。	https://lucene.apache.org	是
Orekit	Orekit	工具	其他,效率工具,在线服务	Orekit在线服务	Orekit在线服务。这里提供Orekit的官方服务与相关信息，支持通过官网了解产品、功能、使用方式及最新动态；具体服务范围、开放地区和使用规则请以官方网站当前页面为准。官方网站：orekit.org。	https://www.orekit.org	是
Shiro	Shiro	工具	其他,效率工具,在线服务	Shiro在线服务	Shiro在线服务。这里提供Shiro的官方服务与相关信息，支持通过官网了解产品、功能、使用方式及最新动态；具体服务范围、开放地区和使用规则请以官方网站当前页面为准。官方网站：shiro.apache.org。	https://shiro.apache.org	是
Commons	Commons	工具	其他,效率工具,在线服务	Commons在线服务	Commons在线服务。这里提供Commons的官方服务与相关信息，支持通过官网了解产品、功能、使用方式及最新动态；具体服务范围、开放地区和使用规则请以官方网站当前页面为准。官方网站：commons.apache.org。	https://commons.apache.org/proper/commons-rng	是
Datamelt	Datamelt	工具	其他,效率工具,在线服务	Datamelt在线服务	Datamelt在线服务。这里提供Datamelt的官方服务与相关信息，支持通过官网了解产品、功能、使用方式及最新动态；具体服务范围、开放地区和使用规则请以官方网站当前页面为准。官方网站：datamelt.org。	https://datamelt.org	是
Spring	Spring	工具	其他,效率工具,在线服务	Spring在线服务	Spring在线服务。这里提供Spring的官方服务与相关信息，支持通过官网了解产品、功能、使用方式及最新动态；具体服务范围、开放地区和使用规则请以官方网站当前页面为准。官方网站：spring.io。	https://spring.io/projects	是
Resteasy	Resteasy	开发	编程开发,效率工具	Resteasy在线服务	Resteasy在线服务。这里提供Resteasy的官方服务与相关信息，支持通过官网了解产品、功能、使用方式及最新动态；具体服务范围、开放地区和使用规则请以官方网站当前页面为准。官方网站：resteasy.github.io。	https://resteasy.github.io	是
Cuba Platform	Cuba Platform	工具	其他,效率工具,在线服务	Cuba Platform在线服务	Cuba Platform在线服务。这里提供Cuba Platform的官方服务与相关信息，支持通过官网了解产品、功能、使用方式及最新动态；具体服务范围、开放地区和使用规则请以官方网站当前页面为准。官方网站：cuba-platform.com。	https://www.cuba-platform.com	是
Lucene	Lucene	工具	其他,效率工具,在线服务	Lucene在线服务	Lucene在线服务。这里提供Lucene的官方服务与相关信息，支持通过官网了解产品、功能、使用方式及最新动态；具体服务范围、开放地区和使用规则请以官方网站当前页面为准。官方网站：lucene.apache.org。	https://lucene.apache.org/solr	是
Tomcat	Tomcat	工具	其他,效率工具,在线服务	Tomcat在线服务	Tomcat在线服务。这里提供Tomcat的官方服务与相关信息，支持通过官网了解产品、功能、使用方式及最新动态；具体服务范围、开放地区和使用规则请以官方网站当前页面为准。官方网站：tomcat.apache.org。	https://tomcat.apache.org	是
Keycloak	Keycloak	工具	其他,效率工具,在线服务	Keycloak在线服务	Keycloak在线服务。这里提供Keycloak的官方服务与相关信息，支持通过官网了解产品、功能、使用方式及最新动态；具体服务范围、开放地区和使用规则请以官方网站当前页面为准。官方网站：keycloak.org。	https://www.keycloak.org	是
Passay	Passay	工具	其他,效率工具,在线服务	Passay在线服务	Passay在线服务。这里提供Passay的官方服务与相关信息，支持通过官网了解产品、功能、使用方式及最新动态；具体服务范围、开放地区和使用规则请以官方网站当前页面为准。官方网站：passay.org。	https://www.passay.org	是
Rapidoid	Rapidoid	开发	编程开发,效率工具	Rapidoid在线服务	Rapidoid在线服务。这里提供Rapidoid的官方服务与相关信息，支持通过官网了解产品、功能、使用方式及最新动态；具体服务范围、开放地区和使用规则请以官方网站当前页面为准。官方网站：rapidoid.org。	https://www.rapidoid.org	是
Wildfly	Wildfly	工具	其他,效率工具,在线服务	Wildfly在线服务	Wildfly在线服务。这里提供Wildfly的官方服务与相关信息，支持通过官网了解产品、功能、使用方式及最新动态；具体服务范围、开放地区和使用规则请以官方网站当前页面为准。官方网站：wildfly.org。	https://www.wildfly.org	是
Oaccframework	Oaccframework	工具	效率工具,在线服务	Oaccframework在线服务	Oaccframework在线服务。这里提供Oaccframework的官方服务与相关信息，支持通过官网了解产品、功能、使用方式及最新动态；具体服务范围、开放地区和使用规则请以官方网站当前页面为准。官方网站：oaccframework.org。	http://oaccframework.org	是
Pebbletemplates	Pebbletemplates	工具	其他,效率工具,在线服务	Pebbletemplates在线服务	Pebbletemplates在线服务。这里提供Pebbletemplates的官方服务与相关信息，支持通过官网了解产品、功能、使用方式及最新动态；具体服务范围、开放地区和使用规则请以官方网站当前页面为准。官方网站：pebbletemplates.io。	https://pebbletemplates.io	是
Thymeleaf	Thymeleaf	工具	其他,效率工具,在线服务	Thymeleaf在线服务	Thymeleaf在线服务。这里提供Thymeleaf的官方服务与相关信息，支持通过官网了解产品、功能、使用方式及最新动态；具体服务范围、开放地区和使用规则请以官方网站当前页面为准。官方网站：thymeleaf.org。	https://www.thymeleaf.org	是
Vertx	Vertx	工具	其他,效率工具,在线服务	Vertx在线服务	Vertx在线服务。这里提供Vertx的官方服务与相关信息，支持通过官网了解产品、功能、使用方式及最新动态；具体服务范围、开放地区和使用规则请以官方网站当前页面为准。官方网站：vertx.io。	https://vertx.io	是
Tomee	Tomee	工具	其他,效率工具,在线服务	Tomee在线服务	Tomee在线服务。这里提供Tomee的官方服务与相关信息，支持通过官网了解产品、功能、使用方式及最新动态；具体服务范围、开放地区和使用规则请以官方网站当前页面为准。官方网站：tomee.apache.org。	https://tomee.apache.org	是
Freemarker	Freemarker	工具	其他,效率工具,在线服务	Freemarker在线服务	Freemarker在线服务。这里提供Freemarker的官方服务与相关信息，支持通过官网了解产品、功能、使用方式及最新动态；具体服务范围、开放地区和使用规则请以官方网站当前页面为准。官方网站：freemarker.apache.org。	https://freemarker.apache.org	是
Jmeter	Jmeter	工具	其他,效率工具,在线服务	Jmeter在线服务	Jmeter在线服务。这里提供Jmeter的官方服务与相关信息，支持通过官网了解产品、功能、使用方式及最新动态；具体服务范围、开放地区和使用规则请以官方网站当前页面为准。官方网站：jmeter.apache.org。	https://jmeter.apache.org	是
Jgiven	Jgiven	工具	其他,效率工具,在线服务	Jgiven在线服务	Jgiven在线服务。这里提供Jgiven的官方服务与相关信息，支持通过官网了解产品、功能、使用方式及最新动态；具体服务范围、开放地区和使用规则请以官方网站当前页面为准。官方网站：jgiven.org。	https://jgiven.org	是
Central	Central	工具	其他,效率工具,在线服务	Central在线服务	Central在线服务。这里提供Central的官方服务与相关信息，支持通过官网了解产品、功能、使用方式及最新动态；具体服务范围、开放地区和使用规则请以官方网站当前页面为准。官方网站：central.sonatype.com。	https://central.sonatype.com/artifact/com.mosscomputing/moss-sdk	是
Jknack	Jknack	开发	编程开发,效率工具	Jknack在线服务	Jknack在线服务。这里提供Jknack的官方服务与相关信息，支持通过官网了解产品、功能、使用方式及最新动态；具体服务范围、开放地区和使用规则请以官方网站当前页面为准。官方网站：jknack.github.io。	https://jknack.github.io/handlebars.java	是
Citrusframework	Citrusframework	工具	效率工具,在线服务	Citrusframework在线服务	Citrusframework在线服务。这里提供Citrusframework的官方服务与相关信息，支持通过官网了解产品、功能、使用方式及最新动态；具体服务范围、开放地区和使用规则请以官方网站当前页面为准。官方网站：citrusframework.org。	https://citrusframework.org	是
Arquillian	Arquillian	工具	其他,效率工具,在线服务	Arquillian在线服务	Arquillian在线服务。这里提供Arquillian的官方服务与相关信息，支持通过官网了解产品、功能、使用方式及最新动态；具体服务范围、开放地区和使用规则请以官方网站当前页面为准。官方网站：arquillian.org。	https://arquillian.org	是
Sparkjava	Sparkjava	工具	其他,效率工具,在线服务	Sparkjava在线服务	Sparkjava在线服务。这里提供Sparkjava的官方服务与相关信息，支持通过官网了解产品、功能、使用方式及最新动态；具体服务范围、开放地区和使用规则请以官方网站当前页面为准。官方网站：sparkjava.com。	https://sparkjava.com	是
Jbehave	Jbehave	工具	其他,效率工具,在线服务	Jbehave在线服务	Jbehave在线服务。这里提供Jbehave的官方服务与相关信息，支持通过官网了解产品、功能、使用方式及最新动态；具体服务范围、开放地区和使用规则请以官方网站当前页面为准。官方网站：jbehave.org。	https://jbehave.org	是
Jqwik	Jqwik	工具	其他,效率工具,在线服务	Jqwik在线服务	Jqwik在线服务。这里提供Jqwik的官方服务与相关信息，支持通过官网了解产品、功能、使用方式及最新动态；具体服务范围、开放地区和使用规则请以官方网站当前页面为准。官方网站：jqwik.net。	https://jqwik.net	是
Pitest	Pitest	工具	其他,效率工具,在线服务	Pitest在线服务	Pitest在线服务。这里提供Pitest的官方服务与相关信息，支持通过官网了解产品、功能、使用方式及最新动态；具体服务范围、开放地区和使用规则请以官方网站当前页面为准。官方网站：pitest.org。	https://pitest.org	是
Greenmail Mail Test	Greenmail Mail Test	AI	AI,效率工具	Greenmail Mail Test在线服务	Greenmail Mail Test在线服务。这里提供Greenmail Mail Test的官方服务与相关信息，支持通过官网了解产品、功能、使用方式及最新动态；具体服务范围、开放地区和使用规则请以官方网站当前页面为准。官方网站：greenmail-mail-test.github.io。	https://greenmail-mail-test.github.io/greenmail	是
Jsonassert	Jsonassert	工具	其他,效率工具,在线服务	Jsonassert在线服务	Jsonassert在线服务。这里提供Jsonassert的官方服务与相关信息，支持通过官网了解产品、功能、使用方式及最新动态；具体服务范围、开放地区和使用规则请以官方网站当前页面为准。官方网站：jsonassert.skyscreamer.org。	https://jsonassert.skyscreamer.org	是
Truth	Truth	开发	编程开发,效率工具	Truth在线服务	Truth在线服务。这里提供Truth的官方服务与相关信息，支持通过官网了解产品、功能、使用方式及最新动态；具体服务范围、开放地区和使用规则请以官方网站当前页面为准。官方网站：truth.dev。	https://truth.dev	是
Abstracta	Abstracta	开发	编程开发,效率工具	Abstracta在线服务	Abstracta在线服务。这里提供Abstracta的官方服务与相关信息，支持通过官网了解产品、功能、使用方式及最新动态；具体服务范围、开放地区和使用规则请以官方网站当前页面为准。官方网站：abstracta.github.io。	https://abstracta.github.io/jmeter-java-dsl	是
Pojo	Pojo	工具	其他,效率工具,在线服务	Pojo在线服务	Pojo在线服务。这里提供Pojo的官方服务与相关信息，支持通过官网了解产品、功能、使用方式及最新动态；具体服务范围、开放地区和使用规则请以官方网站当前页面为准。官方网站：pojo.pl。	https://www.pojo.pl	是
Junit Pioneer	Junit Pioneer	工具	其他,效率工具,在线服务	Junit Pioneer在线服务	Junit Pioneer在线服务。这里提供Junit Pioneer的官方服务与相关信息，支持通过官网了解产品、功能、使用方式及最新动态；具体服务范围、开放地区和使用规则请以官方网站当前页面为准。官方网站：junit-pioneer.org。	https://junit-pioneer.org	是
Jfree	Jfree	工具	其他,效率工具,在线服务	Jfree在线服务	Jfree在线服务。这里提供Jfree的官方服务与相关信息，支持通过官网了解产品、功能、使用方式及最新动态；具体服务范围、开放地区和使用规则请以官方网站当前页面为准。官方网站：jfree.org。	https://www.jfree.org/jfreechart	是
Joel Costigliola	Joel Costigliola	开发	编程开发,效率工具	Joel Costigliola在线服务	Joel Costigliola在线服务。这里提供Joel Costigliola的官方服务与相关信息，支持通过官网了解产品、功能、使用方式及最新动态；具体服务范围、开放地区和使用规则请以官方网站当前页面为准。官方网站：joel-costigliola.github.io。	https://joel-costigliola.github.io/assertj	是
Jmockit	Jmockit	开发	编程开发,效率工具	Jmockit在线服务	Jmockit在线服务。这里提供Jmockit的官方服务与相关信息，支持通过官网了解产品、功能、使用方式及最新动态；具体服务范围、开放地区和使用规则请以官方网站当前页面为准。官方网站：jmockit.github.io。	https://jmockit.github.io	是
Cryptomator	Cryptomator	工具	其他,效率工具,在线服务	Cryptomator在线服务	Cryptomator在线服务。这里提供Cryptomator的官方服务与相关信息，支持通过官网了解产品、功能、使用方式及最新动态；具体服务范围、开放地区和使用规则请以官方网站当前页面为准。官方网站：cryptomator.org。	https://cryptomator.org	是
Topaz	Topaz	工具	其他,效率工具,在线服务	Topaz在线服务	Topaz在线服务。这里提供Topaz的官方服务与相关信息，支持通过官网了解产品、功能、使用方式及最新动态；具体服务范围、开放地区和使用规则请以官方网站当前页面为准。官方网站：topaz.sh。	https://www.topaz.sh	是
Wiremock	Wiremock	工具	其他,效率工具,在线服务	Wiremock在线服务	Wiremock在线服务。这里提供Wiremock的官方服务与相关信息，支持通过官网了解产品、功能、使用方式及最新动态；具体服务范围、开放地区和使用规则请以官方网站当前页面为准。官方网站：wiremock.org。	https://wiremock.org	是
Wicket	Wicket	工具	其他,效率工具,在线服务	Wicket在线服务	Wicket在线服务。这里提供Wicket的官方服务与相关信息，支持通过官网了解产品、功能、使用方式及最新动态；具体服务范围、开放地区和使用规则请以官方网站当前页面为准。官方网站：wicket.apache.org。	https://wicket.apache.org	是
Mock Server	Mock Server	工具	其他,效率工具,在线服务	Mock Server在线服务	Mock Server在线服务。这里提供Mock Server的官方服务与相关信息，支持通过官网了解产品、功能、使用方式及最新动态；具体服务范围、开放地区和使用规则请以官方网站当前页面为准。官方网站：mock-server.com。	https://www.mock-server.com	是
Activej	Activej	工具	其他,效率工具,在线服务	Activej在线服务	Activej在线服务。这里提供Activej的官方服务与相关信息，支持通过官网了解产品、功能、使用方式及最新动态；具体服务范围、开放地区和使用规则请以官方网站当前页面为准。官方网站：activej.io。	https://activej.io	是
Fireflysource	Fireflysource	工具	其他,效率工具,在线服务	Fireflysource在线服务	Fireflysource在线服务。这里提供Fireflysource的官方服务与相关信息，支持通过官网了解产品、功能、使用方式及最新动态；具体服务范围、开放地区和使用规则请以官方网站当前页面为准。官方网站：fireflysource.com。	https://www.fireflysource.com	是
Bootique	Bootique	工具	其他,效率工具,在线服务	Bootique在线服务	Bootique在线服务。这里提供Bootique的官方服务与相关信息，支持通过官网了解产品、功能、使用方式及最新动态；具体服务范围、开放地区和使用规则请以官方网站当前页面为准。官方网站：bootique.io。	https://bootique.io	是
Nutch	Nutch	工具	其他,效率工具,在线服务	Nutch在线服务	Nutch在线服务。这里提供Nutch的官方服务与相关信息，支持通过官网了解产品、功能、使用方式及最新动态；具体服务范围、开放地区和使用规则请以官方网站当前页面为准。官方网站：nutch.apache.org。	https://nutch.apache.org	是
Tapestry	Tapestry	工具	其他,效率工具,在线服务	Tapestry在线服务	Tapestry在线服务。这里提供Tapestry的官方服务与相关信息，支持通过官网了解产品、功能、使用方式及最新动态；具体服务范围、开放地区和使用规则请以官方网站当前页面为准。官方网站：tapestry.apache.org。	https://tapestry.apache.org	是
Java Diff Utils	Java Diff Utils	开发	编程开发,效率工具	Java Diff Utils在线服务	Java Diff Utils在线服务。这里提供Java Diff Utils的官方服务与相关信息，支持通过官网了解产品、功能、使用方式及最新动态；具体服务范围、开放地区和使用规则请以官方网站当前页面为准。官方网站：java-diff-utils.github.io。	https://java-diff-utils.github.io/java-diff-utils	是
Cadenceworkflow	Cadenceworkflow	工具	效率工具,在线服务	Cadenceworkflow在线服务	Cadenceworkflow在线服务。这里提供Cadenceworkflow的官方服务与相关信息，支持通过官网了解产品、功能、使用方式及最新动态；具体服务范围、开放地区和使用规则请以官方网站当前页面为准。官方网站：cadenceworkflow.io。	https://cadenceworkflow.io	是
Javaevolved	Javaevolved	开发	编程开发,效率工具	Javaevolved在线服务	Javaevolved在线服务。这里提供Javaevolved的官方服务与相关信息，支持通过官网了解产品、功能、使用方式及最新动态；具体服务范围、开放地区和使用规则请以官方网站当前页面为准。官方网站：javaevolved.github.io。	https://javaevolved.github.io	是
Ratpack	Ratpack	工具	其他,效率工具,在线服务	Ratpack在线服务	Ratpack在线服务。这里提供Ratpack的官方服务与相关信息，支持通过官网了解产品、功能、使用方式及最新动态；具体服务范围、开放地区和使用规则请以官方网站当前页面为准。官方网站：ratpack.io。	https://ratpack.io	是
Playframework	Playframework	工具	效率工具,在线服务	Playframework在线服务	Playframework在线服务。这里提供Playframework的官方服务与相关信息，支持通过官网了解产品、功能、使用方式及最新动态；具体服务范围、开放地区和使用规则请以官方网站当前页面为准。官方网站：playframework.com。	https://www.playframework.com	是
Jsoup	Jsoup	工具	其他,效率工具,在线服务	Jsoup在线服务	Jsoup在线服务。这里提供Jsoup的官方服务与相关信息，支持通过官网了解产品、功能、使用方式及最新动态；具体服务范围、开放地区和使用规则请以官方网站当前页面为准。官方网站：jsoup.org。	https://jsoup.org	是
Jooby	Jooby	工具	其他,效率工具,在线服务	Jooby在线服务	Jooby在线服务。这里提供Jooby的官方服务与相关信息，支持通过官网了解产品、功能、使用方式及最新动态；具体服务范围、开放地区和使用规则请以官方网站当前页面为准。官方网站：jooby.org。	https://www.jooby.org	是
Libs	Libs	工具	其他,效率工具,在线服务	Libs在线服务	Libs在线服务。这里提供Libs的官方服务与相关信息，支持通过官网了解产品、功能、使用方式及最新动态；具体服务范围、开放地区和使用规则请以官方网站当前页面为准。官方网站：libs.tech。	https://libs.tech/java	是
Stormcrawler	Stormcrawler	工具	其他,效率工具,在线服务	Stormcrawler在线服务	Stormcrawler在线服务。这里提供Stormcrawler的官方服务与相关信息，支持通过官网了解产品、功能、使用方式及最新动态；具体服务范围、开放地区和使用规则请以官方网站当前页面为准。官方网站：stormcrawler.net。	https://stormcrawler.net	是
Ninjaframework	Ninjaframework	工具	效率工具,在线服务	Ninjaframework在线服务	Ninjaframework在线服务。这里提供Ninjaframework的官方服务与相关信息，支持通过官网了解产品、功能、使用方式及最新动态；具体服务范围、开放地区和使用规则请以官方网站当前页面为准。官方网站：ninjaframework.org。	https://www.ninjaframework.org	是
Bootifulpodcast	Bootifulpodcast	工具	其他,效率工具,在线服务	Bootifulpodcast在线服务	Bootifulpodcast在线服务。这里提供Bootifulpodcast的官方服务与相关信息，支持通过官网了解产品、功能、使用方式及最新动态；具体服务范围、开放地区和使用规则请以官方网站当前页面为准。官方网站：bootifulpodcast.fm。	https://bootifulpodcast.fm	是
Vaadin	Vaadin	工具	其他,效率工具,在线服务	Vaadin在线服务	Vaadin在线服务。这里提供Vaadin的官方服务与相关信息，支持通过官网了解产品、功能、使用方式及最新动态；具体服务范围、开放地区和使用规则请以官方网站当前页面为准。官方网站：vaadin.com。	https://vaadin.com	是
Manning	Manning	工具	其他,效率工具,在线服务	Manning在线服务	Manning在线服务。这里提供Manning的官方服务与相关信息，支持通过官网了解产品、功能、使用方式及最新动态；具体服务范围、开放地区和使用规则请以官方网站当前页面为准。官方网站：manning.com。	https://www.manning.com/books/the-well-grounded-java-developer-second-edition	是
Inside	Inside	工具	其他,效率工具,在线服务	Inside在线服务	Inside在线服务。这里提供Inside的官方服务与相关信息，支持通过官网了解产品、功能、使用方式及最新动态；具体服务范围、开放地区和使用规则请以官方网站当前页面为准。官方网站：inside.java。	https://inside.java/podcast	是
Google	Google	开发	编程开发,效率工具	Google在线服务	Google在线服务。这里提供Google的官方服务与相关信息，支持通过官网了解产品、功能、使用方式及最新动态；具体服务范围、开放地区和使用规则请以官方网站当前页面为准。官方网站：google.github.io。	https://google.github.io/styleguide/javaguide.html	是
Foojay	Foojay	工具	其他,效率工具,在线服务	Foojay在线服务	Foojay在线服务。这里提供Foojay的官方服务与相关信息，支持通过官网了解产品、功能、使用方式及最新动态；具体服务范围、开放地区和使用规则请以官方网站当前页面为准。官方网站：foojay.io。	https://foojay.io	是
Javaposse	Javaposse	工具	其他,效率工具,在线服务	Javaposse在线服务	Javaposse在线服务。这里提供Javaposse的官方服务与相关信息，支持通过官网了解产品、功能、使用方式及最新动态；具体服务范围、开放地区和使用规则请以官方网站当前页面为准。官方网站：javaposse.com。	http://www.javaposse.com	是
Blog	Blog	工具	其他,效率工具,在线服务	Blog在线服务	Blog在线服务。这里提供Blog的官方服务与相关信息，支持通过官网了解产品、功能、使用方式及最新动态；具体服务范围、开放地区和使用规则请以官方网站当前页面为准。官方网站：blog.jooq.org。	https://blog.jooq.org	是
Vanilla Java	Vanilla Java	开发	编程开发,效率工具	Vanilla Java在线服务	Vanilla Java在线服务。这里提供Vanilla Java的官方服务与相关信息，支持通过官网了解产品、功能、使用方式及最新动态；具体服务范围、开放地区和使用规则请以官方网站当前页面为准。官方网站：vanilla-java.github.io。	https://vanilla-java.github.io	是
Theserverside	Theserverside	工具	其他,效率工具,在线服务	Theserverside在线服务	Theserverside在线服务。这里提供Theserverside的官方服务与相关信息，支持通过官网了解产品、功能、使用方式及最新动态；具体服务范围、开放地区和使用规则请以官方网站当前页面为准。官方网站：theserverside.com。	https://www.theserverside.com	是
Algs4	Algs4	教育	在线学习,效率工具	Algs4在线服务	Algs4在线服务。这里提供Algs4的官方服务与相关信息，支持通过官网了解产品、功能、使用方式及最新动态；具体服务范围、开放地区和使用规则请以官方网站当前页面为准。官方网站：algs4.cs.princeton.edu。	https://algs4.cs.princeton.edu/code	是
Thecodeforge	Thecodeforge	开发	编程开发,效率工具	Thecodeforge在线服务	Thecodeforge在线服务。这里提供Thecodeforge的官方服务与相关信息，支持通过官网了解产品、功能、使用方式及最新动态；具体服务范围、开放地区和使用规则请以官方网站当前页面为准。官方网站：thecodeforge.io。	https://thecodeforge.io/java	是
Starknet	Starknet	工具	其他,效率工具,在线服务	Starknet在线服务	Starknet在线服务。这里提供Starknet的官方服务与相关信息，支持通过官网了解产品、功能、使用方式及最新动态；具体服务范围、开放地区和使用规则请以官方网站当前页面为准。官方网站：starknet.io。	https://www.starknet.io	是
Trackawesomelist	Trackawesomelist	工具	其他,效率工具,在线服务	Trackawesomelist在线服务	Trackawesomelist在线服务。这里提供Trackawesomelist的官方服务与相关信息，支持通过官网了解产品、功能、使用方式及最新动态；具体服务范围、开放地区和使用规则请以官方网站当前页面为准。官方网站：trackawesomelist.com。	https://www.trackawesomelist.com/badge.svg	是
Img	Img	工具	其他,效率工具,在线服务	Img在线服务	Img在线服务。这里提供Img的官方服务与相关信息，支持通过官网了解产品、功能、使用方式及最新动态；具体服务范围、开放地区和使用规则请以官方网站当前页面为准。官方网站：img.shields.io。	https://img.shields.io/github/actions/workflow/status/gyulyvgc/sniffnet/rust.yml	是
Dystroy	Dystroy	工具	其他,效率工具,在线服务	Dystroy在线服务	Dystroy在线服务。这里提供Dystroy的官方服务与相关信息，支持通过官网了解产品、功能、使用方式及最新动态；具体服务范围、开放地区和使用规则请以官方网站当前页面为准。官方网站：dystroy.org。	https://dystroy.org/broot	是
Opcfoundation	Opcfoundation	工具	其他,效率工具,在线服务	Opcfoundation在线服务	Opcfoundation在线服务。这里提供Opcfoundation的官方服务与相关信息，支持通过官网了解产品、功能、使用方式及最新动态；具体服务范围、开放地区和使用规则请以官方网站当前页面为准。官方网站：opcfoundation.org。	https://opcfoundation.org/about/opc-technologies/opc-ua	是
Hasura	Hasura	工具	其他,效率工具,在线服务	Hasura在线服务	Hasura在线服务。这里提供Hasura的官方服务与相关信息，支持通过官网了解产品、功能、使用方式及最新动态；具体服务范围、开放地区和使用规则请以官方网站当前页面为准。官方网站：hasura.io。	https://hasura.io	是
Jakegoulding	Jakegoulding	工具	其他,效率工具,在线服务	Jakegoulding在线服务	Jakegoulding在线服务。这里提供Jakegoulding的官方服务与相关信息，支持通过官网了解产品、功能、使用方式及最新动态；具体服务范围、开放地区和使用规则请以官方网站当前页面为准。官方网站：jakegoulding.com。	http://jakegoulding.com/rust-ffi-omnibus	是
Pantsbuild	Pantsbuild	工具	其他,效率工具,在线服务	Pantsbuild在线服务	Pantsbuild在线服务。这里提供Pantsbuild的官方服务与相关信息，支持通过官网了解产品、功能、使用方式及最新动态；具体服务范围、开放地区和使用规则请以官方网站当前页面为准。官方网站：pantsbuild.org。	https://www.pantsbuild.org	是
Img	Img	工具	其他,效率工具,在线服务	Img在线服务	Img在线服务。这里提供Img的官方服务与相关信息，支持通过官网了解产品、功能、使用方式及最新动态；具体服务范围、开放地区和使用规则请以官方网站当前页面为准。官方网站：img.shields.io。	https://img.shields.io/badge/github-dtolnay/cxx-8da0cb	是
Img	Img	工具	其他,效率工具,在线服务	Img在线服务	Img在线服务。这里提供Img的官方服务与相关信息，支持通过官网了解产品、功能、使用方式及最新动态；具体服务范围、开放地区和使用规则请以官方网站当前页面为准。官方网站：img.shields.io。	https://img.shields.io/crates/v/deepwiki-rs	是
Img	Img	工具	其他,效率工具,在线服务	Img在线服务	Img在线服务。这里提供Img的官方服务与相关信息，支持通过官网了解产品、功能、使用方式及最新动态；具体服务范围、开放地区和使用规则请以官方网站当前页面为准。官方网站：img.shields.io。	https://img.shields.io/crates/v/polish.svg	是
Api	Api	开发	编程开发,效率工具	Api在线服务	Api在线服务。这里提供Api的官方服务与相关信息，支持通过官网了解产品、功能、使用方式及最新动态；具体服务范围、开放地区和使用规则请以官方网站当前页面为准。官方网站：api.securityscorecards.dev。	https://api.securityscorecards.dev/projects/github.com/tracemachina/nativelink/badge	是
Async	Async	工具	其他,效率工具,在线服务	Async在线服务	Async在线服务。这里提供Async的官方服务与相关信息，支持通过官网了解产品、功能、使用方式及最新动态；具体服务范围、开放地区和使用规则请以官方网站当前页面为准。官方网站：async.rs。	https://async.rs	是
Khronos	Khronos	工具	其他,效率工具,在线服务	Khronos在线服务	Khronos在线服务。这里提供Khronos的官方服务与相关信息，支持通过官网了解产品、功能、使用方式及最新动态；具体服务范围、开放地区和使用规则请以官方网站当前页面为准。官方网站：khronos.org。	https://www.khronos.org/opencl	是
Img	Img	工具	其他,效率工具,在线服务	Img在线服务	Img在线服务。这里提供Img的官方服务与相关信息，支持通过官网了解产品、功能、使用方式及最新动态；具体服务范围、开放地区和使用规则请以官方网站当前页面为准。官方网站：img.shields.io。	https://img.shields.io/crates/v/ascending_graphics.svg	是
Img	Img	工具	其他,效率工具,在线服务	Img在线服务	Img在线服务。这里提供Img的官方服务与相关信息，支持通过官网了解产品、功能、使用方式及最新动态；具体服务范围、开放地区和使用规则请以官方网站当前页面为准。官方网站：img.shields.io。	https://img.shields.io/crates/v/fyrox.svg	是
Slint	Slint	开发	编程开发,效率工具	Slint在线服务	Slint在线服务。这里提供Slint的官方服务与相关信息，支持通过官网了解产品、功能、使用方式及最新动态；具体服务范围、开放地区和使用规则请以官方网站当前页面为准。官方网站：slint.dev。	https://slint.dev	是
Webserver2	Webserver2	工具	其他,效率工具,在线服务	Webserver2在线服务	Webserver2在线服务。这里提供Webserver2的官方服务与相关信息，支持通过官网了解产品、功能、使用方式及最新动态；具体服务范围、开放地区和使用规则请以官方网站当前页面为准。官方网站：webserver2.tecgraf.puc-rio.br。	http://webserver2.tecgraf.puc-rio.br/iup	是
Zeromq	Zeromq	工具	其他,效率工具,在线服务	Zeromq在线服务	Zeromq在线服务。这里提供Zeromq的官方服务与相关信息，支持通过官网了解产品、功能、使用方式及最新动态；具体服务范围、开放地区和使用规则请以官方网站当前页面为准。官方网站：zeromq.org。	https://zeromq.org	是
Doc	Doc	工具	其他,效率工具,在线服务	Doc在线服务	Doc在线服务。这里提供Doc的官方服务与相关信息，支持通过官网了解产品、功能、使用方式及最新动态；具体服务范围、开放地区和使用规则请以官方网站当前页面为准。官方网站：doc.libsodium.org。	https://doc.libsodium.org	是
Socket	Socket	工具	其他,效率工具,在线服务	Socket在线服务	Socket在线服务。这里提供Socket的官方服务与相关信息，支持通过官网了解产品、功能、使用方式及最新动态；具体服务范围、开放地区和使用规则请以官方网站当前页面为准。官方网站：socket.io。	https://socket.io	是
Img	Img	工具	其他,效率工具,在线服务	Img在线服务	Img在线服务。这里提供Img的官方服务与相关信息，支持通过官网了解产品、功能、使用方式及最新动态；具体服务范围、开放地区和使用规则请以官方网站当前页面为准。官方网站：img.shields.io。	https://img.shields.io/github/actions/workflow/status/redbadger/crux/build.yaml	是
Goessner	Goessner	工具	其他,效率工具,在线服务	Goessner在线服务	Goessner在线服务。这里提供Goessner的官方服务与相关信息，支持通过官网了解产品、功能、使用方式及最新动态；具体服务范围、开放地区和使用规则请以官方网站当前页面为准。官方网站：goessner.net。	https://goessner.net/articles/jsonpath	是
Rustfinity	Rustfinity	工具	其他,效率工具,在线服务	Rustfinity在线服务	Rustfinity在线服务。这里提供Rustfinity的官方服务与相关信息，支持通过官网了解产品、功能、使用方式及最新动态；具体服务范围、开放地区和使用规则请以官方网站当前页面为准。官方网站：rustfinity.com。	https://www.rustfinity.com	是
Pragprog	Pragprog	工具	其他,效率工具,在线服务	Pragprog在线服务	Pragprog在线服务。这里提供Pragprog的官方服务与相关信息，支持通过官网了解产品、功能、使用方式及最新动态；具体服务范围、开放地区和使用规则请以官方网站当前页面为准。官方网站：pragprog.com。	https://pragprog.com/titles/hwrust/hands-on-rust	是
Rust Exercises	Rust Exercises	工具	其他,效率工具,在线服务	Rust Exercises在线服务	Rust Exercises在线服务。这里提供Rust Exercises的官方服务与相关信息，支持通过官网了解产品、功能、使用方式及最新动态；具体服务范围、开放地区和使用规则请以官方网站当前页面为准。官方网站：rust-exercises.com。	https://rust-exercises.com	是
Awesome	Awesome	工具	其他,效率工具,在线服务	Awesome在线服务	Awesome在线服务。这里提供Awesome的官方服务与相关信息，支持通过官网了解产品、功能、使用方式及最新动态；具体服务范围、开放地区和使用规则请以官方网站当前页面为准。官方网站：awesome.re。	https://awesome.re/badge-flat2.svg	是
Webkay	Webkay	工具	其他,效率工具,在线服务	Webkay在线服务	Webkay在线服务。这里提供Webkay的官方服务与相关信息，支持通过官网了解产品、功能、使用方式及最新动态；具体服务范围、开放地区和使用规则请以官方网站当前页面为准。官方网站：webkay.robinlinus.com。	http://webkay.robinlinus.com	是
Onionscan	Onionscan	工具	其他,效率工具,在线服务	Onionscan在线服务	Onionscan在线服务。这里提供Onionscan的官方服务与相关信息，支持通过官网了解产品、功能、使用方式及最新动态；具体服务范围、开放地区和使用规则请以官方网站当前页面为准。官方网站：onionscan.org。	https://onionscan.org	是
Nullsecurity	Nullsecurity	工具	其他,效率工具,在线服务	Nullsecurity在线服务	Nullsecurity在线服务。这里提供Nullsecurity的官方服务与相关信息，支持通过官网了解产品、功能、使用方式及最新动态；具体服务范围、开放地区和使用规则请以官方网站当前页面为准。官方网站：nullsecurity.net。	http://nullsecurity.net/tools/binary.html	是
Creativecommons	Creativecommons	工具	其他,效率工具,在线服务	Creativecommons在线服务	Creativecommons在线服务。这里提供Creativecommons的官方服务与相关信息，支持通过官网了解产品、功能、使用方式及最新动态；具体服务范围、开放地区和使用规则请以官方网站当前页面为准。官方网站：creativecommons.org。	https://creativecommons.org/licenses/by/4.0	是
Veil Framework	Veil Framework	工具	效率工具,在线服务	Veil Framework在线服务	Veil Framework在线服务。这里提供Veil Framework的官方服务与相关信息，支持通过官网了解产品、功能、使用方式及最新动态；具体服务范围、开放地区和使用规则请以官方网站当前页面为准。官方网站：veil-framework.com。	https://www.veil-framework.com	是
Fuzzing	Fuzzing	工具	其他,效率工具,在线服务	Fuzzing在线服务	Fuzzing在线服务。这里提供Fuzzing的官方服务与相关信息，支持通过官网了解产品、功能、使用方式及最新动态；具体服务范围、开放地区和使用规则请以官方网站当前页面为准。官方网站：fuzzing.org。	http://www.fuzzing.org	是
Manning	Manning	工具	其他,效率工具,在线服务	Manning在线服务	Manning在线服务。这里提供Manning的官方服务与相关信息，支持通过官网了解产品、功能、使用方式及最新动态；具体服务范围、开放地区和使用规则请以官方网站当前页面为准。官方网站：manning.com。	https://www.manning.com/books/effective-software-testing	是
Defcon	Defcon	工具	其他,效率工具,在线服务	Defcon在线服务	Defcon在线服务。这里提供Defcon的官方服务与相关信息，支持通过官网了解产品、功能、使用方式及最新动态；具体服务范围、开放地区和使用规则请以官方网站当前页面为准。官方网站：defcon.org。	https://www.defcon.org/html/links/book-list.html	是
Manning	Manning	工具	其他,效率工具,在线服务	Manning在线服务	Manning在线服务。这里提供Manning的官方服务与相关信息，支持通过官网了解产品、功能、使用方式及最新动态；具体服务范围、开放地区和使用规则请以官方网站当前页面为准。官方网站：manning.com。	https://www.manning.com/books/the-art-of-network-penetration-testing	是
Trailofbits	Trailofbits	AI	AI,效率工具	Trailofbits在线服务	Trailofbits在线服务。这里提供Trailofbits的官方服务与相关信息，支持通过官网了解产品、功能、使用方式及最新动态；具体服务范围、开放地区和使用规则请以官方网站当前页面为准。官方网站：trailofbits.github.io。	https://trailofbits.github.io/ctf	是
Reconmap	Reconmap	工具	其他,效率工具,在线服务	Reconmap在线服务	Reconmap在线服务。这里提供Reconmap的官方服务与相关信息，支持通过官网了解产品、功能、使用方式及最新动态；具体服务范围、开放地区和使用规则请以官方网站当前页面为准。官方网站：reconmap.com。	https://reconmap.com	是
Hackingthe	Hackingthe	开发	编程开发,效率工具	Hackingthe在线服务	Hackingthe在线服务。这里提供Hackingthe的官方服务与相关信息，支持通过官网了解产品、功能、使用方式及最新动态；具体服务范围、开放地区和使用规则请以官方网站当前页面为准。官方网站：hackingthe.cloud。	https://hackingthe.cloud	是
Dradis	Dradis	工具	其他,效率工具,在线服务	Dradis在线服务	Dradis在线服务。这里提供Dradis的官方服务与相关信息，支持通过官网了解产品、功能、使用方式及最新动态；具体服务范围、开放地区和使用规则请以官方网站当前页面为准。官方网站：dradis.com。	https://dradis.com	是
Cloudsplaining	Cloudsplaining	AI	AI,效率工具	Cloudsplaining在线服务	Cloudsplaining在线服务。这里提供Cloudsplaining的官方服务与相关信息，支持通过官网了解产品、功能、使用方式及最新动态；具体服务范围、开放地区和使用规则请以官方网站当前页面为准。官方网站：cloudsplaining.readthedocs.io。	https://cloudsplaining.readthedocs.io	是
Endgame	Endgame	工具	其他,效率工具,在线服务	Endgame在线服务	Endgame在线服务。这里提供Endgame的官方服务与相关信息，支持通过官网了解产品、功能、使用方式及最新动态；具体服务范围、开放地区和使用规则请以官方网站当前页面为准。官方网站：endgame.readthedocs.io。	https://endgame.readthedocs.io	是
Ctftime	Ctftime	工具	其他,效率工具,在线服务	Ctftime在线服务	Ctftime在线服务。这里提供Ctftime的官方服务与相关信息，支持通过官网了解产品、功能、使用方式及最新动态；具体服务范围、开放地区和使用规则请以官方网站当前页面为准。官方网站：ctftime.org。	https://ctftime.org	是
Elsevier	Elsevier	工具	其他,效率工具,在线服务	Elsevier在线服务	Elsevier在线服务。这里提供Elsevier的官方服务与相关信息，支持通过官网了解产品、功能、使用方式及最新动态；具体服务范围、开放地区和使用规则请以官方网站当前页面为准。官方网站：elsevier.com。	https://www.elsevier.com/books/violent-python/unknown/978-1-59749-957-6	是
Hack	Hack	工具	其他,效率工具,在线服务	Hack在线服务	Hack在线服务。这里提供Hack的官方服务与相关信息，支持通过官网了解产品、功能、使用方式及最新动态；具体服务范围、开放地区和使用规则请以官方网站当前页面为准。官方网站：hack.lu。	https://hack.lu	是
Steelcon	Steelcon	工具	其他,效率工具,在线服务	Steelcon在线服务	Steelcon在线服务。这里提供Steelcon的官方服务与相关信息，支持通过官网了解产品、功能、使用方式及最新动态；具体服务范围、开放地区和使用规则请以官方网站当前页面为准。官方网站：steelcon.info。	https://www.steelcon.info	是
Deepsec	Deepsec	工具	其他,效率工具,在线服务	Deepsec在线服务	Deepsec在线服务。这里提供Deepsec的官方服务与相关信息，支持通过官网了解产品、功能、使用方式及最新动态；具体服务范围、开放地区和使用规则请以官方网站当前页面为准。官方网站：deepsec.net。	https://deepsec.net	是
Swisscyberstorm	Swisscyberstorm	工具	其他,效率工具,在线服务	Swisscyberstorm在线服务	Swisscyberstorm在线服务。这里提供Swisscyberstorm的官方服务与相关信息，支持通过官网了解产品、功能、使用方式及最新动态；具体服务范围、开放地区和使用规则请以官方网站当前页面为准。官方网站：swisscyberstorm.com。	https://www.swisscyberstorm.com	是
Infosecurityeurope	Infosecurityeurope	工具	其他,效率工具,在线服务	Infosecurityeurope在线服务	Infosecurityeurope在线服务。这里提供Infosecurityeurope的官方服务与相关信息，支持通过官网了解产品、功能、使用方式及最新动态；具体服务范围、开放地区和使用规则请以官方网站当前页面为准。官方网站：infosecurityeurope.com。	http://www.infosecurityeurope.com	是
Conference	Conference	工具	其他,效率工具,在线服务	Conference在线服务	Conference在线服务。这里提供Conference的官方服务与相关信息，支持通过官网了解产品、功能、使用方式及最新动态；具体服务范围、开放地区和使用规则请以官方网站当前页面为准。官方网站：conference.hitb.org。	https://conference.hitb.org	是
Balccon	Balccon	工具	其他,效率工具,在线服务	Balccon在线服务	Balccon在线服务。这里提供Balccon的官方服务与相关信息，支持通过官网了解产品、功能、使用方式及最新动态；具体服务范围、开放地区和使用规则请以官方网站当前页面为准。官方网站：balccon.org。	https://www.balccon.org	是
Events	Events	工具	其他,效率工具,在线服务	Events在线服务	Events在线服务。这里提供Events的官方服务与相关信息，支持通过官网了解产品、功能、使用方式及最新动态；具体服务范围、开放地区和使用规则请以官方网站当前页面为准。官方网站：events.ccc.de。	https://events.ccc.de/congress	是
Defcon	Defcon	工具	其他,效率工具,在线服务	Defcon在线服务	Defcon在线服务。这里提供Defcon的官方服务与相关信息，支持通过官网了解产品、功能、使用方式及最新动态；具体服务范围、开放地区和使用规则请以官方网站当前页面为准。官方网站：defcon.org。	https://www.defcon.org	是
Fsec	Fsec	工具	其他,效率工具,在线服务	Fsec在线服务	Fsec在线服务。这里提供Fsec的官方服务与相关信息，支持通过官网了解产品、功能、使用方式及最新动态；具体服务范围、开放地区和使用规则请以官方网站当前页面为准。官方网站：fsec.foi.hr。	http://fsec.foi.hr	是
44con	44con	工具	其他,效率工具,在线服务	44con在线服务	44con在线服务。这里提供44con的官方服务与相关信息，支持通过官网了解产品、功能、使用方式及最新动态；具体服务范围、开放地区和使用规则请以官方网站当前页面为准。官方网站：44con.com。	https://44con.com	是
Hnd	Hnd	教育	在线学习,效率工具	Hnd在线服务	Hnd在线服务。这里提供Hnd的官方服务与相关信息，支持通过官网了解产品、功能、使用方式及最新动态；具体服务范围、开放地区和使用规则请以官方网站当前页面为准。官方网站：hnd.techlearningcollective.com。	https://hnd.techlearningcollective.com	是
Nationalcybersummit	Nationalcybersummit	工具	其他,效率工具,在线服务	Nationalcybersummit在线服务	Nationalcybersummit在线服务。这里提供Nationalcybersummit的官方服务与相关信息，支持通过官网了解产品、功能、使用方式及最新动态；具体服务范围、开放地区和使用规则请以官方网站当前页面为准。官方网站：nationalcybersummit.com。	https://www.nationalcybersummit.com	是
Phreaknic	Phreaknic	工具	其他,效率工具,在线服务	Phreaknic在线服务	Phreaknic在线服务。这里提供Phreaknic的官方服务与相关信息，支持通过官网了解产品、功能、使用方式及最新动态；具体服务范围、开放地区和使用规则请以官方网站当前页面为准。官方网站：phreaknic.info。	http://phreaknic.info	是
Carolinacon	Carolinacon	工具	其他,效率工具,在线服务	Carolinacon在线服务	Carolinacon在线服务。这里提供Carolinacon的官方服务与相关信息，支持通过官网了解产品、功能、使用方式及最新动态；具体服务范围、开放地区和使用规则请以官方网站当前页面为准。官方网站：carolinacon.org。	https://carolinacon.org	是
Appsecusa	Appsecusa	工具	其他,效率工具,在线服务	Appsecusa在线服务	Appsecusa在线服务。这里提供Appsecusa的官方服务与相关信息，支持通过官网了解产品、功能、使用方式及最新动态；具体服务范围、开放地区和使用规则请以官方网站当前页面为准。官方网站：appsecusa.org。	https://appsecusa.org	是
Hackfest	Hackfest	工具	其他,效率工具,在线服务	Hackfest在线服务	Hackfest在线服务。这里提供Hackfest的官方服务与相关信息，支持通过官网了解产品、功能、使用方式及最新动态；具体服务范围、开放地区和使用规则请以官方网站当前页面为准。官方网站：hackfest.ca。	https://hackfest.ca	是
Summercon	Summercon	工具	其他,效率工具,在线服务	Summercon在线服务	Summercon在线服务。这里提供Summercon的官方服务与相关信息，支持通过官网了解产品、功能、使用方式及最新动态；具体服务范围、开放地区和使用规则请以官方网站当前页面为准。官方网站：summercon.org。	https://www.summercon.org	是
Hope	Hope	工具	其他,效率工具,在线服务	Hope在线服务	Hope在线服务。这里提供Hope的官方服务与相关信息，支持通过官网了解产品、功能、使用方式及最新动态；具体服务范围、开放地区和使用规则请以官方网站当前页面为准。官方网站：hope.net。	https://hope.net	是
Skydogcon	Skydogcon	工具	其他,效率工具,在线服务	Skydogcon在线服务	Skydogcon在线服务。这里提供Skydogcon的官方服务与相关信息，支持通过官网了解产品、功能、使用方式及最新动态；具体服务范围、开放地区和使用规则请以官方网站当前页面为准。官方网站：skydogcon.com。	http://www.skydogcon.com	是
Kaitai	Kaitai	AI	AI,效率工具	Kaitai在线服务	Kaitai在线服务。这里提供Kaitai的官方服务与相关信息，支持通过官网了解产品、功能、使用方式及最新动态；具体服务范围、开放地区和使用规则请以官方网站当前页面为准。官方网站：kaitai.io。	http://kaitai.io	是
Digi	Digi	工具	其他,效率工具,在线服务	Digi在线服务	Digi在线服务。这里提供Digi的官方服务与相关信息，支持通过官网了解产品、功能、使用方式及最新动态；具体服务范围、开放地区和使用规则请以官方网站当前页面为准。官方网站：digi.ninja。	https://digi.ninja/projects/cewl.php	是
Cisofy	Cisofy	工具	其他,效率工具,在线服务	Cisofy在线服务	Cisofy在线服务。这里提供Cisofy的官方服务与相关信息，支持通过官网了解产品、功能、使用方式及最新动态；具体服务范围、开放地区和使用规则请以官方网站当前页面为准。官方网站：cisofy.com。	https://cisofy.com/lynis	是
Wxhexeditor	Wxhexeditor	工具	其他,效率工具,在线服务	Wxhexeditor在线服务	Wxhexeditor在线服务。这里提供Wxhexeditor的官方服务与相关信息，支持通过官网了解产品、功能、使用方式及最新动态；具体服务范围、开放地区和使用规则请以官方网站当前页面为准。官方网站：wxhexeditor.org。	http://www.wxhexeditor.org	是
Hexinator	Hexinator	工具	其他,效率工具,在线服务	Hexinator在线服务	Hexinator在线服务。这里提供Hexinator的官方服务与相关信息，支持通过官网了解产品、功能、使用方式及最新动态；具体服务范围、开放地区和使用规则请以官方网站当前页面为准。官方网站：hexinator.com。	https://hexinator.com	是
Pentest Ground	Pentest Ground	工具	其他,效率工具,在线服务	Pentest Ground在线服务	Pentest Ground在线服务。这里提供Pentest Ground的官方服务与相关信息，支持通过官网了解产品、功能、使用方式及最新动态；具体服务范围、开放地区和使用规则请以官方网站当前页面为准。官方网站：pentest-ground.com。	https://pentest-ground.com	是
Hexed	Hexed	工具	其他,效率工具,在线服务	Hexed在线服务	Hexed在线服务。这里提供Hexed的官方服务与相关信息，支持通过官网了解产品、功能、使用方式及最新动态；具体服务范围、开放地区和使用规则请以官方网站当前页面为准。官方网站：hexed.it。	https://hexed.it	是
Ronin Rb	Ronin Rb	开发	编程开发,效率工具	Ronin Rb在线服务	Ronin Rb在线服务。这里提供Ronin Rb的官方服务与相关信息，支持通过官网了解产品、功能、使用方式及最新动态；具体服务范围、开放地区和使用规则请以官方网站当前页面为准。官方网站：ronin-rb.dev。	https://ronin-rb.dev	是
Metasploit	Metasploit	工具	其他,效率工具,在线服务	Metasploit在线服务	Metasploit在线服务。这里提供Metasploit的官方服务与相关信息，支持通过官网了解产品、功能、使用方式及最新动态；具体服务范围、开放地区和使用规则请以官方网站当前页面为准。官方网站：metasploit.com。	https://www.metasploit.com	是
H	H	工具	其他,效率工具,在线服务	H在线服务	H在线服务。这里提供H的官方服务与相关信息，支持通过官网了解产品、功能、使用方式及最新动态；具体服务范围、开放地区和使用规则请以官方网站当前页面为准。官方网站：h.foofus.net。	http://h.foofus.net	是
Zmap	Zmap	工具	其他,效率工具,在线服务	Zmap在线服务	Zmap在线服务。这里提供Zmap的官方服务与相关信息，支持通过官网了解产品、功能、使用方式及最新动态；具体服务范围、开放地区和使用规则请以官方网站当前页面为准。官方网站：zmap.io。	https://zmap.io	是
Mavetju	Mavetju	工具	其他,效率工具,在线服务	Mavetju在线服务	Mavetju在线服务。这里提供Mavetju的官方服务与相关信息，支持通过官网了解产品、功能、使用方式及最新动态；具体服务范围、开放地区和使用规则请以官方网站当前页面为准。官方网站：mavetju.org。	http://www.mavetju.org/unix/dnstracer.php	是
Dnsdumpster	Dnsdumpster	工具	其他,效率工具,在线服务	Dnsdumpster在线服务	Dnsdumpster在线服务。这里提供Dnsdumpster的官方服务与相关信息，支持通过官网了解产品、功能、使用方式及最新动态；具体服务范围、开放地区和使用规则请以官方网站当前页面为准。官方网站：dnsdumpster.com。	https://dnsdumpster.com	是
Haveibeensquatted	Haveibeensquatted	工具	其他,效率工具,在线服务	Haveibeensquatted在线服务	Haveibeensquatted在线服务。这里提供Haveibeensquatted的官方服务与相关信息，支持通过官网了解产品、功能、使用方式及最新动态；具体服务范围、开放地区和使用规则请以官方网站当前页面为准。官方网站：haveibeensquatted.com。	https://haveibeensquatted.com	是
Tcpreplay	Tcpreplay	工具	其他,效率工具,在线服务	Tcpreplay在线服务	Tcpreplay在线服务。这里提供Tcpreplay的官方服务与相关信息，支持通过官网了解产品、功能、使用方式及最新动态；具体服务范围、开放地区和使用规则请以官方网站当前页面为准。官方网站：tcpreplay.appneta.com。	https://tcpreplay.appneta.com	是
Wireshark	Wireshark	工具	其他,效率工具,在线服务	Wireshark在线服务	Wireshark在线服务。这里提供Wireshark的官方服务与相关信息，支持通过官网了解产品、功能、使用方式及最新动态；具体服务范围、开放地区和使用规则请以官方网站当前页面为准。官方网站：wireshark.org。	https://www.wireshark.org	是
Nmap	Nmap	工具	其他,效率工具,在线服务	Nmap在线服务	Nmap在线服务。这里提供Nmap的官方服务与相关信息，支持通过官网了解产品、功能、使用方式及最新动态；具体服务范围、开放地区和使用规则请以官方网站当前页面为准。官方网站：nmap.org。	https://nmap.org	是
Aircrack Ng	Aircrack Ng	AI	AI,效率工具	Aircrack Ng在线服务	Aircrack Ng在线服务。这里提供Aircrack Ng的官方服务与相关信息，支持通过官网了解产品、功能、使用方式及最新动态；具体服务范围、开放地区和使用规则请以官方网站当前页面为准。官方网站：aircrack-ng.org。	http://www.aircrack-ng.org	是
Monkey	Monkey	工具	其他,效率工具,在线服务	Monkey在线服务	Monkey在线服务。这里提供Monkey的官方服务与相关信息，支持通过官网了解产品、功能、使用方式及最新动态；具体服务范围、开放地区和使用规则请以官方网站当前页面为准。官方网站：monkey.org。	https://www.monkey.org/~dugsong/dsniff	是
Tracewrangler	Tracewrangler	工具	其他,效率工具,在线服务	Tracewrangler在线服务	Tracewrangler在线服务。这里提供Tracewrangler的官方服务与相关信息，支持通过官网了解产品、功能、使用方式及最新动态；具体服务范围、开放地区和使用规则请以官方网站当前页面为准。官方网站：tracewrangler.com。	https://www.tracewrangler.com	是
Dlrobertson	Dlrobertson	开发	编程开发,效率工具	Dlrobertson在线服务	Dlrobertson在线服务。这里提供Dlrobertson的官方服务与相关信息，支持通过官网了解产品、功能、使用方式及最新动态；具体服务范围、开放地区和使用规则请以官方网站当前页面为准。官方网站：dlrobertson.github.io。	https://dlrobertson.github.io/sylkie	是
Kismetwireless	Kismetwireless	工具	其他,效率工具,在线服务	Kismetwireless在线服务	Kismetwireless在线服务。这里提供Kismetwireless的官方服务与相关信息，支持通过官网了解产品、功能、使用方式及最新动态；具体服务范围、开放地区和使用规则请以官方网站当前页面为准。官方网站：kismetwireless.net。	https://kismetwireless.net	是
Bettercap	Bettercap	工具	其他,效率工具,在线服务	Bettercap在线服务	Bettercap在线服务。这里提供Bettercap的官方服务与相关信息，支持通过官网了解产品、功能、使用方式及最新动态；具体服务范围、开放地区和使用规则请以官方网站当前页面为准。官方网站：bettercap.org。	https://www.bettercap.org	是
Git	Git	开发	编程开发,效率工具	Git在线服务	Git在线服务。这里提供Git的官方服务与相关信息，支持通过官网了解产品、功能、使用方式及最新动态；具体服务范围、开放地区和使用规则请以官方网站当前页面为准。官方网站：git.kali.org。	http://git.kali.org/gitweb	是
Tenable	Tenable	工具	其他,效率工具,在线服务	Tenable在线服务	Tenable在线服务。这里提供Tenable的官方服务与相关信息，支持通过官网了解产品、功能、使用方式及最新动态；具体服务范围、开放地区和使用规则请以官方网站当前页面为准。官方网站：tenable.com。	https://www.tenable.com/products/nessus-vulnerability-scanner	是
Attack	Attack	工具	其他,效率工具,在线服务	Attack在线服务	Attack在线服务。这里提供Attack的官方服务与相关信息，支持通过官网了解产品、功能、使用方式及最新动态；具体服务范围、开放地区和使用规则请以官方网站当前页面为准。官方网站：attack.mitre.org。	https://attack.mitre.org	是
Distrowatch	Distrowatch	工具	其他,效率工具,在线服务	Distrowatch在线服务	Distrowatch在线服务。这里提供Distrowatch的官方服务与相关信息，支持通过官网了解产品、功能、使用方式及最新动态；具体服务范围、开放地区和使用规则请以官方网站当前页面为准。官方网站：distrowatch.com。	https://distrowatch.com/search.php	是
Sqlmap	Sqlmap	工具	其他,效率工具,在线服务	Sqlmap在线服务	Sqlmap在线服务。这里提供Sqlmap的官方服务与相关信息，支持通过官网了解产品、功能、使用方式及最新动态；具体服务范围、开放地区和使用规则请以官方网站当前页面为准。官方网站：sqlmap.org。	http://sqlmap.org	是
Blog	Blog	工具	其他,效率工具,在线服务	Blog在线服务	Blog在线服务。这里提供Blog的官方服务与相关信息，支持通过官网了解产品、功能、使用方式及最新动态；具体服务范围、开放地区和使用规则请以官方网站当前页面为准。官方网站：blog.gentilkiwi.com。	http://blog.gentilkiwi.com/mimikatz	是
Docs	Docs	工具	其他,效率工具,在线服务	Docs在线服务	Docs在线服务。这里提供Docs的官方服务与相关信息，支持通过官网了解产品、功能、使用方式及最新动态；具体服务范围、开放地区和使用规则请以官方网站当前页面为准。官方网站：docs.microsoft.com。	https://docs.microsoft.com/en-us/sysinternals/downloads/sysinternals-suite	是
Ampliasecurity	Ampliasecurity	工具	其他,效率工具,在线服务	Ampliasecurity在线服务	Ampliasecurity在线服务。这里提供Ampliasecurity的官方服务与相关信息，支持通过官网了解产品、功能、使用方式及最新动态；具体服务范围、开放地区和使用规则请以官方网站当前页面为准。官方网站：ampliasecurity.com。	https://www.ampliasecurity.com/research/windows-credentials-editor	是
Openssh	Openssh	工具	其他,效率工具,在线服务	Openssh在线服务	Openssh在线服务。这里提供Openssh的官方服务与相关信息，支持通过官网了解产品、功能、使用方式及最新动态；具体服务范围、开放地区和使用规则请以官方网站当前页面为准。官方网站：openssh.com。	https://www.openssh.com	是
Mirrors	Mirrors	工具	其他,效率工具,在线服务	Mirrors在线服务	Mirrors在线服务。这里提供Mirrors的官方服务与相关信息，支持通过官网了解产品、功能、使用方式及最新动态；具体服务范围、开放地区和使用规则请以官方网站当前页面为准。官方网站：mirrors.creativecommons.org。	https://mirrors.creativecommons.org/presskit/buttons/88x31/svg/by.svg	是
Hitkeep	Hitkeep	工具	其他,效率工具,在线服务	Hitkeep在线服务	Hitkeep在线服务。这里提供Hitkeep的官方服务与相关信息，支持通过官网了解产品、功能、使用方式及最新动态；具体服务范围、开放地区和使用规则请以官方网站当前页面为准。官方网站：hitkeep.com。	https://hitkeep.com	是
D8a	D8a	工具	其他,效率工具,在线服务	D8a在线服务	D8a在线服务。这里提供D8a的官方服务与相关信息，支持通过官网了解产品、功能、使用方式及最新动态；具体服务范围、开放地区和使用规则请以官方网站当前页面为准。官方网站：d8a.tech。	https://d8a.tech	是
Ckan	Ckan	工具	其他,效率工具,在线服务	Ckan在线服务	Ckan在线服务。这里提供Ckan的官方服务与相关信息，支持通过官网了解产品、功能、使用方式及最新动态；具体服务范围、开放地区和使用规则请以官方网站当前页面为准。官方网站：ckan.org。	https://ckan.org	是
Fredy	Fredy	工具	其他,效率工具,在线服务	Fredy在线服务	Fredy在线服务。这里提供Fredy的官方服务与相关信息，支持通过官网了解产品、功能、使用方式及最新动态；具体服务范围、开放地区和使用规则请以官方网站当前页面为准。官方网站：fredy.orange-coding.net。	https://fredy.orange-coding.net	是
Kibitzr	Kibitzr	开发	编程开发,效率工具	Kibitzr在线服务	Kibitzr在线服务。这里提供Kibitzr的官方服务与相关信息，支持通过官网了解产品、功能、使用方式及最新动态；具体服务范围、开放地区和使用规则请以官方网站当前页面为准。官方网站：kibitzr.github.io。	https://kibitzr.github.io	是
Antville	Antville	工具	其他,效率工具,在线服务	Antville在线服务	Antville在线服务。这里提供Antville的官方服务与相关信息，支持通过官网了解产品、功能、使用方式及最新动态；具体服务范围、开放地区和使用规则请以官方网站当前页面为准。官方网站：antville.org。	https://antville.org	是
Kestra	Kestra	工具	其他,效率工具,在线服务	Kestra在线服务	Kestra在线服务。这里提供Kestra的官方服务与相关信息，支持通过官网了解产品、功能、使用方式及最新动态；具体服务范围、开放地区和使用规则请以官方网站当前页面为准。官方网站：kestra.io。	https://kestra.io	是
Mylar	Mylar	工具	其他,效率工具,在线服务	Mylar在线服务	Mylar在线服务。这里提供Mylar的官方服务与相关信息，支持通过官网了解产品、功能、使用方式及最新动态；具体服务范围、开放地区和使用规则请以官方网站当前页面为准。官方网站：mylar.nerdfirehurricane.com。	https://mylar.nerdfirehurricane.com	是
Pyload	Pyload	工具	其他,效率工具,在线服务	Pyload在线服务	Pyload在线服务。这里提供Pyload的官方服务与相关信息，支持通过官网了解产品、功能、使用方式及最新动态；具体服务范围、开放地区和使用规则请以官方网站当前页面为准。官方网站：pyload.net。	https://pyload.net	是
Weblogmatrix	Weblogmatrix	工具	其他,效率工具,在线服务	Weblogmatrix在线服务	Weblogmatrix在线服务。这里提供Weblogmatrix的官方服务与相关信息，支持通过官网了解产品、功能、使用方式及最新动态；具体服务范围、开放地区和使用规则请以官方网站当前页面为准。官方网站：weblogmatrix.org。	https://www.weblogmatrix.org	是
Castopod	Castopod	工具	其他,效率工具,在线服务	Castopod在线服务	Castopod在线服务。这里提供Castopod的官方服务与相关信息，支持通过官网了解产品、功能、使用方式及最新动态；具体服务范围、开放地区和使用规则请以官方网站当前页面为准。官方网站：castopod.org。	https://castopod.org	是
Memo	Memo	工具	其他,效率工具,在线服务	Memo在线服务	Memo在线服务。这里提供Memo的官方服务与相关信息，支持通过官网了解产品、功能、使用方式及最新动态；具体服务范围、开放地区和使用规则请以官方网站当前页面为准。官方网站：memo.vaaat.com。	https://memo.vaaat.com	是
Chyrplite	Chyrplite	工具	其他,效率工具,在线服务	Chyrplite在线服务	Chyrplite在线服务。这里提供Chyrplite的官方服务与相关信息，支持通过官网了解产品、功能、使用方式及最新动态；具体服务范围、开放地区和使用规则请以官方网站当前页面为准。官方网站：chyrplite.net。	https://chyrplite.net	是
Havenweb	Havenweb	工具	其他,效率工具,在线服务	Havenweb在线服务	Havenweb在线服务。这里提供Havenweb的官方服务与相关信息，支持通过官网了解产品、功能、使用方式及最新动态；具体服务范围、开放地区和使用规则请以官方网站当前页面为准。官方网站：havenweb.org。	https://havenweb.org	是
Withknown	Withknown	工具	其他,效率工具,在线服务	Withknown在线服务	Withknown在线服务。这里提供Withknown的官方服务与相关信息，支持通过官网了解产品、功能、使用方式及最新动态；具体服务范围、开放地区和使用规则请以官方网站当前页面为准。官方网站：withknown.com。	https://withknown.com	是
Pluxml	Pluxml	工具	其他,效率工具,在线服务	Pluxml在线服务	Pluxml在线服务。这里提供Pluxml的官方服务与相关信息，支持通过官网了解产品、功能、使用方式及最新动态；具体服务范围、开放地区和使用规则请以官方网站当前页面为准。官方网站：pluxml.org。	https://pluxml.org	是
Docs	Docs	工具	其他,效率工具,在线服务	Docs在线服务	Docs在线服务。这里提供Docs的官方服务与相关信息，支持通过官网了解产品、功能、使用方式及最新动态；具体服务范围、开放地区和使用规则请以官方网站当前页面为准。官方网站：docs.s9y.org。	https://docs.s9y.org	是
Demo	Demo	工具	其他,效率工具,在线服务	Demo在线服务	Demo在线服务。这里提供Demo的官方服务与相关信息，支持通过官网了解产品、功能、使用方式及最新动态；具体服务范围、开放地区和使用规则请以官方网站当前页面为准。官方网站：demo.alf.io。	https://demo.alf.io/authentication	是
Alf	Alf	工具	其他,效率工具,在线服务	Alf在线服务	Alf在线服务。这里提供Alf的官方服务与相关信息，支持通过官网了解产品、功能、使用方式及最新动态；具体服务范围、开放地区和使用规则请以官方网站当前页面为准。官方网站：alf.io。	https://alf.io	是
Easyappointments	Easyappointments	工具	其他,效率工具,在线服务	Easyappointments在线服务	Easyappointments在线服务。这里提供Easyappointments的官方服务与相关信息，支持通过官网了解产品、功能、使用方式及最新动态；具体服务范围、开放地区和使用规则请以官方网站当前页面为准。官方网站：easyappointments.org。	https://easyappointments.org	是
Hi	Hi	工具	其他,效率工具,在线服务	Hi在线服务	Hi在线服务。这里提供Hi的官方服务与相关信息，支持通过官网了解产品、功能、使用方式及最新动态；具体服务范围、开放地区和使用规则请以官方网站当前页面为准。官方网站：hi.events。	https://hi.events	是
Mozilla Services	Mozilla Services	工具	其他,效率工具,在线服务	Mozilla Services在线服务	Mozilla Services在线服务。这里提供Mozilla Services的官方服务与相关信息，支持通过官网了解产品、功能、使用方式及最新动态；具体服务范围、开放地区和使用规则请以官方网站当前页面为准。官方网站：mozilla-services.readthedocs.io。	https://mozilla-services.readthedocs.io/en/latest/howtos/run-fxa.html	是
Demo	Demo	工具	其他,效率工具,在线服务	Demo在线服务	Demo在线服务。这里提供Demo的官方服务与相关信息，支持通过官网了解产品、功能、使用方式及最新动态；具体服务范围、开放地区和使用规则请以官方网站当前页面为准。官方网站：demo.faved.to。	https://demo.faved.to	是
Codeberg	Codeberg	开发	编程开发,效率工具	Codeberg在线服务	Codeberg在线服务。这里提供Codeberg的官方服务与相关信息，支持通过官网了解产品、功能、使用方式及最新动态；具体服务范围、开放地区和使用规则请以官方网站当前页面为准。官方网站：codeberg.org。	https://codeberg.org/readeck/browser-extension	是
Demo	Demo	工具	其他,效率工具,在线服务	Demo在线服务	Demo在线服务。这里提供Demo的官方服务与相关信息，支持通过官网了解产品、功能、使用方式及最新动态；具体服务范围、开放地区和使用规则请以官方网站当前页面为准。官方网站：demo.shaarli.org。	https://demo.shaarli.org	是
Codeberg	Codeberg	开发	编程开发,效率工具	Codeberg在线服务	Codeberg在线服务。这里提供Codeberg的官方服务与相关信息，支持通过官网了解产品、功能、使用方式及最新动态；具体服务范围、开放地区和使用规则请以官方网站当前页面为准。官方网站：codeberg.org。	https://codeberg.org/offerel/syncmarks-webapp	是
Hyphanet	Hyphanet	工具	其他,效率工具,在线服务	Hyphanet在线服务	Hyphanet在线服务。这里提供Hyphanet的官方服务与相关信息，支持通过官网了解产品、功能、使用方式及最新动态；具体服务范围、开放地区和使用规则请以官方网站当前页面为准。官方网站：hyphanet.org。	https://hyphanet.org	是
Element	Element	工具	其他,效率工具,在线服务	Element在线服务	Element在线服务。这里提供Element的官方服务与相关信息，支持通过官网了解产品、功能、使用方式及最新动态；具体服务范围、开放地区和使用规则请以官方网站当前页面为准。官方网站：element.io。	https://element.io	是
Jami	Jami	工具	其他,效率工具,在线服务	Jami在线服务	Jami在线服务。这里提供Jami的官方服务与相关信息，支持通过官网了解产品、功能、使用方式及最新动态；具体服务范围、开放地区和使用规则请以官方网站当前页面为准。官方网站：jami.net。	https://jami.net	是
Wiki	Wiki	工具	其他,效率工具,在线服务	Wiki在线服务	Wiki在线服务。这里提供Wiki的官方服务与相关信息，支持通过官网了解产品、功能、使用方式及最新动态；具体服务范围、开放地区和使用规则请以官方网站当前页面为准。官方网站：wiki.mumble.info。	https://wiki.mumble.info/wiki/3rd_party_applications	是
Wiki	Wiki	工具	其他,效率工具,在线服务	Wiki在线服务	Wiki在线服务。这里提供Wiki的官方服务与相关信息，支持通过官网了解产品、功能、使用方式及最新动态；具体服务范围、开放地区和使用规则请以官方网站当前页面为准。官方网站：wiki.mumble.info。	https://wiki.mumble.info/wiki/main_page	是
Git	Git	开发	编程开发,效率工具	Git在线服务	Git在线服务。这里提供Git的官方服务与相关信息，支持通过官网了解产品、功能、使用方式及最新动态；具体服务范围、开放地区和使用规则请以官方网站当前页面为准。官方网站：git.jami.net。	https://git.jami.net/savoirfairelinux	是
Codeberg	Codeberg	开发	编程开发,效率工具	Codeberg在线服务	Codeberg在线服务。这里提供Codeberg的官方服务与相关信息，支持通过官网了解产品、功能、使用方式及最新动态；具体服务范围、开放地区和使用规则请以官方网站当前页面为准。官方网站：codeberg.org。	https://codeberg.org/inboxen/inboxen	是
Modoboa	Modoboa	工具	其他,效率工具,在线服务	Modoboa在线服务	Modoboa在线服务。这里提供Modoboa的官方服务与相关信息，支持通过官网了解产品、功能、使用方式及最新动态；具体服务范围、开放地区和使用规则请以官方网站当前页面为准。官方网站：modoboa.org。	https://modoboa.org/en	是
B1gmail	B1gmail	AI	AI,效率工具	B1gmail在线服务	B1gmail在线服务。这里提供B1gmail的官方服务与相关信息，支持通过官网了解产品、功能、使用方式及最新动态；具体服务范围、开放地区和使用规则请以官方网站当前页面为准。官方网站：b1gmail.eu。	https://www.b1gmail.eu	是
B1gmail	B1gmail	AI	AI,效率工具	B1gmail在线服务	B1gmail在线服务。这里提供B1gmail的官方服务与相关信息，支持通过官网了解产品、功能、使用方式及最新动态；具体服务范围、开放地区和使用规则请以官方网站当前页面为准。官方网站：b1gmail.eu。	https://www.b1gmail.eu/en/start/addon-b1gmailserver	是
Postfix	Postfix	工具	其他,效率工具,在线服务	Postfix在线服务	Postfix在线服务。这里提供Postfix的官方服务与相关信息，支持通过官网了解产品、功能、使用方式及最新动态；具体服务范围、开放地区和使用规则请以官方网站当前页面为准。官方网站：postfix.org。	http://www.postfix.org	是
Stalw	Stalw	工具	其他,效率工具,在线服务	Stalw在线服务	Stalw在线服务。这里提供Stalw的官方服务与相关信息，支持通过官网了解产品、功能、使用方式及最新动态；具体服务范围、开放地区和使用规则请以官方网站当前页面为准。官方网站：stalw.art。	https://stalw.art	是
Blitiri	Blitiri	工具	其他,效率工具,在线服务	Blitiri在线服务	Blitiri在线服务。这里提供Blitiri的官方服务与相关信息，支持通过官网了解产品、功能、使用方式及最新动态；具体服务范围、开放地区和使用规则请以官方网站当前页面为准。官方网站：blitiri.com.ar。	https://blitiri.com.ar/p/chasquid	是
Git	Git	开发	编程开发,效率工具	Git在线服务	Git在线服务。这里提供Git的官方服务与相关信息，支持通过官网了解产品、功能、使用方式及最新动态；具体服务范围、开放地区和使用规则请以官方网站当前页面为准。官方网站：git.exim.org。	https://git.exim.org/exim.git	是
Blitiri	Blitiri	工具	其他,效率工具,在线服务	Blitiri在线服务	Blitiri在线服务。这里提供Blitiri的官方服务与相关信息，支持通过官网了解产品、功能、使用方式及最新动态；具体服务范围、开放地区和使用规则请以官方网站当前页面为准。官方网站：blitiri.com.ar。	https://blitiri.com.ar/git/r/chasquid	是
Phplist	Phplist	工具	其他,效率工具,在线服务	Phplist在线服务	Phplist在线服务。这里提供Phplist的官方服务与相关信息，支持通过官网了解产品、功能、使用方式及最新动态；具体服务范围、开放地区和使用规则请以官方网站当前页面为准。官方网站：phplist.org。	https://www.phplist.org	是
App	App	工具	其他,效率工具,在线服务	App在线服务	App在线服务。这里提供App的官方服务与相关信息，支持通过官网了解产品、功能、使用方式及最新动态；具体服务范围、开放地区和使用规则请以官方网站当前页面为准。官方网站：app.keila.io。	https://app.keila.io	是
Roundcube	Roundcube	工具	其他,效率工具,在线服务	Roundcube在线服务	Roundcube在线服务。这里提供Roundcube的官方服务与相关信息，支持通过官网了解产品、功能、使用方式及最新动态；具体服务范围、开放地区和使用规则请以官方网站当前页面为准。官方网站：roundcube.net。	https://roundcube.net	是
Join Lemmy	Join Lemmy	工具	其他,效率工具,在线服务	Join Lemmy在线服务	Join Lemmy在线服务。这里提供Join Lemmy的官方服务与相关信息，支持通过官网了解产品、功能、使用方式及最新动态；具体服务范围、开放地区和使用规则请以官方网站当前页面为准。官方网站：join-lemmy.org。	https://join-lemmy.org	是
Mybb	Mybb	工具	其他,效率工具,在线服务	Mybb在线服务	Mybb在线服务。这里提供Mybb的官方服务与相关信息，支持通过官网了解产品、功能、使用方式及最新动态；具体服务范围、开放地区和使用规则请以官方网站当前页面为准。官方网站：mybb.com。	https://mybb.com	是
Hyeonsangjeon	Hyeonsangjeon	开发	编程开发,效率工具	Hyeonsangjeon在线服务	Hyeonsangjeon在线服务。这里提供Hyeonsangjeon的官方服务与相关信息，支持通过官网了解产品、功能、使用方式及最新动态；具体服务范围、开放地区和使用规则请以官方网站当前页面为准。官方网站：hyeonsangjeon.github.io。	https://hyeonsangjeon.github.io/youtube-dl-nas	是
Radarr	Radarr	工具	其他,效率工具,在线服务	Radarr在线服务	Radarr在线服务。这里提供Radarr的官方服务与相关信息，支持通过官网了解产品、功能、使用方式及最新动态；具体服务范围、开放地区和使用规则请以官方网站当前页面为准。官方网站：radarr.video。	https://radarr.video	是
Ratelog	Ratelog	工具	其他,效率工具,在线服务	Ratelog在线服务	Ratelog在线服务。这里提供Ratelog的官方服务与相关信息，支持通过官网了解产品、功能、使用方式及最新动态；具体服务范围、开放地区和使用规则请以官方网站当前页面为准。官方网站：ratelog.org。	https://ratelog.org	是
Azuracast	Azuracast	工具	其他,效率工具,在线服务	Azuracast在线服务	Azuracast在线服务。这里提供Azuracast的官方服务与相关信息，支持通过官网了解产品、功能、使用方式及最新动态；具体服务范围、开放地区和使用规则请以官方网站当前页面为准。官方网站：azuracast.com。	https://www.azuracast.com	是
Foxxmd	Foxxmd	开发	编程开发,效率工具	Foxxmd在线服务	Foxxmd在线服务。这里提供Foxxmd的官方服务与相关信息，支持通过官网了解产品、功能、使用方式及最新动态；具体服务范围、开放地区和使用规则请以官方网站当前页面为准。官方网站：foxxmd.github.io。	https://foxxmd.github.io/multi-scrobbler	是
Trackwatch	Trackwatch	工具	其他,效率工具,在线服务	Trackwatch在线服务	Trackwatch在线服务。这里提供Trackwatch的官方服务与相关信息，支持通过官网了解产品、功能、使用方式及最新动态；具体服务范围、开放地区和使用规则请以官方网站当前页面为准。官方网站：trackwatch.emlopezr.com。	https://trackwatch.emlopezr.com	是
Navidrome	Navidrome	工具	其他,效率工具,在线服务	Navidrome在线服务	Navidrome在线服务。这里提供Navidrome的官方服务与相关信息，支持通过官网了解产品、功能、使用方式及最新动态；具体服务范围、开放地区和使用规则请以官方网站当前页面为准。官方网站：navidrome.org。	https://www.navidrome.org	是
Dev	Dev	开发	编程开发,效率工具	Dev在线服务	Dev在线服务。这里提供Dev的官方服务与相关信息，支持通过官网了解产品、功能、使用方式及最新动态；具体服务范围、开放地区和使用规则请以官方网站当前页面为准。官方网站：dev.funkwhale.audio。	https://dev.funkwhale.audio/funkwhale	是
Musicpd	Musicpd	工具	其他,效率工具,在线服务	Musicpd在线服务	Musicpd在线服务。这里提供Musicpd的官方服务与相关信息，支持通过官网了解产品、功能、使用方式及最新动态；具体服务范围、开放地区和使用规则请以官方网站当前页面为准。官方网站：musicpd.org。	https://www.musicpd.org/clients	是
Botwave	Botwave	工具	其他,效率工具,在线服务	Botwave在线服务	Botwave在线服务。这里提供Botwave的官方服务与相关信息，支持通过官网了解产品、功能、使用方式及最新动态；具体服务范围、开放地区和使用规则请以官方网站当前页面为准。官方网站：botwave.dpip.lol。	https://botwave.dpip.lol	是
Lyrion	Lyrion	工具	其他,效率工具,在线服务	Lyrion在线服务	Lyrion在线服务。这里提供Lyrion的官方服务与相关信息，支持通过官网了解产品、功能、使用方式及最新动态；具体服务范围、开放地区和使用规则请以官方网站当前页面为准。官方网站：lyrion.org。	https://lyrion.org	是
Demo	Demo	工具	其他,效率工具,在线服务	Demo在线服务	Demo在线服务。这里提供Demo的官方服务与相关信息，支持通过官网了解产品、功能、使用方式及最新动态；具体服务范围、开放地区和使用规则请以官方网站当前页面为准。官方网站：demo.clipbucket.oxygenz.fr。	https://demo.clipbucket.oxygenz.fr	是
Gitlab	Gitlab	开发	编程开发,效率工具	Gitlab在线服务	Gitlab在线服务。这里提供Gitlab的官方服务与相关信息，支持通过官网了解产品、功能、使用方式及最新动态；具体服务范围、开放地区和使用规则请以官方网站当前页面为准。官方网站：gitlab.xiph.org。	https://gitlab.xiph.org/xiph/icecast-server	是
Clipbucket	Clipbucket	工具	其他,效率工具,在线服务	Clipbucket在线服务	Clipbucket在线服务。这里提供Clipbucket的官方服务与相关信息，支持通过官网了解产品、功能、使用方式及最新动态；具体服务范围、开放地区和使用规则请以官方网站当前页面为准。官方网站：clipbucket.fr。	https://clipbucket.fr	是
Demo	Demo	工具	其他,效率工具,在线服务	Demo在线服务	Demo在线服务。这里提供Demo的官方服务与相关信息，支持通过官网了解产品、功能、使用方式及最新动态；具体服务范围、开放地区和使用规则请以官方网站当前页面为准。官方网站：demo.jellyfin.org。	https://demo.jellyfin.org/stable	是
Gitlab	Gitlab	开发	编程开发,效率工具	Gitlab在线服务	Gitlab在线服务。这里提供Gitlab的官方服务与相关信息，支持通过官网了解产品、功能、使用方式及最新动态；具体服务范围、开放地区和使用规则请以官方网站当前页面为准。官方网站：gitlab.gnome.org。	https://gitlab.gnome.org/gnome/rygel	是
Mediamtx	Mediamtx	工具	其他,效率工具,在线服务	Mediamtx在线服务	Mediamtx在线服务。这里提供Mediamtx的官方服务与相关信息，支持通过官网了解产品、功能、使用方式及最新动态；具体服务范围、开放地区和使用规则请以官方网站当前页面为准。官方网站：mediamtx.org。	https://mediamtx.org	是
Demo	Demo	工具	其他,效率工具,在线服务	Demo在线服务	Demo在线服务。这里提供Demo的官方服务与相关信息，支持通过官网了解产品、功能、使用方式及最新动态；具体服务范围、开放地区和使用规则请以官方网站当前页面为准。官方网站：demo.ovenplayer.com。	https://demo.ovenplayer.com	是
Cytu	Cytu	工具	其他,效率工具,在线服务	Cytu在线服务	Cytu在线服务。这里提供Cytu的官方服务与相关信息，支持通过官网了解产品、功能、使用方式及最新动态；具体服务范围、开放地区和使用规则请以官方网站当前页面为准。官方网站：cytu.be。	https://cytu.be	是
Datarhei	Datarhei	开发	编程开发,效率工具	Datarhei在线服务	Datarhei在线服务。这里提供Datarhei的官方服务与相关信息，支持通过官网了解产品、功能、使用方式及最新动态；具体服务范围、开放地区和使用规则请以官方网站当前页面为准。官方网站：datarhei.github.io。	https://datarhei.github.io/restreamer	是
Demo	Demo	工具	其他,效率工具,在线服务	Demo在线服务	Demo在线服务。这里提供Demo的官方服务与相关信息，支持通过官网了解产品、功能、使用方式及最新动态；具体服务范围、开放地区和使用规则请以官方网站当前页面为准。官方网站：demo.2fauth.app。	https://demo.2fauth.app	是
Codeberg	Codeberg	开发	编程开发,效率工具	Codeberg在线服务	Codeberg在线服务。这里提供Codeberg的官方服务与相关信息，支持通过官网了解产品、功能、使用方式及最新动态；具体服务范围、开放地区和使用规则请以官方网站当前页面为准。官方网站：codeberg.org。	https://codeberg.org/ladigitale/digicard	是
Codeberg	Codeberg	开发	编程开发,效率工具	Codeberg在线服务	Codeberg在线服务。这里提供Codeberg的官方服务与相关信息，支持通过官网了解产品、功能、使用方式及最新动态；具体服务范围、开放地区和使用规则请以官方网站当前页面为准。官方网站：codeberg.org。	https://codeberg.org/ladigitale/digiflashcards	是
Codeberg	Codeberg	开发	编程开发,效率工具	Codeberg在线服务	Codeberg在线服务。这里提供Codeberg的官方服务与相关信息，支持通过官网了解产品、功能、使用方式及最新动态；具体服务范围、开放地区和使用规则请以官方网站当前页面为准。官方网站：codeberg.org。	https://codeberg.org/ladigitale/digiview	是
Codeberg	Codeberg	开发	编程开发,效率工具	Codeberg在线服务	Codeberg在线服务。这里提供Codeberg的官方服务与相关信息，支持通过官网了解产品、功能、使用方式及最新动态；具体服务范围、开放地区和使用规则请以官方网站当前页面为准。官方网站：codeberg.org。	https://codeberg.org/ladigitale/digiquiz	是
Codeberg	Codeberg	开发	编程开发,效率工具	Codeberg在线服务	Codeberg在线服务。这里提供Codeberg的官方服务与相关信息，支持通过官网了解产品、功能、使用方式及最新动态；具体服务范围、开放地区和使用规则请以官方网站当前页面为准。官方网站：codeberg.org。	https://codeberg.org/ladigitale/digiwords	是
Butlerx	Butlerx	开发	编程开发,效率工具	Butlerx在线服务	Butlerx在线服务。这里提供Butlerx的官方服务与相关信息，支持通过官网了解产品、功能、使用方式及最新动态；具体服务范围、开放地区和使用规则请以官方网站当前页面为准。官方网站：butlerx.github.io。	https://butlerx.github.io/wetty	是
Flyimg	Flyimg	工具	其他,效率工具,在线服务	Flyimg在线服务	Flyimg在线服务。这里提供Flyimg的官方服务与相关信息，支持通过官网了解产品、功能、使用方式及最新动态；具体服务范围、开放地区和使用规则请以官方网站当前页面为准。官方网站：flyimg.io。	https://flyimg.io	是
Zero Totp	Zero Totp	工具	其他,效率工具,在线服务	Zero Totp在线服务	Zero Totp在线服务。这里提供Zero Totp的官方服务与相关信息，支持通过官网了解产品、功能、使用方式及最新动态；具体服务范围、开放地区和使用规则请以官方网站当前页面为准。官方网站：zero-totp.com。	https://zero-totp.com	是
Demo	Demo	工具	其他,效率工具,在线服务	Demo在线服务	Demo在线服务。这里提供Demo的官方服务与相关信息，支持通过官网了解产品、功能、使用方式及最新动态；具体服务范围、开放地区和使用规则请以官方网站当前页面为准。官方网站：demo.flyimg.io。	https://demo.flyimg.io	是
Demo	Demo	工具	其他,效率工具,在线服务	Demo在线服务	Demo在线服务。这里提供Demo的官方服务与相关信息，支持通过官网了解产品、功能、使用方式及最新动态；具体服务范围、开放地区和使用规则请以官方网站当前页面为准。官方网站：demo.wavelog.org。	https://demo.wavelog.org	是
Usertour	Usertour	工具	其他,效率工具,在线服务	Usertour在线服务	Usertour在线服务。这里提供Usertour的官方服务与相关信息，支持通过官网了解产品、功能、使用方式及最新动态；具体服务范围、开放地区和使用规则请以官方网站当前页面为准。官方网站：usertour.io。	https://www.usertour.io	是
Depay	Depay	工具	其他,效率工具,在线服务	Depay在线服务	Depay在线服务。这里提供Depay的官方服务与相关信息，支持通过官网了解产品、功能、使用方式及最新动态；具体服务范围、开放地区和使用规则请以官方网站当前页面为准。官方网站：depay.com。	https://depay.com/products/payments	是
Depay	Depay	工具	其他,效率工具,在线服务	Depay在线服务	Depay在线服务。这里提供Depay的官方服务与相关信息，支持通过官网了解产品、功能、使用方式及最新动态；具体服务范围、开放地区和使用规则请以官方网站当前页面为准。官方网站：depay.com。	https://depay.com	是
Econumo	Econumo	工具	其他,效率工具,在线服务	Econumo在线服务	Econumo在线服务。这里提供Econumo的官方服务与相关信息，支持通过官网了解产品、功能、使用方式及最新动态；具体服务范围、开放地区和使用规则请以官方网站当前页面为准。官方网站：econumo.com。	https://econumo.com	是
Budgetboard	Budgetboard	工具	其他,效率工具,在线服务	Budgetboard在线服务	Budgetboard在线服务。这里提供Budgetboard的官方服务与相关信息，支持通过官网了解产品、功能、使用方式及最新动态；具体服务范围、开放地区和使用规则请以官方网站当前页面为准。官方网站：budgetboard.net。	https://budgetboard.net	是
Admin	Admin	AI	AI,效率工具	Admin在线服务	Admin在线服务。这里提供Admin的官方服务与相关信息，支持通过官网了解产品、功能、使用方式及最新动态；具体服务范围、开放地区和使用规则请以官方网站当前页面为准。官方网站：admin.bitcart.ai。	https://admin.bitcart.ai	是
Bigcapital	Bigcapital	开发	编程开发,效率工具	Bigcapital在线服务	Bigcapital在线服务。这里提供Bigcapital的官方服务与相关信息，支持通过官网了解产品、功能、使用方式及最新动态；具体服务范围、开放地区和使用规则请以官方网站当前页面为准。官方网站：bigcapital.app。	https://bigcapital.app	是
Ezbookkeeping Demo	Ezbookkeeping Demo	工具	其他,效率工具,在线服务	Ezbookkeeping Demo在线服务	Ezbookkeeping Demo在线服务。这里提供Ezbookkeeping Demo的官方服务与相关信息，支持通过官网了解产品、功能、使用方式及最新动态；具体服务范围、开放地区和使用规则请以官方网站当前页面为准。官方网站：ezbookkeeping-demo.mayswind.net。	https://ezbookkeeping-demo.mayswind.net	是
Bitcart	Bitcart	AI	AI,效率工具	Bitcart在线服务	Bitcart在线服务。这里提供Bitcart的官方服务与相关信息，支持通过官网了解产品、功能、使用方式及最新动态；具体服务范围、开放地区和使用规则请以官方网站当前页面为准。官方网站：bitcart.ai。	https://bitcart.ai	是
Demo	Demo	工具	其他,效率工具,在线服务	Demo在线服务	Demo在线服务。这里提供Demo的官方服务与相关信息，支持通过官网了解产品、功能、使用方式及最新动态；具体服务范围、开放地区和使用规则请以官方网站当前页面为准。官方网站：demo.econumo.com。	https://demo.econumo.com	是
Beancount	Beancount	开发	编程开发,效率工具	Beancount在线服务	Beancount在线服务。这里提供Beancount的官方服务与相关信息，支持通过官网了解产品、功能、使用方式及最新动态；具体服务范围、开放地区和使用规则请以官方网站当前页面为准。官方网站：beancount.github.io。	https://beancount.github.io/fava	是
Grr	Grr	开发	编程开发,效率工具	Grr在线服务	Grr在线服务。这里提供Grr的官方服务与相关信息，支持通过官网了解产品、功能、使用方式及最新动态；具体服务范围、开放地区和使用规则请以官方网站当前页面为准。官方网站：grr.devome.com。	https://grr.devome.com	是
Ihatemoney	Ihatemoney	工具	其他,效率工具,在线服务	Ihatemoney在线服务	Ihatemoney在线服务。这里提供Ihatemoney的官方服务与相关信息，支持通过官网了解产品、功能、使用方式及最新动态；具体服务范围、开放地区和使用规则请以官方网站当前页面为准。官方网站：ihatemoney.org。	https://ihatemoney.org	是
App	App	工具	其他,效率工具,在线服务	App在线服务	App在线服务。这里提供App的官方服务与相关信息，支持通过官网了解产品、功能、使用方式及最新动态；具体服务范围、开放地区和使用规则请以官方网站当前页面为准。官方网站：app.mybucks.online。	https://app.mybucks.online	是
Kresus	Kresus	工具	其他,效率工具,在线服务	Kresus在线服务	Kresus在线服务。这里提供Kresus的官方服务与相关信息，支持通过官网了解产品、功能、使用方式及最新动态；具体服务范围、开放地区和使用规则请以官方网站当前页面为准。官方网站：kresus.org。	https://kresus.org/en/demo.html	是
Kresus	Kresus	工具	其他,效率工具,在线服务	Kresus在线服务	Kresus在线服务。这里提供Kresus的官方服务与相关信息，支持通过官网了解产品、功能、使用方式及最新动态；具体服务范围、开放地区和使用规则请以官方网站当前页面为准。官方网站：kresus.org。	https://kresus.org	是
Rei3	Rei3	工具	其他,效率工具,在线服务	Rei3在线服务	Rei3在线服务。这里提供Rei3的官方服务与相关信息，支持通过官网了解产品、功能、使用方式及最新动态；具体服务范围、开放地区和使用规则请以官方网站当前页面为准。官方网站：rei3.de。	https://rei3.de/home_en	是
Mybucks	Mybucks	工具	其他,效率工具,在线服务	Mybucks在线服务	Mybucks在线服务。这里提供Mybucks的官方服务与相关信息，支持通过官网了解产品、功能、使用方式及最新动态；具体服务范围、开放地区和使用规则请以官方网站当前页面为准。官方网站：mybucks.online。	https://mybucks.online	是
Simonwep	Simonwep	开发	编程开发,效率工具	Simonwep在线服务	Simonwep在线服务。这里提供Simonwep的官方服务与相关信息，支持通过官网了解产品、功能、使用方式及最新动态；具体服务范围、开放地区和使用规则请以官方网站当前页面为准。官方网站：simonwep.github.io。	https://simonwep.github.io/ocular	是
Rei3	Rei3	工具	其他,效率工具,在线服务	Rei3在线服务	Rei3在线服务。这里提供Rei3的官方服务与相关信息，支持通过官网了解产品、功能、使用方式及最新动态；具体服务范围、开放地区和使用规则请以官方网站当前页面为准。官方网站：rei3.de。	https://rei3.de/demo_en	是
Getlago	Getlago	工具	其他,效率工具,在线服务	Getlago在线服务	Getlago在线服务。这里提供Getlago的官方服务与相关信息，支持通过官网了解产品、功能、使用方式及最新动态；具体服务范围、开放地区和使用规则请以官方网站当前页面为准。官方网站：getlago.com。	https://www.getlago.com	是
Simonwep	Simonwep	开发	编程开发,效率工具	Simonwep在线服务	Simonwep在线服务。这里提供Simonwep的官方服务与相关信息，支持通过官网了解产品、功能、使用方式及最新动态；具体服务范围、开放地区和使用规则请以官方网站当前页面为准。官方网站：simonwep.github.io。	https://simonwep.github.io/ocular/demo	是
Shkeeper	Shkeeper	工具	其他,效率工具,在线服务	Shkeeper在线服务	Shkeeper在线服务。这里提供Shkeeper的官方服务与相关信息，支持通过官网了解产品、功能、使用方式及最新动态；具体服务范围、开放地区和使用规则请以官方网站当前页面为准。官方网站：shkeeper.io。	https://shkeeper.io	是
Myfinbudget	Myfinbudget	工具	其他,效率工具,在线服务	Myfinbudget在线服务	Myfinbudget在线服务。这里提供Myfinbudget的官方服务与相关信息，支持通过官网了解产品、功能、使用方式及最新动态；具体服务范围、开放地区和使用规则请以官方网站当前页面为准。官方网站：myfinbudget.com。	https://myfinbudget.com	是
Demo	Demo	工具	其他,效率工具,在线服务	Demo在线服务	Demo在线服务。这里提供Demo的官方服务与相关信息，支持通过官网了解产品、功能、使用方式及最新动态；具体服务范围、开放地区和使用规则请以官方网站当前页面为准。官方网站：demo.receiptwrangler.io。	https://demo.receiptwrangler.io	是
Receiptwrangler	Receiptwrangler	工具	其他,效率工具,在线服务	Receiptwrangler在线服务	Receiptwrangler在线服务。这里提供Receiptwrangler的官方服务与相关信息，支持通过官网了解产品、功能、使用方式及最新动态；具体服务范围、开放地区和使用规则请以官方网站当前页面为准。官方网站：receiptwrangler.io。	https://receiptwrangler.io	是
Dailytxt	Dailytxt	AI	AI,效率工具	Dailytxt在线服务	Dailytxt在线服务。这里提供Dailytxt的官方服务与相关信息，支持通过官网了解产品、功能、使用方式及最新动态；具体服务范围、开放地区和使用规则请以官方网站当前页面为准。官方网站：dailytxt.phitux.de。	https://dailytxt.phitux.de	是
Solidinvoice	Solidinvoice	工具	其他,效率工具,在线服务	Solidinvoice在线服务	Solidinvoice在线服务。这里提供Solidinvoice的官方服务与相关信息，支持通过官网了解产品、功能、使用方式及最新动态；具体服务范围、开放地区和使用规则请以官方网站当前页面为准。官方网站：solidinvoice.co。	https://solidinvoice.co	是
Wallosapp	Wallosapp	工具	其他,效率工具,在线服务	Wallosapp在线服务	Wallosapp在线服务。这里提供Wallosapp的官方服务与相关信息，支持通过官网了解产品、功能、使用方式及最新动态；具体服务范围、开放地区和使用规则请以官方网站当前页面为准。官方网站：wallosapp.com。	https://wallosapp.com	是
Docs	Docs	开发	编程开发,效率工具	Docs在线服务	Docs在线服务。这里提供Docs的官方服务与相关信息，支持通过官网了解产品、功能、使用方式及最新动态；具体服务范围、开放地区和使用规则请以官方网站当前页面为准。官方网站：docs.speedtest-tracker.dev。	https://docs.speedtest-tracker.dev	是
Openspeedtest	Openspeedtest	工具	其他,效率工具,在线服务	Openspeedtest在线服务	Openspeedtest在线服务。这里提供Openspeedtest的官方服务与相关信息，支持通过官网了解产品、功能、使用方式及最新动态；具体服务范围、开放地区和使用规则请以官方网站当前页面为准。官方网站：openspeedtest.com。	https://openspeedtest.com	是
Sandbox	Sandbox	工具	其他,效率工具,在线服务	Sandbox在线服务	Sandbox在线服务。这里提供Sandbox的官方服务与相关信息，支持通过官网了解产品、功能、使用方式及最新动态；具体服务范围、开放地区和使用规则请以官方网站当前页面为准。官方网站：sandbox.yaffa.cc。	https://sandbox.yaffa.cc	是
Whois	Whois	工具	其他,效率工具,在线服务	Whois在线服务	Whois在线服务。这里提供Whois的官方服务与相关信息，支持通过官网了解产品、功能、使用方式及最新动态；具体服务范围、开放地区和使用规则请以官方网站当前页面为准。官方网站：whois.ddnsip.cn。	https://whois.ddnsip.cn/example.com	是
Myspeed	Myspeed	开发	编程开发,效率工具	Myspeed在线服务	Myspeed在线服务。这里提供Myspeed的官方服务与相关信息，支持通过官网了解产品、功能、使用方式及最新动态；具体服务范围、开放地区和使用规则请以官方网站当前页面为准。官方网站：myspeed.dev。	https://myspeed.dev	是
Docs	Docs	工具	其他,效率工具,在线服务	Docs在线服务	Docs在线服务。这里提供Docs的官方服务与相关信息，支持通过官网了解产品、功能、使用方式及最新动态；具体服务范围、开放地区和使用规则请以官方网站当前页面为准。官方网站：docs.numerique.gouv.fr。	https://docs.numerique.gouv.fr	是
Hedgedoc	Hedgedoc	工具	其他,效率工具,在线服务	Hedgedoc在线服务	Hedgedoc在线服务。这里提供Hedgedoc的官方服务与相关信息，支持通过官网了解产品、功能、使用方式及最新动态；具体服务范围、开放地区和使用规则请以官方网站当前页面为准。官方网站：hedgedoc.org。	https://hedgedoc.org	是
Notemark	Notemark	开发	编程开发,效率工具	Notemark在线服务	Notemark在线服务。这里提供Notemark的官方服务与相关信息，支持通过官网了解产品、功能、使用方式及最新动态；具体服务范围、开放地区和使用规则请以官方网站当前页面为准。官方网站：notemark.docs.enchantedcode.co.uk。	https://notemark.docs.enchantedcode.co.uk	是
Demo	Demo	工具	其他,效率工具,在线服务	Demo在线服务	Demo在线服务。这里提供Demo的官方服务与相关信息，支持通过官网了解产品、功能、使用方式及最新动态；具体服务范围、开放地区和使用规则请以官方网站当前页面为准。官方网站：demo.usememos.com。	https://demo.usememos.com/explore	是
Jotty	Jotty	工具	其他,效率工具,在线服务	Jotty在线服务	Jotty在线服务。这里提供Jotty的官方服务与相关信息，支持通过官网了解产品、功能、使用方式及最新动态；具体服务范围、开放地区和使用规则请以官方网站当前页面为准。官方网站：jotty.page。	https://jotty.page	是
Plainpad	Plainpad	AI	AI,效率工具	Plainpad在线服务	Plainpad在线服务。这里提供Plainpad的官方服务与相关信息，支持通过官网了解产品、功能、使用方式及最新动态；具体服务范围、开放地区和使用规则请以官方网站当前页面为准。官方网站：plainpad.org。	https://plainpad.org	是
Demo	Demo	AI	AI,效率工具	Demo在线服务	Demo在线服务。这里提供Demo的官方服务与相关信息，支持通过官网了解产品、功能、使用方式及最新动态；具体服务范围、开放地区和使用规则请以官方网站当前页面为准。官方网站：demo.plainpad.org。	https://demo.plainpad.org	是
Etherpad	Etherpad	工具	其他,效率工具,在线服务	Etherpad在线服务	Etherpad在线服务。这里提供Etherpad的官方服务与相关信息，支持通过官网了解产品、功能、使用方式及最新动态；具体服务范围、开放地区和使用规则请以官方网站当前页面为准。官方网站：etherpad.org。	https://etherpad.org	是
Cryptpad	Cryptpad	工具	其他,效率工具,在线服务	Cryptpad在线服务	Cryptpad在线服务。这里提供Cryptpad的官方服务与相关信息，支持通过官网了解产品、功能、使用方式及最新动态；具体服务范围、开放地区和使用规则请以官方网站当前页面为准。官方网站：cryptpad.org。	https://cryptpad.org	是
Docs	Docs	工具	其他,效率工具,在线服务	Docs在线服务	Docs在线服务。这里提供Docs的官方服务与相关信息，支持通过官网了解产品、功能、使用方式及最新动态；具体服务范围、开放地区和使用规则请以官方网站当前页面为准。官方网站：docs.getgrist.com。	https://docs.getgrist.com	是
Psono	Psono	工具	其他,效率工具,在线服务	Psono在线服务	Psono在线服务。这里提供Psono的官方服务与相关信息，支持通过官网了解产品、功能、使用方式及最新动态；具体服务范围、开放地区和使用规则请以官方网站当前页面为准。官方网站：psono.com。	https://psono.com	是
Psono	Psono	工具	其他,效率工具,在线服务	Psono在线服务	Psono在线服务。这里提供Psono的官方服务与相关信息，支持通过官网了解产品、功能、使用方式及最新动态；具体服务范围、开放地区和使用规则请以官方网站当前页面为准。官方网站：psono.pw。	https://www.psono.pw	是
Chiyogami	Chiyogami	开发	编程开发,效率工具	Chiyogami在线服务	Chiyogami在线服务。这里提供Chiyogami的官方服务与相关信息，支持通过官网了解产品、功能、使用方式及最新动态；具体服务范围、开放地区和使用规则请以官方网站当前页面为准。官方网站：chiyogami.myaddr.dev。	https://chiyogami.myaddr.dev	是
Hemmelig	Hemmelig	工具	其他,效率工具,在线服务	Hemmelig在线服务	Hemmelig在线服务。这里提供Hemmelig的官方服务与相关信息，支持通过官网了解产品、功能、使用方式及最新动态；具体服务范围、开放地区和使用规则请以官方网站当前页面为准。官方网站：hemmelig.app。	https://hemmelig.app	是
Privatebin	Privatebin	工具	其他,效率工具,在线服务	Privatebin在线服务	Privatebin在线服务。这里提供Privatebin的官方服务与相关信息，支持通过官网了解产品、功能、使用方式及最新动态；具体服务范围、开放地区和使用规则请以官方网站当前页面为准。官方网站：privatebin.info。	https://privatebin.info	是
Chhoto	Chhoto	工具	其他,效率工具,在线服务	Chhoto在线服务	Chhoto在线服务。这里提供Chhoto的官方服务与相关信息，支持通过官网了解产品、功能、使用方式及最新动态；具体服务范围、开放地区和使用规则请以官方网站当前页面为准。官方网站：chhoto.link。	https://chhoto.link	是
Kutt	Kutt	工具	其他,效率工具,在线服务	Kutt在线服务	Kutt在线服务。这里提供Kutt的官方服务与相关信息，支持通过官网了解产品、功能、使用方式及最新动态；具体服务范围、开放地区和使用规则请以官方网站当前页面为准。官方网站：kutt.to。	https://kutt.to	是
Ferron	Ferron	工具	其他,效率工具,在线服务	Ferron在线服务	Ferron在线服务。这里提供Ferron的官方服务与相关信息，支持通过官网了解产品、功能、使用方式及最新动态；具体服务范围、开放地区和使用规则请以官方网站当前页面为准。官方网站：ferron.sh。	https://ferron.sh	是
Git	Git	开发	编程开发,效率工具	Git在线服务	Git在线服务。这里提供Git的官方服务与相关信息，支持通过官网了解产品、功能、使用方式及最新动态；具体服务范围、开放地区和使用规则请以官方网站当前页面为准。官方网站：git.lighttpd.net。	https://git.lighttpd.net/lighttpd/lighttpd1.4	是
Docs	Docs	工具	其他,效率工具,在线服务	Docs在线服务	Docs在线服务。这里提供Docs的官方服务与相关信息，支持通过官网了解产品、功能、使用方式及最新动态；具体服务范围、开放地区和使用规则请以官方网站当前页面为准。官方网站：docs.bunkerweb.io。	https://docs.bunkerweb.io/latest/plugins	是
Nginxproxymanager	Nginxproxymanager	工具	其他,效率工具,在线服务	Nginxproxymanager在线服务	Nginxproxymanager在线服务。这里提供Nginxproxymanager的官方服务与相关信息，支持通过官网了解产品、功能、使用方式及最新动态；具体服务范围、开放地区和使用规则请以官方网站当前页面为准。官方网站：nginxproxymanager.com。	https://nginxproxymanager.com	是
Nginx	Nginx	工具	其他,效率工具,在线服务	Nginx在线服务	Nginx在线服务。这里提供Nginx的官方服务与相关信息，支持通过官网了解产品、功能、使用方式及最新动态；具体服务范围、开放地区和使用规则请以官方网站当前页面为准。官方网站：nginx.org。	https://nginx.org/en	是
Traefik	Traefik	工具	其他,效率工具,在线服务	Traefik在线服务	Traefik在线服务。这里提供Traefik的官方服务与相关信息，支持通过官网了解产品、功能、使用方式及最新动态；具体服务范围、开放地区和使用规则请以官方网站当前页面为准。官方网站：traefik.io。	https://traefik.io	是
Git	Git	开发	编程开发,效率工具	Git在线服务	Git在线服务。这里提供Git的官方服务与相关信息，支持通过官网了解产品、功能、使用方式及最新动态；具体服务范围、开放地区和使用规则请以官方网站当前页面为准。官方网站：git.haproxy.org。	https://git.haproxy.org	是
Vinyl Cache	Vinyl Cache	工具	其他,效率工具,在线服务	Vinyl Cache在线服务	Vinyl Cache在线服务。这里提供Vinyl Cache的官方服务与相关信息，支持通过官网了解产品、功能、使用方式及最新动态；具体服务范围、开放地区和使用规则请以官方网站当前页面为准。官方网站：vinyl-cache.org。	https://vinyl-cache.org	是
Waf	Waf	工具	其他,效率工具,在线服务	Waf在线服务	Waf在线服务。这里提供Waf的官方服务与相关信息，支持通过官网了解产品、功能、使用方式及最新动态；具体服务范围、开放地区和使用规则请以官方网站当前页面为准。官方网站：waf.uusec.com。	https://waf.uusec.com	是
Code	Code	开发	编程开发,效率工具	Code在线服务	Code在线服务。这里提供Code的官方服务与相关信息，支持通过官网了解产品、功能、使用方式及最新动态；具体服务范围、开放地区和使用规则请以官方网站当前页面为准。官方网站：code.vinyl-cache.org。	https://code.vinyl-cache.org/vinyl-cache/vinyl-cache	是
Waf	Waf	AI	AI,效率工具	Waf在线服务	Waf在线服务。这里提供Waf的官方服务与相关信息，支持通过官网了解产品、功能、使用方式及最新动态；具体服务范围、开放地区和使用规则请以官方网站当前页面为准。官方网站：waf.chaitin.com。	https://waf.chaitin.com	是
Wikimatrix	Wikimatrix	工具	其他,效率工具,在线服务	Wikimatrix在线服务	Wikimatrix在线服务。这里提供Wikimatrix的官方服务与相关信息，支持通过官网了解产品、功能、使用方式及最新动态；具体服务范围、开放地区和使用规则请以官方网站当前页面为准。官方网站：wikimatrix.org。	https://www.wikimatrix.org	是
Static Web Server	Static Web Server	工具	其他,效率工具,在线服务	Static Web Server在线服务	Static Web Server在线服务。这里提供Static Web Server的官方服务与相关信息，支持通过官网了解产品、功能、使用方式及最新动态；具体服务范围、开放地区和使用规则请以官方网站当前页面为准。官方网站：static-web-server.net。	https://static-web-server.net	是
Bookstackapp	Bookstackapp	开发	编程开发,效率工具	Bookstackapp在线服务	Bookstackapp在线服务。这里提供Bookstackapp的官方服务与相关信息，支持通过官网了解产品、功能、使用方式及最新动态；具体服务范围、开放地区和使用规则请以官方网站当前页面为准。官方网站：bookstackapp.com。	https://www.bookstackapp.com	是
Zoraxy	Zoraxy	工具	其他,效率工具,在线服务	Zoraxy在线服务	Zoraxy在线服务。这里提供Zoraxy的官方服务与相关信息，支持通过官网了解产品、功能、使用方式及最新动态；具体服务范围、开放地区和使用规则请以官方网站当前页面为准。官方网站：zoraxy.aroz.org。	https://zoraxy.aroz.org	是
Documize	Documize	工具	其他,效率工具,在线服务	Documize在线服务	Documize在线服务。这里提供Documize的官方服务与相关信息，支持通过官网了解产品、功能、使用方式及最新动态；具体服务范围、开放地区和使用规则请以官方网站当前页面为准。官方网站：documize.com。	https://documize.com	是
Feather	Feather	工具	其他,效率工具,在线服务	Feather在线服务	Feather在线服务。这里提供Feather的官方服务与相关信息，支持通过官网了解产品、功能、使用方式及最新动态；具体服务范围、开放地区和使用规则请以官方网站当前页面为准。官方网站：feather.wiki。	https://feather.wiki	是
Demo	Demo	工具	其他,效率工具,在线服务	Demo在线服务	Demo在线服务。这里提供Demo的官方服务与相关信息，支持通过官网了解产品、功能、使用方式及最新动态；具体服务范围、开放地区和使用规则请以官方网站当前页面为准。官方网站：demo.django-wiki.org。	https://demo.django-wiki.org	是
Otterwiki	Otterwiki	工具	其他,效率工具,在线服务	Otterwiki在线服务	Otterwiki在线服务。这里提供Otterwiki的官方服务与相关信息，支持通过官网了解产品、功能、使用方式及最新动态；具体服务范围、开放地区和使用规则请以官方网站当前页面为准。官方网站：otterwiki.com。	https://otterwiki.com	是
Mycorrhiza	Mycorrhiza	工具	其他,效率工具,在线服务	Mycorrhiza在线服务	Mycorrhiza在线服务。这里提供Mycorrhiza的官方服务与相关信息，支持通过官网了解产品、功能、使用方式及最新动态；具体服务范围、开放地区和使用规则请以官方网站当前页面为准。官方网站：mycorrhiza.wiki。	https://mycorrhiza.wiki	是
Pmwiki	Pmwiki	工具	其他,效率工具,在线服务	Pmwiki在线服务	Pmwiki在线服务。这里提供Pmwiki的官方服务与相关信息，支持通过官网了解产品、功能、使用方式及最新动态；具体服务范围、开放地区和使用规则请以官方网站当前页面为准。官方网站：pmwiki.org。	https://www.pmwiki.org	是
Tiddlywiki	Tiddlywiki	工具	其他,效率工具,在线服务	Tiddlywiki在线服务	Tiddlywiki在线服务。这里提供Tiddlywiki的官方服务与相关信息，支持通过官网了解产品、功能、使用方式及最新动态；具体服务范围、开放地区和使用规则请以官方网站当前页面为准。官方网站：tiddlywiki.com。	https://tiddlywiki.com	是
Raneto	Raneto	工具	其他,效率工具,在线服务	Raneto在线服务	Raneto在线服务。这里提供Raneto的官方服务与相关信息，支持通过官网了解产品、功能、使用方式及最新动态；具体服务范围、开放地区和使用规则请以官方网站当前页面为准。官方网站：raneto.com。	https://raneto.com	是
W	W	工具	其他,效率工具,在线服务	W在线服务	W在线服务。这里提供W的官方服务与相关信息，支持通过官网了解产品、功能、使用方式及最新动态；具体服务范围、开放地区和使用规则请以官方网站当前页面为准。官方网站：w.club1.fr。	https://w.club1.fr	是
Wackowiki	Wackowiki	工具	其他,效率工具,在线服务	Wackowiki在线服务	Wackowiki在线服务。这里提供Wackowiki的官方服务与相关信息，支持通过官网了解产品、功能、使用方式及最新动态；具体服务范围、开放地区和使用规则请以官方网站当前页面为准。官方网站：wackowiki.org。	https://wackowiki.org	是
Awweso	Awweso	工具	其他,效率工具,在线服务	Awweso在线服务	Awweso在线服务。这里提供Awweso的官方服务与相关信息，支持通过官网了解产品、功能、使用方式及最新动态；具体服务范围、开放地区和使用规则请以官方网站当前页面为准。官方网站：awweso.me。	https://awweso.me	是
Matrix	Matrix	工具	其他,效率工具,在线服务	Matrix在线服务	Matrix在线服务。这里提供Matrix的官方服务与相关信息，支持通过官网了解产品、功能、使用方式及最新动态；具体服务范围、开放地区和使用规则请以官方网站当前页面为准。官方网站：matrix.to。	https://matrix.to	是
Pagekite	Pagekite	工具	其他,效率工具,在线服务	Pagekite在线服务	Pagekite在线服务。这里提供Pagekite的官方服务与相关信息，支持通过官网了解产品、功能、使用方式及最新动态；具体服务范围、开放地区和使用规则请以官方网站当前页面为准。官方网站：pagekite.net。	https://pagekite.net	是
Easyindie	Easyindie	工具	其他,效率工具,在线服务	Easyindie在线服务	Easyindie在线服务。这里提供Easyindie的官方服务与相关信息，支持通过官网了解产品、功能、使用方式及最新动态；具体服务范围、开放地区和使用规则请以官方网站当前页面为准。官方网站：easyindie.app。	https://easyindie.app	是
Code	Code	开发	编程开发,效率工具	Code在线服务	Code在线服务。这里提供Code的官方服务与相关信息，支持通过官网了解产品、功能、使用方式及最新动态；具体服务范围、开放地区和使用规则请以官方网站当前页面为准。官方网站：code.visualstudio.com。	https://code.visualstudio.com/insiders	是
Code	Code	开发	编程开发,效率工具	Code在线服务	Code在线服务。这里提供Code的官方服务与相关信息，支持通过官网了解产品、功能、使用方式及最新动态；具体服务范围、开放地区和使用规则请以官方网站当前页面为准。官方网站：code.visualstudio.com。	https://code.visualstudio.com/download	是
Cloud	Cloud	开发	编程开发,效率工具	Cloud在线服务	Cloud在线服务。这里提供Cloud的官方服务与相关信息，支持通过官网了解产品、功能、使用方式及最新动态；具体服务范围、开放地区和使用规则请以官方网站当前页面为准。官方网站：cloud.githubusercontent.com。	https://cloud.githubusercontent.com/assets/7034281/16823311/da82a3c6-496b-11e6-8d95-0bebbf0b9607.gif	是
Code	Code	开发	编程开发,效率工具	Code在线服务	Code在线服务。这里提供Code的官方服务与相关信息，支持通过官网了解产品、功能、使用方式及最新动态；具体服务范围、开放地区和使用规则请以官方网站当前页面为准。官方网站：code.visualstudio.com。	https://code.visualstudio.com/docs/languages/overview	是
Code	Code	开发	编程开发,效率工具	Code在线服务	Code在线服务。这里提供Code的官方服务与相关信息，支持通过官网了解产品、功能、使用方式及最新动态；具体服务范围、开放地区和使用规则请以官方网站当前页面为准。官方网站：code.visualstudio.com。	https://code.visualstudio.com/docs/languages/csharp	是
User Images	User Images	设计	设计与创意,效率工具	User Images在线服务	User Images在线服务。这里提供User Images的官方服务与相关信息，支持通过官网了解产品、功能、使用方式及最新动态；具体服务范围、开放地区和使用规则请以官方网站当前页面为准。官方网站：user-images.githubusercontent.com。	https://user-images.githubusercontent.com/116461/69910156-96274b80-13fe-11ea-9be4-d801f4e9c377.gif	是
Media	Media	工具	其他,效率工具,在线服务	Media在线服务	Media在线服务。这里提供Media的官方服务与相关信息，支持通过官网了解产品、功能、使用方式及最新动态；具体服务范围、开放地区和使用规则请以官方网站当前页面为准。官方网站：media.giphy.com。	https://media.giphy.com/media/1iqphend8sld9sggex/giphy.gif	是
Media	Media	工具	其他,效率工具,在线服务	Media在线服务	Media在线服务。这里提供Media的官方服务与相关信息，支持通过官网了解产品、功能、使用方式及最新动态；具体服务范围、开放地区和使用规则请以官方网站当前页面为准。官方网站：media.giphy.com。	https://media.giphy.com/media/fnk9fzp80e7yfo7jaq/giphy.gif	是
Ngrok	Ngrok	工具	其他,效率工具,在线服务	Ngrok在线服务	Ngrok在线服务。这里提供Ngrok的官方服务与相关信息，支持通过官网了解产品、功能、使用方式及最新动态；具体服务范围、开放地区和使用规则请以官方网站当前页面为准。官方网站：ngrok.com。	https://ngrok.com	是
Foundation Prod Assetspublic53c57cce 8cp	Foundation Prod Assetspublic53c57cce 8cp	工具	其他,效率工具,在线服务	Foundation Prod Assetspublic53c57cce 8cp在线服务	从公开精选目录发现的 Foundation Prod Assetspublic53c57cce 8cp 官方网站，建议人工确认后收录	https://foundation-prod-assetspublic53c57cce-8cpvgjldwysl.s3-us-west-2.amazonaws.com/assets/images/graph-intro.gif	是
I	I	工具	其他,效率工具,在线服务	I在线服务	I在线服务。这里提供I的官方服务与相关信息，支持通过官网了解产品、功能、使用方式及最新动态；具体服务范围、开放地区和使用规则请以官方网站当前页面为准。官方网站：i.giphy.com。	https://i.giphy.com/iaheuidetuzuo.gif	是
Microsoft	Microsoft	开发	编程开发,效率工具	Microsoft在线服务	Microsoft在线服务。这里提供Microsoft的官方服务与相关信息，支持通过官网了解产品、功能、使用方式及最新动态；具体服务范围、开放地区和使用规则请以官方网站当前页面为准。官方网站：microsoft.github.io。	https://microsoft.github.io/vscode-remote-release/images/ssh-readme.gif	是
Devblogs	Devblogs	开发	编程开发,效率工具	Devblogs在线服务	Devblogs在线服务。这里提供Devblogs的官方服务与相关信息，支持通过官网了解产品、功能、使用方式及最新动态；具体服务范围、开放地区和使用规则请以官方网站当前页面为准。官方网站：devblogs.microsoft.com。	https://devblogs.microsoft.com/cppblog/vscode-cpp-may-2019-update	是
User Images	User Images	设计	设计与创意,效率工具	User Images在线服务	User Images在线服务。这里提供User Images的官方服务与相关信息，支持通过官网了解产品、功能、使用方式及最新动态；具体服务范围、开放地区和使用规则请以官方网站当前页面为准。官方网站：user-images.githubusercontent.com。	https://user-images.githubusercontent.com/37667437/46757404-aa365800-cce7-11e8-80ca-9207b7a68dea.png	是
User Images	User Images	设计	设计与创意,效率工具	User Images在线服务	User Images在线服务。这里提供User Images的官方服务与相关信息，支持通过官网了解产品、功能、使用方式及最新动态；具体服务范围、开放地区和使用规则请以官方网站当前页面为准。官方网站：user-images.githubusercontent.com。	https://user-images.githubusercontent.com/10897048/47027336-d8a9ac80-d199-11e8-9836-b8dbc4a97d1a.gif	是
User Images	User Images	设计	设计与创意,效率工具	User Images在线服务	User Images在线服务。这里提供User Images的官方服务与相关信息，支持通过官网了解产品、功能、使用方式及最新动态；具体服务范围、开放地区和使用规则请以官方网站当前页面为准。官方网站：user-images.githubusercontent.com。	https://user-images.githubusercontent.com/9638156/71784742-de421b00-3007-11ea-8862-8c6ea2836202.gif	是
Quokkajs	Quokkajs	工具	其他,效率工具,在线服务	Quokkajs在线服务	Quokkajs在线服务。这里提供Quokkajs的官方服务与相关信息，支持通过官网了解产品、功能、使用方式及最新动态；具体服务范围、开放地区和使用规则请以官方网站当前页面为准。官方网站：quokkajs.com。	https://quokkajs.com/assets/img/main-video.gif	是
User Images	User Images	设计	设计与创意,效率工具	User Images在线服务	User Images在线服务。这里提供User Images的官方服务与相关信息，支持通过官网了解产品、功能、使用方式及最新动态；具体服务范围、开放地区和使用规则请以官方网站当前页面为准。官方网站：user-images.githubusercontent.com。	https://user-images.githubusercontent.com/5564731/79053450-b7663700-7c3d-11ea-8498-bbfe7723b47f.gif	是
User Images	User Images	设计	设计与创意,效率工具	User Images在线服务	User Images在线服务。这里提供User Images的官方服务与相关信息，支持通过官网了解产品、功能、使用方式及最新动态；具体服务范围、开放地区和使用规则请以官方网站当前页面为准。官方网站：user-images.githubusercontent.com。	https://user-images.githubusercontent.com/6516758/46617867-df765680-caeb-11e8-8899-95778cdcceb7.gif	是
Vscodethemes	Vscodethemes	开发	编程开发,效率工具	Vscodethemes在线服务	Vscodethemes在线服务。这里提供Vscodethemes的官方服务与相关信息，支持通过官网了解产品、功能、使用方式及最新动态；具体服务范围、开放地区和使用规则请以官方网站当前页面为准。官方网站：vscodethemes.com。	https://vscodethemes.com/e/eckertalex.borealis	是
Vscodethemes	Vscodethemes	开发	编程开发,效率工具	Vscodethemes在线服务	Vscodethemes在线服务。这里提供Vscodethemes的官方服务与相关信息，支持通过官网了解产品、功能、使用方式及最新动态；具体服务范围、开放地区和使用规则请以官方网站当前页面为准。官方网站：vscodethemes.com。	https://vscodethemes.com/e/ultradracula.captain-sweetheart	是
Vscodethemes	Vscodethemes	开发	编程开发,效率工具	Vscodethemes在线服务	Vscodethemes在线服务。这里提供Vscodethemes的官方服务与相关信息，支持通过官网了解产品、功能、使用方式及最新动态；具体服务范围、开放地区和使用规则请以官方网站当前页面为准。官方网站：vscodethemes.com。	https://vscodethemes.com/e/thomaspink.theme-github	是
Vscodethemes	Vscodethemes	开发	编程开发,效率工具	Vscodethemes在线服务	Vscodethemes在线服务。这里提供Vscodethemes的官方服务与相关信息，支持通过官网了解产品、功能、使用方式及最新动态；具体服务范围、开放地区和使用规则请以官方网站当前页面为准。官方网站：vscodethemes.com。	https://vscodethemes.com/e/azemoh.one-monokai	是
Vscodethemes	Vscodethemes	开发	编程开发,效率工具	Vscodethemes在线服务	Vscodethemes在线服务。这里提供Vscodethemes的官方服务与相关信息，支持通过官网了解产品、功能、使用方式及最新动态；具体服务范围、开放地区和使用规则请以官方网站当前页面为准。官方网站：vscodethemes.com。	https://vscodethemes.com/e/daylerees.rainglow	是
Vscodethemes	Vscodethemes	开发	编程开发,效率工具	Vscodethemes在线服务	Vscodethemes在线服务。这里提供Vscodethemes的官方服务与相关信息，支持通过官网了解产品、功能、使用方式及最新动态；具体服务范围、开放地区和使用规则请以官方网站当前页面为准。官方网站：vscodethemes.com。	https://vscodethemes.com/e/sdras.night-owl	是
Vscodethemes	Vscodethemes	开发	编程开发,效率工具	Vscodethemes在线服务	Vscodethemes在线服务。这里提供Vscodethemes的官方服务与相关信息，支持通过官网了解产品、功能、使用方式及最新动态；具体服务范围、开放地区和使用规则请以官方网站当前页面为准。官方网站：vscodethemes.com。	https://vscodethemes.com/e/arcticicestudio.nord-visual-studio-code	是
Vscodethemes	Vscodethemes	开发	编程开发,效率工具	Vscodethemes在线服务	Vscodethemes在线服务。这里提供Vscodethemes的官方服务与相关信息，支持通过官网了解产品、功能、使用方式及最新动态；具体服务范围、开放地区和使用规则请以官方网站当前页面为准。官方网站：vscodethemes.com。	https://vscodethemes.com/e/ahmadawais.shades-of-purple	是
Vscodethemes	Vscodethemes	开发	编程开发,效率工具	Vscodethemes在线服务	Vscodethemes在线服务。这里提供Vscodethemes的官方服务与相关信息，支持通过官网了解产品、功能、使用方式及最新动态；具体服务范围、开放地区和使用规则请以官方网站当前页面为准。官方网站：vscodethemes.com。	https://vscodethemes.com/e/smlombardi.slime	是
Vscodethemes	Vscodethemes	开发	编程开发,效率工具	Vscodethemes在线服务	Vscodethemes在线服务。这里提供Vscodethemes的官方服务与相关信息，支持通过官网了解产品、功能、使用方式及最新动态；具体服务范围、开放地区和使用规则请以官方网站当前页面为准。官方网站：vscodethemes.com。	https://vscodethemes.com/e/monokai.theme-monokai-pro-vscode	是
Code	Code	开发	编程开发,效率工具	Code在线服务	Code在线服务。这里提供Code的官方服务与相关信息，支持通过官网了解产品、功能、使用方式及最新动态；具体服务范围、开放地区和使用规则请以官方网站当前页面为准。官方网站：code.visualstudio.com。	https://code.visualstudio.com/api	是
Code	Code	开发	编程开发,效率工具	Code在线服务	Code在线服务。这里提供Code的官方服务与相关信息，支持通过官网了解产品、功能、使用方式及最新动态；具体服务范围、开放地区和使用规则请以官方网站当前页面为准。官方网站：code.visualstudio.com。	https://code.visualstudio.com/docs	是
Vscodethemes	Vscodethemes	开发	编程开发,效率工具	Vscodethemes在线服务	Vscodethemes在线服务。这里提供Vscodethemes的官方服务与相关信息，支持通过官网了解产品、功能、使用方式及最新动态；具体服务范围、开放地区和使用规则请以官方网站当前页面为准。官方网站：vscodethemes.com。	https://vscodethemes.com/e/mischah.relaxed-theme	是
El Angel	El Angel	开发	编程开发,效率工具	El Angel在线服务	El Angel在线服务。这里提供El Angel的官方服务与相关信息，支持通过官网了解产品、功能、使用方式及最新动态；具体服务范围、开放地区和使用规则请以官方网站当前页面为准。官方网站：el-angel.github.io。	https://el-angel.github.io/theme-editor	是
Themer	Themer	开发	编程开发,效率工具	Themer在线服务	Themer在线服务。这里提供Themer的官方服务与相关信息，支持通过官网了解产品、功能、使用方式及最新动态；具体服务范围、开放地区和使用规则请以官方网站当前页面为准。官方网站：themer.dev。	https://themer.dev	是
Vscode	Vscode	开发	编程开发,效率工具	Vscode在线服务	Vscode在线服务。这里提供Vscode的官方服务与相关信息，支持通过官网了解产品、功能、使用方式及最新动态；具体服务范围、开放地区和使用规则请以官方网站当前页面为准。官方网站：vscode.pro。	https://vscode.pro	是
Viatsko	Viatsko	工具	其他,效率工具,在线服务	Viatsko在线服务	Viatsko在线服务。这里提供Viatsko的官方服务与相关信息，支持通过官网了解产品、功能、使用方式及最新动态；具体服务范围、开放地区和使用规则请以官方网站当前页面为准。官方网站：viatsko.me。	https://viatsko.me	是
Stdcxx	Stdcxx	工具	其他,效率工具,在线服务	Stdcxx在线服务	Stdcxx在线服务。这里提供Stdcxx的官方服务与相关信息，支持通过官网了解产品、功能、使用方式及最新动态；具体服务范围、开放地区和使用规则请以官方网站当前页面为准。官方网站：stdcxx.apache.org。	https://stdcxx.apache.org	是
Apr	Apr	工具	其他,效率工具,在线服务	Apr在线服务	Apr在线服务。这里提供Apr的官方服务与相关信息，支持通过官网了解产品、功能、使用方式及最新动态；具体服务范围、开放地区和使用规则请以官方网站当前页面为准。官方网站：apr.apache.org。	https://apr.apache.org	是
Mirrors	Mirrors	工具	其他,效率工具,在线服务	Mirrors在线服务	Mirrors在线服务。这里提供Mirrors的官方服务与相关信息，支持通过官网了解产品、功能、使用方式及最新动态；具体服务范围、开放地区和使用规则请以官方网站当前页面为准。官方网站：mirrors.creativecommons.org。	https://mirrors.creativecommons.org/presskit/buttons/88x31/svg/cc-zero.svg	是
Stlab	Stlab	工具	其他,效率工具,在线服务	Stlab在线服务	Stlab在线服务。这里提供Stlab的官方服务与相关信息，支持通过官网了解产品、功能、使用方式及最新动态；具体服务范围、开放地区和使用规则请以官方网站当前页面为准。官方网站：stlab.adobe.com。	https://stlab.adobe.com	是
Boost	Boost	工具	其他,效率工具,在线服务	Boost在线服务	Boost在线服务。这里提供Boost的官方服务与相关信息，支持通过官网了解产品、功能、使用方式及最新动态；具体服务范围、开放地区和使用规则请以官方网站当前页面为准。官方网站：boost.org。	https://www.boost.org	是
Fishshell	Fishshell	工具	其他,效率工具,在线服务	Fishshell在线服务	Fishshell在线服务。这里提供Fishshell的官方服务与相关信息，支持通过官网了解产品、功能、使用方式及最新动态；具体服务范围、开放地区和使用规则请以官方网站当前页面为准。官方网站：fishshell.com。	https://fishshell.com	是
Elv	Elv	工具	其他,效率工具,在线服务	Elv在线服务	Elv在线服务。这里提供Elv的官方服务与相关信息，支持通过官网了解产品、功能、使用方式及最新动态；具体服务范围、开放地区和使用规则请以官方网站当前页面为准。官方网站：elv.sh。	https://elv.sh	是
Tcsh	Tcsh	工具	其他,效率工具,在线服务	Tcsh在线服务	Tcsh在线服务。这里提供Tcsh的官方服务与相关信息，支持通过官网了解产品、功能、使用方式及最新动态；具体服务范围、开放地区和使用规则请以官方网站当前页面为准。官方网站：tcsh.org。	https://www.tcsh.org	是
Xon	Xon	工具	其他,效率工具,在线服务	Xon在线服务	Xon在线服务。这里提供Xon的官方服务与相关信息，支持通过官网了解产品、功能、使用方式及最新动态；具体服务范围、开放地区和使用规则请以官方网站当前页面为准。官方网站：xon.sh。	https://xon.sh	是
Oilshell	Oilshell	工具	其他,效率工具,在线服务	Oilshell在线服务	Oilshell在线服务。这里提供Oilshell的官方服务与相关信息，支持通过官网了解产品、功能、使用方式及最新动态；具体服务范围、开放地区和使用规则请以官方网站当前页面为准。官方网站：oilshell.org。	https://www.oilshell.org	是
Mywiki	Mywiki	工具	其他,效率工具,在线服务	Mywiki在线服务	Mywiki在线服务。这里提供Mywiki的官方服务与相关信息，支持通过官网了解产品、功能、使用方式及最新动态；具体服务范围、开放地区和使用规则请以官方网站当前页面为准。官方网站：mywiki.wooledge.org。	http://mywiki.wooledge.org/bashfaq	是
Google	Google	开发	编程开发,效率工具	Google在线服务	Google在线服务。这里提供Google的官方服务与相关信息，支持通过官网了解产品、功能、使用方式及最新动态；具体服务范围、开放地区和使用规则请以官方网站当前页面为准。官方网站：google.github.io。	https://google.github.io/styleguide/shellguide.html	是
Softwareengineeringdaily	Softwareengineeringdaily	AI	AI,效率工具	Softwareengineeringdaily在线服务	Softwareengineeringdaily在线服务。这里提供Softwareengineeringdaily的官方服务与相关信息，支持通过官网了解产品、功能、使用方式及最新动态；具体服务范围、开放地区和使用规则请以官方网站当前页面为准。官方网站：softwareengineeringdaily.com。	https://softwareengineeringdaily.com/2018/04/09/site-reliability-management-with-mike-hiraga	是
Usenix	Usenix	工具	其他,效率工具,在线服务	Usenix在线服务	Usenix在线服务。这里提供Usenix的官方服务与相关信息，支持通过官网了解产品、功能、使用方式及最新动态；具体服务范围、开放地区和使用规则请以官方网站当前页面为准。官方网站：usenix.org。	https://www.usenix.org/conference/srecon19emea/presentation/rabenstein	是
Spacelift	Spacelift	工具	其他,效率工具,在线服务	Spacelift在线服务	Spacelift在线服务。这里提供Spacelift的官方服务与相关信息，支持通过官网了解产品、功能、使用方式及最新动态；具体服务范围、开放地区和使用规则请以官方网站当前页面为准。官方网站：spacelift.io。	https://spacelift.io/blog/sre-vs-devops	是
Khanacademy	Khanacademy	教育	在线学习,效率工具	Khanacademy在线服务	Khanacademy在线服务。这里提供Khanacademy的官方服务与相关信息，支持通过官网了解产品、功能、使用方式及最新动态；具体服务范围、开放地区和使用规则请以官方网站当前页面为准。官方网站：khanacademy.org。	https://www.khanacademy.org/college-careers-more/career-content/career-profile-videos/site-reliability-engineer/v/ruth-grace-site-reliability-engineer-what-i-do-and-how-much-i-make	是
Usenix	Usenix	工具	其他,效率工具,在线服务	Usenix在线服务	Usenix在线服务。这里提供Usenix的官方服务与相关信息，支持通过官网了解产品、功能、使用方式及最新动态；具体服务范围、开放地区和使用规则请以官方网站当前页面为准。官方网站：usenix.org。	https://www.usenix.org/publications/login/june15/hixson	是
Usenix	Usenix	工具	其他,效率工具,在线服务	Usenix在线服务	Usenix在线服务。这里提供Usenix的官方服务与相关信息，支持通过官网了解产品、功能、使用方式及最新动态；具体服务范围、开放地区和使用规则请以官方网站当前页面为准。官方网站：usenix.org。	https://www.usenix.org/conference/srecon15/program/presentation/widdowson	是
Usenix	Usenix	工具	其他,效率工具,在线服务	Usenix在线服务	Usenix在线服务。这里提供Usenix的官方服务与相关信息，支持通过官网了解产品、功能、使用方式及最新动态；具体服务范围、开放地区和使用规则请以官方网站当前页面为准。官方网站：usenix.org。	https://www.usenix.org/conference/srecon15/program/presentation/sebenik	是
Linkedin	Linkedin	开发	编程开发,效率工具	Linkedin在线服务	Linkedin在线服务。这里提供Linkedin的官方服务与相关信息，支持通过官网了解产品、功能、使用方式及最新动态；具体服务范围、开放地区和使用规则请以官方网站当前页面为准。官方网站：linkedin.github.io。	https://linkedin.github.io/school-of-sre	是
Ptgmedia	Ptgmedia	工具	其他,效率工具,在线服务	Ptgmedia在线服务	Ptgmedia在线服务。这里提供Ptgmedia的官方服务与相关信息，支持通过官网了解产品、功能、使用方式及最新动态；具体服务范围、开放地区和使用规则请以官方网站当前页面为准。官方网站：ptgmedia.pearsoncmg.com。	http://ptgmedia.pearsoncmg.com/images/9780133390094/samplepages/0133390098.pdf	是
Manning	Manning	工具	其他,效率工具,在线服务	Manning在线服务	Manning在线服务。这里提供Manning的官方服务与相关信息，支持通过官网了解产品、功能、使用方式及最新动态；具体服务范围、开放地区和使用规则请以官方网站当前页面为准。官方网站：manning.com。	https://www.manning.com/books/chaos-engineering	是
Shopify	Shopify	工具	其他,效率工具,在线服务	Shopify在线服务	Shopify在线服务。这里提供Shopify的官方服务与相关信息，支持通过官网了解产品、功能、使用方式及最新动态；具体服务范围、开放地区和使用规则请以官方网站当前页面为准。官方网站：shopify.engineering。	https://shopify.engineering/four-steps-creating-effective-game-day-tests	是
Usenix	Usenix	工具	其他,效率工具,在线服务	Usenix在线服务	Usenix在线服务。这里提供Usenix的官方服务与相关信息，支持通过官网了解产品、功能、使用方式及最新动态；具体服务范围、开放地区和使用规则请以官方网站当前页面为准。官方网站：usenix.org。	https://www.usenix.org/conference/srecon15/program/presentation/fong	是
Usenix	Usenix	工具	其他,效率工具,在线服务	Usenix在线服务	Usenix在线服务。这里提供Usenix的官方服务与相关信息，支持通过官网了解产品、功能、使用方式及最新动态；具体服务范围、开放地区和使用规则请以官方网站当前页面为准。官方网站：usenix.org。	https://www.usenix.org/publications/login/june15/hiring-site-reliability-engineers	是
Usenix	Usenix	工具	其他,效率工具,在线服务	Usenix在线服务	Usenix在线服务。这里提供Usenix的官方服务与相关信息，支持通过官网了解产品、功能、使用方式及最新动态；具体服务范围、开放地区和使用规则请以官方网站当前页面为准。官方网站：usenix.org。	https://www.usenix.org/publications/login/dec14/ward	是
Usenix	Usenix	工具	其他,效率工具,在线服务	Usenix在线服务	Usenix在线服务。这里提供Usenix的官方服务与相关信息，支持通过官网了解产品、功能、使用方式及最新动态；具体服务范围、开放地区和使用规则请以官方网站当前页面为准。官方网站：usenix.org。	https://www.usenix.org/conference/ures14west/summit-program/presentation/dickson	是
Principlesofchaos	Principlesofchaos	工具	其他,效率工具,在线服务	Principlesofchaos在线服务	Principlesofchaos在线服务。这里提供Principlesofchaos的官方服务与相关信息，支持通过官网了解产品、功能、使用方式及最新动态；具体服务范围、开放地区和使用规则请以官方网站当前页面为准。官方网站：principlesofchaos.org。	http://principlesofchaos.org	是
Srcco	Srcco	工具	其他,效率工具,在线服务	Srcco在线服务	Srcco在线服务。这里提供Srcco的官方服务与相关信息，支持通过官网了解产品、功能、使用方式及最新动态；具体服务范围、开放地区和使用规则请以官方网站当前页面为准。官方网站：srcco.de。	https://srcco.de/posts/web-service-on-kubernetes-production-checklist-2019.html	是
Shopify	Shopify	工具	其他,效率工具,在线服务	Shopify在线服务	Shopify在线服务。这里提供Shopify的官方服务与相关信息，支持通过官网了解产品、功能、使用方式及最新动态；具体服务范围、开放地区和使用规则请以官方网站当前页面为准。官方网站：shopify.engineering。	https://shopify.engineering/resiliency-planning-for-high-traffic-events	是
Usenix	Usenix	工具	其他,效率工具,在线服务	Usenix在线服务	Usenix在线服务。这里提供Usenix的官方服务与相关信息，支持通过官网了解产品、功能、使用方式及最新动态；具体服务范围、开放地区和使用规则请以官方网站当前页面为准。官方网站：usenix.org。	https://www.usenix.org/conference/lisa13/working-theory-monitoring	是
Usenix	Usenix	工具	其他,效率工具,在线服务	Usenix在线服务	Usenix在线服务。这里提供Usenix的官方服务与相关信息，支持通过官网了解产品、功能、使用方式及最新动态；具体服务范围、开放地区和使用规则请以官方网站当前页面为准。官方网站：usenix.org。	https://www.usenix.org/conference/srecon15/program/presentation/serebryany	是
Blog	Blog	工具	其他,效率工具,在线服务	Blog在线服务	Blog在线服务。这里提供Blog的官方服务与相关信息，支持通过官网了解产品、功能、使用方式及最新动态；具体服务范围、开放地区和使用规则请以官方网站当前页面为准。官方网站：blog.colinbreck.com。	https://blog.colinbreck.com/observations-on-observability	是
Elastic	Elastic	工具	其他,效率工具,在线服务	Elastic在线服务	Elastic在线服务。这里提供Elastic的官方服务与相关信息，支持通过官网了解产品、功能、使用方式及最新动态；具体服务范围、开放地区和使用规则请以官方网站当前页面为准。官方网站：elastic.co。	https://www.elastic.co/blog/elastic-observability-sre-incident-response	是
Atlassian	Atlassian	工具	其他,效率工具,在线服务	Atlassian在线服务	Atlassian在线服务。这里提供Atlassian的官方服务与相关信息，支持通过官网了解产品、功能、使用方式及最新动态；具体服务范围、开放地区和使用规则请以官方网站当前页面为准。官方网站：atlassian.com。	https://www.atlassian.com/blog/2016/02/inside-atlassian-sre-use-chatops-run-incident-management	是
Atlassian	Atlassian	工具	其他,效率工具,在线服务	Atlassian在线服务	Atlassian在线服务。这里提供Atlassian的官方服务与相关信息，支持通过官网了解产品、功能、使用方式及最新动态；具体服务范围、开放地区和使用规则请以官方网站当前页面为准。官方网站：atlassian.com。	https://www.atlassian.com/blog/it-teams/inside-atlassian-site-reliability-engineers-incident-management	是
Gremlin	Gremlin	工具	其他,效率工具,在线服务	Gremlin在线服务	Gremlin在线服务。这里提供Gremlin的官方服务与相关信息，支持通过官网了解产品、功能、使用方式及最新动态；具体服务范围、开放地区和使用规则请以官方网站当前页面为准。官方网站：gremlin.com。	https://www.gremlin.com/community/tutorials/understanding-the-role-of-the-incident-manager-on-call-imoc	是
Naildrivin5	Naildrivin5	AI	AI,效率工具	Naildrivin5在线服务	Naildrivin5在线服务。这里提供Naildrivin5的官方服务与相关信息，支持通过官网了解产品、功能、使用方式及最新动态；具体服务范围、开放地区和使用规则请以官方网站当前页面为准。官方网站：naildrivin5.com。	http://naildrivin5.com/blog/2016/12/07/on-call.html	是
Engineering	Engineering	工具	其他,效率工具,在线服务	Engineering在线服务	Engineering在线服务。这里提供Engineering的官方服务与相关信息，支持通过官网了解产品、功能、使用方式及最新动态；具体服务范围、开放地区和使用规则请以官方网站当前页面为准。官方网站：engineering.linkedin.com。	https://engineering.linkedin.com/blog/2017/12/open-sourcing-fossor-and-ascii-etch	是
Engineering	Engineering	工具	其他,效率工具,在线服务	Engineering在线服务	Engineering在线服务。这里提供Engineering的官方服务与相关信息，支持通过官网了解产品、功能、使用方式及最新动态；具体服务范围、开放地区和使用规则请以官方网站当前页面为准。官方网站：engineering.linkedin.com。	https://engineering.linkedin.com/blog/2018/01/project-star-streamlining-our-on-call-process	是
Thenewstack	Thenewstack	开发	编程开发,效率工具	Thenewstack在线服务	Thenewstack在线服务。这里提供Thenewstack的官方服务与相关信息，支持通过官网了解产品、功能、使用方式及最新动态；具体服务范围、开放地区和使用规则请以官方网站当前页面为准。官方网站：thenewstack.io。	https://thenewstack.io/call-rotations-best-wake-devs-middle-night	是
Blog	Blog	工具	其他,效率工具,在线服务	Blog在线服务	Blog在线服务。这里提供Blog的官方服务与相关信息，支持通过官网了解产品、功能、使用方式及最新动态；具体服务范围、开放地区和使用规则请以官方网站当前页面为准。官方网站：blog.hostedgraphite.com。	https://blog.hostedgraphite.com/2018/09/13/how-to-write-a-status-page-update	是
Response	Response	工具	其他,效率工具,在线服务	Response在线服务	Response在线服务。这里提供Response的官方服务与相关信息，支持通过官网了解产品、功能、使用方式及最新动态；具体服务范围、开放地区和使用规则请以官方网站当前页面为准。官方网站：response.pagerduty.com。	https://response.pagerduty.com	是
Engineering	Engineering	工具	其他,效率工具,在线服务	Engineering在线服务	Engineering在线服务。这里提供Engineering的官方服务与相关信息，支持通过官网了解产品、功能、使用方式及最新动态；具体服务范围、开放地区和使用规则请以官方网站当前页面为准。官方网站：engineering.salesforce.com。	https://engineering.salesforce.com/10-steps-to-develop-an-incident-response-plan-youll-actually-use-6cc49d9bf94c	是
Monzo	Monzo	工具	其他,效率工具,在线服务	Monzo在线服务	Monzo在线服务。这里提供Monzo的官方服务与相关信息，支持通过官网了解产品、功能、使用方式及最新动态；具体服务范围、开放地区和使用规则请以官方网站当前页面为准。官方网站：monzo.com。	https://monzo.com/blog/how-weve-evolved-on-call-at-monzo	是
Monzo	Monzo	工具	其他,效率工具,在线服务	Monzo在线服务	Monzo在线服务。这里提供Monzo的官方服务与相关信息，支持通过官网了解产品、功能、使用方式及最新动态；具体服务范围、开放地区和使用规则请以官方网站当前页面为准。官方网站：monzo.com。	https://monzo.com/blog/2019/07/08/how-we-respond-to-incidents	是
Usenix	Usenix	工具	其他,效率工具,在线服务	Usenix在线服务	Usenix在线服务。这里提供Usenix的官方服务与相关信息，支持通过官网了解产品、功能、使用方式及最新动态；具体服务范围、开放地区和使用规则请以官方网站当前页面为准。官方网站：usenix.org。	https://www.usenix.org/conference/srecon17americas/program/presentation/lueder	是
Artsy	Artsy	开发	编程开发,效率工具	Artsy在线服务	Artsy在线服务。这里提供Artsy的官方服务与相关信息，支持通过官网了解产品、功能、使用方式及最新动态；具体服务范围、开放地区和使用规则请以官方网站当前页面为准。官方网站：artsy.github.io。	https://artsy.github.io/blog/2014/11/19/how-to-write-great-outage-post-mortems	是
Hostedgraphite	Hostedgraphite	工具	其他,效率工具,在线服务	Hostedgraphite在线服务	Hostedgraphite在线服务。这里提供Hostedgraphite的官方服务与相关信息，支持通过官网了解产品、功能、使用方式及最新动态；具体服务范围、开放地区和使用规则请以官方网站当前页面为准。官方网站：hostedgraphite.com。	https://www.hostedgraphite.com/blog/its-dead-jim-how-we-write-an-incident-postmortem	是
Hostedgraphite	Hostedgraphite	工具	其他,效率工具,在线服务	Hostedgraphite在线服务	Hostedgraphite在线服务。这里提供Hostedgraphite的官方服务与相关信息，支持通过官网了解产品、功能、使用方式及最新动态；具体服务范围、开放地区和使用规则请以官方网站当前页面为准。官方网站：hostedgraphite.com。	https://www.hostedgraphite.com/blog/incident-postmortem-template	是
Blameless	Blameless	工具	其他,效率工具,在线服务	Blameless在线服务	Blameless在线服务。这里提供Blameless的官方服务与相关信息，支持通过官网了解产品、功能、使用方式及最新动态；具体服务范围、开放地区和使用规则请以官方网站当前页面为准。官方网站：blameless.com。	https://www.blameless.com/why-companies-can-benefit-from-blameless-culture	是
Blameless	Blameless	工具	其他,效率工具,在线服务	Blameless在线服务	Blameless在线服务。这里提供Blameless的官方服务与相关信息，支持通过官网了解产品、功能、使用方式及最新动态；具体服务范围、开放地区和使用规则请以官方网站当前页面为准。官方网站：blameless.com。	https://www.blameless.com/improve-postmortem-with-sre-steve-mcghee	是
Usenix	Usenix	工具	其他,效率工具,在线服务	Usenix在线服务	Usenix在线服务。这里提供Usenix的官方服务与相关信息，支持通过官网了解产品、功能、使用方式及最新动态；具体服务范围、开放地区和使用规则请以官方网站当前页面为准。官方网站：usenix.org。	https://www.usenix.org/system/files/login/articles/login_aug15_06_roth.pdf	是
Usenix	Usenix	工具	其他,效率工具,在线服务	Usenix在线服务	Usenix在线服务。这里提供Usenix的官方服务与相关信息，支持通过官网了解产品、功能、使用方式及最新动态；具体服务范围、开放地区和使用规则请以官方网站当前页面为准。官方网站：usenix.org。	https://www.usenix.org/conference/srecon16/program/presentation/jones	是
Usenix	Usenix	工具	其他,效率工具,在线服务	Usenix在线服务	Usenix在线服务。这里提供Usenix的官方服务与相关信息，支持通过官网了解产品、功能、使用方式及最新动态；具体服务范围、开放地区和使用规则请以官方网站当前页面为准。官方网站：usenix.org。	https://www.usenix.org/system/files/login/articles/login_feb15_07_hixson.pdf	是
Catchpoint	Catchpoint	工具	其他,效率工具,在线服务	Catchpoint在线服务	Catchpoint在线服务。这里提供Catchpoint的官方服务与相关信息，支持通过官网了解产品、功能、使用方式及最新动态；具体服务范围、开放地区和使用规则请以官方网站当前页面为准。官方网站：catchpoint.com。	https://www.catchpoint.com/blog/sla-management-guide	是
Jvns	Jvns	工具	其他,效率工具,在线服务	Jvns在线服务	Jvns在线服务。这里提供Jvns的官方服务与相关信息，支持通过官网了解产品、功能、使用方式及最新动态；具体服务范围、开放地区和使用规则请以官方网站当前页面为准。官方网站：jvns.ca。	https://jvns.ca/blog/2016/03/20/how-do-you-do-capacity-planning	是
Dastergon	Dastergon	开发	编程开发,效率工具	Dastergon在线服务	Dastergon在线服务。这里提供Dastergon的官方服务与相关信息，支持通过官网了解产品、功能、使用方式及最新动态；具体服务范围、开放地区和使用规则请以官方网站当前页面为准。官方网站：dastergon.github.io。	https://dastergon.github.io/availability-calculator	是
Ibm	Ibm	工具	其他,效率工具,在线服务	Ibm在线服务	Ibm在线服务。这里提供Ibm的官方服务与相关信息，支持通过官网了解产品、功能、使用方式及最新动态；具体服务范围、开放地区和使用规则请以官方网站当前页面为准。官方网站：ibm.com。	https://www.ibm.com/developerworks/cloud/library/cl-slastandards	是
Ibm	Ibm	工具	其他,效率工具,在线服务	Ibm在线服务	Ibm在线服务。这里提供Ibm的官方服务与相关信息，支持通过官网了解产品、功能、使用方式及最新动态；具体服务范围、开放地区和使用规则请以官方网站当前页面为准。官方网站：ibm.com。	https://www.ibm.com/developerworks/cloud/library/cl-slaloadbalance-numanalysis	是
Lethain	Lethain	AI	AI,效率工具	Lethain在线服务	Lethain在线服务。这里提供Lethain的官方服务与相关信息，支持通过官网了解产品、功能、使用方式及最新动态；具体服务范围、开放地区和使用规则请以官方网站当前页面为准。官方网站：lethain.com。	https://lethain.com/dont-follow-the-sun	是
Thenewstack	Thenewstack	开发	编程开发,效率工具	Thenewstack在线服务	Thenewstack在线服务。这里提供Thenewstack的官方服务与相关信息，支持通过官网了解产品、功能、使用方式及最新动态；具体服务范围、开放地区和使用规则请以官方网站当前页面为准。官方网站：thenewstack.io。	https://thenewstack.io/sre-lessons-google-no-grumpy-humans	是
Grafana	Grafana	工具	其他,效率工具,在线服务	Grafana在线服务	Grafana在线服务。这里提供Grafana的官方服务与相关信息，支持通过官网了解产品、功能、使用方式及最新动态；具体服务范围、开放地区和使用规则请以官方网站当前页面为准。官方网站：grafana.com。	https://grafana.com/blog/2019/11/27/kubecon-recap-how-to-include-latency-in-slo-based-alerting	是
Circonus	Circonus	工具	其他,效率工具,在线服务	Circonus在线服务	Circonus在线服务。这里提供Circonus的官方服务与相关信息，支持通过官网了解产品、功能、使用方式及最新动态；具体服务范围、开放地区和使用规则请以官方网站当前页面为准。官方网站：circonus.com。	https://www.circonus.com/2018/07/a-guide-to-service-level-objectives	是
Squadcast	Squadcast	工具	其他,效率工具,在线服务	Squadcast在线服务	Squadcast在线服务。这里提供Squadcast的官方服务与相关信息，支持通过官网了解产品、功能、使用方式及最新动态；具体服务范围、开放地区和使用规则请以官方网站当前页面为准。官方网站：squadcast.com。	https://www.squadcast.com/blog/succeeding-with-service-level-objectives	是
Blog	Blog	工具	其他,效率工具,在线服务	Blog在线服务	Blog在线服务。这里提供Blog的官方服务与相关信息，支持通过官网了解产品、功能、使用方式及最新动态；具体服务范围、开放地区和使用规则请以官方网站当前页面为准。官方网站：blog.b3k.us。	https://blog.b3k.us/2009/07/15/service-level-disagreements.html	是
Blameless	Blameless	工具	其他,效率工具,在线服务	Blameless在线服务	Blameless在线服务。这里提供Blameless的官方服务与相关信息，支持通过官网了解产品、功能、使用方式及最新动态；具体服务范围、开放地区和使用规则请以官方网站当前页面为准。官方网站：blameless.com。	https://www.blameless.com/blog/how-slos-enable-fast-reliable-application-delivery	是
Backblaze	Backblaze	工具	其他,效率工具,在线服务	Backblaze在线服务	Backblaze在线服务。这里提供Backblaze的官方服务与相关信息，支持通过官网了解产品、功能、使用方式及最新动态；具体服务范围、开放地区和使用规则请以官方网站当前页面为准。官方网站：backblaze.com。	https://www.backblaze.com/blog/cloud-storage-durability	是
Brendangregg	Brendangregg	工具	其他,效率工具,在线服务	Brendangregg在线服务	Brendangregg在线服务。这里提供Brendangregg的官方服务与相关信息，支持通过官网了解产品、功能、使用方式及最新动态；具体服务范围、开放地区和使用规则请以官方网站当前页面为准。官方网站：brendangregg.com。	https://www.brendangregg.com/blog/2016-05-04/srecon2016-perf-checklists-for-sres.html	是
Usenix	Usenix	工具	其他,效率工具,在线服务	Usenix在线服务	Usenix在线服务。这里提供Usenix的官方服务与相关信息，支持通过官网了解产品、功能、使用方式及最新动态；具体服务范围、开放地区和使用规则请以官方网站当前页面为准。官方网站：usenix.org。	https://www.usenix.org/sites/default/files/conference/protected-files/srecon16_slides_hamilton.pdf	是
Web	Web	开发	编程开发,效率工具	Web在线服务	Web在线服务。这里提供Web的官方服务与相关信息，支持通过官网了解产品、功能、使用方式及最新动态；具体服务范围、开放地区和使用规则请以官方网站当前页面为准。官方网站：web.devopstopologies.com。	http://web.devopstopologies.com	是
Sobolevn	Sobolevn	工具	其他,效率工具,在线服务	Sobolevn在线服务	Sobolevn在线服务。这里提供Sobolevn的官方服务与相关信息，支持通过官网了解产品、功能、使用方式及最新动态；具体服务范围、开放地区和使用规则请以官方网站当前页面为准。官方网站：sobolevn.me。	https://sobolevn.me/2018/12/blameless-environment	是
Increment	Increment	工具	其他,效率工具,在线服务	Increment在线服务	Increment在线服务。这里提供Increment的官方服务与相关信息，支持通过官网了解产品、功能、使用方式及最新动态；具体服务范围、开放地区和使用规则请以官方网站当前页面为准。官方网站：increment.com。	https://increment.com	是
Highscalability	Highscalability	工具	其他,效率工具,在线服务	Highscalability在线服务	Highscalability在线服务。这里提供Highscalability的官方服务与相关信息，支持通过官网了解产品、功能、使用方式及最新动态；具体服务范围、开放地区和使用规则请以官方网站当前页面为准。官方网站：highscalability.com。	http://highscalability.com	是
Resilienceroundup	Resilienceroundup	工具	其他,效率工具,在线服务	Resilienceroundup在线服务	Resilienceroundup在线服务。这里提供Resilienceroundup的官方服务与相关信息，支持通过官网了解产品、功能、使用方式及最新动态；具体服务范围、开放地区和使用规则请以官方网站当前页面为准。官方网站：resilienceroundup.com。	https://resilienceroundup.com	是
Gophersre	Gophersre	工具	其他,效率工具,在线服务	Gophersre在线服务	Gophersre在线服务。这里提供Gophersre的官方服务与相关信息，支持通过官网了解产品、功能、使用方式及最新动态；具体服务范围、开放地区和使用规则请以官方网站当前页面为准。官方网站：gophersre.com。	http://www.gophersre.com	是
Liwan	Liwan	开发	编程开发,效率工具	Liwan在线服务	Liwan在线服务。这里提供Liwan的官方服务与相关信息，支持通过官网了解产品、功能、使用方式及最新动态；具体服务范围、开放地区和使用规则请以官方网站当前页面为准。官方网站：liwan.dev。	https://liwan.dev	是
Offen	Offen	开发	编程开发,效率工具	Offen在线服务	Offen在线服务。这里提供Offen的官方服务与相关信息，支持通过官网了解产品、功能、使用方式及最新动态；具体服务范围、开放地区和使用规则请以官方网站当前页面为准。官方网站：offen.dev。	https://www.offen.dev/try-demo	是
Metabase	Metabase	工具	其他,效率工具,在线服务	Metabase在线服务	Metabase在线服务。这里提供Metabase的官方服务与相关信息，支持通过官网了解产品、功能、使用方式及最新动态；具体服务范围、开放地区和使用规则请以官方网站当前页面为准。官方网站：metabase.com。	https://metabase.com	是
Goaccess	Goaccess	工具	其他,效率工具,在线服务	Goaccess在线服务	Goaccess在线服务。这里提供Goaccess的官方服务与相关信息，支持通过官网了解产品、功能、使用方式及最新动态；具体服务范围、开放地区和使用规则请以官方网站当前页面为准。官方网站：goaccess.io。	http://goaccess.io	是
Demo	Demo	工具	其他,效率工具,在线服务	Demo在线服务	Demo在线服务。这里提供Demo的官方服务与相关信息，支持通过官网了解产品、功能、使用方式及最新动态；具体服务范围、开放地区和使用规则请以官方网站当前页面为准。官方网站：demo.rybbit.com。	https://demo.rybbit.com/1	是
Archivesspace	Archivesspace	工具	其他,效率工具,在线服务	Archivesspace在线服务	Archivesspace在线服务。这里提供Archivesspace的官方服务与相关信息，支持通过官网了解产品、功能、使用方式及最新动态；具体服务范围、开放地区和使用规则请以官方网站当前页面为准。官方网站：archivesspace.org。	https://archivesspace.org	是
Healthchecks	Healthchecks	工具	其他,效率工具,在线服务	Healthchecks在线服务	Healthchecks在线服务。这里提供Healthchecks的官方服务与相关信息，支持通过官网了解产品、功能、使用方式及最新动态；具体服务范围、开放地区和使用规则请以官方网站当前页面为准。官方网站：healthchecks.io。	https://healthchecks.io	是
Flowctl	Flowctl	工具	其他,效率工具,在线服务	Flowctl在线服务	Flowctl在线服务。这里提供Flowctl的官方服务与相关信息，支持通过官网了解产品、功能、使用方式及最新动态；具体服务范围、开放地区和使用规则请以官方网站当前页面为准。官方网站：flowctl.net。	https://flowctl.net	是
Fredy Demo	Fredy Demo	工具	其他,效率工具,在线服务	Fredy Demo在线服务	Fredy Demo在线服务。这里提供Fredy Demo的官方服务与相关信息，支持通过官网了解产品、功能、使用方式及最新动态；具体服务范围、开放地区和使用规则请以官方网站当前页面为准。官方网站：fredy-demo.orange-coding.net。	https://fredy-demo.orange-coding.net	是
Wallabag	Wallabag	工具	其他,效率工具,在线服务	Wallabag在线服务	Wallabag在线服务。这里提供Wallabag的官方服务与相关信息，支持通过官网了解产品、功能、使用方式及最新动态；具体服务范围、开放地区和使用规则请以官方网站当前页面为准。官方网站：wallabag.org。	https://www.wallabag.org	是
Demo	Demo	工具	其他,效率工具,在线服务	Demo在线服务	Demo在线服务。这里提供Demo的官方服务与相关信息，支持通过官网了解产品、功能、使用方式及最新动态；具体服务范围、开放地区和使用规则请以官方网站当前页面为准。官方网站：demo.dittofeed.com。	https://demo.dittofeed.com/dashboard/journeys	是
Activepieces	Activepieces	工具	其他,效率工具,在线服务	Activepieces在线服务	Activepieces在线服务。这里提供Activepieces的官方服务与相关信息，支持通过官网了解产品、功能、使用方式及最新动态；具体服务范围、开放地区和使用规则请以官方网站当前页面为准。官方网站：activepieces.com。	https://www.activepieces.com	是
Dacid99	Dacid99	开发	编程开发,效率工具	Dacid99在线服务	Dacid99在线服务。这里提供Dacid99的官方服务与相关信息，支持通过官网了解产品、功能、使用方式及最新动态；具体服务范围、开放地区和使用规则请以官方网站当前页面为准。官方网站：dacid99.gitlab.io。	https://dacid99.gitlab.io/eonvelope	是
Havenweb	Havenweb	工具	其他,效率工具,在线服务	Havenweb在线服务	Havenweb在线服务。这里提供Havenweb的官方服务与相关信息，支持通过官网了解产品、功能、使用方式及最新动态；具体服务范围、开放地区和使用规则请以官方网站当前页面为准。官方网站：havenweb.org。	https://havenweb.org/demo.html	是
Ech0	Ech0	工具	其他,效率工具,在线服务	Ech0在线服务	Ech0在线服务。这里提供Ech0的官方服务与相关信息，支持通过官网了解产品、功能、使用方式及最新动态；具体服务范围、开放地区和使用规则请以官方网站当前页面为准。官方网站：ech0.app。	https://ech0.app	是
Docs	Docs	开发	编程开发,效率工具	Docs在线服务	Docs在线服务。这里提供Docs的官方服务与相关信息，支持通过官网了解产品、功能、使用方式及最新动态；具体服务范围、开放地区和使用规则请以官方网站当前页面为准。官方网站：docs.dagu.cloud。	https://docs.dagu.cloud	是
Writefreely	Writefreely	工具	其他,效率工具,在线服务	Writefreely在线服务	Writefreely在线服务。这里提供Writefreely的官方服务与相关信息，支持通过官网了解产品、功能、使用方式及最新动态；具体服务范围、开放地区和使用规则请以官方网站当前页面为准。官方网站：writefreely.org。	https://writefreely.org	是
Rallly	Rallly	工具	其他,效率工具,在线服务	Rallly在线服务	Rallly在线服务。这里提供Rallly的官方服务与相关信息，支持通过官网了解产品、功能、使用方式及最新动态；具体服务范围、开放地区和使用规则请以官方网站当前页面为准。官方网站：rallly.co。	https://rallly.co	是
Qloapps	Qloapps	工具	其他,效率工具,在线服务	Qloapps在线服务	Qloapps在线服务。这里提供Qloapps的官方服务与相关信息，支持通过官网了解产品、功能、使用方式及最新动态；具体服务范围、开放地区和使用规则请以官方网站当前页面为准。官方网站：qloapps.com。	https://qloapps.com	是
App	App	工具	其他,效率工具,在线服务	App在线服务	App在线服务。这里提供App的官方服务与相关信息，支持通过官网了解产品、功能、使用方式及最新动态；具体服务范围、开放地区和使用规则请以官方网站当前页面为准。官方网站：app.rallly.co。	https://app.rallly.co	是
Flatpress	Flatpress	工具	其他,效率工具,在线服务	Flatpress在线服务	Flatpress在线服务。这里提供Flatpress的官方服务与相关信息，支持通过官网了解产品、功能、使用方式及最新动态；具体服务范围、开放地区和使用规则请以官方网站当前页面为准。官方网站：flatpress.org。	https://flatpress.org	是
Cal	Cal	工具	其他,效率工具,在线服务	Cal在线服务	Cal在线服务。这里提供Cal的官方服务与相关信息，支持通过官网了解产品、功能、使用方式及最新动态；具体服务范围、开放地区和使用规则请以官方网站当前页面为准。官方网站：cal.diy。	https://cal.diy	是
Codeberg	Codeberg	开发	编程开发,效率工具	Codeberg在线服务	Codeberg在线服务。这里提供Codeberg的官方服务与相关信息，支持通过官网了解产品、功能、使用方式及最新动态；具体服务范围、开放地区和使用规则请以官方网站当前页面为准。官方网站：codeberg.org。	https://codeberg.org/ladigitale/digibunch	是
Demo	Demo	工具	其他,效率工具,在线服务	Demo在线服务	Demo在线服务。这里提供Demo的官方服务与相关信息，支持通过官网了解产品、功能、使用方式及最新动态；具体服务范围、开放地区和使用规则请以官方网站当前页面为准。官方网站：demo.qloapps.com。	https://demo.qloapps.com	是
Librebooking	Librebooking	工具	其他,效率工具,在线服务	Librebooking在线服务	Librebooking在线服务。这里提供Librebooking的官方服务与相关信息，支持通过官网了解产品、功能、使用方式及最新动态；具体服务范围、开放地区和使用规则请以官方网站当前页面为准。官方网站：librebooking.readthedocs.io。	https://librebooking.readthedocs.io	是
Joinbetula	Joinbetula	工具	其他,效率工具,在线服务	Joinbetula在线服务	Joinbetula在线服务。这里提供Joinbetula的官方服务与相关信息，支持通过官网了解产品、功能、使用方式及最新动态；具体服务范围、开放地区和使用规则请以官方网站当前页面为准。官方网站：joinbetula.org。	https://joinbetula.org	是
Karakeep	Karakeep	工具	其他,效率工具,在线服务	Karakeep在线服务	Karakeep在线服务。这里提供Karakeep的官方服务与相关信息，支持通过官网了解产品、功能、使用方式及最新动态；具体服务范围、开放地区和使用规则请以官方网站当前页面为准。官方网站：karakeep.app。	https://karakeep.app	是
Codeberg	Codeberg	开发	编程开发,效率工具	Codeberg在线服务	Codeberg在线服务。这里提供Codeberg的官方服务与相关信息，支持通过官网了解产品、功能、使用方式及最新动态；具体服务范围、开放地区和使用规则请以官方网站当前页面为准。官方网站：codeberg.org。	https://codeberg.org/bouncepaw/betula	是
Linkace	Linkace	工具	其他,效率工具,在线服务	Linkace在线服务	Linkace在线服务。这里提供Linkace的官方服务与相关信息，支持通过官网了解产品、功能、使用方式及最新动态；具体服务范围、开放地区和使用规则请以官方网站当前页面为准。官方网站：linkace.org。	https://www.linkace.org	是
Seatsurfing	Seatsurfing	工具	其他,效率工具,在线服务	Seatsurfing在线服务	Seatsurfing在线服务。这里提供Seatsurfing的官方服务与相关信息，支持通过官网了解产品、功能、使用方式及最新动态；具体服务范围、开放地区和使用规则请以官方网站当前页面为准。官方网站：seatsurfing.app。	https://seatsurfing.app	是
Faved	Faved	工具	其他,效率工具,在线服务	Faved在线服务	Faved在线服务。这里提供Faved的官方服务与相关信息，支持通过官网了解产品、功能、使用方式及最新动态；具体服务范围、开放地区和使用规则请以官方网站当前页面为准。官方网站：faved.to。	https://faved.to	是
Codeberg	Codeberg	开发	编程开发,效率工具	Codeberg在线服务	Codeberg在线服务。这里提供Codeberg的官方服务与相关信息，支持通过官网了解产品、功能、使用方式及最新动态；具体服务范围、开放地区和使用规则请以官方网站当前页面为准。官方网站：codeberg.org。	https://codeberg.org/readeck/readeck	是
Demo	Demo	工具	其他,效率工具,在线服务	Demo在线服务	Demo在线服务。这里提供Demo的官方服务与相关信息，支持通过官网了解产品、功能、使用方式及最新动态；具体服务范围、开放地区和使用规则请以官方网站当前页面为准。官方网站：demo.linkace.org。	https://demo.linkace.org/guest/links	是
Linkwarden	Linkwarden	工具	其他,效率工具,在线服务	Linkwarden在线服务	Linkwarden在线服务。这里提供Linkwarden的官方服务与相关信息，支持通过官网了解产品、功能、使用方式及最新动态；具体服务范围、开放地区和使用规则请以官方网站当前页面为准。官方网站：linkwarden.app。	https://linkwarden.app	是
Demo	Demo	工具	其他,效率工具,在线服务	Demo在线服务	Demo在线服务。这里提供Demo的官方服务与相关信息，支持通过官网了解产品、功能、使用方式及最新动态；具体服务范围、开放地区和使用规则请以官方网站当前页面为准。官方网站：demo.linkding.link。	https://demo.linkding.link/login	是
Readeck	Readeck	工具	其他,效率工具,在线服务	Readeck在线服务	Readeck在线服务。这里提供Readeck的官方服务与相关信息，支持通过官网了解产品、功能、使用方式及最新动态；具体服务范围、开放地区和使用规则请以官方网站当前页面为准。官方网站：readeck.org。	https://readeck.org/en	是
Demo	Demo	工具	其他,效率工具,在线服务	Demo在线服务	Demo在线服务。这里提供Demo的官方服务与相关信息，支持通过官网了解产品、功能、使用方式及最新动态；具体服务范围、开放地区和使用规则请以官方网站当前页面为准。官方网站：demo.anycable.io。	https://demo.anycable.io	是
Gnunet	Gnunet	工具	其他,效率工具,在线服务	Gnunet在线服务	Gnunet在线服务。这里提供Gnunet的官方服务与相关信息，支持通过官网了解产品、功能、使用方式及最新动态；具体服务范围、开放地区和使用规则请以官方网站当前页面为准。官方网站：gnunet.org。	https://gnunet.org/git	是
Continuwuity	Continuwuity	工具	其他,效率工具,在线服务	Continuwuity在线服务	Continuwuity在线服务。这里提供Continuwuity的官方服务与相关信息，支持通过官网了解产品、功能、使用方式及最新动态；具体服务范围、开放地区和使用规则请以官方网站当前页面为准。官方网站：continuwuity.org。	https://continuwuity.org	是
Globaleaks	Globaleaks	工具	其他,效率工具,在线服务	Globaleaks在线服务	Globaleaks在线服务。这里提供Globaleaks的官方服务与相关信息，支持通过官网了解产品、功能、使用方式及最新动态；具体服务范围、开放地区和使用规则请以官方网站当前页面为准。官方网站：globaleaks.org。	https://www.globaleaks.org	是
Stoat	Stoat	工具	效率工具,在线服务	Stoat在线服务	Stoat在线服务。这里提供Stoat的官方服务与相关信息，支持通过官网了解产品、功能、使用方式及最新动态；具体服务范围、开放地区和使用规则请以官方网站当前页面为准。官方网站：stoat.chat。	https://stoat.chat	是
Spectrum	Spectrum	工具	其他,效率工具,在线服务	Spectrum在线服务	Spectrum在线服务。这里提供Spectrum的官方服务与相关信息，支持通过官网了解产品、功能、使用方式及最新动态；具体服务范围、开放地区和使用规则请以官方网站当前页面为准。官方网站：spectrum.im。	https://spectrum.im	是
Typebot	Typebot	工具	其他,效率工具,在线服务	Typebot在线服务	Typebot在线服务。这里提供Typebot的官方服务与相关信息，支持通过官网了解产品、功能、使用方式及最新动态；具体服务范围、开放地区和使用规则请以官方网站当前页面为准。官方网站：typebot.io。	https://typebot.io	是
Zulip	Zulip	工具	其他,效率工具,在线服务	Zulip在线服务	Zulip在线服务。这里提供Zulip的官方服务与相关信息，支持通过官网了解产品、功能、使用方式及最新动态；具体服务范围、开放地区和使用规则请以官方网站当前页面为准。官方网站：zulip.org。	https://zulip.org	是
Anonaddy	Anonaddy	工具	其他,效率工具,在线服务	Anonaddy在线服务	Anonaddy在线服务。这里提供Anonaddy的官方服务与相关信息，支持通过官网了解产品、功能、使用方式及最新动态；具体服务范围、开放地区和使用规则请以官方网站当前页面为准。官方网站：anonaddy.com。	https://anonaddy.com	是
Unrealircd	Unrealircd	工具	其他,效率工具,在线服务	Unrealircd在线服务	Unrealircd在线服务。这里提供Unrealircd的官方服务与相关信息，支持通过官网了解产品、功能、使用方式及最新动态；具体服务范围、开放地区和使用规则请以官方网站当前页面为准。官方网站：unrealircd.org。	https://www.unrealircd.org	是
Codeberg	Codeberg	开发	编程开发,效率工具	Codeberg在线服务	Codeberg在线服务。这里提供Codeberg的官方服务与相关信息，支持通过官网了解产品、功能、使用方式及最新动态；具体服务范围、开放地区和使用规则请以官方网站当前页面为准。官方网站：codeberg.org。	https://codeberg.org/superseriousbusiness/gotosocial	是
Codeberg	Codeberg	开发	编程开发,效率工具	Codeberg在线服务	Codeberg在线服务。这里提供Codeberg的官方服务与相关信息，支持通过官网了解产品、功能、使用方式及最新动态；具体服务范围、开放地区和使用规则请以官方网站当前页面为准。官方网站：codeberg.org。	https://codeberg.org/rimu/pyfedi	是
Remark42	Remark42	工具	其他,效率工具,在线服务	Remark42在线服务	Remark42在线服务。这里提供Remark42的官方服务与相关信息，支持通过官网了解产品、功能、使用方式及最新动态；具体服务范围、开放地区和使用规则请以官方网站当前页面为准。官方网站：remark42.com。	https://remark42.com	是
Codeberg	Codeberg	开发	编程开发,效率工具	Codeberg在线服务	Codeberg在线服务。这里提供Codeberg的官方服务与相关信息，支持通过官网了解产品、功能、使用方式及最新动态；具体服务范围、开放地区和使用规则请以官方网站当前页面为准。官方网站：codeberg.org。	https://codeberg.org/inventaire/inventaire	是
Affine	Affine	工具	其他,效率工具,在线服务	Affine在线服务	Affine在线服务。这里提供Affine的官方服务与相关信息，支持通过官网了解产品、功能、使用方式及最新动态；具体服务范围、开放地区和使用规则请以官方网站当前页面为准。官方网站：affine.pro。	https://affine.pro	是
App	App	工具	其他,效率工具,在线服务	App在线服务	App在线服务。这里提供App的官方服务与相关信息，支持通过官网了解产品、功能、使用方式及最新动态；具体服务范围、开放地区和使用规则请以官方网站当前页面为准。官方网站：app.affine.pro。	https://app.affine.pro	是
Codeberg	Codeberg	开发	编程开发,效率工具	Codeberg在线服务	Codeberg在线服务。这里提供Codeberg的官方服务与相关信息，支持通过官网了解产品、功能、使用方式及最新动态；具体服务范围、开放地区和使用规则请以官方网站当前页面为准。官方网站：codeberg.org。	https://codeberg.org/ladigitale/digiscreen	是
Codeberg	Codeberg	开发	编程开发,效率工具	Codeberg在线服务	Codeberg在线服务。这里提供Codeberg的官方服务与相关信息，支持通过官网了解产品、功能、使用方式及最新动态；具体服务范围、开放地区和使用规则请以官方网站当前页面为准。官方网站：codeberg.org。	https://codeberg.org/ladigitale/digimindmap	是
Codeberg	Codeberg	开发	编程开发,效率工具	Codeberg在线服务	Codeberg在线服务。这里提供Codeberg的官方服务与相关信息，支持通过官网了解产品、功能、使用方式及最新动态；具体服务范围、开放地区和使用规则请以官方网站当前页面为准。官方网站：codeberg.org。	https://codeberg.org/ladigitale/digitools	是
Openeclass	Openeclass	工具	其他,效率工具,在线服务	Openeclass在线服务	Openeclass在线服务。这里提供Openeclass的官方服务与相关信息，支持通过官网了解产品、功能、使用方式及最新动态；具体服务范围、开放地区和使用规则请以官方网站当前页面为准。官方网站：openeclass.org。	https://www.openeclass.org	是
Qstonline	Qstonline	工具	其他,效率工具,在线服务	Qstonline在线服务	Qstonline在线服务。这里提供Qstonline的官方服务与相关信息，支持通过官网了解产品、功能、使用方式及最新动态；具体服务范围、开放地区和使用规则请以官方网站当前页面为准。官方网站：qstonline.org。	https://qstonline.org	是
Dawarich	Dawarich	工具	其他,效率工具,在线服务	Dawarich在线服务	Dawarich在线服务。这里提供Dawarich的官方服务与相关信息，支持通过官网了解产品、功能、使用方式及最新动态；具体服务范围、开放地区和使用规则请以官方网站当前页面为准。官方网站：dawarich.app。	https://dawarich.app	是
Demo	Demo	工具	其他,效率工具,在线服务	Demo在线服务	Demo在线服务。这里提供Demo的官方服务与相关信息，支持通过官网了解产品、功能、使用方式及最新动态；具体服务范围、开放地区和使用规则请以官方网站当前页面为准。官方网站：demo.adventurelog.app。	https://demo.adventurelog.app/signup	是
Lidarr	Lidarr	工具	其他,效率工具,在线服务	Lidarr在线服务	Lidarr在线服务。这里提供Lidarr的官方服务与相关信息，支持通过官网了解产品、功能、使用方式及最新动态；具体服务范围、开放地区和使用规则请以官方网站当前页面为准。官方网站：lidarr.audio。	https://lidarr.audio	是
Audiobookshelf	Audiobookshelf	工具	其他,效率工具,在线服务	Audiobookshelf在线服务	Audiobookshelf在线服务。这里提供Audiobookshelf的官方服务与相关信息，支持通过官网了解产品、功能、使用方式及最新动态；具体服务范围、开放地区和使用规则请以官方网站当前页面为准。官方网站：audiobookshelf.org。	https://www.audiobookshelf.org	是
Lingarr	Lingarr	工具	其他,效率工具,在线服务	Lingarr在线服务	Lingarr在线服务。这里提供Lingarr的官方服务与相关信息，支持通过官网了解产品、功能、使用方式及最新动态；具体服务范围、开放地区和使用规则请以官方网站当前页面为准。官方网站：lingarr.com。	https://lingarr.com	是
Icecast	Icecast	工具	其他,效率工具,在线服务	Icecast在线服务	Icecast在线服务。这里提供Icecast的官方服务与相关信息，支持通过官网了解产品、功能、使用方式及最新动态；具体服务范围、开放地区和使用规则请以官方网站当前页面为准。官方网站：icecast.org。	https://icecast.org/apps	是
Docs	Docs	工具	其他,效率工具,在线服务	Docs在线服务	Docs在线服务。这里提供Docs的官方服务与相关信息，支持通过官网了解产品、功能、使用方式及最新动态；具体服务范围、开放地区和使用规则请以官方网站当前页面为准。官方网站：docs.mopidy.com。	https://docs.mopidy.com	是
Gnome	Gnome	开发	编程开发,效率工具	Gnome在线服务	Gnome在线服务。这里提供Gnome的官方服务与相关信息，支持通过官网了解产品、功能、使用方式及最新动态；具体服务范围、开放地区和使用规则请以官方网站当前页面为准。官方网站：gnome.pages.gitlab.gnome.org。	https://gnome.pages.gitlab.gnome.org/rygel	是
Codeberg	Codeberg	开发	编程开发,效率工具	Codeberg在线服务	Codeberg在线服务。这里提供Codeberg的官方服务与相关信息，支持通过官网了解产品、功能、使用方式及最新动态；具体服务范围、开放地区和使用规则请以官方网站当前页面为准。官方网站：codeberg.org。	https://codeberg.org/ladigitale/digiface	是
Codeberg	Codeberg	开发	编程开发,效率工具	Codeberg在线服务	Codeberg在线服务。这里提供Codeberg的官方服务与相关信息，支持通过官网了解产品、功能、使用方式及最新动态；具体服务范围、开放地区和使用规则请以官方网站当前页面为准。官方网站：codeberg.org。	https://codeberg.org/ladigitale/digiboard	是
Code	Code	开发	编程开发,效率工具	Code在线服务	Code在线服务。这里提供Code的官方服务与相关信息，支持通过官网了解产品、功能、使用方式及最新动态；具体服务范围、开放地区和使用规则请以官方网站当前页面为准。官方网站：code.videolan.org。	https://code.videolan.org/videolan/vlc	是
Codeberg	Codeberg	开发	编程开发,效率工具	Codeberg在线服务	Codeberg在线服务。这里提供Codeberg的官方服务与相关信息，支持通过官网了解产品、功能、使用方式及最新动态；具体服务范围、开放地区和使用规则请以官方网站当前页面为准。官方网站：codeberg.org。	https://codeberg.org/ladigitale/digiread	是
Codeberg	Codeberg	开发	编程开发,效率工具	Codeberg在线服务	Codeberg在线服务。这里提供Codeberg的官方服务与相关信息，支持通过官网了解产品、功能、使用方式及最新动态；具体服务范围、开放地区和使用规则请以官方网站当前页面为准。官方网站：codeberg.org。	https://codeberg.org/ladigitale/digisteps	是
Ladigitale	Ladigitale	开发	编程开发,效率工具	Ladigitale在线服务	Ladigitale在线服务。这里提供Ladigitale的官方服务与相关信息，支持通过官网了解产品、功能、使用方式及最新动态；具体服务范围、开放地区和使用规则请以官方网站当前页面为准。官方网站：ladigitale.dev。	https://ladigitale.dev/digicut	是
Fossbilling	Fossbilling	工具	其他,效率工具,在线服务	Fossbilling在线服务	Fossbilling在线服务。这里提供Fossbilling的官方服务与相关信息，支持通过官网了解产品、功能、使用方式及最新动态；具体服务范围、开放地区和使用规则请以官方网站当前页面为准。官方网站：fossbilling.org。	https://fossbilling.org	是
Transmute	Transmute	工具	其他,效率工具,在线服务	Transmute在线服务	Transmute在线服务。这里提供Transmute的官方服务与相关信息，支持通过官网了解产品、功能、使用方式及最新动态；具体服务范围、开放地区和使用规则请以官方网站当前页面为准。官方网站：transmute.sh。	https://transmute.sh	是
Killbill	Killbill	工具	其他,效率工具,在线服务	Killbill在线服务	Killbill在线服务。这里提供Killbill的官方服务与相关信息，支持通过官网了解产品、功能、使用方式及最新动态；具体服务范围、开放地区和使用规则请以官方网站当前页面为准。官方网站：killbill.io。	https://killbill.io	是
Yaffa	Yaffa	工具	其他,效率工具,在线服务	Yaffa在线服务	Yaffa在线服务。这里提供Yaffa的官方服务与相关信息，支持通过官网了解产品、功能、使用方式及最新动态；具体服务范围、开放地区和使用规则请以官方网站当前页面为准。官方网站：yaffa.cc。	https://www.yaffa.cc	是
Livebook	Livebook	开发	编程开发,效率工具	Livebook在线服务	Livebook在线服务。这里提供Livebook的官方服务与相关信息，支持通过官网了解产品、功能、使用方式及最新动态；具体服务范围、开放地区和使用规则请以官方网站当前页面为准。官方网站：livebook.dev。	https://livebook.dev	是
Plumio	Plumio	工具	其他,效率工具,在线服务	Plumio在线服务	Plumio在线服务。这里提供Plumio的官方服务与相关信息，支持通过官网了解产品、功能、使用方式及最新动态；具体服务范围、开放地区和使用规则请以官方网站当前页面为准。官方网站：plumio.app。	https://plumio.app	是
Silverbullet	Silverbullet	工具	其他,效率工具,在线服务	Silverbullet在线服务	Silverbullet在线服务。这里提供Silverbullet的官方服务与相关信息，支持通过官网了解产品、功能、使用方式及最新动态；具体服务范围、开放地区和使用规则请以官方网站当前页面为准。官方网站：silverbullet.md。	https://silverbullet.md/libraries	是
Demo	Demo	工具	其他,效率工具,在线服务	Demo在线服务	Demo在线服务。这里提供Demo的官方服务与相关信息，支持通过官网了解产品、功能、使用方式及最新动态；具体服务范围、开放地区和使用规则请以官方网站当前页面为准。官方网站：demo.plumio.app。	https://demo.plumio.app/homepage	是
Josephernest	Josephernest	开发	编程开发,效率工具	Josephernest在线服务	Josephernest在线服务。这里提供Josephernest的官方服务与相关信息，支持通过官网了解产品、功能、使用方式及最新动态；具体服务范围、开放地区和使用规则请以官方网站当前页面为准。官方网站：josephernest.github.io。	https://josephernest.github.io/writing	是
App	App	工具	效率工具,在线服务	App在线服务	App在线服务。这里提供App的官方服务与相关信息，支持通过官网了解产品、功能、使用方式及最新动态；具体服务范围、开放地区和使用规则请以官方网站当前页面为准。官方网站：app.standardnotes.com。	https://app.standardnotes.com	是
Codeberg	Codeberg	开发	编程开发,效率工具	Codeberg在线服务	Codeberg在线服务。这里提供Codeberg的官方服务与相关信息，支持通过官网了解产品、功能、使用方式及最新动态；具体服务范围、开放地区和使用规则请以官方网站当前页面为准。官方网站：codeberg.org。	https://codeberg.org/ladigitale/digislides	是
Helpcenter	Helpcenter	工具	其他,效率工具,在线服务	Helpcenter在线服务	Helpcenter在线服务。这里提供Helpcenter的官方服务与相关信息，支持通过官网了解产品、功能、使用方式及最新动态；具体服务范围、开放地区和使用规则请以官方网站当前页面为准。官方网站：helpcenter.onlyoffice.com。	https://helpcenter.onlyoffice.com/faq/server-opensource.aspx	是
App	App	工具	其他,效率工具,在线服务	App在线服务	App在线服务。这里提供App的官方服务与相关信息，支持通过官网了解产品、功能、使用方式及最新动态；具体服务范围、开放地区和使用规则请以官方网站当前页面为准。官方网站：app.passit.io。	https://app.passit.io	是
Teampass	Teampass	工具	其他,效率工具,在线服务	Teampass在线服务	Teampass在线服务。这里提供Teampass的官方服务与相关信息，支持通过官网了解产品、功能、使用方式及最新动态；具体服务范围、开放地区和使用规则请以官方网站当前页面为准。官方网站：teampass.net。	https://teampass.net	是
Dpaste	Dpaste	工具	其他,效率工具,在线服务	Dpaste在线服务	Dpaste在线服务。这里提供Dpaste的官方服务与相关信息，支持通过官网了解产品、功能、使用方式及最新动态；具体服务范围、开放地区和使用规则请以官方网站当前页面为准。官方网站：dpaste.org。	https://dpaste.org	是
Aliasvault	Aliasvault	工具	其他,效率工具,在线服务	Aliasvault在线服务	Aliasvault在线服务。这里提供Aliasvault的官方服务与相关信息，支持通过官网了解产品、功能、使用方式及最新动态；具体服务范围、开放地区和使用规则请以官方网站当前页面为准。官方网站：aliasvault.net。	https://www.aliasvault.net	是
Not Th	Not Th	工具	其他,效率工具,在线服务	Not Th在线服务	Not Th在线服务。这里提供Not Th的官方服务与相关信息，支持通过官网了解产品、功能、使用方式及最新动态；具体服务范围、开放地区和使用规则请以官方网站当前页面为准。官方网站：not-th.re。	https://not-th.re	是
Lesma	Lesma	工具	其他,效率工具,在线服务	Lesma在线服务	Lesma在线服务。这里提供Lesma的官方服务与相关信息，支持通过官网了解产品、功能、使用方式及最新动态；具体服务范围、开放地区和使用规则请以官方网站当前页面为准。官方网站：lesma.eu。	https://lesma.eu	是
Passit	Passit	工具	其他,效率工具,在线服务	Passit在线服务	Passit在线服务。这里提供Passit的官方服务与相关信息，支持通过官网了解产品、功能、使用方式及最新动态；具体服务范围、开放地区和使用规则请以官方网站当前页面为准。官方网站：passit.io。	https://passit.io	是
Opengist	Opengist	工具	其他,效率工具,在线服务	Opengist在线服务	Opengist在线服务。这里提供Opengist的官方服务与相关信息，支持通过官网了解产品、功能、使用方式及最新动态；具体服务范围、开放地区和使用规则请以官方网站当前页面为准。官方网站：opengist.io。	https://opengist.io	是
Paaster	Paaster	工具	其他,效率工具,在线服务	Paaster在线服务	Paaster在线服务。这里提供Paaster的官方服务与相关信息，支持通过官网了解产品、功能、使用方式及最新动态；具体服务范围、开放地区和使用规则请以官方网站当前页面为准。官方网站：paaster.io。	https://paaster.io	是
Git	Git	开发	编程开发,效率工具	Git在线服务	Git在线服务。这里提供Git的官方服务与相关信息，支持通过官网了解产品、功能、使用方式及最新动态；具体服务范围、开放地区和使用规则请以官方网站当前页面为准。官方网站：git.crueter.xyz。	https://git.crueter.xyz/crueter/pacebin	是
Privatebin	Privatebin	工具	其他,效率工具,在线服务	Privatebin在线服务	Privatebin在线服务。这里提供Privatebin的官方服务与相关信息，支持通过官网了解产品、功能、使用方式及最新动态；具体服务范围、开放地区和使用规则请以官方网站当前页面为准。官方网站：privatebin.net。	https://privatebin.net	是
Snypy	Snypy	工具	其他,效率工具,在线服务	Snypy在线服务	Snypy在线服务。这里提供Snypy的官方服务与相关信息，支持通过官网了解产品、功能、使用方式及最新动态；具体服务范围、开放地区和使用规则请以官方网站当前页面为准。官方网站：snypy.com。	https://snypy.com	是
App	App	工具	其他,效率工具,在线服务	App在线服务	App在线服务。这里提供App的官方服务与相关信息，支持通过官网了解产品、功能、使用方式及最新动态；具体服务范围、开放地区和使用规则请以官方网站当前页面为准。官方网站：app.snypy.com。	https://app.snypy.com	是
Bin	Bin	工具	其他,效率工具,在线服务	Bin在线服务	Bin在线服务。这里提供Bin的官方服务与相关信息，支持通过官网了解产品、功能、使用方式及最新动态；具体服务范围、开放地区和使用规则请以官方网站当前页面为准。官方网站：bin.bloerg.net。	https://bin.bloerg.net	是
Yopass	Yopass	工具	其他,效率工具,在线服务	Yopass在线服务	Yopass在线服务。这里提供Yopass的官方服务与相关信息，支持通过官网了解产品、功能、使用方式及最新动态；具体服务范围、开放地区和使用规则请以官方网站当前页面为准。官方网站：yopass.se。	https://yopass.se	是
Hoppscotch	Hoppscotch	工具	其他,效率工具,在线服务	Hoppscotch在线服务	Hoppscotch在线服务。这里提供Hoppscotch的官方服务与相关信息，支持通过官网了解产品、功能、使用方式及最新动态；具体服务范围、开放地区和使用规则请以官方网站当前页面为准。官方网站：hoppscotch.io。	https://hoppscotch.io	是
Portal	Portal	工具	其他,效率工具,在线服务	Portal在线服务	Portal在线服务。这里提供Portal的官方服务与相关信息，支持通过官网了解产品、功能、使用方式及最新动态；具体服务范围、开放地区和使用规则请以官方网站当前页面为准。官方网站：portal.form.io。	https://portal.form.io	是
Luraproject	Luraproject	工具	其他,效率工具,在线服务	Luraproject在线服务	Luraproject在线服务。这里提供Luraproject的官方服务与相关信息，支持通过官网了解产品、功能、使用方式及最新动态；具体服务范围、开放地区和使用规则请以官方网站当前页面为准。官方网站：luraproject.org。	https://luraproject.org	是
Fusio Project	Fusio Project	工具	其他,效率工具,在线服务	Fusio Project在线服务	Fusio Project在线服务。这里提供Fusio Project的官方服务与相关信息，支持通过官网了解产品、功能、使用方式及最新动态；具体服务范围、开放地区和使用规则请以官方网站当前页面为准。官方网站：fusio-project.org。	https://www.fusio-project.org	是
Graphweaver	Graphweaver	工具	其他,效率工具,在线服务	Graphweaver在线服务	Graphweaver在线服务。这里提供Graphweaver的官方服务与相关信息，支持通过官网了解产品、功能、使用方式及最新动态；具体服务范围、开放地区和使用规则请以官方网站当前页面为准。官方网站：graphweaver.com。	https://graphweaver.com	是
Gofeatureflag	Gofeatureflag	工具	其他,效率工具,在线服务	Gofeatureflag在线服务	Gofeatureflag在线服务。这里提供Gofeatureflag的官方服务与相关信息，支持通过官网了解产品、功能、使用方式及最新动态；具体服务范围、开放地区和使用规则请以官方网站当前页面为准。官方网站：gofeatureflag.org。	https://gofeatureflag.org	是
Tyk	Tyk	工具	其他,效率工具,在线服务	Tyk在线服务	Tyk在线服务。这里提供Tyk的官方服务与相关信息，支持通过官网了解产品、功能、使用方式及最新动态；具体服务范围、开放地区和使用规则请以官方网站当前页面为准。官方网站：tyk.io。	https://tyk.io	是
Atheos	Atheos	工具	其他,效率工具,在线服务	Atheos在线服务	Atheos在线服务。这里提供Atheos的官方服务与相关信息，支持通过官网了解产品、功能、使用方式及最新动态；具体服务范围、开放地区和使用规则请以官方网站当前页面为准。官方网站：atheos.io。	https://www.atheos.io	是
Featbit	Featbit	工具	其他,效率工具,在线服务	Featbit在线服务	Featbit在线服务。这里提供Featbit的官方服务与相关信息，支持通过官网了解产品、功能、使用方式及最新动态；具体服务范围、开放地区和使用规则请以官方网站当前页面为准。官方网站：featbit.co。	https://www.featbit.co	是
Langfuse	Langfuse	工具	其他,效率工具,在线服务	Langfuse在线服务	Langfuse在线服务。这里提供Langfuse的官方服务与相关信息，支持通过官网了解产品、功能、使用方式及最新动态；具体服务范围、开放地区和使用规则请以官方网站当前页面为准。官方网站：langfuse.com。	https://langfuse.com	是
Lowdefy	Lowdefy	工具	其他,效率工具,在线服务	Lowdefy在线服务	Lowdefy在线服务。这里提供Lowdefy的官方服务与相关信息，支持通过官网了解产品、功能、使用方式及最新动态；具体服务范围、开放地区和使用规则请以官方网站当前页面为准。官方网站：lowdefy.com。	https://www.lowdefy.com	是
Flagsmith	Flagsmith	工具	其他,效率工具,在线服务	Flagsmith在线服务	Flagsmith在线服务。这里提供Flagsmith的官方服务与相关信息，支持通过官网了解产品、功能、使用方式及最新动态；具体服务范围、开放地区和使用规则请以官方网站当前页面为准。官方网站：flagsmith.com。	https://flagsmith.com	是
Langfuse	Langfuse	工具	其他,效率工具,在线服务	Langfuse在线服务	Langfuse在线服务。这里提供Langfuse的官方服务与相关信息，支持通过官网了解产品、功能、使用方式及最新动态；具体服务范围、开放地区和使用规则请以官方网站当前页面为准。官方网站：langfuse.com。	https://langfuse.com/docs/demo	是
Accent	Accent	工具	其他,效率工具,在线服务	Accent在线服务	Accent在线服务。这里提供Accent的官方服务与相关信息，支持通过官网了解产品、功能、使用方式及最新动态；具体服务范围、开放地区和使用规则请以官方网站当前页面为准。官方网站：accent.reviews。	https://www.accent.reviews	是
Gethopp	Gethopp	工具	其他,效率工具,在线服务	Gethopp在线服务	Gethopp在线服务。这里提供Gethopp的官方服务与相关信息，支持通过官网了解产品、功能、使用方式及最新动态；具体服务范围、开放地区和使用规则请以官方网站当前页面为准。官方网站：gethopp.app。	https://gethopp.app	是
Langfuse	Langfuse	工具	其他,效率工具,在线服务	Langfuse在线服务	Langfuse在线服务。这里提供Langfuse的官方服务与相关信息，支持通过官网了解产品、功能、使用方式及最新动态；具体服务范围、开放地区和使用规则请以官方网站当前页面为准。官方网站：langfuse.com。	https://langfuse.com/docs/integrations/overview	是
Livecodes	Livecodes	开发	编程开发,效率工具	Livecodes在线服务	Livecodes在线服务。这里提供Livecodes的官方服务与相关信息，支持通过官网了解产品、功能、使用方式及最新动态；具体服务范围、开放地区和使用规则请以官方网站当前页面为准。官方网站：livecodes.io。	https://livecodes.io	是
Judge0	Judge0	工具	其他,效率工具,在线服务	Judge0在线服务	Judge0在线服务。这里提供Judge0的官方服务与相关信息，支持通过官网了解产品、功能、使用方式及最新动态；具体服务范围、开放地区和使用规则请以官方网站当前页面为准。官方网站：judge0.com。	https://judge0.com	是
Tolgee	Tolgee	工具	其他,效率工具,在线服务	Tolgee在线服务	Tolgee在线服务。这里提供Tolgee的官方服务与相关信息，支持通过官网了解产品、功能、使用方式及最新动态；具体服务范围、开放地区和使用规则请以官方网站当前页面为准。官方网站：tolgee.io。	https://tolgee.io	是
Appsmith	Appsmith	工具	其他,效率工具,在线服务	Appsmith在线服务	Appsmith在线服务。这里提供Appsmith的官方服务与相关信息，支持通过官网了解产品、功能、使用方式及最新动态；具体服务范围、开放地区和使用规则请以官方网站当前页面为准。官方网站：appsmith.com。	https://www.appsmith.com	是
Manifest	Manifest	工具	其他,效率工具,在线服务	Manifest在线服务	Manifest在线服务。这里提供Manifest的官方服务与相关信息，支持通过官网了解产品、功能、使用方式及最新动态；具体服务范围、开放地区和使用规则请以官方网站当前页面为准。官方网站：manifest.build。	https://manifest.build	是
Docs	Docs	工具	其他,效率工具,在线服务	Docs在线服务	Docs在线服务。这里提供Docs的官方服务与相关信息，支持通过官网了解产品、功能、使用方式及最新动态；具体服务范围、开放地区和使用规则请以官方网站当前页面为准。官方网站：docs.halo.run。	https://docs.halo.run	是
Rapidforge	Rapidforge	开发	编程开发,效率工具	Rapidforge在线服务	Rapidforge在线服务。这里提供Rapidforge的官方服务与相关信息，支持通过官网了解产品、功能、使用方式及最新动态；具体服务范围、开放地区和使用规则请以官方网站当前页面为准。官方网站：rapidforge.io。	https://rapidforge.io	是
Traduora	Traduora	工具	其他,效率工具,在线服务	Traduora在线服务	Traduora在线服务。这里提供Traduora的官方服务与相关信息，支持通过官网了解产品、功能、使用方式及最新动态；具体服务范围、开放地区和使用规则请以官方网站当前页面为准。官方网站：traduora.co。	https://traduora.co	是
Appwrite	Appwrite	工具	其他,效率工具,在线服务	Appwrite在线服务	Appwrite在线服务。这里提供Appwrite的官方服务与相关信息，支持通过官网了解产品、功能、使用方式及最新动态；具体服务范围、开放地区和使用规则请以官方网站当前页面为准。官方网站：appwrite.io。	https://appwrite.io	是
Manifest	Manifest	工具	其他,效率工具,在线服务	Manifest在线服务	Manifest在线服务。这里提供Manifest的官方服务与相关信息，支持通过官网了解产品、功能、使用方式及最新动态；具体服务范围、开放地区和使用规则请以官方网站当前页面为准。官方网站：manifest.new。	https://manifest.new	是
Pocketbase	Pocketbase	工具	其他,效率工具,在线服务	Pocketbase在线服务	Pocketbase在线服务。这里提供Pocketbase的官方服务与相关信息，支持通过官网了解产品、功能、使用方式及最新动态；具体服务范围、开放地区和使用规则请以官方网站当前页面为准。官方网站：pocketbase.io。	https://pocketbase.io	是
Trailbase	Trailbase	AI	AI,效率工具	Trailbase在线服务	Trailbase在线服务。这里提供Trailbase的官方服务与相关信息，支持通过官网了解产品、功能、使用方式及最新动态；具体服务范围、开放地区和使用规则请以官方网站当前页面为准。官方网站：trailbase.io。	https://trailbase.io	是
Sql Page	Sql Page	工具	其他,效率工具,在线服务	Sql Page在线服务	Sql Page在线服务。这里提供Sql Page的官方服务与相关信息，支持通过官网了解产品、功能、使用方式及最新动态；具体服务范围、开放地区和使用规则请以官方网站当前页面为准。官方网站：sql-page.com。	https://sql-page.com	是
Gitbucket	Gitbucket	开发	编程开发,效率工具	Gitbucket在线服务	Gitbucket在线服务。这里提供Gitbucket的官方服务与相关信息，支持通过官网了解产品、功能、使用方式及最新动态；具体服务范围、开放地区和使用规则请以官方网站当前页面为准。官方网站：gitbucket.github.io。	https://gitbucket.github.io	是
Codeberg	Codeberg	开发	编程开发,效率工具	Codeberg在线服务	Codeberg在线服务。这里提供Codeberg的官方服务与相关信息，支持通过官网了解产品、功能、使用方式及最新动态；具体服务范围、开放地区和使用规则请以官方网站当前页面为准。官方网站：codeberg.org。	https://codeberg.org/forgejo-contrib/delightful-forgejo	是
Saltcorn	Saltcorn	工具	其他,效率工具,在线服务	Saltcorn在线服务	Saltcorn在线服务。这里提供Saltcorn的官方服务与相关信息，支持通过官网了解产品、功能、使用方式及最新动态；具体服务范围、开放地区和使用规则请以官方网站当前页面为准。官方网站：saltcorn.com。	https://saltcorn.com	是
Codeberg	Codeberg	开发	编程开发,效率工具	Codeberg在线服务	Codeberg在线服务。这里提供Codeberg的官方服务与相关信息，支持通过官网了解产品、功能、使用方式及最新动态；具体服务范围、开放地区和使用规则请以官方网站当前页面为准。官方网站：codeberg.org。	https://codeberg.org/forgejo/forgejo	是
Forgejo	Forgejo	工具	其他,效率工具,在线服务	Forgejo在线服务	Forgejo在线服务。这里提供Forgejo的官方服务与相关信息，支持通过官网了解产品、功能、使用方式及最新动态；具体服务范围、开放地区和使用规则请以官方网站当前页面为准。官方网站：forgejo.org。	https://forgejo.org	是
Gitea	Gitea	开发	编程开发,效率工具	Gitea在线服务	Gitea在线服务。这里提供Gitea的官方服务与相关信息，支持通过官网了解产品、功能、使用方式及最新动态；具体服务范围、开放地区和使用规则请以官方网站当前页面为准。官方网站：gitea.com。	https://gitea.com	是
Gitea	Gitea	开发	编程开发,效率工具	Gitea在线服务	Gitea在线服务。这里提供Gitea的官方服务与相关信息，支持通过官网了解产品、功能、使用方式及最新动态；具体服务范围、开放地区和使用规则请以官方网站当前页面为准。官方网站：gitea.com。	https://gitea.com/explore/repos	是
Theideon	Theideon	工具	其他,效率工具,在线服务	Theideon在线服务	Theideon在线服务。这里提供Theideon的官方服务与相关信息，支持通过官网了解产品、功能、使用方式及最新动态；具体服务范围、开放地区和使用规则请以官方网站当前页面为准。官方网站：theideon.com。	https://www.theideon.com	是
Kaneo	Kaneo	工具	其他,效率工具,在线服务	Kaneo在线服务	Kaneo在线服务。这里提供Kaneo的官方服务与相关信息，支持通过官网了解产品、功能、使用方式及最新动态；具体服务范围、开放地区和使用规则请以官方网站当前页面为准。官方网站：kaneo.app。	https://kaneo.app	是
Openproject	Openproject	工具	其他,效率工具,在线服务	Openproject在线服务	Openproject在线服务。这里提供Openproject的官方服务与相关信息，支持通过官网了解产品、功能、使用方式及最新动态；具体服务范围、开放地区和使用规则请以官方网站当前页面为准。官方网站：openproject.org。	https://www.openproject.org	是
Pagure	Pagure	工具	其他,效率工具,在线服务	Pagure在线服务	Pagure在线服务。这里提供Pagure的官方服务与相关信息，支持通过官网了解产品、功能、使用方式及最新动态；具体服务范围、开放地区和使用规则请以官方网站当前页面为准。官方网站：pagure.io。	https://pagure.io	是
Octobox	Octobox	工具	其他,效率工具,在线服务	Octobox在线服务	Octobox在线服务。这里提供Octobox的官方服务与相关信息，支持通过官网了解产品、功能、使用方式及最新动态；具体服务范围、开放地区和使用规则请以官方网站当前页面为准。官方网站：octobox.io。	https://octobox.io	是
App	App	工具	其他,效率工具,在线服务	App在线服务	App在线服务。这里提供App的官方服务与相关信息，支持通过官网了解产品、功能、使用方式及最新动态；具体服务范围、开放地区和使用规则请以官方网站当前页面为准。官方网站：app.plane.so。	https://app.plane.so	是
We	We	工具	其他,效率工具,在线服务	We在线服务	We在线服务。这里提供We的官方服务与相关信息，支持通过官网了解产品、功能、使用方式及最新动态；具体服务范围、开放地区和使用规则请以官方网站当前页面为准。官方网站：we.phorge.it。	https://we.phorge.it	是
Plane	Plane	工具	其他,效率工具,在线服务	Plane在线服务	Plane在线服务。这里提供Plane的官方服务与相关信息，支持通过官网了解产品、功能、使用方式及最新动态；具体服务范围、开放地区和使用规则请以官方网站当前页面为准。官方网站：plane.so。	https://plane.so	是
Demo	Demo	工具	其他,效率工具,在线服务	Demo在线服务	Demo在线服务。这里提供Demo的官方服务与相关信息，支持通过官网了解产品、功能、使用方式及最新动态；具体服务范围、开放地区和使用规则请以官方网站当前页面为准。官方网站：demo.projeqtor.org。	https://demo.projeqtor.org	是
Redmine	Redmine	工具	其他,效率工具,在线服务	Redmine在线服务	Redmine在线服务。这里提供Redmine的官方服务与相关信息，支持通过官网了解产品、功能、使用方式及最新动态；具体服务范围、开放地区和使用规则请以官方网站当前页面为准。官方网站：redmine.org。	https://www.redmine.org	是
Reviewboard	Reviewboard	工具	其他,效率工具,在线服务	Reviewboard在线服务	Reviewboard在线服务。这里提供Reviewboard的官方服务与相关信息，支持通过官网了解产品、功能、使用方式及最新动态；具体服务范围、开放地区和使用规则请以官方网站当前页面为准。官方网站：reviewboard.org。	https://www.reviewboard.org	是
Rhodecode	Rhodecode	开发	编程开发,效率工具	Rhodecode在线服务	Rhodecode在线服务。这里提供Rhodecode的官方服务与相关信息，支持通过官网了解产品、功能、使用方式及最新动态；具体服务范围、开放地区和使用规则请以官方网站当前页面为准。官方网站：rhodecode.com。	https://rhodecode.com	是
Shipshipship	Shipshipship	工具	其他,效率工具,在线服务	Shipshipship在线服务	Shipshipship在线服务。这里提供Shipshipship的官方服务与相关信息，支持通过官网了解产品、功能、使用方式及最新动态；具体服务范围、开放地区和使用规则请以官方网站当前页面为准。官方网站：shipshipship.io。	https://shipshipship.io	是
Rukovoditel	Rukovoditel	工具	其他,效率工具,在线服务	Rukovoditel在线服务	Rukovoditel在线服务。这里提供Rukovoditel的官方服务与相关信息，支持通过官网了解产品、功能、使用方式及最新动态；具体服务范围、开放地区和使用规则请以官方网站当前页面为准。官方网站：rukovoditel.net。	https://www.rukovoditel.net	是
Rukovoditel	Rukovoditel	工具	其他,效率工具,在线服务	Rukovoditel在线服务	Rukovoditel在线服务。这里提供Rukovoditel的官方服务与相关信息，支持通过官网了解产品、功能、使用方式及最新动态；具体服务范围、开放地区和使用规则请以官方网站当前页面为准。官方网站：rukovoditel.net。	https://www.rukovoditel.net/download.php	是
Sr	Sr	工具	其他,效率工具,在线服务	Sr在线服务	Sr在线服务。这里提供Sr的官方服务与相关信息，支持通过官网了解产品、功能、使用方式及最新动态；具体服务范围、开放地区和使用规则请以官方网站当前页面为准。官方网站：sr.ht。	https://sr.ht	是
Git	Git	开发	编程开发,效率工具	Git在线服务	Git在线服务。这里提供Git的官方服务与相关信息，支持通过官网了解产品、功能、使用方式及最新动态；具体服务范围、开放地区和使用规则请以官方网站当前页面为准。官方网站：git.sr.ht。	https://git.sr.ht/~sircmpwn/git.sr.ht/tree	是
Sourcehut	Sourcehut	工具	其他,效率工具,在线服务	Sourcehut在线服务	Sourcehut在线服务。这里提供Sourcehut的官方服务与相关信息，支持通过官网了解产品、功能、使用方式及最新动态；具体服务范围、开放地区和使用规则请以官方网站当前页面为准。官方网站：sourcehut.org。	https://sourcehut.org	是
Titra	Titra	工具	其他,效率工具,在线服务	Titra在线服务	Titra在线服务。这里提供Titra的官方服务与相关信息，支持通过官网了解产品、功能、使用方式及最新动态；具体服务范围、开放地区和使用规则请以官方网站当前页面为准。官方网站：titra.io。	https://titra.io	是
Bencher	Bencher	开发	编程开发,效率工具	Bencher在线服务	Bencher在线服务。这里提供Bencher的官方服务与相关信息，支持通过官网了解产品、功能、使用方式及最新动态；具体服务范围、开放地区和使用规则请以官方网站当前页面为准。官方网站：bencher.dev。	https://bencher.dev	是
Demo	Demo	工具	其他,效率工具,在线服务	Demo在线服务	Demo在线服务。这里提供Demo的官方服务与相关信息，支持通过官网了解产品、功能、使用方式及最新动态；具体服务范围、开放地区和使用规则请以官方网站当前页面为准。官方网站：demo.uvdesk.com。	https://demo.uvdesk.com	是
Staticsitegenerators	Staticsitegenerators	工具	其他,效率工具,在线服务	Staticsitegenerators在线服务	Staticsitegenerators在线服务。这里提供Staticsitegenerators的官方服务与相关信息，支持通过官网了解产品、功能、使用方式及最新动态；具体服务范围、开放地区和使用规则请以官方网站当前页面为准。官方网站：staticsitegenerators.bevry.me。	https://staticsitegenerators.bevry.me	是
Demo	Demo	工具	其他,效率工具,在线服务	Demo在线服务	Demo在线服务。这里提供Demo的官方服务与相关信息，支持通过官网了解产品、功能、使用方式及最新动态；具体服务范围、开放地区和使用规则请以官方网站当前页面为准。官方网站：demo.4gaboards.com。	https://demo.4gaboards.com	是
4gaboards	4gaboards	工具	其他,效率工具,在线服务	4gaboards在线服务	4gaboards在线服务。这里提供4gaboards的官方服务与相关信息，支持通过官网了解产品、功能、使用方式及最新动态；具体服务范围、开放地区和使用规则请以官方网站当前页面为准。官方网站：4gaboards.com。	https://4gaboards.com	是
Dayglance	Dayglance	工具	其他,效率工具,在线服务	Dayglance在线服务	Dayglance在线服务。这里提供Dayglance的官方服务与相关信息，支持通过官网了解产品、功能、使用方式及最新动态；具体服务范围、开放地区和使用规则请以官方网站当前页面为准。官方网站：dayglance.app。	https://dayglance.app	是
App	App	工具	其他,效率工具,在线服务	App在线服务	App在线服务。这里提供App的官方服务与相关信息，支持通过官网了解产品、功能、使用方式及最新动态；具体服务范围、开放地区和使用规则请以官方网站当前页面为准。官方网站：app.donetick.com。	https://app.donetick.com	是
Donetick	Donetick	工具	其他,效率工具,在线服务	Donetick在线服务	Donetick在线服务。这里提供Donetick的官方服务与相关信息，支持通过官网了解产品、功能、使用方式及最新动态；具体服务范围、开放地区和使用规则请以官方网站当前页面为准。官方网站：donetick.com。	https://donetick.com	是
Mytinytodo	Mytinytodo	工具	效率工具,在线服务	Mytinytodo在线服务	Mytinytodo在线服务。这里提供Mytinytodo的官方服务与相关信息，支持通过官网了解产品、功能、使用方式及最新动态；具体服务范围、开放地区和使用规则请以官方网站当前页面为准。官方网站：mytinytodo.net。	https://www.mytinytodo.net	是
Tasks App	Tasks App	工具	效率工具,在线服务	Tasks App在线服务	Tasks App在线服务。这里提供Tasks App的官方服务与相关信息，支持通过官网了解产品、功能、使用方式及最新动态；具体服务范围、开放地区和使用规则请以官方网站当前页面为准。官方网站：tasks-app.hamsterbase.com。	https://tasks-app.hamsterbase.com	是
Kan	Kan	工具	其他,效率工具,在线服务	Kan在线服务	Kan在线服务。这里提供Kan的官方服务与相关信息，支持通过官网了解产品、功能、使用方式及最新动态；具体服务范围、开放地区和使用规则请以官方网站当前页面为准。官方网站：kan.bn。	https://kan.bn	是
Openhabittracker	Openhabittracker	工具	其他,效率工具,在线服务	Openhabittracker在线服务	Openhabittracker在线服务。这里提供Openhabittracker的官方服务与相关信息，支持通过官网了解产品、功能、使用方式及最新动态；具体服务范围、开放地区和使用规则请以官方网站当前页面为准。官方网站：openhabittracker.net。	https://openhabittracker.net	是
Codeberg	Codeberg	开发	编程开发,效率工具	Codeberg在线服务	Codeberg在线服务。这里提供Codeberg的官方服务与相关信息，支持通过官网了解产品、功能、使用方式及最新动态；具体服务范围、开放地区和使用规则请以官方网站当前页面为准。官方网站：codeberg.org。	https://codeberg.org/nanawel/our-shopping-list	是
Will Be Done	Will Be Done	工具	其他,效率工具,在线服务	Will Be Done在线服务	Will Be Done在线服务。这里提供Will Be Done的官方服务与相关信息，支持通过官网了解产品、功能、使用方式及最新动态；具体服务范围、开放地区和使用规则请以官方网站当前页面为准。官方网站：will-be-done.app。	https://will-be-done.app	是
Vikunja	Vikunja	工具	其他,效率工具,在线服务	Vikunja在线服务	Vikunja在线服务。这里提供Vikunja的官方服务与相关信息，支持通过官网了解产品、功能、使用方式及最新动态；具体服务范围、开放地区和使用规则请以官方网站当前页面为准。官方网站：vikunja.io。	https://vikunja.io	是
Demo	Demo	工具	其他,效率工具,在线服务	Demo在线服务	Demo在线服务。这里提供Demo的官方服务与相关信息，支持通过官网了解产品、功能、使用方式及最新动态；具体服务范围、开放地区和使用规则请以官方网站当前页面为准。官方网站：demo.will-be-done.app。	https://demo.will-be-done.app	是
Demo	Demo	工具	其他,效率工具,在线服务	Demo在线服务	Demo在线服务。这里提供Demo的官方服务与相关信息，支持通过官网了解产品、功能、使用方式及最新动态；具体服务范围、开放地区和使用规则请以官方网站当前页面为准。官方网站：demo.libredesk.io。	https://demo.libredesk.io	是
Glitchtip	Glitchtip	工具	其他,效率工具,在线服务	Glitchtip在线服务	Glitchtip在线服务。这里提供Glitchtip的官方服务与相关信息，支持通过官网了解产品、功能、使用方式及最新动态；具体服务范围、开放地区和使用规则请以官方网站当前页面为准。官方网站：glitchtip.com。	https://glitchtip.com	是
Roundup Tracker	Roundup Tracker	工具	其他,效率工具,在线服务	Roundup Tracker在线服务	Roundup Tracker在线服务。这里提供Roundup Tracker的官方服务与相关信息，支持通过官网了解产品、功能、使用方式及最新动态；具体服务范围、开放地区和使用规则请以官方网站当前页面为准。官方网站：roundup-tracker.org。	https://www.roundup-tracker.org/code.html	是
Solidtime	Solidtime	工具	其他,效率工具,在线服务	Solidtime在线服务	Solidtime在线服务。这里提供Solidtime的官方服务与相关信息，支持通过官网了解产品、功能、使用方式及最新动态；具体服务范围、开放地区和使用规则请以官方网站当前页面为准。官方网站：solidtime.io。	https://www.solidtime.io	是
Gauzy	Gauzy	工具	其他,效率工具,在线服务	Gauzy在线服务	Gauzy在线服务。这里提供Gauzy的官方服务与相关信息，支持通过官网了解产品、功能、使用方式及最新动态；具体服务范围、开放地区和使用规则请以官方网站当前页面为准。官方网站：gauzy.co。	https://gauzy.co	是
Demo	Demo	工具	其他,效率工具,在线服务	Demo在线服务	Demo在线服务。这里提供Demo的官方服务与相关信息，支持通过官网了解产品、功能、使用方式及最新动态；具体服务范围、开放地区和使用规则请以官方网站当前页面为准。官方网站：demo.gauzy.co。	https://demo.gauzy.co	是
Git	Git	开发	编程开发,效率工具	Git在线服务	Git在线服务。这里提供Git的官方服务与相关信息，支持通过官网了解产品、功能、使用方式及最新动态；具体服务范围、开放地区和使用规则请以官方网站当前页面为准。官方网站：git.crueter.xyz。	https://git.crueter.xyz/crueter/clink	是
Yourls	Yourls	工具	其他,效率工具,在线服务	Yourls在线服务	Yourls在线服务。这里提供Yourls的官方服务与相关信息，支持通过官网了解产品、功能、使用方式及最新动态；具体服务范围、开放地区和使用规则请以官方网站当前页面为准。官方网站：yourls.org。	https://yourls.org	是
Digpangolin	Digpangolin	工具	其他,效率工具,在线服务	Digpangolin在线服务	Digpangolin在线服务。这里提供Digpangolin的官方服务与相关信息，支持通过官网了解产品、功能、使用方式及最新动态；具体服务范围、开放地区和使用规则请以官方网站当前页面为准。官方网站：digpangolin.com。	https://digpangolin.com	是
Codeberg	Codeberg	开发	编程开发,效率工具	Codeberg在线服务	Codeberg在线服务。这里提供Codeberg的官方服务与相关信息，支持通过官网了解产品、功能、使用方式及最新动态；具体服务范围、开放地区和使用规则请以官方网站当前页面为准。官方网站：codeberg.org。	https://codeberg.org/bookstack/bookstack	是
Codeberg	Codeberg	开发	编程开发,效率工具	Codeberg在线服务	Codeberg在线服务。这里提供Codeberg的官方服务与相关信息，支持通过官网了解产品、功能、使用方式及最新动态；具体服务范围、开放地区和使用规则请以官方网站当前页面为准。官方网站：codeberg.org。	https://codeberg.org/alamantus/featherwiki	是
Amusewiki	Amusewiki	工具	其他,效率工具,在线服务	Amusewiki在线服务	Amusewiki在线服务。这里提供Amusewiki的官方服务与相关信息，支持通过官网了解产品、功能、使用方式及最新动态；具体服务范围、开放地区和使用规则请以官方网站当前页面为准。官方网站：amusewiki.org。	https://amusewiki.org	是
Svn	Svn	工具	其他,效率工具,在线服务	Svn在线服务	Svn在线服务。这里提供Svn的官方服务与相关信息，支持通过官网了解产品、功能、使用方式及最新动态；具体服务范围、开放地区和使用规则请以官方网站当前页面为准。官方网站：svn.apache.org。	https://svn.apache.org/repos/asf/httpd/httpd/trunk	是
Docmost	Docmost	工具	其他,效率工具,在线服务	Docmost在线服务	Docmost在线服务。这里提供Docmost的官方服务与相关信息，支持通过官网了解产品、功能、使用方式及最新动态；具体服务范围、开放地区和使用规则请以官方网站当前页面为准。官方网站：docmost.com。	https://docmost.com	是
Wikigo	Wikigo	工具	其他,效率工具,在线服务	Wikigo在线服务	Wikigo在线服务。这里提供Wikigo的官方服务与相关信息，支持通过官网了解产品、功能、使用方式及最新动态；具体服务范围、开放地区和使用规则请以官方网站当前页面为准。官方网站：wikigo.leomoon.com。	https://wikigo.leomoon.com	是
Js	Js	工具	其他,效率工具,在线服务	Js在线服务	Js在线服务。这里提供Js的官方服务与相关信息，支持通过官网了解产品、功能、使用方式及最新动态；具体服务范围、开放地区和使用规则请以官方网站当前页面为准。官方网站：js.wiki。	https://js.wiki	是
Wikidocs	Wikidocs	工具	其他,效率工具,在线服务	Wikidocs在线服务	Wikidocs在线服务。这里提供Wikidocs的官方服务与相关信息，支持通过官网了解产品、功能、使用方式及最新动态；具体服务范围、开放地区和使用规则请以官方网站当前页面为准。官方网站：wikidocs.app。	https://www.wikidocs.app	是
Docs	Docs	工具	其他,效率工具,在线服务	Docs在线服务	Docs在线服务。这里提供Docs的官方服务与相关信息，支持通过官网了解产品、功能、使用方式及最新动态；具体服务范围、开放地区和使用规则请以官方网站当前页面为准。官方网站：docs.requarks.io。	https://docs.requarks.io	是
Leomoon	Leomoon	工具	其他,效率工具,在线服务	Leomoon在线服务	Leomoon在线服务。这里提供Leomoon的官方服务与相关信息，支持通过官网了解产品、功能、使用方式及最新动态；具体服务范围、开放地区和使用规则请以官方网站当前页面为准。官方网站：leomoon.com。	https://leomoon.com/downloads/web-apps/wiki-go	是
Tiki	Tiki	工具	其他,效率工具,在线服务	Tiki在线服务	Tiki在线服务。这里提供Tiki的官方服务与相关信息，支持通过官网了解产品、功能、使用方式及最新动态；具体服务范围、开放地区和使用规则请以官方网站当前页面为准。官方网站：tiki.org。	https://tiki.org/try-tiki	是
Zim Wiki	Zim Wiki	工具	其他,效率工具,在线服务	Zim Wiki在线服务	Zim Wiki在线服务。这里提供Zim Wiki的官方服务与相关信息，支持通过官网了解产品、功能、使用方式及最新动态；具体服务范围、开放地区和使用规则请以官方网站当前页面为准。官方网站：zim-wiki.org。	https://zim-wiki.org	是
Tiki	Tiki	工具	其他,效率工具,在线服务	Tiki在线服务	Tiki在线服务。这里提供Tiki的官方服务与相关信息，支持通过官网了解产品、功能、使用方式及最新动态；具体服务范围、开放地区和使用规则请以官方网站当前页面为准。官方网站：tiki.org。	https://tiki.org/homepage	是
Lemmy	Lemmy	工具	其他,效率工具,在线服务	Lemmy在线服务	Lemmy在线服务。这里提供Lemmy的官方服务与相关信息，支持通过官网了解产品、功能、使用方式及最新动态；具体服务范围、开放地区和使用规则请以官方网站当前页面为准。官方网站：lemmy.world。	https://lemmy.world/c/selfhosted	是
Privacytools	Privacytools	工具	其他,效率工具,在线服务	Privacytools在线服务	Privacytools在线服务。这里提供Privacytools的官方服务与相关信息，支持通过官网了解产品、功能、使用方式及最新动态；具体服务范围、开放地区和使用规则请以官方网站当前页面为准。官方网站：privacytools.io。	https://www.privacytools.io	是
Theme Park	Theme Park	开发	编程开发,效率工具	Theme Park在线服务	Theme Park在线服务。这里提供Theme Park的官方服务与相关信息，支持通过官网了解产品、功能、使用方式及最新动态；具体服务范围、开放地区和使用规则请以官方网站当前页面为准。官方网站：theme-park.dev。	https://theme-park.dev	是
Creativecommons	Creativecommons	工具	其他,效率工具,在线服务	Creativecommons在线服务	Creativecommons在线服务。这里提供Creativecommons的官方服务与相关信息，支持通过官网了解产品、功能、使用方式及最新动态；具体服务范围、开放地区和使用规则请以官方网站当前页面为准。官方网站：creativecommons.org。	https://creativecommons.org/licenses/by-sa/3.0	是
Awesome Web	Awesome Web	工具	其他,效率工具,在线服务	Awesome Web在线服务	Awesome Web在线服务。这里提供Awesome Web的官方服务与相关信息，支持通过官网了解产品、功能、使用方式及最新动态；具体服务范围、开放地区和使用规则请以官方网站当前页面为准。官方网站：awesome-web.theravenhub.com。	https://awesome-web.theravenhub.com/browse.html	是
Rosefinchapp	Rosefinchapp	工具	其他,效率工具,在线服务	Rosefinchapp在线服务	Rosefinchapp在线服务。这里提供Rosefinchapp的官方服务与相关信息，支持通过官网了解产品、功能、使用方式及最新动态；具体服务范围、开放地区和使用规则请以官方网站当前页面为准。官方网站：rosefinchapp.com。	https://rosefinchapp.com	是
Nota	Nota	工具	其他,效率工具,在线服务	Nota在线服务	Nota在线服务。这里提供Nota的官方服务与相关信息，支持通过官网了解产品、功能、使用方式及最新动态；具体服务范围、开放地区和使用规则请以官方网站当前页面为准。官方网站：nota.md。	https://nota.md	是
Prepros	Prepros	工具	其他,效率工具,在线服务	Prepros在线服务	Prepros在线服务。这里提供Prepros的官方服务与相关信息，支持通过官网了解产品、功能、使用方式及最新动态；具体服务范围、开放地区和使用规则请以官方网站当前页面为准。官方网站：prepros.io。	https://prepros.io	是
Cashnotify	Cashnotify	工具	其他,效率工具,在线服务	Cashnotify在线服务	Cashnotify在线服务。这里提供Cashnotify的官方服务与相关信息，支持通过官网了解产品、功能、使用方式及最新动态；具体服务范围、开放地区和使用规则请以官方网站当前页面为准。官方网站：cashnotify.com。	https://cashnotify.com	是
React	React	开发	编程开发,效率工具	React在线服务	React在线服务。这里提供React的官方服务与相关信息，支持通过官网了解产品、功能、使用方式及最新动态；具体服务范围、开放地区和使用规则请以官方网站当前页面为准。官方网站：react.dev。	https://react.dev/learn	是
React	React	开发	编程开发,效率工具	React在线服务	React在线服务。这里提供React的官方服务与相关信息，支持通过官网了解产品、功能、使用方式及最新动态；具体服务范围、开放地区和使用规则请以官方网站当前页面为准。官方网站：react.dev。	https://react.dev/community	是
React	React	开发	编程开发,效率工具	React在线服务	React在线服务。这里提供React的官方服务与相关信息，支持通过官网了解产品、功能、使用方式及最新动态；具体服务范围、开放地区和使用规则请以官方网站当前页面为准。官方网站：react.dev。	https://react.dev/community/conferences	是
Chartscss	Chartscss	工具	其他,效率工具,在线服务	Chartscss在线服务	Chartscss在线服务。这里提供Chartscss的官方服务与相关信息，支持通过官网了解产品、功能、使用方式及最新动态；具体服务范围、开放地区和使用规则请以官方网站当前页面为准。官方网站：chartscss.org。	https://chartscss.org	是
Simpleicons	Simpleicons	设计	设计与创意,效率工具	Simpleicons在线服务	Simpleicons在线服务。这里提供Simpleicons的官方服务与相关信息，支持通过官网了解产品、功能、使用方式及最新动态；具体服务范围、开放地区和使用规则请以官方网站当前页面为准。官方网站：simpleicons.org。	https://simpleicons.org	是
Skillicons	Skillicons	设计	设计与创意,效率工具	Skillicons在线服务	Skillicons在线服务。这里提供Skillicons的官方服务与相关信息，支持通过官网了解产品、功能、使用方式及最新动态；具体服务范围、开放地区和使用规则请以官方网站当前页面为准。官方网站：skillicons.dev。	https://skillicons.dev	是
Srv Cdn	Srv Cdn	工具	其他,效率工具,在线服务	Srv Cdn在线服务	Srv Cdn在线服务。这里提供Srv Cdn的官方服务与相关信息，支持通过官网了解产品、功能、使用方式及最新动态；具体服务范围、开放地区和使用规则请以官方网站当前页面为准。官方网站：srv-cdn.himpfen.io。	https://srv-cdn.himpfen.io/badges/awesome-lists/awesomelists-flat.svg	是
Srv Cdn	Srv Cdn	工具	其他,效率工具,在线服务	Srv Cdn在线服务	Srv Cdn在线服务。这里提供Srv Cdn的官方服务与相关信息，支持通过官网了解产品、功能、使用方式及最新动态；具体服务范围、开放地区和使用规则请以官方网站当前页面为准。官方网站：srv-cdn.himpfen.io。	https://srv-cdn.himpfen.io/badges/paypal/paypal-flat.svg	是
Srv Cdn	Srv Cdn	工具	其他,效率工具,在线服务	Srv Cdn在线服务	Srv Cdn在线服务。这里提供Srv Cdn的官方服务与相关信息，支持通过官网了解产品、功能、使用方式及最新动态；具体服务范围、开放地区和使用规则请以官方网站当前页面为准。官方网站：srv-cdn.himpfen.io。	https://srv-cdn.himpfen.io/badges/stripe/stripe-flat.svg	是
Srv Cdn	Srv Cdn	工具	其他,效率工具,在线服务	Srv Cdn在线服务	Srv Cdn在线服务。这里提供Srv Cdn的官方服务与相关信息，支持通过官网了解产品、功能、使用方式及最新动态；具体服务范围、开放地区和使用规则请以官方网站当前页面为准。官方网站：srv-cdn.himpfen.io。	https://srv-cdn.himpfen.io/badges/kofi/kofi-flat.svg	是
Srv Cdn	Srv Cdn	工具	其他,效率工具,在线服务	Srv Cdn在线服务	Srv Cdn在线服务。这里提供Srv Cdn的官方服务与相关信息，支持通过官网了解产品、功能、使用方式及最新动态；具体服务范围、开放地区和使用规则请以官方网站当前页面为准。官方网站：srv-cdn.himpfen.io。	https://srv-cdn.himpfen.io/badges/github/github-flat.svg	是
Srv Cdn	Srv Cdn	工具	其他,效率工具,在线服务	Srv Cdn在线服务	Srv Cdn在线服务。这里提供Srv Cdn的官方服务与相关信息，支持通过官网了解产品、功能、使用方式及最新动态；具体服务范围、开放地区和使用规则请以官方网站当前页面为准。官方网站：srv-cdn.himpfen.io。	https://srv-cdn.himpfen.io/badges/facebook-pages/facebook-pages-flat.svg	是
Srv Cdn	Srv Cdn	工具	其他,效率工具,在线服务	Srv Cdn在线服务	Srv Cdn在线服务。这里提供Srv Cdn的官方服务与相关信息，支持通过官网了解产品、功能、使用方式及最新动态；具体服务范围、开放地区和使用规则请以官方网站当前页面为准。官方网站：srv-cdn.himpfen.io。	https://srv-cdn.himpfen.io/badges/twitter/twitter-flat.svg	是
Designsystemsrepo	Designsystemsrepo	设计	设计与创意,效率工具	Designsystemsrepo在线服务	Designsystemsrepo在线服务。这里提供Designsystemsrepo的官方服务与相关信息，支持通过官网了解产品、功能、使用方式及最新动态；具体服务范围、开放地区和使用规则请以官方网站当前页面为准。官方网站：designsystemsrepo.com。	https://designsystemsrepo.com	是
Carbondesignsystem	Carbondesignsystem	设计	设计与创意,效率工具	Carbondesignsystem在线服务	Carbondesignsystem在线服务。这里提供Carbondesignsystem的官方服务与相关信息，支持通过官网了解产品、功能、使用方式及最新动态；具体服务范围、开放地区和使用规则请以官方网站当前页面为准。官方网站：carbondesignsystem.com。	https://carbondesignsystem.com	是
Effectivejs	Effectivejs	工具	其他,效率工具,在线服务	Effectivejs在线服务	Effectivejs在线服务。这里提供Effectivejs的官方服务与相关信息，支持通过官网了解产品、功能、使用方式及最新动态；具体服务范围、开放地区和使用规则请以官方网站当前页面为准。官方网站：effectivejs.com。	http://effectivejs.com	是
Pluralsight	Pluralsight	工具	其他,效率工具,在线服务	Pluralsight在线服务	Pluralsight在线服务。这里提供Pluralsight的官方服务与相关信息，支持通过官网了解产品、功能、使用方式及最新动态；具体服务范围、开放地区和使用规则请以官方网站当前页面为准。官方网站：pluralsight.com。	https://www.pluralsight.com/courses/javascript-best-practices	是
Oreilly	Oreilly	工具	其他,效率工具,在线服务	Oreilly在线服务	Oreilly在线服务。这里提供Oreilly的官方服务与相关信息，支持通过官网了解产品、功能、使用方式及最新动态；具体服务范围、开放地区和使用规则请以官方网站当前页面为准。官方网站：oreilly.com。	https://www.oreilly.com/library/view/eloquent-javascript/9781593272821	是
Oreilly	Oreilly	工具	其他,效率工具,在线服务	Oreilly在线服务	Oreilly在线服务。这里提供Oreilly的官方服务与相关信息，支持通过官网了解产品、功能、使用方式及最新动态；具体服务范围、开放地区和使用规则请以官方网站当前页面为准。官方网站：oreilly.com。	https://www.oreilly.com/library/view/javascript-the-definitive/9781491952016	是
Oreilly	Oreilly	工具	其他,效率工具,在线服务	Oreilly在线服务	Oreilly在线服务。这里提供Oreilly的官方服务与相关信息，支持通过官网了解产品、功能、使用方式及最新动态；具体服务范围、开放地区和使用规则请以官方网站当前页面为准。官方网站：oreilly.com。	https://www.oreilly.com/library/view/high-performance-javascript/9781449382308	是
Developer	Developer	开发	编程开发,效率工具	Developer在线服务	Developer在线服务。这里提供Developer的官方服务与相关信息，支持通过官网了解产品、功能、使用方式及最新动态；具体服务范围、开放地区和使用规则请以官方网站当前页面为准。官方网站：developer.mozilla.org。	https://developer.mozilla.org/en-us/docs/learn/getting_started_with_the_web/javascript_basics	是
Superherojs	Superherojs	工具	其他,效率工具,在线服务	Superherojs在线服务	Superherojs在线服务。这里提供Superherojs的官方服务与相关信息，支持通过官网了解产品、功能、使用方式及最新动态；具体服务范围、开放地区和使用规则请以官方网站当前页面为准。官方网站：superherojs.com。	http://superherojs.com	是
Smashingmagazine	Smashingmagazine	工具	其他,效率工具,在线服务	Smashingmagazine在线服务	Smashingmagazine在线服务。这里提供Smashingmagazine的官方服务与相关信息，支持通过官网了解产品、功能、使用方式及最新动态；具体服务范围、开放地区和使用规则请以官方网站当前页面为准。官方网站：smashingmagazine.com。	https://www.smashingmagazine.com/category/javascript	是
Javascriptweekly	Javascriptweekly	工具	其他,效率工具,在线服务	Javascriptweekly在线服务	Javascriptweekly在线服务。这里提供Javascriptweekly的官方服务与相关信息，支持通过官网了解产品、功能、使用方式及最新动态；具体服务范围、开放地区和使用规则请以官方网站当前页面为准。官方网站：javascriptweekly.com。	https://javascriptweekly.com	是
Dev	Dev	开发	编程开发,效率工具	Dev在线服务	Dev在线服务。这里提供Dev的官方服务与相关信息，支持通过官网了解产品、功能、使用方式及最新动态；具体服务范围、开放地区和使用规则请以官方网站当前页面为准。官方网站：dev.to。	https://dev.to/t/javascript	是
Nodeweekly	Nodeweekly	工具	其他,效率工具,在线服务	Nodeweekly在线服务	Nodeweekly在线服务。这里提供Nodeweekly的官方服务与相关信息，支持通过官网了解产品、功能、使用方式及最新动态；具体服务范围、开放地区和使用规则请以官方网站当前页面为准。官方网站：nodeweekly.com。	https://nodeweekly.com	是
I	I	工具	其他,效率工具,在线服务	I在线服务	I在线服务。这里提供I的官方服务与相关信息，支持通过官网了解产品、功能、使用方式及最新动态；具体服务范围、开放地区和使用规则请以官方网站当前页面为准。官方网站：i.creativecommons.org。	https://i.creativecommons.org/p/zero/1.0/88x31.png	是
Taleshape	Taleshape	工具	其他,效率工具,在线服务	Taleshape在线服务	Taleshape在线服务。这里提供Taleshape的官方服务与相关信息，支持通过官网了解产品、功能、使用方式及最新动态；具体服务范围、开放地区和使用规则请以官方网站当前页面为准。官方网站：taleshape.com。	https://taleshape.com/shaper/docs	是
Stackstorm	Stackstorm	开发	编程开发,效率工具	Stackstorm在线服务	Stackstorm在线服务。这里提供Stackstorm的官方服务与相关信息，支持通过官网了解产品、功能、使用方式及最新动态；具体服务范围、开放地区和使用规则请以官方网站当前页面为准。官方网站：stackstorm.com。	https://stackstorm.com	是
Omeka	Omeka	工具	其他,效率工具,在线服务	Omeka在线服务	Omeka在线服务。这里提供Omeka的官方服务与相关信息，支持通过官网了解产品、功能、使用方式及最新动态；具体服务范围、开放地区和使用规则请以官方网站当前页面为准。官方网站：omeka.org。	https://omeka.org/s	是
Ladigitale	Ladigitale	开发	编程开发,效率工具	Ladigitale在线服务	Ladigitale在线服务。这里提供Ladigitale的官方服务与相关信息，支持通过官网了解产品、功能、使用方式及最新动态；具体服务范围、开放地区和使用规则请以官方网站当前页面为准。官方网站：ladigitale.dev。	https://ladigitale.dev/digibunch	是
Try	Try	工具	其他,效率工具,在线服务	Try在线服务	Try在线服务。这里提供Try的官方服务与相关信息，支持通过官网了解产品、功能、使用方式及最新动态；具体服务范围、开放地区和使用规则请以官方网站当前页面为准。官方网站：try.karakeep.app。	https://try.karakeep.app/signin	是
Dovecot	Dovecot	工具	其他,效率工具,在线服务	Dovecot在线服务	Dovecot在线服务。这里提供Dovecot的官方服务与相关信息，支持通过官网了解产品、功能、使用方式及最新动态；具体服务范围、开放地区和使用规则请以官方网站当前页面为准。官方网站：dovecot.org。	https://www.dovecot.org	是
Kiwiirc	Kiwiirc	工具	其他,效率工具,在线服务	Kiwiirc在线服务	Kiwiirc在线服务。这里提供Kiwiirc的官方服务与相关信息，支持通过官网了解产品、功能、使用方式及最新动态；具体服务范围、开放地区和使用规则请以官方网站当前页面为准。官方网站：kiwiirc.com。	https://kiwiirc.com	是
Docs	Docs	AI	AI,效率工具	Docs在线服务	Docs在线服务。这里提供Docs的官方服务与相关信息，支持通过官网了解产品、功能、使用方式及最新动态；具体服务范围、开放地区和使用规则请以官方网站当前页面为准。官方网站：docs.mailman3.org。	https://docs.mailman3.org/projects/postorius/en/latest	是
Glowing Bear	Glowing Bear	工具	其他,效率工具,在线服务	Glowing Bear在线服务	Glowing Bear在线服务。这里提供Glowing Bear的官方服务与相关信息，支持通过官网了解产品、功能、使用方式及最新动态；具体服务范围、开放地区和使用规则请以官方网站当前页面为准。官方网站：glowing-bear.org。	https://www.glowing-bear.org	是
Cypht	Cypht	工具	其他,效率工具,在线服务	Cypht在线服务	Cypht在线服务。这里提供Cypht的官方服务与相关信息，支持通过官网了解产品、功能、使用方式及最新动态；具体服务范围、开放地区和使用规则请以官方网站当前页面为准。官方网站：cypht.org。	https://cypht.org	是
Squirrelmail	Squirrelmail	AI	AI,效率工具	Squirrelmail在线服务	Squirrelmail在线服务。这里提供Squirrelmail的官方服务与相关信息，支持通过官网了解产品、功能、使用方式及最新动态；具体服务范围、开放地区和使用规则请以官方网站当前页面为准。官方网站：squirrelmail.org。	https://squirrelmail.org	是
Nuskooler	Nuskooler	开发	编程开发,效率工具	Nuskooler在线服务	Nuskooler在线服务。这里提供Nuskooler的官方服务与相关信息，支持通过官网了解产品、功能、使用方式及最新动态；具体服务范围、开放地区和使用规则请以官方网站当前页面为准。官方网站：nuskooler.github.io。	https://nuskooler.github.io/enigma-bbs	是
Sip3	Sip3	工具	其他,效率工具,在线服务	Sip3在线服务	Sip3在线服务。这里提供Sip3的官方服务与相关信息，支持通过官网了解产品、功能、使用方式及最新动态；具体服务范围、开放地区和使用规则请以官方网站当前页面为准。官方网站：sip3.io。	https://sip3.io	是
Foodcoops	Foodcoops	工具	其他,效率工具,在线服务	Foodcoops在线服务	Foodcoops在线服务。这里提供Foodcoops的官方服务与相关信息，支持通过官网了解产品、功能、使用方式及最新动态；具体服务范围、开放地区和使用规则请以官方网站当前页面为准。官方网站：foodcoops.net。	https://foodcoops.net	是
Repos	Repos	工具	其他,效率工具,在线服务	Repos在线服务	Repos在线服务。这里提供Repos的官方服务与相关信息，支持通过官网了解产品、功能、使用方式及最新动态；具体服务范围、开放地区和使用规则请以官方网站当前页面为准。官方网站：repos.goffi.org。	https://repos.goffi.org/libervia-web	是
Repos	Repos	工具	其他,效率工具,在线服务	Repos在线服务	Repos在线服务。这里提供Repos的官方服务与相关信息，支持通过官网了解产品、功能、使用方式及最新动态；具体服务范围、开放地区和使用规则请以官方网站当前页面为准。官方网站：repos.goffi.org。	https://repos.goffi.org/libervia-backend	是
Hivepal	Hivepal	工具	其他,效率工具,在线服务	Hivepal在线服务	Hivepal在线服务。这里提供Hivepal的官方服务与相关信息，支持通过官网了解产品、功能、使用方式及最新动态；具体服务范围、开放地区和使用规则请以官方网站当前页面为准。官方网站：hivepal.app。	https://hivepal.app	是
Openolitor	Openolitor	工具	其他,效率工具,在线服务	Openolitor在线服务	Openolitor在线服务。这里提供Openolitor的官方服务与相关信息，支持通过官网了解产品、功能、使用方式及最新动态；具体服务范围、开放地区和使用规则请以官方网站当前页面为准。官方网站：openolitor.org。	https://openolitor.org	是
Bludit	Bludit	工具	其他,效率工具,在线服务	Bludit在线服务	Bludit在线服务。这里提供Bludit的官方服务与相关信息，支持通过官网了解产品、功能、使用方式及最新动态；具体服务范围、开放地区和使用规则请以官方网站当前页面为准。官方网站：bludit.com。	https://www.bludit.com	是
Commafeed	Commafeed	工具	其他,效率工具,在线服务	Commafeed在线服务	Commafeed在线服务。这里提供Commafeed的官方服务与相关信息，支持通过官网了解产品、功能、使用方式及最新动态；具体服务范围、开放地区和使用规则请以官方网站当前页面为准。官方网站：commafeed.com。	https://www.commafeed.com	是
1pxsolidblack	1pxsolidblack	工具	其他,效率工具,在线服务	1pxsolidblack在线服务	1pxsolidblack在线服务。这里提供1pxsolidblack的官方服务与相关信息，支持通过官网了解产品、功能、使用方式及最新动态；具体服务范围、开放地区和使用规则请以官方网站当前页面为准。官方网站：1pxsolidblack.pl。	https://1pxsolidblack.pl/jarr-en.html	是
Freshrss	Freshrss	工具	其他,效率工具,在线服务	Freshrss在线服务	Freshrss在线服务。这里提供Freshrss的官方服务与相关信息，支持通过官网了解产品、功能、使用方式及最新动态；具体服务范围、开放地区和使用规则请以官方网站当前页面为准。官方网站：freshrss.org。	https://freshrss.org	是
Feed	Feed	开发	编程开发,效率工具	Feed在线服务	Feed在线服务。这里提供Feed的官方服务与相关信息，支持通过官网了解产品、功能、使用方式及最新动态；具体服务范围、开放地区和使用规则请以官方网站当前页面为准。官方网站：feed.lovergne.dev。	https://feed.lovergne.dev	是
Jarr	Jarr	工具	其他,效率工具,在线服务	Jarr在线服务	Jarr在线服务。这里提供Jarr的官方服务与相关信息，支持通过官网了解产品、功能、使用方式及最新动态；具体服务范围、开放地区和使用规则请以官方网站当前页面为准。官方网站：jarr.info。	https://www.jarr.info	是
Git	Git	开发	编程开发,效率工具	Git在线服务	Git在线服务。这里提供Git的官方服务与相关信息，支持通过官网了解产品、功能、使用方式及最新动态；具体服务范围、开放地区和使用规则请以官方网站当前页面为准。官方网站：git.sr.ht。	https://git.sr.ht/~cedric/newspipe	是
Selfoss	Selfoss	工具	其他,效率工具,在线服务	Selfoss在线服务	Selfoss在线服务。这里提供Selfoss的官方服务与相关信息，支持通过官网了解产品、功能、使用方式及最新动态；具体服务范围、开放地区和使用规则请以官方网站当前页面为准。官方网站：selfoss.aditu.de。	https://selfoss.aditu.de	是
Feed	Feed	开发	编程开发,效率工具	Feed在线服务	Feed在线服务。这里提供Feed的官方服务与相关信息，支持通过官网了解产品、功能、使用方式及最新动态；具体服务范围、开放地区和使用规则请以官方网站当前页面为准。官方网站：feed.lovergne.dev。	https://feed.lovergne.dev/demo	是
Git Annex	Git Annex	开发	编程开发,效率工具	Git Annex在线服务	Git Annex在线服务。这里提供Git Annex的官方服务与相关信息，支持通过官网了解产品、功能、使用方式及最新动态；具体服务范围、开放地区和使用规则请以官方网站当前页面为准。官方网站：git-annex.branchable.com。	https://git-annex.branchable.com	是
Upvote Rss	Upvote Rss	工具	其他,效率工具,在线服务	Upvote Rss在线服务	Upvote Rss在线服务。这里提供Upvote Rss的官方服务与相关信息，支持通过官网了解产品、功能、使用方式及最新动态；具体服务范围、开放地区和使用规则请以官方网站当前页面为准。官方网站：upvote-rss.com。	https://www.upvote-rss.com	是
Nextcloud	Nextcloud	开发	编程开发,效率工具	Nextcloud在线服务	Nextcloud在线服务。这里提供Nextcloud的官方服务与相关信息，支持通过官网了解产品、功能、使用方式及最新动态；具体服务范围、开放地区和使用规则请以官方网站当前页面为准。官方网站：nextcloud.com。	https://nextcloud.com	是
Docs	Docs	开发	编程开发,效率工具	Docs在线服务	Docs在线服务。这里提供Docs的官方服务与相关信息，支持通过官网了解产品、功能、使用方式及最新动态；具体服务范围、开放地区和使用规则请以官方网站当前页面为准。官方网站：docs.opencloud.eu。	https://docs.opencloud.eu	是
Owncloud	Owncloud	开发	编程开发,效率工具	Owncloud在线服务	Owncloud在线服务。这里提供Owncloud的官方服务与相关信息，支持通过官网了解产品、功能、使用方式及最新动态；具体服务范围、开放地区和使用规则请以官方网站当前页面为准。官方网站：owncloud.org。	https://owncloud.org	是
Garagehq	Garagehq	工具	其他,效率工具,在线服务	Garagehq在线服务	Garagehq在线服务。这里提供Garagehq的官方服务与相关信息，支持通过官网了解产品、功能、使用方式及最新动态；具体服务范围、开放地区和使用规则请以官方网站当前页面为准。官方网站：garagehq.deuxfleurs.fr。	https://garagehq.deuxfleurs.fr	是
Sync In	Sync In	工具	其他,效率工具,在线服务	Sync In在线服务	Sync In在线服务。这里提供Sync In的官方服务与相关信息，支持通过官网了解产品、功能、使用方式及最新动态；具体服务范围、开放地区和使用规则请以官方网站当前页面为准。官方网站：sync-in.com。	https://sync-in.com/docs/demo	是
Seafile	Seafile	工具	其他,效率工具,在线服务	Seafile在线服务	Seafile在线服务。这里提供Seafile的官方服务与相关信息，支持通过官网了解产品、功能、使用方式及最新动态；具体服务范围、开放地区和使用规则请以官方网站当前页面为准。官方网站：seafile.com。	https://www.seafile.com/en/home	是
Deluge Torrent	Deluge Torrent	工具	其他,效率工具,在线服务	Deluge Torrent在线服务	Deluge Torrent在线服务。这里提供Deluge Torrent的官方服务与相关信息，支持通过官网了解产品、功能、使用方式及最新动态；具体服务范围、开放地区和使用规则请以官方网站当前页面为准。官方网站：deluge-torrent.org。	https://deluge-torrent.org	是
Cis	Cis	教育	在线学习,效率工具	Cis在线服务	Cis在线服务。这里提供Cis的官方服务与相关信息，支持通过官网了解产品、功能、使用方式及最新动态；具体服务范围、开放地区和使用规则请以官方网站当前页面为准。官方网站：cis.upenn.edu。	https://www.cis.upenn.edu/~bcpierce/unison	是
Codeberg	Codeberg	开发	编程开发,效率工具	Codeberg在线服务	Codeberg在线服务。这里提供Codeberg的官方服务与相关信息，支持通过官网了解产品、功能、使用方式及最新动态；具体服务范围、开放地区和使用规则请以官方网站当前页面为准。官方网站：codeberg.org。	https://codeberg.org/stv0g/gose	是
Chibisafe	Chibisafe	工具	其他,效率工具,在线服务	Chibisafe在线服务	Chibisafe在线服务。这里提供Chibisafe的官方服务与相关信息，支持通过官网了解产品、功能、使用方式及最新动态；具体服务范围、开放地区和使用规则请以官方网站当前页面为准。官方网站：chibisafe.app。	https://chibisafe.app	是
Depado	Depado	开发	编程开发,效率工具	Depado在线服务	Depado在线服务。这里提供Depado的官方服务与相关信息，支持通过官网了解产品、功能、使用方式及最新动态；具体服务范围、开放地区和使用规则请以官方网站当前页面为准。官方网站：depado.github.io。	https://depado.github.io/goploader	是
Ihexxa	Ihexxa	开发	编程开发,效率工具	Ihexxa在线服务	Ihexxa在线服务。这里提供Ihexxa的官方服务与相关信息，支持通过官网了解产品、功能、使用方式及最新动态；具体服务范围、开放地区和使用规则请以官方网站当前页面为准。官方网站：ihexxa.github.io。	https://ihexxa.github.io/quickshare.site	是
S	S	AI	AI,效率工具	S在线服务	S在线服务。这里提供S的官方服务与相关信息，支持通过官网了解产品、功能、使用方式及最新动态；具体服务范围、开放地区和使用规则请以官方网站当前页面为准。官方网站：s.romain-pinsolle.fr。	https://s.romain-pinsolle.fr	是
Pictshare	Pictshare	工具	其他,效率工具,在线服务	Pictshare在线服务	Pictshare在线服务。这里提供Pictshare的官方服务与相关信息，支持通过官网了解产品、功能、使用方式及最新动态；具体服务范围、开放地区和使用规则请以官方网站当前页面为准。官方网站：pictshare.net。	https://www.pictshare.net	是
Docs	Docs	工具	其他,效率工具,在线服务	Docs在线服务	Docs在线服务。这里提供Docs的官方服务与相关信息，支持通过官网了解产品、功能、使用方式及最新动态；具体服务范围、开放地区和使用规则请以官方网站当前页面为准。官方网站：docs.slinkapp.io。	https://docs.slinkapp.io	是
Code	Code	开发	编程开发,效率工具	Code在线服务	Code在线服务。这里提供Code的官方服务与相关信息，支持通过官网了解产品、功能、使用方式及最新动态；具体服务范围、开放地区和使用规则请以官方网站当前页面为准。官方网站：code.weexnes.dev。	https://code.weexnes.dev/clyocloud	是
Clyo	Clyo	开发	编程开发,效率工具	Clyo在线服务	Clyo在线服务。这里提供Clyo的官方服务与相关信息，支持通过官网了解产品、功能、使用方式及最新动态；具体服务范围、开放地区和使用规则请以官方网站当前页面为准。官方网站：clyo.cloud。	https://clyo.cloud	是
Oupala	Oupala	开发	编程开发,效率工具	Oupala在线服务	Oupala在线服务。这里提供Oupala的官方服务与相关信息，支持通过官网了解产品、功能、使用方式及最新动态；具体服务范围、开放地区和使用规则请以官方网站当前页面为准。官方网站：oupala.github.io。	https://oupala.github.io/apaxy	是
Xbackbone	Xbackbone	工具	其他,效率工具,在线服务	Xbackbone在线服务	Xbackbone在线服务。这里提供Xbackbone的官方服务与相关信息，支持通过官网了解产品、功能、使用方式及最新动态；具体服务范围、开放地区和使用规则请以官方网站当前页面为准。官方网站：xbackbone.app。	https://xbackbone.app	是
Filestash	Filestash	工具	其他,效率工具,在线服务	Filestash在线服务	Filestash在线服务。这里提供Filestash的官方服务与相关信息，支持通过官网了解产品、功能、使用方式及最新动态；具体服务范围、开放地区和使用规则请以官方网站当前页面为准。官方网站：filestash.app。	https://www.filestash.app	是
Filegator	Filegator	工具	其他,效率工具,在线服务	Filegator在线服务	Filegator在线服务。这里提供Filegator的官方服务与相关信息，支持通过官网了解产品、功能、使用方式及最新动态；具体服务范围、开放地区和使用规则请以官方网站当前页面为准。官方网站：filegator.io。	https://filegator.io	是
Directorylister	Directorylister	工具	其他,效率工具,在线服务	Directorylister在线服务	Directorylister在线服务。这里提供Directorylister的官方服务与相关信息，支持通过官网了解产品、功能、使用方式及最新动态；具体服务范围、开放地区和使用规则请以官方网站当前页面为准。官方网站：directorylister.com。	https://www.directorylister.com	是
Resourcespace	Resourcespace	工具	其他,效率工具,在线服务	Resourcespace在线服务	Resourcespace在线服务。这里提供Resourcespace的官方服务与相关信息，支持通过官网了解产品、功能、使用方式及最新动态；具体服务范围、开放地区和使用规则请以官方网站当前页面为准。官方网站：resourcespace.com。	https://www.resourcespace.com/svn	是
Demo	Demo	工具	其他,效率工具,在线服务	Demo在线服务	Demo在线服务。这里提供Demo的官方服务与相关信息，支持通过官网了解产品、功能、使用方式及最新动态；具体服务范围、开放地区和使用规则请以官方网站当前页面为准。官方网站：demo.tagspaces.com。	https://demo.tagspaces.com	是
Codeberg	Codeberg	开发	编程开发,效率工具	Codeberg在线服务	Codeberg在线服务。这里提供Codeberg的官方服务与相关信息，支持通过官网了解产品、功能、使用方式及最新动态；具体服务范围、开放地区和使用规则请以官方网站当前页面为准。官方网站：codeberg.org。	https://codeberg.org/xavidcr/slcl	是
Resourcespace	Resourcespace	工具	其他,效率工具,在线服务	Resourcespace在线服务	Resourcespace在线服务。这里提供Resourcespace的官方服务与相关信息，支持通过官网了解产品、功能、使用方式及最新动态；具体服务范围、开放地区和使用规则请以官方网站当前页面为准。官方网站：resourcespace.com。	https://www.resourcespace.com	是
Demo	Demo	工具	其他,效率工具,在线服务	Demo在线服务	Demo在线服务。这里提供Demo的官方服务与相关信息，支持通过官网了解产品、功能、使用方式及最新动态；具体服务范围、开放地区和使用规则请以官方网站当前页面为准。官方网站：demo.filegator.io。	https://demo.filegator.io	是
Adarkroom	Adarkroom	工具	其他,效率工具,在线服务	Adarkroom在线服务	Adarkroom在线服务。这里提供Adarkroom的官方服务与相关信息，支持通过官网了解产品、功能、使用方式及最新动态；具体服务范围、开放地区和使用规则请以官方网站当前页面为准。官方网站：adarkroom.doublespeakgames.com。	https://adarkroom.doublespeakgames.com	是
Gitea	Gitea	开发	编程开发,效率工具	Gitea在线服务	Gitea在线服务。这里提供Gitea的官方服务与相关信息，支持通过官网了解产品、功能、使用方式及最新动态；具体服务范围、开放地区和使用规则请以官方网站当前页面为准。官方网站：gitea.wildfiregames.com。	https://gitea.wildfiregames.com/0ad/0ad	是
Tinyfilemanager	Tinyfilemanager	开发	编程开发,效率工具	Tinyfilemanager在线服务	Tinyfilemanager在线服务。这里提供Tinyfilemanager的官方服务与相关信息，支持通过官网了解产品、功能、使用方式及最新动态；具体服务范围、开放地区和使用规则请以官方网站当前页面为准。官方网站：tinyfilemanager.github.io。	https://tinyfilemanager.github.io/demo	是
Tagspaces	Tagspaces	工具	其他,效率工具,在线服务	Tagspaces在线服务	Tagspaces在线服务。这里提供Tagspaces的官方服务与相关信息，支持通过官网了解产品、功能、使用方式及最新动态；具体服务范围、开放地区和使用规则请以官方网站当前页面为准。官方网站：tagspaces.org。	https://www.tagspaces.org	是
Digibuzzer	Digibuzzer	工具	其他,效率工具,在线服务	Digibuzzer在线服务	Digibuzzer在线服务。这里提供Digibuzzer的官方服务与相关信息，支持通过官网了解产品、功能、使用方式及最新动态；具体服务范围、开放地区和使用规则请以官方网站当前页面为准。官方网站：digibuzzer.app。	https://digibuzzer.app	是
Hypersomnia	Hypersomnia	工具	其他,效率工具,在线服务	Hypersomnia在线服务	Hypersomnia在线服务。这里提供Hypersomnia的官方服务与相关信息，支持通过官网了解产品、功能、使用方式及最新动态；具体服务范围、开放地区和使用规则请以官方网站当前页面为准。官方网站：hypersomnia.io。	https://hypersomnia.io	是
Codeberg	Codeberg	开发	编程开发,效率工具	Codeberg在线服务	Codeberg在线服务。这里提供Codeberg的官方服务与相关信息，支持通过官网了解产品、功能、使用方式及最新动态；具体服务范围、开放地区和使用规则请以官方网站当前页面为准。官方网站：codeberg.org。	https://codeberg.org/ladigitale/digibuzzer	是
Openttd	Openttd	工具	其他,效率工具,在线服务	Openttd在线服务	Openttd在线服务。这里提供Openttd的官方服务与相关信息，支持通过官网了解产品、功能、使用方式及最新动态；具体服务范围、开放地区和使用规则请以官方网站当前页面为准。官方网站：openttd.org。	https://www.openttd.org	是
Ddnet	Ddnet	工具	其他,效率工具,在线服务	Ddnet在线服务	Ddnet在线服务。这里提供Ddnet的官方服务与相关信息，支持通过官网了解产品、功能、使用方式及最新动态；具体服务范围、开放地区和使用规则请以官方网站当前页面为准。官方网站：ddnet.org。	https://ddnet.org	是
Scribblers	Scribblers	开发	编程开发,效率工具	Scribblers在线服务	Scribblers在线服务。这里提供Scribblers的官方服务与相关信息，支持通过官网了解产品、功能、使用方式及最新动态；具体服务范围、开放地区和使用规则请以官方网站当前页面为准。官方网站：scribblers.fly.dev。	https://scribblers.fly.dev	是
Veloren	Veloren	工具	其他,效率工具,在线服务	Veloren在线服务	Veloren在线服务。这里提供Veloren的官方服务与相关信息，支持通过官网了解产品、功能、使用方式及最新动态；具体服务范围、开放地区和使用规则请以官方网站当前页面为准。官方网站：veloren.net。	https://veloren.net	是
Bananas	Bananas	工具	其他,效率工具,在线服务	Bananas在线服务	Bananas在线服务。这里提供Bananas的官方服务与相关信息，支持通过官网了解产品、功能、使用方式及最新动态；具体服务范围、开放地区和使用规则请以官方网站当前页面为准。官方网站：bananas.openttd.org。	https://bananas.openttd.org	是
Suroi	Suroi	工具	其他,效率工具,在线服务	Suroi在线服务	Suroi在线服务。这里提供Suroi的官方服务与相关信息，支持通过官网了解产品、功能、使用方式及最新动态；具体服务范围、开放地区和使用规则请以官方网站当前页面为准。官方网站：suroi.io。	https://suroi.io	是
Droposs	Droposs	工具	其他,效率工具,在线服务	Droposs在线服务	Droposs在线服务。这里提供Droposs的官方服务与相关信息，支持通过官网了解产品、功能、使用方式及最新动态；具体服务范围、开放地区和使用规则请以官方网站当前页面为准。官方网站：droposs.org。	https://droposs.org	是
Auto Mcs	Auto Mcs	工具	其他,效率工具,在线服务	Auto Mcs在线服务	Auto Mcs在线服务。这里提供Auto Mcs的官方服务与相关信息，支持通过官网了解产品、功能、使用方式及最新动态；具体服务范围、开放地区和使用规则请以官方网站当前页面为准。官方网站：auto-mcs.com。	https://www.auto-mcs.com	是
Craftycontrol	Craftycontrol	工具	其他,效率工具,在线服务	Craftycontrol在线服务	Craftycontrol在线服务。这里提供Craftycontrol的官方服务与相关信息，支持通过官网了解产品、功能、使用方式及最新动态；具体服务范围、开放地区和使用规则请以官方网站当前页面为准。官方网站：craftycontrol.com。	https://craftycontrol.com	是
Gameyfin	Gameyfin	工具	其他,效率工具,在线服务	Gameyfin在线服务	Gameyfin在线服务。这里提供Gameyfin的官方服务与相关信息，支持通过官网了解产品、功能、使用方式及最新动态；具体服务范围、开放地区和使用规则请以官方网站当前页面为准。官方网站：gameyfin.org。	https://gameyfin.org	是
Gameap	Gameap	工具	其他,效率工具,在线服务	Gameap在线服务	Gameap在线服务。这里提供Gameap的官方服务与相关信息，支持通过官网了解产品、功能、使用方式及最新动态；具体服务范围、开放地区和使用规则请以官方网站当前页面为准。官方网站：gameap.com。	https://gameap.com	是
Zero K	Zero K	工具	其他,效率工具,在线服务	Zero K在线服务	Zero K在线服务。这里提供Zero K的官方服务与相关信息，支持通过官网了解产品、功能、使用方式及最新动态；具体服务范围、开放地区和使用规则请以官方网站当前页面为准。官方网站：zero-k.info。	https://zero-k.info	是
Easy Wi	Easy Wi	工具	其他,效率工具,在线服务	Easy Wi在线服务	Easy Wi在线服务。这里提供Easy Wi的官方服务与相关信息，支持通过官网了解产品、功能、使用方式及最新动态；具体服务范围、开放地区和使用规则请以官方网站当前页面为准。官方网站：easy-wi.com。	https://easy-wi.com	是
Calagopus	Calagopus	工具	其他,效率工具,在线服务	Calagopus在线服务	Calagopus在线服务。这里提供Calagopus的官方服务与相关信息，支持通过官网了解产品、功能、使用方式及最新动态；具体服务范围、开放地区和使用规则请以官方网站当前页面为准。官方网站：calagopus.com。	https://calagopus.com	是
Linuxgsm	Linuxgsm	工具	其他,效率工具,在线服务	Linuxgsm在线服务	Linuxgsm在线服务。这里提供Linuxgsm的官方服务与相关信息，支持通过官网了解产品、功能、使用方式及最新动态；具体服务范围、开放地区和使用规则请以官方网站当前页面为准。官方网站：linuxgsm.com。	https://linuxgsm.com	是
Romm	Romm	工具	其他,效率工具,在线服务	Romm在线服务	Romm在线服务。这里提供Romm的官方服务与相关信息，支持通过官网了解产品、功能、使用方式及最新动态；具体服务范围、开放地区和使用规则请以官方网站当前页面为准。官方网站：romm.app。	https://romm.app	是
Pelican	Pelican	开发	编程开发,效率工具	Pelican在线服务	Pelican在线服务。这里提供Pelican的官方服务与相关信息，支持通过官网了解产品、功能、使用方式及最新动态；具体服务范围、开放地区和使用规则请以官方网站当前页面为准。官方网站：pelican.dev。	https://pelican.dev	是
Accessory	Accessory	开发	编程开发,效率工具	Accessory在线服务	Accessory在线服务。这里提供Accessory的官方服务与相关信息，支持通过官网了解产品、功能、使用方式及最新动态；具体服务范围、开放地区和使用规则请以官方网站当前页面为准。官方网站：accessory.github.io。	https://accessory.github.io/minus_games_user_guide	是
Demo	Demo	工具	其他,效率工具,在线服务	Demo在线服务	Demo在线服务。这里提供Demo的官方服务与相关信息，支持通过官网了解产品、功能、使用方式及最新动态；具体服务范围、开放地区和使用规则请以官方网站当前页面为准。官方网站：demo.romm.app。	https://demo.romm.app	是
Pterodactyl	Pterodactyl	工具	其他,效率工具,在线服务	Pterodactyl在线服务	Pterodactyl在线服务。这里提供Pterodactyl的官方服务与相关信息，支持通过官网了解产品、功能、使用方式及最新动态；具体服务范围、开放地区和使用规则请以官方网站当前页面为准。官方网站：pterodactyl.io。	https://pterodactyl.io	是
Gramps Project	Gramps Project	开发	编程开发,效率工具	Gramps Project在线服务	Gramps Project在线服务。这里提供Gramps Project的官方服务与相关信息，支持通过官网了解产品、功能、使用方式及最新动态；具体服务范围、开放地区和使用规则请以官方网站当前页面为准。官方网站：gramps-project.github.io。	https://gramps-project.github.io/gramps-web-api	是
Anythingllm	Anythingllm	AI	AI,效率工具	Anythingllm在线服务	Anythingllm在线服务。这里提供Anythingllm的官方服务与相关信息，支持通过官网了解产品、功能、使用方式及最新动态；具体服务范围、开放地区和使用规则请以官方网站当前页面为准。官方网站：anythingllm.com。	https://anythingllm.com	是
Localai	Localai	AI	AI,效率工具	Localai在线服务	Localai在线服务。这里提供Localai的官方服务与相关信息，支持通过官网了解产品、功能、使用方式及最新动态；具体服务范围、开放地区和使用规则请以官方网站当前页面为准。官方网站：localai.io。	https://localai.io/gallery.html	是
Genealogy	Genealogy	工具	其他,效率工具,在线服务	Genealogy在线服务	Genealogy在线服务。这里提供Genealogy的官方服务与相关信息，支持通过官网了解产品、功能、使用方式及最新动态；具体服务范围、开放地区和使用规则请以官方网站当前页面为准。官方网站：genealogy.kreaweb.be。	https://genealogy.kreaweb.be	是
App	App	开发	编程开发,效率工具	App在线服务	App在线服务。这里提供App的官方服务与相关信息，支持通过官网了解产品、功能、使用方式及最新动态；具体服务范围、开放地区和使用规则请以官方网站当前页面为准。官方网站：app.khoj.dev。	https://app.khoj.dev	是
Llmkube	Llmkube	AI	AI,效率工具	Llmkube在线服务	Llmkube在线服务。这里提供Llmkube的官方服务与相关信息，支持通过官网了解产品、功能、使用方式及最新动态；具体服务范围、开放地区和使用规则请以官方网站当前页面为准。官方网站：llmkube.com。	https://llmkube.com	是
Ollama	Ollama	工具	其他,效率工具,在线服务	Ollama在线服务	Ollama在线服务。这里提供Ollama的官方服务与相关信息，支持通过官网了解产品、功能、使用方式及最新动态；具体服务范围、开放地区和使用规则请以官方网站当前页面为准。官方网站：ollama.com。	https://ollama.com	是
Gomodel	Gomodel	AI	AI,效率工具	Gomodel在线服务	Gomodel在线服务。这里提供Gomodel的官方服务与相关信息，支持通过官网了解产品、功能、使用方式及最新动态；具体服务范围、开放地区和使用规则请以官方网站当前页面为准。官方网站：gomodel.enterpilot.io。	https://gomodel.enterpilot.io	是
Chat	Chat	AI	AI,效率工具	Chat在线服务	Chat在线服务。这里提供Chat的官方服务与相关信息，支持通过官网了解产品、功能、使用方式及最新动态；具体服务范围、开放地区和使用规则请以官方网站当前页面为准。官方网站：chat.librechat.ai。	https://chat.librechat.ai	是
Librechat	Librechat	AI	AI,效率工具	Librechat在线服务	Librechat在线服务。这里提供Librechat的官方服务与相关信息，支持通过官网了解产品、功能、使用方式及最新动态；具体服务范围、开放地区和使用规则请以官方网站当前页面为准。官方网站：librechat.ai。	https://www.librechat.ai	是
Onyx	Onyx	工具	其他,效率工具,在线服务	Onyx在线服务	Onyx在线服务。这里提供Onyx的官方服务与相关信息，支持通过官网了解产品、功能、使用方式及最新动态；具体服务范围、开放地区和使用规则请以官方网站当前页面为准。官方网站：onyx.app。	https://onyx.app	是
Digistorm	Digistorm	工具	其他,效率工具,在线服务	Digistorm在线服务	Digistorm在线服务。这里提供Digistorm的官方服务与相关信息，支持通过官网了解产品、功能、使用方式及最新动态；具体服务范围、开放地区和使用规则请以官方网站当前页面为准。官方网站：digistorm.app。	https://digistorm.app	是
Citadel	Citadel	工具	其他,效率工具,在线服务	Citadel在线服务	Citadel在线服务。这里提供Citadel的官方服务与相关信息，支持通过官网了解产品、功能、使用方式及最新动态；具体服务范围、开放地区和使用规则请以官方网站当前页面为准。官方网站：citadel.org。	https://www.citadel.org/source.html	是
Openwebui	Openwebui	工具	其他,效率工具,在线服务	Openwebui在线服务	Openwebui在线服务。这里提供Openwebui的官方服务与相关信息，支持通过官网了解产品、功能、使用方式及最新动态；具体服务范围、开放地区和使用规则请以官方网站当前页面为准。官方网站：openwebui.com。	https://openwebui.com	是
Codeberg	Codeberg	开发	编程开发,效率工具	Codeberg在线服务	Codeberg在线服务。这里提供Codeberg的官方服务与相关信息，支持通过官网了解产品、功能、使用方式及最新动态；具体服务范围、开放地区和使用规则请以官方网站当前页面为准。官方网站：codeberg.org。	https://codeberg.org/ladigitale/digistorm	是
Digipad	Digipad	工具	其他,效率工具,在线服务	Digipad在线服务	Digipad在线服务。这里提供Digipad的官方服务与相关信息，支持通过官网了解产品、功能、使用方式及最新动态；具体服务范围、开放地区和使用规则请以官方网站当前页面为准。官方网站：digipad.app。	https://digipad.app	是
Digiwall	Digiwall	工具	其他,效率工具,在线服务	Digiwall在线服务	Digiwall在线服务。这里提供Digiwall的官方服务与相关信息，支持通过官网了解产品、功能、使用方式及最新动态；具体服务范围、开放地区和使用规则请以官方网站当前页面为准。官方网站：digiwall.app。	https://digiwall.app	是
Colanode	Colanode	工具	其他,效率工具,在线服务	Colanode在线服务	Colanode在线服务。这里提供Colanode的官方服务与相关信息，支持通过官网了解产品、功能、使用方式及最新动态；具体服务范围、开放地区和使用规则请以官方网站当前页面为准。官方网站：colanode.com。	https://colanode.com	是
Cozy	Cozy	工具	其他,效率工具,在线服务	Cozy在线服务	Cozy在线服务。这里提供Cozy的官方服务与相关信息，支持通过官网了解产品、功能、使用方式及最新动态；具体服务范围、开放地区和使用规则请以官方网站当前页面为准。官方网站：cozy.io。	https://cozy.io	是
Citadel	Citadel	工具	其他,效率工具,在线服务	Citadel在线服务	Citadel在线服务。这里提供Citadel的官方服务与相关信息，支持通过官网了解产品、功能、使用方式及最新动态；具体服务范围、开放地区和使用规则请以官方网站当前页面为准。官方网站：citadel.org。	https://www.citadel.org	是
Tine Groupware	Tine Groupware	工具	其他,效率工具,在线服务	Tine Groupware在线服务	Tine Groupware在线服务。这里提供Tine Groupware的官方服务与相关信息，支持通过官网了解产品、功能、使用方式及最新动态；具体服务范围、开放地区和使用规则请以官方网站当前页面为准。官方网站：tine-groupware.de。	https://www.tine-groupware.de	是
Group Office	Group Office	工具	其他,效率工具,在线服务	Group Office在线服务	Group Office在线服务。这里提供Group Office的官方服务与相关信息，支持通过官网了解产品、功能、使用方式及最新动态；具体服务范围、开放地区和使用规则请以官方网站当前页面为准。官方网站：group-office.com。	https://www.group-office.com	是
Codeberg	Codeberg	开发	编程开发,效率工具	Codeberg在线服务	Codeberg在线服务。这里提供Codeberg的官方服务与相关信息，支持通过官网了解产品、功能、使用方式及最新动态；具体服务范围、开放地区和使用规则请以官方网站当前页面为准。官方网站：codeberg.org。	https://codeberg.org/ladigitale/digipad	是
Codeberg	Codeberg	开发	编程开发,效率工具	Codeberg在线服务	Codeberg在线服务。这里提供Codeberg的官方服务与相关信息，支持通过官网了解产品、功能、使用方式及最新动态；具体服务范围、开放地区和使用规则请以官方网站当前页面为准。官方网站：codeberg.org。	https://codeberg.org/ladigitale/digiwall	是
Codeberg	Codeberg	开发	编程开发,效率工具	Codeberg在线服务	Codeberg在线服务。这里提供Codeberg的官方服务与相关信息，支持通过官网了解产品、功能、使用方式及最新动态；具体服务范围、开放地区和使用规则请以官方网站当前页面为准。官方网站：codeberg.org。	https://codeberg.org/endurain-project/endurain	是
Open Emr	Open Emr	工具	其他,效率工具,在线服务	Open Emr在线服务	Open Emr在线服务。这里提供Open Emr的官方服务与相关信息，支持通过官网了解产品、功能、使用方式及最新动态；具体服务范围、开放地区和使用规则请以官方网站当前页面为准。官方网站：open-emr.org。	https://www.open-emr.org	是
Demo	Demo	工具	其他,效率工具,在线服务	Demo在线服务	Demo在线服务。这里提供Demo的官方服务与相关信息，支持通过官网了解产品、功能、使用方式及最新动态；具体服务范围、开放地区和使用规则请以官方网站当前页面为准。官方网站：demo.meremedical.co。	https://demo.meremedical.co	是
Open Emr	Open Emr	工具	其他,效率工具,在线服务	Open Emr在线服务	Open Emr在线服务。这里提供Open Emr的官方服务与相关信息，支持通过官网了解产品、功能、使用方式及最新动态；具体服务范围、开放地区和使用规则请以官方网站当前页面为准。官方网站：open-emr.org。	https://www.open-emr.org/demo	是
Flowforge	Flowforge	工具	其他,效率工具,在线服务	Flowforge在线服务	Flowforge在线服务。这里提供Flowforge的官方服务与相关信息，支持通过官网了解产品、功能、使用方式及最新动态；具体服务范围、开放地区和使用规则请以官方网站当前页面为准。官方网站：flowforge.com。	https://flowforge.com	是
Frappe	Frappe	工具	其他,效率工具,在线服务	Frappe在线服务	Frappe在线服务。这里提供Frappe的官方服务与相关信息，支持通过官网了解产品、功能、使用方式及最新动态；具体服务范围、开放地区和使用规则请以官方网站当前页面为准。官方网站：frappe.io。	https://frappe.io/hr	是
Home Assistant	Home Assistant	工具	其他,效率工具,在线服务	Home Assistant在线服务	Home Assistant在线服务。这里提供Home Assistant的官方服务与相关信息，支持通过官网了解产品、功能、使用方式及最新动态；具体服务范围、开放地区和使用规则请以官方网站当前页面为准。官方网站：home-assistant.io。	https://home-assistant.io	是
Tasmota	Tasmota	工具	其他,效率工具,在线服务	Tasmota在线服务	Tasmota在线服务。这里提供Tasmota的官方服务与相关信息，支持通过官网了解产品、功能、使用方式及最新动态；具体服务范围、开放地区和使用规则请以官方网站当前页面为准。官方网站：tasmota.com。	https://tasmota.com	是
Docs	Docs	工具	其他,效率工具,在线服务	Docs在线服务	Docs在线服务。这里提供Docs的官方服务与相关信息，支持通过官网了解产品、功能、使用方式及最新动态；具体服务范围、开放地区和使用规则请以官方网站当前页面为准。官方网站：docs.inventree.org。	https://docs.inventree.org/en/latest	是
Demo	Demo	工具	其他,效率工具,在线服务	Demo在线服务	Demo在线服务。这里提供Demo的官方服务与相关信息，支持通过官网了解产品、功能、使用方式及最新动态；具体服务范围、开放地区和使用规则请以官方网站当前页面为准。官方网站：demo.part-db.de。	https://demo.part-db.de/en	是
Tubearchivist	Tubearchivist	工具	其他,效率工具,在线服务	Tubearchivist在线服务	Tubearchivist在线服务。这里提供Tubearchivist的官方服务与相关信息，支持通过官网了解产品、功能、使用方式及最新动态；具体服务范围、开放地区和使用规则请以官方网站当前页面为准。官方网站：tubearchivist.com。	https://tubearchivist.com	是
Ghostfol	Ghostfol	工具	其他,效率工具,在线服务	Ghostfol在线服务	Ghostfol在线服务。这里提供Ghostfol的官方服务与相关信息，支持通过官网了解产品、功能、使用方式及最新动态；具体服务范围、开放地区和使用规则请以官方网站当前页面为准。官方网站：ghostfol.io。	https://ghostfol.io	是
Invoiceplane	Invoiceplane	工具	其他,效率工具,在线服务	Invoiceplane在线服务	Invoiceplane在线服务。这里提供Invoiceplane的官方服务与相关信息，支持通过官网了解产品、功能、使用方式及最新动态；具体服务范围、开放地区和使用规则请以官方网站当前页面为准。官方网站：invoiceplane.com。	https://www.invoiceplane.com	是
Draw	Draw	设计	设计与创意,效率工具	Draw在线服务	Draw在线服务。这里提供Draw的官方服务与相关信息，支持通过官网了解产品、功能、使用方式及最新动态；具体服务范围、开放地区和使用规则请以官方网站当前页面为准。官方网站：draw.io。	https://draw.io	是
Silverbullet	Silverbullet	工具	其他,效率工具,在线服务	Silverbullet在线服务	Silverbullet在线服务。这里提供Silverbullet的官方服务与相关信息，支持通过官网了解产品、功能、使用方式及最新动态；具体服务范围、开放地区和使用规则请以官方网站当前页面为准。官方网站：silverbullet.md。	https://silverbullet.md	是
Play	Play	工具	其他,效率工具,在线服务	Play在线服务	Play在线服务。这里提供Play的官方服务与相关信息，支持通过官网了解产品、功能、使用方式及最新动态；具体服务范围、开放地区和使用规则请以官方网站当前页面为准。官方网站：play.silverbullet.md。	https://play.silverbullet.md	是
Ladigitale	Ladigitale	开发	编程开发,效率工具	Ladigitale在线服务	Ladigitale在线服务。这里提供Ladigitale的官方服务与相关信息，支持通过官网了解产品、功能、使用方式及最新动态；具体服务范围、开放地区和使用规则请以官方网站当前页面为准。官方网站：ladigitale.dev。	https://ladigitale.dev/digislides	是
1time	1time	工具	其他,效率工具,在线服务	1time在线服务	1time在线服务。这里提供1time的官方服务与相关信息，支持通过官网了解产品、功能、使用方式及最新动态；具体服务范围、开放地区和使用规则请以官方网站当前页面为准。官方网站：1time.io。	https://1time.io	是
Dashy	Dashy	工具	其他,效率工具,在线服务	Dashy在线服务	Dashy在线服务。这里提供Dashy的官方服务与相关信息，支持通过官网了解产品、功能、使用方式及最新动态；具体服务范围、开放地区和使用规则请以官方网站当前页面为准。官方网站：dashy.to。	https://dashy.to	是
Demo	Demo	工具	其他,效率工具,在线服务	Demo在线服务	Demo在线服务。这里提供Demo的官方服务与相关信息，支持通过官网了解产品、功能、使用方式及最新动态；具体服务范围、开放地区和使用规则请以官方网站当前页面为准。官方网站：demo.dashy.to。	https://demo.dashy.to	是
Homarr	Homarr	开发	编程开发,效率工具	Homarr在线服务	Homarr在线服务。这里提供Homarr的官方服务与相关信息，支持通过官网了解产品、功能、使用方式及最新动态；具体服务范围、开放地区和使用规则请以官方网站当前页面为准。官方网站：homarr.dev。	https://homarr.dev	是
Homer Demo	Homer Demo	工具	其他,效率工具,在线服务	Homer Demo在线服务	Homer Demo在线服务。这里提供Homer Demo的官方服务与相关信息，支持通过官网了解产品、功能、使用方式及最新动态；具体服务范围、开放地区和使用规则请以官方网站当前页面为准。官方网站：homer-demo.netlify.app。	https://homer-demo.netlify.app	是
Sandstorm	Sandstorm	工具	其他,效率工具,在线服务	Sandstorm在线服务	Sandstorm在线服务。这里提供Sandstorm的官方服务与相关信息，支持通过官网了解产品、功能、使用方式及最新动态；具体服务范围、开放地区和使用规则请以官方网站当前页面为准。官方网站：sandstorm.io。	https://sandstorm.io	是
Runtipi	Runtipi	工具	其他,效率工具,在线服务	Runtipi在线服务	Runtipi在线服务。这里提供Runtipi的官方服务与相关信息，支持通过官网了解产品、功能、使用方式及最新动态；具体服务范围、开放地区和使用规则请以官方网站当前页面为准。官方网站：runtipi.io。	https://runtipi.io	是
Starwalkn	Starwalkn	开发	编程开发,效率工具	Starwalkn在线服务	Starwalkn在线服务。这里提供Starwalkn的官方服务与相关信息，支持通过官网了解产品、功能、使用方式及最新动态；具体服务范围、开放地区和使用规则请以官方网站当前页面为准。官方网站：starwalkn.github.io。	https://starwalkn.github.io/aastro-docs	是
Konghq	Konghq	工具	其他,效率工具,在线服务	Konghq在线服务	Konghq在线服务。这里提供Konghq的官方服务与相关信息，支持通过官网了解产品、功能、使用方式及最新动态；具体服务范围、开放地区和使用规则请以官方网站当前页面为准。官方网站：konghq.com。	https://konghq.com/kong	是
Paraio	Paraio	AI	AI,效率工具	Paraio在线服务	Paraio在线服务。这里提供Paraio的官方服务与相关信息，支持通过官网了解产品、功能、使用方式及最新动态；具体服务范围、开放地区和使用规则请以官方网站当前页面为准。官方网站：paraio.org。	https://paraio.org	是
Coder	Coder	开发	编程开发,效率工具	Coder在线服务	Coder在线服务。这里提供Coder的官方服务与相关信息，支持通过官网了解产品、功能、使用方式及最新动态；具体服务范围、开放地区和使用规则请以官方网站当前页面为准。官方网站：coder.com。	https://coder.com	是
Jupyterlab	Jupyterlab	工具	其他,效率工具,在线服务	Jupyterlab在线服务	Jupyterlab在线服务。这里提供Jupyterlab的官方服务与相关信息，支持通过官网了解产品、功能、使用方式及最新动态；具体服务范围、开放地区和使用规则请以官方网站当前页面为准。官方网站：jupyterlab.readthedocs.io。	https://jupyterlab.readthedocs.io/en/stable	是
Huly	Huly	工具	其他,效率工具,在线服务	Huly在线服务	Huly在线服务。这里提供Huly的官方服务与相关信息，支持通过官网了解产品、功能、使用方式及最新动态；具体服务范围、开放地区和使用规则请以官方网站当前页面为准。官方网站：huly.io。	https://huly.io	是
Leantime	Leantime	工具	其他,效率工具,在线服务	Leantime在线服务	Leantime在线服务。这里提供Leantime的官方服务与相关信息，支持通过官网了解产品、功能、使用方式及最新动态；具体服务范围、开放地区和使用规则请以官方网站当前页面为准。官方网站：leantime.io。	https://leantime.io	是
Gerritcodereview	Gerritcodereview	开发	编程开发,效率工具	Gerritcodereview在线服务	Gerritcodereview在线服务。这里提供Gerritcodereview的官方服务与相关信息，支持通过官网了解产品、功能、使用方式及最新动态；具体服务范围、开放地区和使用规则请以官方网站当前页面为准。官方网站：gerritcodereview.com。	https://www.gerritcodereview.com	是
Gogs	Gogs	工具	其他,效率工具,在线服务	Gogs在线服务	Gogs在线服务。这里提供Gogs的官方服务与相关信息，支持通过官网了解产品、功能、使用方式及最新动态；具体服务范围、开放地区和使用规则请以官方网站当前页面为准。官方网站：gogs.io。	https://gogs.io	是
Onedev	Onedev	开发	编程开发,效率工具	Onedev在线服务	Onedev在线服务。这里提供Onedev的官方服务与相关信息，支持通过官网了解产品、功能、使用方式及最新动态；具体服务范围、开放地区和使用规则请以官方网站当前页面为准。官方网站：onedev.io。	https://onedev.io	是
Demo	Demo	工具	其他,效率工具,在线服务	Demo在线服务	Demo在线服务。这里提供Demo的官方服务与相关信息，支持通过官网了解产品、功能、使用方式及最新动态；具体服务范围、开放地区和使用规则请以官方网站当前页面为准。官方网站：demo.reviewboard.org。	https://demo.reviewboard.org	是
Svn	Svn	工具	其他,效率工具,在线服务	Svn在线服务	Svn在线服务。这里提供Svn的官方服务与相关信息，支持通过官网了解产品、功能、使用方式及最新动态；具体服务范围、开放地区和使用规则请以官方网站当前页面为准。官方网站：svn.redmine.org。	https://svn.redmine.org/redmine	是
Taskwarrior	Taskwarrior	工具	效率工具,在线服务	Taskwarrior在线服务	Taskwarrior在线服务。这里提供Taskwarrior的官方服务与相关信息，支持通过官网了解产品、功能、使用方式及最新动态；具体服务范围、开放地区和使用规则请以官方网站当前页面为准。官方网站：taskwarrior.org。	https://taskwarrior.org/download	是
Tasks	Tasks	工具	效率工具,在线服务	Tasks在线服务	Tasks在线服务。这里提供Tasks的官方服务与相关信息，支持通过官网了解产品、功能、使用方式及最新动态；具体服务范围、开放地区和使用规则请以官方网站当前页面为准。官方网站：tasks.hamsterbase.com。	https://tasks.hamsterbase.com	是
Pwa	Pwa	工具	其他,效率工具,在线服务	Pwa在线服务	Pwa在线服务。这里提供Pwa的官方服务与相关信息，支持通过官网了解产品、功能、使用方式及最新动态；具体服务范围、开放地区和使用规则请以官方网站当前页面为准。官方网站：pwa.openhabittracker.net。	https://pwa.openhabittracker.net	是
Frappe	Frappe	工具	其他,效率工具,在线服务	Frappe在线服务	Frappe在线服务。这里提供Frappe的官方服务与相关信息，支持通过官网了解产品、功能、使用方式及最新动态；具体服务范围、开放地区和使用规则请以官方网站当前页面为准。官方网站：frappe.io。	https://frappe.io/helpdesk	是
Bugzilla	Bugzilla	工具	其他,效率工具,在线服务	Bugzilla在线服务	Bugzilla在线服务。这里提供Bugzilla的官方服务与相关信息，支持通过官网了解产品、功能、使用方式及最新动态；具体服务范围、开放地区和使用规则请以官方网站当前页面为准。官方网站：bugzilla.org。	https://www.bugzilla.org	是
Demo	Demo	工具	其他,效率工具,在线服务	Demo在线服务	Demo在线服务。这里提供Demo的官方服务与相关信息，支持通过官网了解产品、功能、使用方式及最新动态；具体服务范围、开放地区和使用规则请以官方网站当前页面为准。官方网站：demo.itflow.org。	https://demo.itflow.org	是
Kimai	Kimai	AI	AI,效率工具	Kimai在线服务	Kimai在线服务。这里提供Kimai的官方服务与相关信息，支持通过官网了解产品、功能、使用方式及最新动态；具体服务范围、开放地区和使用规则请以官方网站当前页面为准。官方网站：kimai.org。	https://www.kimai.org	是
Mantisbt	Mantisbt	工具	其他,效率工具,在线服务	Mantisbt在线服务	Mantisbt在线服务。这里提供Mantisbt的官方服务与相关信息，支持通过官网了解产品、功能、使用方式及最新动态；具体服务范围、开放地区和使用规则请以官方网站当前页面为准。官方网站：mantisbt.org。	https://www.mantisbt.org	是
Ziit	Ziit	工具	其他,效率工具,在线服务	Ziit在线服务	Ziit在线服务。这里提供Ziit的官方服务与相关信息，支持通过官网了解产品、功能、使用方式及最新动态；具体服务范围、开放地区和使用规则请以官方网站当前页面为准。官方网站：ziit.app。	https://ziit.app	是
Otobo	Otobo	工具	其他,效率工具,在线服务	Otobo在线服务	Otobo在线服务。这里提供Otobo的官方服务与相关信息，支持通过官网了解产品、功能、使用方式及最新动态；具体服务范围、开放地区和使用规则请以官方网站当前页面为准。官方网站：otobo.io。	https://otobo.io/en/service-management-plattform/otobo-demo	是
Otobo	Otobo	工具	其他,效率工具,在线服务	Otobo在线服务	Otobo在线服务。这里提供Otobo的官方服务与相关信息，支持通过官网了解产品、功能、使用方式及最新动态；具体服务范围、开放地区和使用规则请以官方网站当前页面为准。官方网站：otobo.io。	https://otobo.io/en	是
Shlink	Shlink	工具	其他,效率工具,在线服务	Shlink在线服务	Shlink在线服务。这里提供Shlink的官方服务与相关信息，支持通过官网了解产品、功能、使用方式及最新动态；具体服务范围、开放地区和使用规则请以官方网站当前页面为准。官方网站：shlink.io。	https://shlink.io/apps	是
Git	Git	开发	编程开发,效率工具	Git在线服务	Git在线服务。这里提供Git的官方服务与相关信息，支持通过官网了解产品、功能、使用方式及最新动态；具体服务范围、开放地区和使用规则请以官方网站当前页面为准。官方网站：git.42l.fr。	https://git.42l.fr/42l/rs-short	是
Awesome	Awesome	工具	其他,效率工具,在线服务	Awesome在线服务	Awesome在线服务。这里提供Awesome的官方服务与相关信息，支持通过官网了解产品、功能、使用方式及最新动态；具体服务范围、开放地区和使用规则请以官方网站当前页面为准。官方网站：awesome.ecosyste.ms。	https://awesome.ecosyste.ms	是
Awesome	Awesome	工具	其他,效率工具,在线服务	Awesome在线服务	Awesome在线服务。这里提供Awesome的官方服务与相关信息，支持通过官网了解产品、功能、使用方式及最新动态；具体服务范围、开放地区和使用规则请以官方网站当前页面为准。官方网站：awesome.re。	https://awesome.re/badge-flat.svg	是
Git	Git	开发	编程开发,效率工具	Git在线服务	Git在线服务。这里提供Git的官方服务与相关信息，支持通过官网了解产品、功能、使用方式及最新动态；具体服务范围、开放地区和使用规则请以官方网站当前页面为准。官方网站：git.bloat.cat。	https://git.bloat.cat/mirrors/awesome-selfhosted	是
Gitea	Gitea	开发	编程开发,效率工具	Gitea在线服务	Gitea在线服务。这里提供Gitea的官方服务与相关信息，支持通过官网了解产品、功能、使用方式及最新动态；具体服务范围、开放地区和使用规则请以官方网站当前页面为准。官方网站：gitea.com。	https://gitea.com/gitea/awesome-gitea	是
Codeberg	Codeberg	开发	编程开发,效率工具	Codeberg在线服务	Codeberg在线服务。这里提供Codeberg的官方服务与相关信息，支持通过官网了解产品、功能、使用方式及最新动态；具体服务范围、开放地区和使用规则请以官方网站当前页面为准。官方网站：codeberg.org。	https://codeberg.org/3rd/awesome-go	是
Git	Git	开发	编程开发,效率工具	Git在线服务	Git在线服务。这里提供Git的官方服务与相关信息，支持通过官网了解产品、功能、使用方式及最新动态；具体服务范围、开放地区和使用规则请以官方网站当前页面为准。官方网站：git.bloat.cat。	https://git.bloat.cat/mirrors/alternative-frontends	是
Git	Git	开发	编程开发,效率工具	Git在线服务	Git在线服务。这里提供Git的官方服务与相关信息，支持通过官网了解产品、功能、使用方式及最新动态；具体服务范围、开放地区和使用规则请以官方网站当前页面为准。官方网站：git.bloat.cat。	https://git.bloat.cat/mirrors/awesome-sysadmin	是
Codeberg	Codeberg	开发	编程开发,效率工具	Codeberg在线服务	Codeberg在线服务。这里提供Codeberg的官方服务与相关信息，支持通过官网了解产品、功能、使用方式及最新动态；具体服务范围、开放地区和使用规则请以官方网站当前页面为准。官方网站：codeberg.org。	https://codeberg.org/kanishka-reading-list/awesome-transit	是
Gitea	Gitea	开发	编程开发,效率工具	Gitea在线服务	Gitea在线服务。这里提供Gitea的官方服务与相关信息，支持通过官网了解产品、功能、使用方式及最新动态；具体服务范围、开放地区和使用规则请以官方网站当前页面为准。官方网站：gitea.com。	https://gitea.com/hiifong/awesome-x	是
Codeberg	Codeberg	开发	编程开发,效率工具	Codeberg在线服务	Codeberg在线服务。这里提供Codeberg的官方服务与相关信息，支持通过官网了解产品、功能、使用方式及最新动态；具体服务范围、开放地区和使用规则请以官方网站当前页面为准。官方网站：codeberg.org。	https://codeberg.org/alicia/awesome-privacy	是
Git	Git	开发	编程开发,效率工具	Git在线服务	Git在线服务。这里提供Git的官方服务与相关信息，支持通过官网了解产品、功能、使用方式及最新动态；具体服务范围、开放地区和使用规则请以官方网站当前页面为准。官方网站：git.wvw.ink。	https://git.wvw.ink/zishuo/awesome-go-cn	是
Git	Git	开发	编程开发,效率工具	Git在线服务	Git在线服务。这里提供Git的官方服务与相关信息，支持通过官网了解产品、功能、使用方式及最新动态；具体服务范围、开放地区和使用规则请以官方网站当前页面为准。官方网站：git.blob42.xyz。	https://git.blob42.xyz/archives/rust-embedded	是
Git	Git	开发	编程开发,效率工具	Git在线服务	Git在线服务。这里提供Git的官方服务与相关信息，支持通过官网了解产品、功能、使用方式及最新动态；具体服务范围、开放地区和使用规则请以官方网站当前页面为准。官方网站：git.blob42.xyz。	https://git.blob42.xyz/archives/awesome-cli-apps	是
Outsystems	Outsystems	工具	其他,效率工具,在线服务	Outsystems在线服务	Outsystems在线服务。这里提供Outsystems的官方服务与相关信息，支持通过官网了解产品、功能、使用方式及最新动态；具体服务范围、开放地区和使用规则请以官方网站当前页面为准。官方网站：outsystems.com。	https://www.outsystems.com/low-code-platforms	是
X6ud	X6ud	开发	编程开发,效率工具	X6ud在线服务	X6ud在线服务。这里提供X6ud的官方服务与相关信息，支持通过官网了解产品、功能、使用方式及最新动态；具体服务范围、开放地区和使用规则请以官方网站当前页面为准。官方网站：x6ud.github.io。	https://x6ud.github.io	是
Watabou	Watabou	开发	编程开发,效率工具	Watabou在线服务	Watabou在线服务。这里提供Watabou的官方服务与相关信息，支持通过官网了解产品、功能、使用方式及最新动态；具体服务范围、开放地区和使用规则请以官方网站当前页面为准。官方网站：watabou.github.io。	https://watabou.github.io	是
Browserleaks	Browserleaks	工具	其他,效率工具,在线服务	Browserleaks在线服务	Browserleaks在线服务。这里提供Browserleaks的官方服务与相关信息，支持通过官网了解产品、功能、使用方式及最新动态；具体服务范围、开放地区和使用规则请以官方网站当前页面为准。官方网站：browserleaks.com。	https://browserleaks.com	是
Texturesforplanets	Texturesforplanets	工具	其他,效率工具,在线服务	Texturesforplanets在线服务	Texturesforplanets在线服务。这里提供Texturesforplanets的官方服务与相关信息，支持通过官网了解产品、功能、使用方式及最新动态；具体服务范围、开放地区和使用规则请以官方网站当前页面为准。官方网站：texturesforplanets.com。	https://www.texturesforplanets.com	是
Icon Sets	Icon Sets	设计	设计与创意,效率工具	Icon Sets在线服务	Icon Sets在线服务。这里提供Icon Sets的官方服务与相关信息，支持通过官网了解产品、功能、使用方式及最新动态；具体服务范围、开放地区和使用规则请以官方网站当前页面为准。官方网站：icon-sets.iconify.design。	https://icon-sets.iconify.design	是
Ffmpeg	Ffmpeg	工具	其他,效率工具,在线服务	Ffmpeg在线服务	Ffmpeg在线服务。这里提供Ffmpeg的官方服务与相关信息，支持通过官网了解产品、功能、使用方式及最新动态；具体服务范围、开放地区和使用规则请以官方网站当前页面为准。官方网站：ffmpeg.lav.io。	https://ffmpeg.lav.io	是
Untools	Untools	工具	其他,效率工具,在线服务	Untools在线服务	Untools在线服务。这里提供Untools的官方服务与相关信息，支持通过官网了解产品、功能、使用方式及最新动态；具体服务范围、开放地区和使用规则请以官方网站当前页面为准。官方网站：untools.co。	https://untools.co	是
Promowizard	Promowizard	工具	其他,效率工具,在线服务	Promowizard在线服务	Promowizard在线服务。这里提供Promowizard的官方服务与相关信息，支持通过官网了解产品、功能、使用方式及最新动态；具体服务范围、开放地区和使用规则请以官方网站当前页面为准。官方网站：promowizard.softr.app。	https://promowizard.softr.app	是
10015	10015	工具	其他,效率工具,在线服务	10015在线服务	10015在线服务。这里提供10015的官方服务与相关信息，支持通过官网了解产品、功能、使用方式及最新动态；具体服务范围、开放地区和使用规则请以官方网站当前页面为准。官方网站：10015.io。	https://10015.io	是
Gethuman	Gethuman	工具	其他,效率工具,在线服务	Gethuman在线服务	Gethuman在线服务。这里提供Gethuman的官方服务与相关信息，支持通过官网了解产品、功能、使用方式及最新动态；具体服务范围、开放地区和使用规则请以官方网站当前页面为准。官方网站：gethuman.com。	https://gethuman.com	是
Lunar	Lunar	工具	其他,效率工具,在线服务	Lunar在线服务	Lunar在线服务。这里提供Lunar的官方服务与相关信息，支持通过官网了解产品、功能、使用方式及最新动态；具体服务范围、开放地区和使用规则请以官方网站当前页面为准。官方网站：lunar.fyi。	https://lunar.fyi	是
Rtcd	Rtcd	工具	其他,效率工具,在线服务	Rtcd在线服务	Rtcd在线服务。这里提供Rtcd的官方服务与相关信息，支持通过官网了解产品、功能、使用方式及最新动态；具体服务范围、开放地区和使用规则请以官方网站当前页面为准。官方网站：rtcd.io。	https://rtcd.io	是
Playgohub	Playgohub	工具	其他,效率工具,在线服务	Playgohub在线服务	Playgohub在线服务。这里提供Playgohub的官方服务与相关信息，支持通过官网了解产品、功能、使用方式及最新动态；具体服务范围、开放地区和使用规则请以官方网站当前页面为准。官方网站：playgohub.com。	https://playgohub.com	是
Wordtotime	Wordtotime	工具	其他,效率工具,在线服务	Wordtotime在线服务	Wordtotime在线服务。这里提供Wordtotime的官方服务与相关信息，支持通过官网了解产品、功能、使用方式及最新动态；具体服务范围、开放地区和使用规则请以官方网站当前页面为准。官方网站：wordtotime.org。	https://wordtotime.org	是
Volumeshaderbm	Volumeshaderbm	工具	其他,效率工具,在线服务	Volumeshaderbm在线服务	Volumeshaderbm在线服务。这里提供Volumeshaderbm的官方服务与相关信息，支持通过官网了解产品、功能、使用方式及最新动态；具体服务范围、开放地区和使用规则请以官方网站当前页面为准。官方网站：volumeshaderbm.org。	https://volumeshaderbm.org	是
Speakingtimecalculator	Speakingtimecalculator	工具	其他,效率工具,在线服务	Speakingtimecalculator在线服务	Speakingtimecalculator在线服务。这里提供Speakingtimecalculator的官方服务与相关信息，支持通过官网了解产品、功能、使用方式及最新动态；具体服务范围、开放地区和使用规则请以官方网站当前页面为准。官方网站：speakingtimecalculator.org。	https://speakingtimecalculator.org	是
Giga	Giga	工具	其他,效率工具,在线服务	Giga在线服务	Giga在线服务。这里提供Giga的官方服务与相关信息，支持通过官网了解产品、功能、使用方式及最新动态；具体服务范围、开放地区和使用规则请以官方网站当前页面为准。官方网站：giga.tools。	https://giga.tools	是
S Ings	S Ings	工具	其他,效率工具,在线服务	S Ings在线服务	S Ings在线服务。这里提供S Ings的官方服务与相关信息，支持通过官网了解产品、功能、使用方式及最新动态；具体服务范围、开放地区和使用规则请以官方网站当前页面为准。官方网站：s-ings.com。	https://www.s-ings.com/scratchpad	是
Kidpix	Kidpix	工具	其他,效率工具,在线服务	Kidpix在线服务	Kidpix在线服务。这里提供Kidpix的官方服务与相关信息，支持通过官网了解产品、功能、使用方式及最新动态；具体服务范围、开放地区和使用规则请以官方网站当前页面为准。官方网站：kidpix.app。	https://kidpix.app	是
Excalideck	Excalideck	工具	其他,效率工具,在线服务	Excalideck在线服务	Excalideck在线服务。这里提供Excalideck的官方服务与相关信息，支持通过官网了解产品、功能、使用方式及最新动态；具体服务范围、开放地区和使用规则请以官方网站当前页面为准。官方网站：excalideck.com。	https://excalideck.com	是
Schulte Table	Schulte Table	工具	其他,效率工具,在线服务	Schulte Table在线服务	Schulte Table在线服务。这里提供Schulte Table的官方服务与相关信息，支持通过官网了解产品、功能、使用方式及最新动态；具体服务范围、开放地区和使用规则请以官方网站当前页面为准。官方网站：schulte-table.org。	https://schulte-table.org	是
Mindmup	Mindmup	工具	其他,效率工具,在线服务	Mindmup在线服务	Mindmup在线服务。这里提供Mindmup的官方服务与相关信息，支持通过官网了解产品、功能、使用方式及最新动态；具体服务范围、开放地区和使用规则请以官方网站当前页面为准。官方网站：mindmup.com。	https://www.mindmup.com	是
Focus Game	Focus Game	工具	其他,效率工具,在线服务	Focus Game在线服务	Focus Game在线服务。这里提供Focus Game的官方服务与相关信息，支持通过官网了解产品、功能、使用方式及最新动态；具体服务范围、开放地区和使用规则请以官方网站当前页面为准。官方网站：focus-game.org。	https://focus-game.org	是
Relanote	Relanote	工具	效率工具,在线服务	Relanote在线服务	Relanote在线服务。这里提供Relanote的官方服务与相关信息，支持通过官网了解产品、功能、使用方式及最新动态；具体服务范围、开放地区和使用规则请以官方网站当前页面为准。官方网站：relanote.com。	https://relanote.com	是
Blank	Blank	工具	其他,效率工具,在线服务	Blank在线服务	Blank在线服务。这里提供Blank的官方服务与相关信息，支持通过官网了解产品、功能、使用方式及最新动态；具体服务范围、开放地区和使用规则请以官方网站当前页面为准。官方网站：blank.page。	https://blank.page	是
Anotepad	Anotepad	工具	效率工具,在线服务	Anotepad在线服务	Anotepad在线服务。这里提供Anotepad的官方服务与相关信息，支持通过官网了解产品、功能、使用方式及最新动态；具体服务范围、开放地区和使用规则请以官方网站当前页面为准。官方网站：anotepad.com。	https://anotepad.com	是
Bubbl	Bubbl	工具	其他,效率工具,在线服务	Bubbl在线服务	Bubbl在线服务。这里提供Bubbl的官方服务与相关信息，支持通过官网了解产品、功能、使用方式及最新动态；具体服务范围、开放地区和使用规则请以官方网站当前页面为准。官方网站：bubbl.us。	https://bubbl.us	是
Drawio	Drawio	设计	设计与创意,效率工具	Drawio在线服务	Drawio在线服务。这里提供Drawio的官方服务与相关信息，支持通过官网了解产品、功能、使用方式及最新动态；具体服务范围、开放地区和使用规则请以官方网站当前页面为准。官方网站：drawio.com。	https://www.drawio.com	是
Orgpad	Orgpad	工具	其他,效率工具,在线服务	Orgpad在线服务	Orgpad在线服务。这里提供Orgpad的官方服务与相关信息，支持通过官网了解产品、功能、使用方式及最新动态；具体服务范围、开放地区和使用规则请以官方网站当前页面为准。官方网站：orgpad.com。	https://orgpad.com	是
Krita	Krita	工具	其他,效率工具,在线服务	Krita在线服务	Krita在线服务。这里提供Krita的官方服务与相关信息，支持通过官网了解产品、功能、使用方式及最新动态；具体服务范围、开放地区和使用规则请以官方网站当前页面为准。官方网站：krita.org。	https://krita.org/en	是
Notes	Notes	工具	效率工具,在线服务	Notes在线服务	Notes在线服务。这里提供Notes的官方服务与相关信息，支持通过官网了解产品、功能、使用方式及最新动态；具体服务范围、开放地区和使用规则请以官方网站当前页面为准。官方网站：notes.io。	https://notes.io	是
Learn Anything	Learn Anything	教育	在线学习,效率工具	Learn Anything在线服务	Learn Anything在线服务。这里提供Learn Anything的官方服务与相关信息，支持通过官网了解产品、功能、使用方式及最新动态；具体服务范围、开放地区和使用规则请以官方网站当前页面为准。官方网站：learn-anything.xyz。	https://learn-anything.xyz	是
Textfac	Textfac	工具	其他,效率工具,在线服务	Textfac在线服务	Textfac在线服务。这里提供Textfac的官方服务与相关信息，支持通过官网了解产品、功能、使用方式及最新动态；具体服务范围、开放地区和使用规则请以官方网站当前页面为准。官方网站：textfac.es。	https://textfac.es	是
Sankeydiagram	Sankeydiagram	工具	其他,效率工具,在线服务	Sankeydiagram在线服务	Sankeydiagram在线服务。这里提供Sankeydiagram的官方服务与相关信息，支持通过官网了解产品、功能、使用方式及最新动态；具体服务范围、开放地区和使用规则请以官方网站当前页面为准。官方网站：sankeydiagram.net。	https://sankeydiagram.net	是
Lingojam	Lingojam	工具	其他,效率工具,在线服务	Lingojam在线服务	Lingojam在线服务。这里提供Lingojam的官方服务与相关信息，支持通过官网了解产品、功能、使用方式及最新动态；具体服务范围、开放地区和使用规则请以官方网站当前页面为准。官方网站：lingojam.com。	https://lingojam.com/fancytextgenerator	是
Asciiworld	Asciiworld	工具	其他,效率工具,在线服务	Asciiworld在线服务	Asciiworld在线服务。这里提供Asciiworld的官方服务与相关信息，支持通过官网了解产品、功能、使用方式及最新动态；具体服务范围、开放地区和使用规则请以官方网站当前页面为准。官方网站：asciiworld.com。	https://www.asciiworld.com	是
Stonestoryrpg	Stonestoryrpg	工具	其他,效率工具,在线服务	Stonestoryrpg在线服务	Stonestoryrpg在线服务。这里提供Stonestoryrpg的官方服务与相关信息，支持通过官网了解产品、功能、使用方式及最新动态；具体服务范围、开放地区和使用规则请以官方网站当前页面为准。官方网站：stonestoryrpg.com。	https://stonestoryrpg.com/ascii_tutorial.html	是
Emojicombos	Emojicombos	工具	其他,效率工具,在线服务	Emojicombos在线服务	Emojicombos在线服务。这里提供Emojicombos的官方服务与相关信息，支持通过官网了解产品、功能、使用方式及最新动态；具体服务范围、开放地区和使用规则请以官方网站当前页面为准。官方网站：emojicombos.com。	https://emojicombos.com	是
Onlinenotepad101	Onlinenotepad101	工具	效率工具,在线服务	Onlinenotepad101在线服务	Onlinenotepad101在线服务。这里提供Onlinenotepad101的官方服务与相关信息，支持通过官网了解产品、功能、使用方式及最新动态；具体服务范围、开放地区和使用规则请以官方网站当前页面为准。官方网站：onlinenotepad101.org。	https://onlinenotepad101.org	是
Lucidchart	Lucidchart	工具	其他,效率工具,在线服务	Lucidchart在线服务	Lucidchart在线服务。这里提供Lucidchart的官方服务与相关信息，支持通过官网了解产品、功能、使用方式及最新动态；具体服务范围、开放地区和使用规则请以官方网站当前页面为准。官方网站：lucidchart.com。	https://www.lucidchart.com/pages	是
Freecodetools	Freecodetools	开发	编程开发,效率工具	Freecodetools在线服务	Freecodetools在线服务。这里提供Freecodetools的官方服务与相关信息，支持通过官网了解产品、功能、使用方式及最新动态；具体服务范围、开放地区和使用规则请以官方网站当前页面为准。官方网站：freecodetools.org。	https://freecodetools.org/word-counter	是
Bookmarkos	Bookmarkos	工具	其他,效率工具,在线服务	Bookmarkos在线服务	Bookmarkos在线服务。这里提供Bookmarkos的官方服务与相关信息，支持通过官网了解产品、功能、使用方式及最新动态；具体服务范围、开放地区和使用规则请以官方网站当前页面为准。官方网站：bookmarkos.com。	https://bookmarkos.com/bookmark-manager-finder	是
Techspecs	Techspecs	工具	其他,效率工具,在线服务	Techspecs在线服务	Techspecs在线服务。这里提供Techspecs的官方服务与相关信息，支持通过官网了解产品、功能、使用方式及最新动态；具体服务范围、开放地区和使用规则请以官方网站当前页面为准。官方网站：techspecs.io。	https://techspecs.io	是
Calligraphr	Calligraphr	工具	其他,效率工具,在线服务	Calligraphr在线服务	Calligraphr在线服务。这里提供Calligraphr的官方服务与相关信息，支持通过官网了解产品、功能、使用方式及最新动态；具体服务范围、开放地区和使用规则请以官方网站当前页面为准。官方网站：calligraphr.com。	https://www.calligraphr.com/en	是
Share Text	Share Text	工具	其他,效率工具,在线服务	Share Text在线服务	Share Text在线服务。这里提供Share Text的官方服务与相关信息，支持通过官网了解产品、功能、使用方式及最新动态；具体服务范围、开放地区和使用规则请以官方网站当前页面为准。官方网站：share-text.org。	https://share-text.org	是
Thisvsthat	Thisvsthat	工具	其他,效率工具,在线服务	Thisvsthat在线服务	Thisvsthat在线服务。这里提供Thisvsthat的官方服务与相关信息，支持通过官网了解产品、功能、使用方式及最新动态；具体服务范围、开放地区和使用规则请以官方网站当前页面为准。官方网站：thisvsthat.io。	https://thisvsthat.io	是
Rtings	Rtings	工具	其他,效率工具,在线服务	Rtings在线服务	Rtings在线服务。这里提供Rtings的官方服务与相关信息，支持通过官网了解产品、功能、使用方式及最新动态；具体服务范围、开放地区和使用规则请以官方网站当前页面为准。官方网站：rtings.com。	https://www.rtings.com	是
Diffchecker	Diffchecker	工具	其他,效率工具,在线服务	Diffchecker在线服务	Diffchecker在线服务。这里提供Diffchecker的官方服务与相关信息，支持通过官网了解产品、功能、使用方式及最新动态；具体服务范围、开放地区和使用规则请以官方网站当前页面为准。官方网站：diffchecker.com。	https://www.diffchecker.com	是
Browse	Browse	AI	AI,效率工具	Browse在线服务	Browse在线服务。这里提供Browse的官方服务与相关信息，支持通过官网了解产品、功能、使用方式及最新动态；具体服务范围、开放地区和使用规则请以官方网站当前页面为准。官方网站：browse.ai。	https://www.browse.ai	是
Wormhole	Wormhole	工具	其他,效率工具,在线服务	Wormhole在线服务	Wormhole在线服务。这里提供Wormhole的官方服务与相关信息，支持通过官网了解产品、功能、使用方式及最新动态；具体服务范围、开放地区和使用规则请以官方网站当前页面为准。官方网站：wormhole.app。	https://wormhole.app	是
Codingfont	Codingfont	设计	设计与创意,效率工具	Codingfont在线服务	Codingfont在线服务。这里提供Codingfont的官方服务与相关信息，支持通过官网了解产品、功能、使用方式及最新动态；具体服务范围、开放地区和使用规则请以官方网站当前页面为准。官方网站：codingfont.com。	https://www.codingfont.com	是
Securemessagingapps	Securemessagingapps	工具	其他,效率工具,在线服务	Securemessagingapps在线服务	Securemessagingapps在线服务。这里提供Securemessagingapps的官方服务与相关信息，支持通过官网了解产品、功能、使用方式及最新动态；具体服务范围、开放地区和使用规则请以官方网站当前页面为准。官方网站：securemessagingapps.com。	https://www.securemessagingapps.com	是
Keybase	Keybase	工具	其他,效率工具,在线服务	Keybase在线服务	Keybase在线服务。这里提供Keybase的官方服务与相关信息，支持通过官网了解产品、功能、使用方式及最新动态；具体服务范围、开放地区和使用规则请以官方网站当前页面为准。官方网站：keybase.io。	https://keybase.io	是
Tango	Tango	工具	其他,效率工具,在线服务	Tango在线服务	Tango在线服务。这里提供Tango的官方服务与相关信息，支持通过官网了解产品、功能、使用方式及最新动态；具体服务范围、开放地区和使用规则请以官方网站当前页面为准。官方网站：tango.us。	https://www.tango.us	是
Zippyshare	Zippyshare	工具	其他,效率工具,在线服务	Zippyshare在线服务	Zippyshare在线服务。这里提供Zippyshare的官方服务与相关信息，支持通过官网了解产品、功能、使用方式及最新动态；具体服务范围、开放地区和使用规则请以官方网站当前页面为准。官方网站：zippyshare.com。	https://www.zippyshare.com	是
Techspecs	Techspecs	工具	其他,效率工具,在线服务	Techspecs在线服务	Techspecs在线服务。这里提供Techspecs的官方服务与相关信息，支持通过官网了解产品、功能、使用方式及最新动态；具体服务范围、开放地区和使用规则请以官方网站当前页面为准。官方网站：techspecs.io。	https://techspecs.io/vs	是
Dxomark	Dxomark	工具	其他,效率工具,在线服务	Dxomark在线服务	Dxomark在线服务。这里提供Dxomark的官方服务与相关信息，支持通过官网了解产品、功能、使用方式及最新动态；具体服务范围、开放地区和使用规则请以官方网站当前页面为准。官方网站：dxomark.com。	https://www.dxomark.com/category/smartphone-reviews	是
Pfpmaker	Pfpmaker	工具	其他,效率工具,在线服务	Pfpmaker在线服务	Pfpmaker在线服务。这里提供Pfpmaker的官方服务与相关信息，支持通过官网了解产品、功能、使用方式及最新动态；具体服务范围、开放地区和使用规则请以官方网站当前页面为准。官方网站：pfpmaker.com。	https://pfpmaker.com	是
Vectormagic	Vectormagic	工具	其他,效率工具,在线服务	Vectormagic在线服务	Vectormagic在线服务。这里提供Vectormagic的官方服务与相关信息，支持通过官网了解产品、功能、使用方式及最新动态；具体服务范围、开放地区和使用规则请以官方网站当前页面为准。官方网站：vectormagic.com。	https://vectormagic.com	是
Extract	Extract	工具	其他,效率工具,在线服务	Extract在线服务	Extract在线服务。这里提供Extract的官方服务与相关信息，支持通过官网了解产品、功能、使用方式及最新动态；具体服务范围、开放地区和使用规则请以官方网站当前页面为准。官方网站：extract.pics。	https://extract.pics	是
Screenshot	Screenshot	工具	其他,效率工具,在线服务	Screenshot在线服务	Screenshot在线服务。这里提供Screenshot的官方服务与相关信息，支持通过官网了解产品、功能、使用方式及最新动态；具体服务范围、开放地区和使用规则请以官方网站当前页面为准。官方网站：screenshot.guru。	https://screenshot.guru	是
Crossfade	Crossfade	工具	其他,效率工具,在线服务	Crossfade在线服务	Crossfade在线服务。这里提供Crossfade的官方服务与相关信息，支持通过官网了解产品、功能、使用方式及最新动态；具体服务范围、开放地区和使用规则请以官方网站当前页面为准。官方网站：crossfade.io。	https://crossfade.io	是
Zoom	Zoom	工具	其他,效率工具,在线服务	Zoom在线服务	Zoom在线服务。这里提供Zoom的官方服务与相关信息，支持通过官网了解产品、功能、使用方式及最新动态；具体服务范围、开放地区和使用规则请以官方网站当前页面为准。官方网站：zoom.it。	https://zoom.it	是
Stolencamerafinder	Stolencamerafinder	工具	其他,效率工具,在线服务	Stolencamerafinder在线服务	Stolencamerafinder在线服务。这里提供Stolencamerafinder的官方服务与相关信息，支持通过官网了解产品、功能、使用方式及最新动态；具体服务范围、开放地区和使用规则请以官方网站当前页面为准。官方网站：stolencamerafinder.com。	https://www.stolencamerafinder.com	是
Ribbet	Ribbet	工具	其他,效率工具,在线服务	Ribbet在线服务	Ribbet在线服务。这里提供Ribbet的官方服务与相关信息，支持通过官网了解产品、功能、使用方式及最新动态；具体服务范围、开放地区和使用规则请以官方网站当前页面为准。官方网站：ribbet.com。	https://www.ribbet.com	是
Jpeg Optimizer	Jpeg Optimizer	工具	其他,效率工具,在线服务	Jpeg Optimizer在线服务	Jpeg Optimizer在线服务。这里提供Jpeg Optimizer的官方服务与相关信息，支持通过官网了解产品、功能、使用方式及最新动态；具体服务范围、开放地区和使用规则请以官方网站当前页面为准。官方网站：jpeg-optimizer.com。	https://jpeg-optimizer.com	是
Synthesia	Synthesia	工具	其他,效率工具,在线服务	Synthesia在线服务	Synthesia在线服务。这里提供Synthesia的官方服务与相关信息，支持通过官网了解产品、功能、使用方式及最新动态；具体服务范围、开放地区和使用规则请以官方网站当前页面为准。官方网站：synthesia.io。	https://www.synthesia.io	是
3dgifmaker	3dgifmaker	工具	其他,效率工具,在线服务	3dgifmaker在线服务	3dgifmaker在线服务。这里提供3dgifmaker的官方服务与相关信息，支持通过官网了解产品、功能、使用方式及最新动态；具体服务范围、开放地区和使用规则请以官方网站当前页面为准。官方网站：3dgifmaker.com。	https://www.3dgifmaker.com	是
Reanimate	Reanimate	开发	编程开发,效率工具	Reanimate在线服务	Reanimate在线服务。这里提供Reanimate的官方服务与相关信息，支持通过官网了解产品、功能、使用方式及最新动态；具体服务范围、开放地区和使用规则请以官方网站当前页面为准。官方网站：reanimate.github.io。	https://reanimate.github.io	是
Free Background Remover	Free Background Remover	工具	其他,效率工具,在线服务	Free Background Remover在线服务	Free Background Remover在线服务。这里提供Free Background Remover的官方服务与相关信息，支持通过官网了解产品、功能、使用方式及最新动态；具体服务范围、开放地区和使用规则请以官方网站当前页面为准。官方网站：free-background-remover.com。	https://free-background-remover.com	是
Remove Audio	Remove Audio	工具	其他,效率工具,在线服务	Remove Audio在线服务	Remove Audio在线服务。这里提供Remove Audio的官方服务与相关信息，支持通过官网了解产品、功能、使用方式及最新动态；具体服务范围、开放地区和使用规则请以官方网站当前页面为准。官方网站：remove-audio.com。	https://remove-audio.com	是
Ezgif	Ezgif	工具	其他,效率工具,在线服务	Ezgif在线服务	Ezgif在线服务。这里提供Ezgif的官方服务与相关信息，支持通过官网了解产品、功能、使用方式及最新动态；具体服务范围、开放地区和使用规则请以官方网站当前页面为准。官方网站：ezgif.com。	https://ezgif.com	是
Sites	Sites	教育	在线学习,效率工具	Sites在线服务	Sites在线服务。这里提供Sites的官方服务与相关信息，支持通过官网了解产品、功能、使用方式及最新动态；具体服务范围、开放地区和使用规则请以官方网站当前页面为准。官方网站：sites.socsci.uci.edu。	https://sites.socsci.uci.edu/~ddhoff/illusions.html	是
Byclickdownloader	Byclickdownloader	工具	其他,效率工具,在线服务	Byclickdownloader在线服务	Byclickdownloader在线服务。这里提供Byclickdownloader的官方服务与相关信息，支持通过官网了解产品、功能、使用方式及最新动态；具体服务范围、开放地区和使用规则请以官方网站当前页面为准。官方网站：byclickdownloader.com。	https://www.byclickdownloader.com	是
Shottr	Shottr	工具	其他,效率工具,在线服务	Shottr在线服务	Shottr在线服务。这里提供Shottr的官方服务与相关信息，支持通过官网了解产品、功能、使用方式及最新动态；具体服务范围、开放地区和使用规则请以官方网站当前页面为准。官方网站：shottr.cc。	https://shottr.cc	是
Thistothat	Thistothat	工具	其他,效率工具,在线服务	Thistothat在线服务	Thistothat在线服务。这里提供Thistothat的官方服务与相关信息，支持通过官网了解产品、功能、使用方式及最新动态；具体服务范围、开放地区和使用规则请以官方网站当前页面为准。官方网站：thistothat.com。	https://thistothat.com	是
Howstuffworks	Howstuffworks	工具	效率工具,在线服务	Howstuffworks在线服务	Howstuffworks在线服务。这里提供Howstuffworks的官方服务与相关信息，支持通过官网了解产品、功能、使用方式及最新动态；具体服务范围、开放地区和使用规则请以官方网站当前页面为准。官方网站：howstuffworks.com。	https://www.howstuffworks.com	是
Hey	Hey	AI	AI,效率工具	Hey在线服务	Hey在线服务。这里提供Hey的官方服务与相关信息，支持通过官网了解产品、功能、使用方式及最新动态；具体服务范围、开放地区和使用规则请以官方网站当前页面为准。官方网站：hey.reface.ai。	https://hey.reface.ai	是
Xlsxform	Xlsxform	工具	其他,效率工具,在线服务	Xlsxform在线服务	Xlsxform在线服务。这里提供Xlsxform的官方服务与相关信息，支持通过官网了解产品、功能、使用方式及最新动态；具体服务范围、开放地区和使用规则请以官方网站当前页面为准。官方网站：xlsxform.com。	https://xlsxform.com	是
Dummies	Dummies	工具	其他,效率工具,在线服务	Dummies在线服务	Dummies在线服务。这里提供Dummies的官方服务与相关信息，支持通过官网了解产品、功能、使用方式及最新动态；具体服务范围、开放地区和使用规则请以官方网站当前页面为准。官方网站：dummies.com。	https://www.dummies.com	是
Ifixit	Ifixit	工具	其他,效率工具,在线服务	Ifixit在线服务	Ifixit在线服务。这里提供Ifixit的官方服务与相关信息，支持通过官网了解产品、功能、使用方式及最新动态；具体服务范围、开放地区和使用规则请以官方网站当前页面为准。官方网站：ifixit.com。	https://www.ifixit.com	是
Instructables	Instructables	工具	其他,效率工具,在线服务	Instructables在线服务	Instructables在线服务。这里提供Instructables的官方服务与相关信息，支持通过官网了解产品、功能、使用方式及最新动态；具体服务范围、开放地区和使用规则请以官方网站当前页面为准。官方网站：instructables.com。	https://www.instructables.com	是
Wikihow	Wikihow	工具	其他,效率工具,在线服务	Wikihow在线服务	Wikihow在线服务。这里提供Wikihow的官方服务与相关信息，支持通过官网了解产品、功能、使用方式及最新动态；具体服务范围、开放地区和使用规则请以官方网站当前页面为准。官方网站：wikihow.com。	https://www.wikihow.com/main-page	是
Dimensions	Dimensions	工具	其他,效率工具,在线服务	Dimensions在线服务	Dimensions在线服务。这里提供Dimensions的官方服务与相关信息，支持通过官网了解产品、功能、使用方式及最新动态；具体服务范围、开放地区和使用规则请以官方网站当前页面为准。官方网站：dimensions.com。	https://www.dimensions.com	是
Culturalatlas	Culturalatlas	工具	其他,效率工具,在线服务	Culturalatlas在线服务	Culturalatlas在线服务。这里提供Culturalatlas的官方服务与相关信息，支持通过官网了解产品、功能、使用方式及最新动态；具体服务范围、开放地区和使用规则请以官方网站当前页面为准。官方网站：culturalatlas.sbs.com.au。	https://culturalatlas.sbs.com.au	是
Nameberry	Nameberry	工具	其他,效率工具,在线服务	Nameberry在线服务	Nameberry在线服务。这里提供Nameberry的官方服务与相关信息，支持通过官网了解产品、功能、使用方式及最新动态；具体服务范围、开放地区和使用规则请以官方网站当前页面为准。官方网站：nameberry.com。	https://nameberry.com	是
Surnames	Surnames	工具	其他,效率工具,在线服务	Surnames在线服务	Surnames在线服务。这里提供Surnames的官方服务与相关信息，支持通过官网了解产品、功能、使用方式及最新动态；具体服务范围、开放地区和使用规则请以官方网站当前页面为准。官方网站：surnames.behindthename.com。	https://surnames.behindthename.com	是
Factslides	Factslides	工具	其他,效率工具,在线服务	Factslides在线服务	Factslides在线服务。这里提供Factslides的官方服务与相关信息，支持通过官网了解产品、功能、使用方式及最新动态；具体服务范围、开放地区和使用规则请以官方网站当前页面为准。官方网站：factslides.com。	https://www.factslides.com	是
Behindthename	Behindthename	工具	其他,效率工具,在线服务	Behindthename在线服务	Behindthename在线服务。这里提供Behindthename的官方服务与相关信息，支持通过官网了解产品、功能、使用方式及最新动态；具体服务范围、开放地区和使用规则请以官方网站当前页面为准。官方网站：behindthename.com。	https://www.behindthename.com	是
Starkeycomics	Starkeycomics	工具	其他,效率工具,在线服务	Starkeycomics在线服务	Starkeycomics在线服务。这里提供Starkeycomics的官方服务与相关信息，支持通过官网了解产品、功能、使用方式及最新动态；具体服务范围、开放地区和使用规则请以官方网站当前页面为准。官方网站：starkeycomics.com。	https://starkeycomics.com	是
Fixitclub	Fixitclub	工具	其他,效率工具,在线服务	Fixitclub在线服务	Fixitclub在线服务。这里提供Fixitclub的官方服务与相关信息，支持通过官网了解产品、功能、使用方式及最新动态；具体服务范围、开放地区和使用规则请以官方网站当前页面为准。官方网站：fixitclub.com。	https://fixitclub.com	是
Toastercentral	Toastercentral	工具	其他,效率工具,在线服务	Toastercentral在线服务	Toastercentral在线服务。这里提供Toastercentral的官方服务与相关信息，支持通过官网了解产品、功能、使用方式及最新动态；具体服务范围、开放地区和使用规则请以官方网站当前页面为准。官方网站：toastercentral.com。	https://toastercentral.com	是
Allaboutberlin	Allaboutberlin	工具	其他,效率工具,在线服务	Allaboutberlin在线服务	Allaboutberlin在线服务。这里提供Allaboutberlin的官方服务与相关信息，支持通过官网了解产品、功能、使用方式及最新动态；具体服务范围、开放地区和使用规则请以官方网站当前页面为准。官方网站：allaboutberlin.com。	https://allaboutberlin.com	是
Escaperoomtips	Escaperoomtips	工具	其他,效率工具,在线服务	Escaperoomtips在线服务	Escaperoomtips在线服务。这里提供Escaperoomtips的官方服务与相关信息，支持通过官网了解产品、功能、使用方式及最新动态；具体服务范围、开放地区和使用规则请以官方网站当前页面为准。官方网站：escaperoomtips.com。	https://escaperoomtips.com	是
Newsinlevels	Newsinlevels	工具	其他,效率工具,在线服务	Newsinlevels在线服务	Newsinlevels在线服务。这里提供Newsinlevels的官方服务与相关信息，支持通过官网了解产品、功能、使用方式及最新动态；具体服务范围、开放地区和使用规则请以官方网站当前页面为准。官方网站：newsinlevels.com。	https://www.newsinlevels.com	是
Libraryofjuggling	Libraryofjuggling	工具	其他,效率工具,在线服务	Libraryofjuggling在线服务	Libraryofjuggling在线服务。这里提供Libraryofjuggling的官方服务与相关信息，支持通过官网了解产品、功能、使用方式及最新动态；具体服务范围、开放地区和使用规则请以官方网站当前页面为准。官方网站：libraryofjuggling.com。	https://libraryofjuggling.com	是
Latin Phrases	Latin Phrases	工具	其他,效率工具,在线服务	Latin Phrases在线服务	Latin Phrases在线服务。这里提供Latin Phrases的官方服务与相关信息，支持通过官网了解产品、功能、使用方式及最新动态；具体服务范围、开放地区和使用规则请以官方网站当前页面为准。官方网站：latin-phrases.co.uk。	https://latin-phrases.co.uk	是
Progressivepunctuation	Progressivepunctuation	工具	其他,效率工具,在线服务	Progressivepunctuation在线服务	Progressivepunctuation在线服务。这里提供Progressivepunctuation的官方服务与相关信息，支持通过官网了解产品、功能、使用方式及最新动态；具体服务范围、开放地区和使用规则请以官方网站当前页面为准。官方网站：progressivepunctuation.com。	https://progressivepunctuation.com	是
Voscreen	Voscreen	工具	其他,效率工具,在线服务	Voscreen在线服务	Voscreen在线服务。这里提供Voscreen的官方服务与相关信息，支持通过官网了解产品、功能、使用方式及最新动态；具体服务范围、开放地区和使用规则请以官方网站当前页面为准。官方网站：voscreen.com。	https://www.voscreen.com	是
Tongue Twister	Tongue Twister	工具	其他,效率工具,在线服务	Tongue Twister在线服务	Tongue Twister在线服务。这里提供Tongue Twister的官方服务与相关信息，支持通过官网了解产品、功能、使用方式及最新动态；具体服务范围、开放地区和使用规则请以官方网站当前页面为准。官方网站：tongue-twister.net。	https://tongue-twister.net	是
Grammarbook	Grammarbook	工具	其他,效率工具,在线服务	Grammarbook在线服务	Grammarbook在线服务。这里提供Grammarbook的官方服务与相关信息，支持通过官网了解产品、功能、使用方式及最新动态；具体服务范围、开放地区和使用规则请以官方网站当前页面为准。官方网站：grammarbook.com。	https://www.grammarbook.com/english_rules.asp	是
Thepunctuationguide	Thepunctuationguide	工具	其他,效率工具,在线服务	Thepunctuationguide在线服务	Thepunctuationguide在线服务。这里提供Thepunctuationguide的官方服务与相关信息，支持通过官网了解产品、功能、使用方式及最新动态；具体服务范围、开放地区和使用规则请以官方网站当前页面为准。官方网站：thepunctuationguide.com。	https://www.thepunctuationguide.com/index.html	是
Owl	Owl	教育	在线学习,效率工具	Owl在线服务	Owl在线服务。这里提供Owl的官方服务与相关信息，支持通过官网了解产品、功能、使用方式及最新动态；具体服务范围、开放地区和使用规则请以官方网站当前页面为准。官方网站：owl.purdue.edu。	https://owl.purdue.edu/site_map.html	是
Usdictionary	Usdictionary	工具	其他,效率工具,在线服务	Usdictionary在线服务	Usdictionary在线服务。这里提供Usdictionary的官方服务与相关信息，支持通过官网了解产品、功能、使用方式及最新动态；具体服务范围、开放地区和使用规则请以官方网站当前页面为准。官方网站：usdictionary.com。	https://usdictionary.com	是
Prismatext	Prismatext	工具	其他,效率工具,在线服务	Prismatext在线服务	Prismatext在线服务。这里提供Prismatext的官方服务与相关信息，支持通过官网了解产品、功能、使用方式及最新动态；具体服务范围、开放地区和使用规则请以官方网站当前页面为准。官方网站：prismatext.com。	https://prismatext.com	是
Grammar Monster	Grammar Monster	工具	其他,效率工具,在线服务	Grammar Monster在线服务	Grammar Monster在线服务。这里提供Grammar Monster的官方服务与相关信息，支持通过官网了解产品、功能、使用方式及最新动态；具体服务范围、开放地区和使用规则请以官方网站当前页面为准。官方网站：grammar-monster.com。	https://www.grammar-monster.com/index.html	是
Webapps	Webapps	教育	在线学习,效率工具	Webapps在线服务	Webapps在线服务。这里提供Webapps的官方服务与相关信息，支持通过官网了解产品、功能、使用方式及最新动态；具体服务范围、开放地区和使用规则请以官方网站当前页面为准。官方网站：webapps.towson.edu。	https://webapps.towson.edu/ows/index.asp	是
Japanese Wiki Corpus	Japanese Wiki Corpus	工具	其他,效率工具,在线服务	Japanese Wiki Corpus在线服务	Japanese Wiki Corpus在线服务。这里提供Japanese Wiki Corpus的官方服务与相关信息，支持通过官网了解产品、功能、使用方式及最新动态；具体服务范围、开放地区和使用规则请以官方网站当前页面为准。官方网站：japanese-wiki-corpus.org。	https://www.japanese-wiki-corpus.org	是
Ponly	Ponly	工具	其他,效率工具,在线服务	Ponly在线服务	Ponly在线服务。这里提供Ponly的官方服务与相关信息，支持通过官网了解产品、功能、使用方式及最新动态；具体服务范围、开放地区和使用规则请以官方网站当前页面为准。官方网站：ponly.com。	https://ponly.com/about	是
Keydifferences	Keydifferences	工具	其他,效率工具,在线服务	Keydifferences在线服务	Keydifferences在线服务。这里提供Keydifferences的官方服务与相关信息，支持通过官网了解产品、功能、使用方式及最新动态；具体服务范围、开放地区和使用规则请以官方网站当前页面为准。官方网站：keydifferences.com。	https://keydifferences.com	是
Finedictionary	Finedictionary	工具	其他,效率工具,在线服务	Finedictionary在线服务	Finedictionary在线服务。这里提供Finedictionary的官方服务与相关信息，支持通过官网了解产品、功能、使用方式及最新动态；具体服务范围、开放地区和使用规则请以官方网站当前页面为准。官方网站：finedictionary.com。	https://www.finedictionary.com	是
Differencebetween	Differencebetween	工具	其他,效率工具,在线服务	Differencebetween在线服务	Differencebetween在线服务。这里提供Differencebetween的官方服务与相关信息，支持通过官网了解产品、功能、使用方式及最新动态；具体服务范围、开放地区和使用规则请以官方网站当前页面为准。官方网站：differencebetween.info。	https://www.differencebetween.info	是
Dood	Dood	工具	其他,效率工具,在线服务	Dood在线服务	Dood在线服务。这里提供Dood的官方服务与相关信息，支持通过官网了解产品、功能、使用方式及最新动态；具体服务范围、开放地区和使用规则请以官方网站当前页面为准。官方网站：dood.al。	https://dood.al/pinktrombone	是
Howtoprofessionallysay	Howtoprofessionallysay	工具	其他,效率工具,在线服务	Howtoprofessionallysay在线服务	Howtoprofessionallysay在线服务。这里提供Howtoprofessionallysay的官方服务与相关信息，支持通过官网了解产品、功能、使用方式及最新动态；具体服务范围、开放地区和使用规则请以官方网站当前页面为准。官方网站：howtoprofessionallysay.akashrajpurohit.com。	https://howtoprofessionallysay.akashrajpurohit.com	是
Askdifference	Askdifference	工具	其他,效率工具,在线服务	Askdifference在线服务	Askdifference在线服务。这里提供Askdifference的官方服务与相关信息，支持通过官网了解产品、功能、使用方式及最新动态；具体服务范围、开放地区和使用规则请以官方网站当前页面为准。官方网站：askdifference.com。	https://www.askdifference.com	是
Terimler	Terimler	工具	其他,效率工具,在线服务	Terimler在线服务	Terimler在线服务。这里提供Terimler的官方服务与相关信息，支持通过官网了解产品、功能、使用方式及最新动态；具体服务范围、开放地区和使用规则请以官方网站当前页面为准。官方网站：terimler.org。	https://terimler.org	是
Wordwarriors	Wordwarriors	教育	在线学习,效率工具	Wordwarriors在线服务	Wordwarriors在线服务。这里提供Wordwarriors的官方服务与相关信息，支持通过官网了解产品、功能、使用方式及最新动态；具体服务范围、开放地区和使用规则请以官方网站当前页面为准。官方网站：wordwarriors.wayne.edu。	https://wordwarriors.wayne.edu/list	是
Businessenglishresources	Businessenglishresources	工具	其他,效率工具,在线服务	Businessenglishresources在线服务	Businessenglishresources在线服务。这里提供Businessenglishresources的官方服务与相关信息，支持通过官网了解产品、功能、使用方式及最新动态；具体服务范围、开放地区和使用规则请以官方网站当前页面为准。官方网站：businessenglishresources.com。	https://www.businessenglishresources.com	是
Countrycode	Countrycode	开发	编程开发,效率工具	Countrycode在线服务	Countrycode在线服务。这里提供Countrycode的官方服务与相关信息，支持通过官网了解产品、功能、使用方式及最新动态；具体服务范围、开放地区和使用规则请以官方网站当前页面为准。官方网站：countrycode.org。	https://countrycode.org	是
Puffinmaps	Puffinmaps	工具	其他,效率工具,在线服务	Puffinmaps在线服务	Puffinmaps在线服务。这里提供Puffinmaps的官方服务与相关信息，支持通过官网了解产品、功能、使用方式及最新动态；具体服务范围、开放地区和使用规则请以官方网站当前页面为准。官方网站：puffinmaps.com。	https://www.puffinmaps.com	是
Freecycle	Freecycle	工具	其他,效率工具,在线服务	Freecycle在线服务	Freecycle在线服务。这里提供Freecycle的官方服务与相关信息，支持通过官网了解产品、功能、使用方式及最新动态；具体服务范围、开放地区和使用规则请以官方网站当前页面为准。官方网站：freecycle.org。	https://www.freecycle.org	是
Couchsurfing	Couchsurfing	工具	其他,效率工具,在线服务	Couchsurfing在线服务	Couchsurfing在线服务。这里提供Couchsurfing的官方服务与相关信息，支持通过官网了解产品、功能、使用方式及最新动态；具体服务范围、开放地区和使用规则请以官方网站当前页面为准。官方网站：couchsurfing.com。	https://www.couchsurfing.com	是
Virtualvacation	Virtualvacation	工具	其他,效率工具,在线服务	Virtualvacation在线服务	Virtualvacation在线服务。这里提供Virtualvacation的官方服务与相关信息，支持通过官网了解产品、功能、使用方式及最新动态；具体服务范围、开放地区和使用规则请以官方网站当前页面为准。官方网站：virtualvacation.us。	https://virtualvacation.us	是
Welcometomygarden	Welcometomygarden	工具	其他,效率工具,在线服务	Welcometomygarden在线服务	Welcometomygarden在线服务。这里提供Welcometomygarden的官方服务与相关信息，支持通过官网了解产品、功能、使用方式及最新动态；具体服务范围、开放地区和使用规则请以官方网站当前页面为准。官方网站：welcometomygarden.org。	https://welcometomygarden.org	是
Looria	Looria	工具	其他,效率工具,在线服务	Looria在线服务	Looria在线服务。这里提供Looria的官方服务与相关信息，支持通过官网了解产品、功能、使用方式及最新动态；具体服务范围、开放地区和使用规则请以官方网站当前页面为准。官方网站：looria.com。	https://looria.com	是
Wanderprep	Wanderprep	工具	其他,效率工具,在线服务	Wanderprep在线服务	Wanderprep在线服务。这里提供Wanderprep的官方服务与相关信息，支持通过官网了解产品、功能、使用方式及最新动态；具体服务范围、开放地区和使用规则请以官方网站当前页面为准。官方网站：wanderprep.com。	https://www.wanderprep.com	是
Roadtrippers	Roadtrippers	工具	其他,效率工具,在线服务	Roadtrippers在线服务	Roadtrippers在线服务。这里提供Roadtrippers的官方服务与相关信息，支持通过官网了解产品、功能、使用方式及最新动态；具体服务范围、开放地区和使用规则请以官方网站当前页面为准。官方网站：roadtrippers.com。	https://roadtrippers.com	是
Passportindex	Passportindex	工具	其他,效率工具,在线服务	Passportindex在线服务	Passportindex在线服务。这里提供Passportindex的官方服务与相关信息，支持通过官网了解产品、功能、使用方式及最新动态；具体服务范围、开放地区和使用规则请以官方网站当前页面为准。官方网站：passportindex.org。	https://www.passportindex.org	是
Randomstreetview	Randomstreetview	工具	其他,效率工具,在线服务	Randomstreetview在线服务	Randomstreetview在线服务。这里提供Randomstreetview的官方服务与相关信息，支持通过官网了解产品、功能、使用方式及最新动态；具体服务范围、开放地区和使用规则请以官方网站当前页面为准。官方网站：randomstreetview.com。	https://randomstreetview.com	是
Mountainproject	Mountainproject	AI	AI,效率工具	Mountainproject在线服务	Mountainproject在线服务。这里提供Mountainproject的官方服务与相关信息，支持通过官网了解产品、功能、使用方式及最新动态；具体服务范围、开放地区和使用规则请以官方网站当前页面为准。官方网站：mountainproject.com。	https://www.mountainproject.com	是
Warmshowers	Warmshowers	工具	其他,效率工具,在线服务	Warmshowers在线服务	Warmshowers在线服务。这里提供Warmshowers的官方服务与相关信息，支持通过官网了解产品、功能、使用方式及最新动态；具体服务范围、开放地区和使用规则请以官方网站当前页面为准。官方网站：warmshowers.org。	https://www.warmshowers.org	是
Everytimezone	Everytimezone	工具	其他,效率工具,在线服务	Everytimezone在线服务	Everytimezone在线服务。这里提供Everytimezone的官方服务与相关信息，支持通过官网了解产品、功能、使用方式及最新动态；具体服务范围、开放地区和使用规则请以官方网站当前页面为准。官方网站：everytimezone.com。	https://everytimezone.com	是
Crownacademyenglish	Crownacademyenglish	教育	在线学习,效率工具	Crownacademyenglish在线服务	Crownacademyenglish在线服务。这里提供Crownacademyenglish的官方服务与相关信息，支持通过官网了解产品、功能、使用方式及最新动态；具体服务范围、开放地区和使用规则请以官方网站当前页面为准。官方网站：crownacademyenglish.com。	https://www.crownacademyenglish.com/articles	是
Mytimecardcalculator	Mytimecardcalculator	工具	其他,效率工具,在线服务	Mytimecardcalculator在线服务	Mytimecardcalculator在线服务。这里提供Mytimecardcalculator的官方服务与相关信息，支持通过官网了解产品、功能、使用方式及最新动态；具体服务范围、开放地区和使用规则请以官方网站当前页面为准。官方网站：mytimecardcalculator.com。	https://www.mytimecardcalculator.com	是
Seatguru	Seatguru	工具	其他,效率工具,在线服务	Seatguru在线服务	Seatguru在线服务。这里提供Seatguru的官方服务与相关信息，支持通过官网了解产品、功能、使用方式及最新动态；具体服务范围、开放地区和使用规则请以官方网站当前页面为准。官方网站：seatguru.com。	https://seatguru.com	是
Mapcrunch	Mapcrunch	工具	其他,效率工具,在线服务	Mapcrunch在线服务	Mapcrunch在线服务。这里提供Mapcrunch的官方服务与相关信息，支持通过官网了解产品、功能、使用方式及最新动态；具体服务范围、开放地区和使用规则请以官方网站当前页面为准。官方网站：mapcrunch.com。	https://www.mapcrunch.com	是
Apps	Apps	工具	其他,效率工具,在线服务	Apps在线服务	Apps在线服务。这里提供Apps的官方服务与相关信息，支持通过官网了解产品、功能、使用方式及最新动态；具体服务范围、开放地区和使用规则请以官方网站当前页面为准。官方网站：apps.apple.com。	https://apps.apple.com/us/app/id1580599572	是
Slowby	Slowby	工具	其他,效率工具,在线服务	Slowby在线服务	Slowby在线服务。这里提供Slowby的官方服务与相关信息，支持通过官网了解产品、功能、使用方式及最新动态；具体服务范围、开放地区和使用规则请以官方网站当前页面为准。官方网站：slowby.travel。	https://www.slowby.travel	是
Time To Decimal	Time To Decimal	工具	其他,效率工具,在线服务	Time To Decimal在线服务	Time To Decimal在线服务。这里提供Time To Decimal的官方服务与相关信息，支持通过官网了解产品、功能、使用方式及最新动态；具体服务范围、开放地区和使用规则请以官方网站当前页面为准。官方网站：time-to-decimal.org。	https://time-to-decimal.org	是
Time	Time	工具	其他,效率工具,在线服务	Time在线服务	Time在线服务。这里提供Time的官方服务与相关信息，支持通过官网了解产品、功能、使用方式及最新动态；具体服务范围、开放地区和使用规则请以官方网站当前页面为准。官方网站：time.is。	https://time.is	是
Windy	Windy	工具	其他,效率工具,在线服务	Windy在线服务	Windy在线服务。这里提供Windy的官方服务与相关信息，支持通过官网了解产品、功能、使用方式及最新动态；具体服务范围、开放地区和使用规则请以官方网站当前页面为准。官方网站：windy.com。	https://www.windy.com	是
Zoom	Zoom	工具	其他,效率工具,在线服务	Zoom在线服务	Zoom在线服务。这里提供Zoom的官方服务与相关信息，支持通过官网了解产品、功能、使用方式及最新动态；具体服务范围、开放地区和使用规则请以官方网站当前页面为准。官方网站：zoom.earth。	https://zoom.earth	是
Earth	Earth	教育	在线学习,效率工具	Earth在线服务	Earth在线服务。这里提供Earth的官方服务与相关信息，支持通过官网了解产品、功能、使用方式及最新动态；具体服务范围、开放地区和使用规则请以官方网站当前页面为准。官方网站：earth.nullschool.net。	https://earth.nullschool.net	是
Openweathermap	Openweathermap	工具	其他,效率工具,在线服务	Openweathermap在线服务	Openweathermap在线服务。这里提供Openweathermap的官方服务与相关信息，支持通过官网了解产品、功能、使用方式及最新动态；具体服务范围、开放地区和使用规则请以官方网站当前页面为准。官方网站：openweathermap.org。	https://openweathermap.org	是
Skyscanner	Skyscanner	工具	其他,效率工具,在线服务	Skyscanner在线服务	Skyscanner在线服务。这里提供Skyscanner的官方服务与相关信息，支持通过官网了解产品、功能、使用方式及最新动态；具体服务范围、开放地区和使用规则请以官方网站当前页面为准。官方网站：skyscanner.co.in。	https://www.skyscanner.co.in	是
Radiosondy	Radiosondy	工具	其他,效率工具,在线服务	Radiosondy在线服务	Radiosondy在线服务。这里提供Radiosondy的官方服务与相关信息，支持通过官网了解产品、功能、使用方式及最新动态；具体服务范围、开放地区和使用规则请以官方网站当前页面为准。官方网站：radiosondy.info。	https://radiosondy.info	是
Puzzle Loop	Puzzle Loop	工具	其他,效率工具,在线服务	Puzzle Loop在线服务	Puzzle Loop在线服务。这里提供Puzzle Loop的官方服务与相关信息，支持通过官网了解产品、功能、使用方式及最新动态；具体服务范围、开放地区和使用规则请以官方网站当前页面为准。官方网站：puzzle-loop.com。	https://www.puzzle-loop.com	是
Innerbody	Innerbody	工具	其他,效率工具,在线服务	Innerbody在线服务	Innerbody在线服务。这里提供Innerbody的官方服务与相关信息，支持通过官网了解产品、功能、使用方式及最新动态；具体服务范围、开放地区和使用规则请以官方网站当前页面为准。官方网站：innerbody.com。	https://www.innerbody.com	是
Sleepcalculator	Sleepcalculator	工具	其他,效率工具,在线服务	Sleepcalculator在线服务	Sleepcalculator在线服务。这里提供Sleepcalculator的官方服务与相关信息，支持通过官网了解产品、功能、使用方式及最新动态；具体服务范围、开放地区和使用规则请以官方网站当前页面为准。官方网站：sleepcalculator.com。	https://sleepcalculator.com	是
Strobe	Strobe	工具	其他,效率工具,在线服务	Strobe在线服务	Strobe在线服务。这里提供Strobe的官方服务与相关信息，支持通过官网了解产品、功能、使用方式及最新动态；具体服务范围、开放地区和使用规则请以官方网站当前页面为准。官方网站：strobe.cool。	https://strobe.cool	是
Futureme	Futureme	工具	其他,效率工具,在线服务	Futureme在线服务	Futureme在线服务。这里提供Futureme的官方服务与相关信息，支持通过官网了解产品、功能、使用方式及最新动态；具体服务范围、开放地区和使用规则请以官方网站当前页面为准。官方网站：futureme.org。	https://www.futureme.org	是
Gobento	Gobento	工具	其他,效率工具,在线服务	Gobento在线服务	Gobento在线服务。这里提供Gobento的官方服务与相关信息，支持通过官网了解产品、功能、使用方式及最新动态；具体服务范围、开放地区和使用规则请以官方网站当前页面为准。官方网站：gobento.com。	https://www.gobento.com	是
Gosimplelab	Gosimplelab	工具	其他,效率工具,在线服务	Gosimplelab在线服务	Gosimplelab在线服务。这里提供Gosimplelab的官方服务与相关信息，支持通过官网了解产品、功能、使用方式及最新动态；具体服务范围、开放地区和使用规则请以官方网站当前页面为准。官方网站：gosimplelab.com。	https://gosimplelab.com	是
Sleepcalculatorapp	Sleepcalculatorapp	工具	其他,效率工具,在线服务	Sleepcalculatorapp在线服务	Sleepcalculatorapp在线服务。这里提供Sleepcalculatorapp的官方服务与相关信息，支持通过官网了解产品、功能、使用方式及最新动态；具体服务范围、开放地区和使用规则请以官方网站当前页面为准。官方网站：sleepcalculatorapp.com。	https://sleepcalculatorapp.com	是
Waqi	Waqi	工具	其他,效率工具,在线服务	Waqi在线服务	Waqi在线服务。这里提供Waqi的官方服务与相关信息，支持通过官网了解产品、功能、使用方式及最新动态；具体服务范围、开放地区和使用规则请以官方网站当前页面为准。官方网站：waqi.info。	https://waqi.info	是
Musclewiki	Musclewiki	工具	其他,效率工具,在线服务	Musclewiki在线服务	Musclewiki在线服务。这里提供Musclewiki的官方服务与相关信息，支持通过官网了解产品、功能、使用方式及最新动态；具体服务范围、开放地区和使用规则请以官方网站当前页面为准。官方网站：musclewiki.com。	https://musclewiki.com	是
Sleep Estimator	Sleep Estimator	工具	其他,效率工具,在线服务	Sleep Estimator在线服务	Sleep Estimator在线服务。这里提供Sleep Estimator的官方服务与相关信息，支持通过官网了解产品、功能、使用方式及最新动态；具体服务范围、开放地区和使用规则请以官方网站当前页面为准。官方网站：sleep-estimator.com。	https://www.sleep-estimator.com	是
Guzey	Guzey	工具	其他,效率工具,在线服务	Guzey在线服务	Guzey在线服务。这里提供Guzey的官方服务与相关信息，支持通过官网了解产品、功能、使用方式及最新动态；具体服务范围、开放地区和使用规则请以官方网站当前页面为准。官方网站：guzey.com。	https://guzey.com/personal/what-should-you-do-with-your-life	是
Jinay	Jinay	开发	编程开发,效率工具	Jinay在线服务	Jinay在线服务。这里提供Jinay的官方服务与相关信息，支持通过官网了解产品、功能、使用方式及最新动态；具体服务范围、开放地区和使用规则请以官方网站当前页面为准。官方网站：jinay.dev。	https://jinay.dev/just-a-minute	是
Berkeleyearth	Berkeleyearth	工具	其他,效率工具,在线服务	Berkeleyearth在线服务	Berkeleyearth在线服务。这里提供Berkeleyearth的官方服务与相关信息，支持通过官网了解产品、功能、使用方式及最新动态；具体服务范围、开放地区和使用规则请以官方网站当前页面为准。官方网站：berkeleyearth.org。	http://berkeleyearth.org	是
Airindex	Airindex	AI	AI,效率工具	Airindex在线服务	Airindex在线服务。这里提供Airindex的官方服务与相关信息，支持通过官网了解产品、功能、使用方式及最新动态；具体服务范围、开放地区和使用规则请以官方网站当前页面为准。官方网站：airindex.eea.europa.eu。	http://airindex.eea.europa.eu	是
Npic	Npic	教育	在线学习,效率工具	Npic在线服务	Npic在线服务。这里提供Npic的官方服务与相关信息，支持通过官网了解产品、功能、使用方式及最新动态；具体服务范围、开放地区和使用规则请以官方网站当前页面为准。官方网站：npic.orst.edu。	https://npic.orst.edu	是
Sleeptimecalculator	Sleeptimecalculator	工具	其他,效率工具,在线服务	Sleeptimecalculator在线服务	Sleeptimecalculator在线服务。这里提供Sleeptimecalculator的官方服务与相关信息，支持通过官网了解产品、功能、使用方式及最新动态；具体服务范围、开放地区和使用规则请以官方网站当前页面为准。官方网站：sleeptimecalculator.org。	https://www.sleeptimecalculator.org	是
Mp3cut	Mp3cut	工具	其他,效率工具,在线服务	Mp3cut在线服务	Mp3cut在线服务。这里提供Mp3cut的官方服务与相关信息，支持通过官网了解产品、功能、使用方式及最新动态；具体服务范围、开放地区和使用规则请以官方网站当前页面为准。官方网站：mp3cut.net。	https://mp3cut.net	是
Musiclab	Musiclab	工具	其他,效率工具,在线服务	Musiclab在线服务	Musiclab在线服务。这里提供Musiclab的官方服务与相关信息，支持通过官网了解产品、功能、使用方式及最新动态；具体服务范围、开放地区和使用规则请以官方网站当前页面为准。官方网站：musiclab.chromeexperiments.com。	https://musiclab.chromeexperiments.com/experiments	是
Onlinetonegenerator	Onlinetonegenerator	工具	其他,效率工具,在线服务	Onlinetonegenerator在线服务	Onlinetonegenerator在线服务。这里提供Onlinetonegenerator的官方服务与相关信息，支持通过官网了解产品、功能、使用方式及最新动态；具体服务范围、开放地区和使用规则请以官方网站当前页面为准。官方网站：onlinetonegenerator.com。	https://onlinetonegenerator.com	是
Everynoise	Everynoise	工具	其他,效率工具,在线服务	Everynoise在线服务	Everynoise在线服务。这里提供Everynoise的官方服务与相关信息，支持通过官网了解产品、功能、使用方式及最新动态；具体服务范围、开放地区和使用规则请以官方网站当前页面为准。官方网站：everynoise.com。	https://everynoise.com	是
Music	Music	工具	其他,效率工具,在线服务	Music在线服务	Music在线服务。这里提供Music的官方服务与相关信息，支持通过官网了解产品、功能、使用方式及最新动态；具体服务范围、开放地区和使用规则请以官方网站当前页面为准。官方网站：music.tello.app。	https://music.tello.app	是
Moises	Moises	AI	AI,效率工具	Moises在线服务	Moises在线服务。这里提供Moises的官方服务与相关信息，支持通过官网了解产品、功能、使用方式及最新动态；具体服务范围、开放地区和使用规则请以官方网站当前页面为准。官方网站：moises.ai。	https://moises.ai	是
Mp3gain	Mp3gain	AI	AI,效率工具	Mp3gain在线服务	Mp3gain在线服务。这里提供Mp3gain的官方服务与相关信息，支持通过官网了解产品、功能、使用方式及最新动态；具体服务范围、开放地区和使用规则请以官方网站当前页面为准。官方网站：mp3gain.flowsoft7.com。	https://mp3gain.flowsoft7.com	是
Drumeo	Drumeo	工具	其他,效率工具,在线服务	Drumeo在线服务	Drumeo在线服务。这里提供Drumeo的官方服务与相关信息，支持通过官网了解产品、功能、使用方式及最新动态；具体服务范围、开放地区和使用规则请以官方网站当前页面为准。官方网站：drumeo.com。	https://www.drumeo.com	是
Bandura	Bandura	工具	其他,效率工具,在线服务	Bandura在线服务	Bandura在线服务。这里提供Bandura的官方服务与相关信息，支持通过官网了解产品、功能、使用方式及最新动态；具体服务范围、开放地区和使用规则请以官方网站当前页面为准。官方网站：bandura.ukrzen.in.ua。	https://bandura.ukrzen.in.ua/en	是
Healthyyards	Healthyyards	工具	其他,效率工具,在线服务	Healthyyards在线服务	Healthyyards在线服务。这里提供Healthyyards的官方服务与相关信息，支持通过官网了解产品、功能、使用方式及最新动态；具体服务范围、开放地区和使用规则请以官方网站当前页面为准。官方网站：healthyyards.org。	https://healthyyards.org	是
Soundlove	Soundlove	工具	其他,效率工具,在线服务	Soundlove在线服务	Soundlove在线服务。这里提供Soundlove的官方服务与相关信息，支持通过官网了解产品、功能、使用方式及最新动态；具体服务范围、开放地区和使用规则请以官方网站当前页面为准。官方网站：soundlove.se。	https://soundlove.se	是
Downloads	Downloads	工具	其他,效率工具,在线服务	Downloads在线服务	Downloads在线服务。这里提供Downloads的官方服务与相关信息，支持通过官网了解产品、功能、使用方式及最新动态；具体服务范围、开放地区和使用规则请以官方网站当前页面为准。官方网站：downloads.khinsider.com。	https://downloads.khinsider.com	是
Typatone	Typatone	工具	其他,效率工具,在线服务	Typatone在线服务	Typatone在线服务。这里提供Typatone的官方服务与相关信息，支持通过官网了解产品、功能、使用方式及最新动态；具体服务范围、开放地区和使用规则请以官方网站当前页面为准。官方网站：typatone.com。	https://typatone.com	是
Learnchoralmusic	Learnchoralmusic	教育	在线学习,效率工具	Learnchoralmusic在线服务	Learnchoralmusic在线服务。这里提供Learnchoralmusic的官方服务与相关信息，支持通过官网了解产品、功能、使用方式及最新动态；具体服务范围、开放地区和使用规则请以官方网站当前页面为准。官方网站：learnchoralmusic.co.uk。	https://www.learnchoralmusic.co.uk	是
Audiocheck	Audiocheck	工具	其他,效率工具,在线服务	Audiocheck在线服务	Audiocheck在线服务。这里提供Audiocheck的官方服务与相关信息，支持通过官网了解产品、功能、使用方式及最新动态；具体服务范围、开放地区和使用规则请以官方网站当前页面为准。官方网站：audiocheck.net。	https://www.audiocheck.net	是
Omnichordonline	Omnichordonline	工具	其他,效率工具,在线服务	Omnichordonline在线服务	Omnichordonline在线服务。这里提供Omnichordonline的官方服务与相关信息，支持通过官网了解产品、功能、使用方式及最新动态；具体服务范围、开放地区和使用规则请以官方网站当前页面为准。官方网站：omnichordonline.com。	https://www.omnichordonline.com	是
Tonalux	Tonalux	工具	其他,效率工具,在线服务	Tonalux在线服务	Tonalux在线服务。这里提供Tonalux的官方服务与相关信息，支持通过官网了解产品、功能、使用方式及最新动态；具体服务范围、开放地区和使用规则请以官方网站当前页面为准。官方网站：tonalux.org。	https://tonalux.org	是
Audd	Audd	工具	其他,效率工具,在线服务	Audd在线服务	Audd在线服务。这里提供Audd的官方服务与相关信息，支持通过官网了解产品、功能、使用方式及最新动态；具体服务范围、开放地区和使用规则请以官方网站当前页面为准。官方网站：audd.io。	https://audd.io	是
Pretzel	Pretzel	工具	其他,效率工具,在线服务	Pretzel在线服务	Pretzel在线服务。这里提供Pretzel的官方服务与相关信息，支持通过官网了解产品、功能、使用方式及最新动态；具体服务范围、开放地区和使用规则请以官方网站当前页面为准。官方网站：pretzel.rocks。	https://www.pretzel.rocks	是
Incompetech	Incompetech	工具	其他,效率工具,在线服务	Incompetech在线服务	Incompetech在线服务。这里提供Incompetech的官方服务与相关信息，支持通过官网了解产品、功能、使用方式及最新动态；具体服务范围、开放地区和使用规则请以官方网站当前页面为准。官方网站：incompetech.com。	https://incompetech.com	是
Asmrmicrophones	Asmrmicrophones	工具	其他,效率工具,在线服务	Asmrmicrophones在线服务	Asmrmicrophones在线服务。这里提供Asmrmicrophones的官方服务与相关信息，支持通过官网了解产品、功能、使用方式及最新动态；具体服务范围、开放地区和使用规则请以官方网站当前页面为准。官方网站：asmrmicrophones.com。	https://asmrmicrophones.com	是
Teoria	Teoria	工具	其他,效率工具,在线服务	Teoria在线服务	Teoria在线服务。这里提供Teoria的官方服务与相关信息，支持通过官网了解产品、功能、使用方式及最新动态；具体服务范围、开放地区和使用规则请以官方网站当前页面为准。官方网站：teoria.com。	https://www.teoria.com	是
Naim30	Naim30	AI	AI,效率工具	Naim30在线服务	Naim30在线服务。这里提供Naim30的官方服务与相关信息，支持通过官网了解产品、功能、使用方式及最新动态；具体服务范围、开放地区和使用规则请以官方网站当前页面为准。官方网站：naim30.github.io。	https://naim30.github.io/soundrop	是
Rainymood	Rainymood	AI	AI,效率工具	Rainymood在线服务	Rainymood在线服务。这里提供Rainymood的官方服务与相关信息，支持通过官网了解产品、功能、使用方式及最新动态；具体服务范围、开放地区和使用规则请以官方网站当前页面为准。官方网站：rainymood.com。	https://rainymood.com	是
Lalal	Lalal	AI	AI,效率工具	Lalal在线服务	Lalal在线服务。这里提供Lalal的官方服务与相关信息，支持通过官网了解产品、功能、使用方式及最新动态；具体服务范围、开放地区和使用规则请以官方网站当前页面为准。官方网站：lalal.ai。	https://www.lalal.ai	是
Noisli	Noisli	工具	其他,效率工具,在线服务	Noisli在线服务	Noisli在线服务。这里提供Noisli的官方服务与相关信息，支持通过官网了解产品、功能、使用方式及最新动态；具体服务范围、开放地区和使用规则请以官方网站当前页面为准。官方网站：noisli.com。	https://www.noisli.com	是
Rhymer	Rhymer	工具	其他,效率工具,在线服务	Rhymer在线服务	Rhymer在线服务。这里提供Rhymer的官方服务与相关信息，支持通过官网了解产品、功能、使用方式及最新动态；具体服务范围、开放地区和使用规则请以官方网站当前页面为准。官方网站：rhymer.com。	https://rhymer.com	是
Musictheory	Musictheory	工具	其他,效率工具,在线服务	Musictheory在线服务	Musictheory在线服务。这里提供Musictheory的官方服务与相关信息，支持通过官网了解产品、功能、使用方式及最新动态；具体服务范围、开放地区和使用规则请以官方网站当前页面为准。官方网站：musictheory.net。	https://www.musictheory.net	是
Imisstheoffice	Imisstheoffice	工具	其他,效率工具,在线服务	Imisstheoffice在线服务	Imisstheoffice在线服务。这里提供Imisstheoffice的官方服务与相关信息，支持通过官网了解产品、功能、使用方式及最新动态；具体服务范围、开放地区和使用规则请以官方网站当前页面为准。官方网站：imisstheoffice.eu。	https://imisstheoffice.eu	是
Tunemymusic	Tunemymusic	工具	其他,效率工具,在线服务	Tunemymusic在线服务	Tunemymusic在线服务。这里提供Tunemymusic的官方服务与相关信息，支持通过官网了解产品、功能、使用方式及最新动态；具体服务范围、开放地区和使用规则请以官方网站当前页面为准。官方网站：tunemymusic.com。	https://www.tunemymusic.com	是
Discoverifymusic	Discoverifymusic	工具	其他,效率工具,在线服务	Discoverifymusic在线服务	Discoverifymusic在线服务。这里提供Discoverifymusic的官方服务与相关信息，支持通过官网了解产品、功能、使用方式及最新动态；具体服务范围、开放地区和使用规则请以官方网站当前页面为准。官方网站：discoverifymusic.com。	https://www.discoverifymusic.com/login	是
Hiddenliferadio	Hiddenliferadio	工具	其他,效率工具,在线服务	Hiddenliferadio在线服务	Hiddenliferadio在线服务。这里提供Hiddenliferadio的官方服务与相关信息，支持通过官网了解产品、功能、使用方式及最新动态；具体服务范围、开放地区和使用规则请以官方网站当前页面为准。官方网站：hiddenliferadio.com。	https://hiddenliferadio.com	是
Kanopy	Kanopy	工具	其他,效率工具,在线服务	Kanopy在线服务	Kanopy在线服务。这里提供Kanopy的官方服务与相关信息，支持通过官网了解产品、功能、使用方式及最新动态；具体服务范围、开放地区和使用规则请以官方网站当前页面为准。官方网站：kanopy.com。	https://www.kanopy.com/en	是
Tiii	Tiii	工具	其他,效率工具,在线服务	Tiii在线服务	Tiii在线服务。这里提供Tiii的官方服务与相关信息，支持通过官网了解产品、功能、使用方式及最新动态；具体服务范围、开放地区和使用规则请以官方网站当前页面为准。官方网站：tiii.me。	https://tiii.me	是
Moviesettingsdatabase	Moviesettingsdatabase	工具	其他,效率工具,在线服务	Moviesettingsdatabase在线服务	Moviesettingsdatabase在线服务。这里提供Moviesettingsdatabase的官方服务与相关信息，支持通过官网了解产品、功能、使用方式及最新动态；具体服务范围、开放地区和使用规则请以官方网站当前页面为准。官方网站：moviesettingsdatabase.com。	https://www.moviesettingsdatabase.com	是
Allaboutmusictheory	Allaboutmusictheory	工具	其他,效率工具,在线服务	Allaboutmusictheory在线服务	Allaboutmusictheory在线服务。这里提供Allaboutmusictheory的官方服务与相关信息，支持通过官网了解产品、功能、使用方式及最新动态；具体服务范围、开放地区和使用规则请以官方网站当前页面为准。官方网站：allaboutmusictheory.com。	https://www.allaboutmusictheory.com	是
Physicsinfilmandtv	Physicsinfilmandtv	工具	其他,效率工具,在线服务	Physicsinfilmandtv在线服务	Physicsinfilmandtv在线服务。这里提供Physicsinfilmandtv的官方服务与相关信息，支持通过官网了解产品、功能、使用方式及最新动态；具体服务范围、开放地区和使用规则请以官方网站当前页面为准。官方网站：physicsinfilmandtv.wordpress.com。	https://physicsinfilmandtv.wordpress.com	是
Imsdb	Imsdb	工具	其他,效率工具,在线服务	Imsdb在线服务	Imsdb在线服务。这里提供Imsdb的官方服务与相关信息，支持通过官网了解产品、功能、使用方式及最新动态；具体服务范围、开放地区和使用规则请以官方网站当前页面为准。官方网站：imsdb.com。	https://imsdb.com	是
Watchdocumentaries	Watchdocumentaries	工具	其他,效率工具,在线服务	Watchdocumentaries在线服务	Watchdocumentaries在线服务。这里提供Watchdocumentaries的官方服务与相关信息，支持通过官网了解产品、功能、使用方式及最新动态；具体服务范围、开放地区和使用规则请以官方网站当前页面为准。官方网站：watchdocumentaries.com。	https://watchdocumentaries.com	是
Ihavenotv	Ihavenotv	工具	其他,效率工具,在线服务	Ihavenotv在线服务	Ihavenotv在线服务。这里提供Ihavenotv的官方服务与相关信息，支持通过官网了解产品、功能、使用方式及最新动态；具体服务范围、开放地区和使用规则请以官方网站当前页面为准。官方网站：ihavenotv.com。	https://ihavenotv.com	是
Chinesedramafree	Chinesedramafree	工具	其他,效率工具,在线服务	Chinesedramafree在线服务	Chinesedramafree在线服务。这里提供Chinesedramafree的官方服务与相关信息，支持通过官网了解产品、功能、使用方式及最新动态；具体服务范围、开放地区和使用规则请以官方网站当前页面为准。官方网站：chinesedramafree.com。	https://www.chinesedramafree.com	是
Pudding	Pudding	工具	其他,效率工具,在线服务	Pudding在线服务	Pudding在线服务。这里提供Pudding的官方服务与相关信息，支持通过官网了解产品、功能、使用方式及最新动态；具体服务范围、开放地区和使用规则请以官方网站当前页面为准。官方网站：pudding.cool。	https://pudding.cool/2020/12/judge-my-spotify	是
Rarefilm	Rarefilm	工具	其他,效率工具,在线服务	Rarefilm在线服务	Rarefilm在线服务。这里提供Rarefilm的官方服务与相关信息，支持通过官网了解产品、功能、使用方式及最新动态；具体服务范围、开放地区和使用规则请以官方网站当前页面为准。官方网站：rarefilm.net。	https://rarefilm.net	是
Kassellabs	Kassellabs	工具	其他,效率工具,在线服务	Kassellabs在线服务	Kassellabs在线服务。这里提供Kassellabs的官方服务与相关信息，支持通过官网了解产品、功能、使用方式及最新动态；具体服务范围、开放地区和使用规则请以官方网站当前页面为准。官方网站：kassellabs.io。	https://kassellabs.io	是
Aniketvartak	Aniketvartak	工具	其他,效率工具,在线服务	Aniketvartak在线服务	Aniketvartak在线服务。这里提供Aniketvartak的官方服务与相关信息，支持通过官网了解产品、功能、使用方式及最新动态；具体服务范围、开放地区和使用规则请以官方网站当前页面为准。官方网站：aniketvartak.com。	https://www.aniketvartak.com/html/hall-index.html	是
Shadowban	Shadowban	工具	其他,效率工具,在线服务	Shadowban在线服务	Shadowban在线服务。这里提供Shadowban的官方服务与相关信息，支持通过官网了解产品、功能、使用方式及最新动态；具体服务范围、开放地区和使用规则请以官方网站当前页面为准。官方网站：shadowban.yuzurisa.com。	https://shadowban.yuzurisa.com	是
Tastedive	Tastedive	工具	其他,效率工具,在线服务	Tastedive在线服务	Tastedive在线服务。这里提供Tastedive的官方服务与相关信息，支持通过官网了解产品、功能、使用方式及最新动态；具体服务范围、开放地区和使用规则请以官方网站当前页面为准。官方网站：tastedive.com。	https://tastedive.com	是
Lightyear	Lightyear	工具	其他,效率工具,在线服务	Lightyear在线服务	Lightyear在线服务。这里提供Lightyear的官方服务与相关信息，支持通过官网了解产品、功能、使用方式及最新动态；具体服务范围、开放地区和使用规则请以官方网站当前页面为准。官方网站：lightyear.fm。	https://www.lightyear.fm	是
Radiooooo	Radiooooo	工具	其他,效率工具,在线服务	Radiooooo在线服务	Radiooooo在线服务。这里提供Radiooooo的官方服务与相关信息，支持通过官网了解产品、功能、使用方式及最新动态；具体服务范围、开放地区和使用规则请以官方网站当前页面为准。官方网站：radiooooo.com。	https://radiooooo.com	是
Allyoucanread	Allyoucanread	工具	其他,效率工具,在线服务	Allyoucanread在线服务	Allyoucanread在线服务。这里提供Allyoucanread的官方服务与相关信息，支持通过官网了解产品、功能、使用方式及最新动态；具体服务范围、开放地区和使用规则请以官方网站当前页面为准。官方网站：allyoucanread.com。	https://www.allyoucanread.com	是
Karpathy	Karpathy	AI	AI,效率工具	Karpathy在线服务	Karpathy在线服务。这里提供Karpathy的官方服务与相关信息，支持通过官网了解产品、功能、使用方式及最新动态；具体服务范围、开放地区和使用规则请以官方网站当前页面为准。官方网站：karpathy.ai。	https://karpathy.ai/lexicap	是
Smallworld	Smallworld	工具	其他,效率工具,在线服务	Smallworld在线服务	Smallworld在线服务。这里提供Smallworld的官方服务与相关信息，支持通过官网了解产品、功能、使用方式及最新动态；具体服务范围、开放地区和使用规则请以官方网站当前页面为准。官方网站：smallworld.kiwi。	https://smallworld.kiwi/signin	是
Thumbly	Thumbly	AI	AI,效率工具	Thumbly在线服务	Thumbly在线服务。这里提供Thumbly的官方服务与相关信息，支持通过官网了解产品、功能、使用方式及最新动态；具体服务范围、开放地区和使用规则请以官方网站当前页面为准。官方网站：thumbly.ai。	https://thumbly.ai	是
Chirpty	Chirpty	工具	其他,效率工具,在线服务	Chirpty在线服务	Chirpty在线服务。这里提供Chirpty的官方服务与相关信息，支持通过官网了解产品、功能、使用方式及最新动态；具体服务范围、开放地区和使用规则请以官方网站当前页面为准。官方网站：chirpty.com。	https://chirpty.com	是
Unreadit	Unreadit	工具	其他,效率工具,在线服务	Unreadit在线服务	Unreadit在线服务。这里提供Unreadit的官方服务与相关信息，支持通过官网了解产品、功能、使用方式及最新动态；具体服务范围、开放地区和使用规则请以官方网站当前页面为准。官方网站：unreadit.com。	https://unreadit.com	是
Muskmessages	Muskmessages	工具	其他,效率工具,在线服务	Muskmessages在线服务	Muskmessages在线服务。这里提供Muskmessages的官方服务与相关信息，支持通过官网了解产品、功能、使用方式及最新动态；具体服务范围、开放地区和使用规则请以官方网站当前页面为准。官方网站：muskmessages.com。	https://muskmessages.com	是
Reveddit	Reveddit	工具	其他,效率工具,在线服务	Reveddit在线服务	Reveddit在线服务。这里提供Reveddit的官方服务与相关信息，支持通过官网了解产品、功能、使用方式及最新动态；具体服务范围、开放地区和使用规则请以官方网站当前页面为准。官方网站：reveddit.com。	https://www.reveddit.com/about	是
Gummysearch	Gummysearch	工具	其他,效率工具,在线服务	Gummysearch在线服务	Gummysearch在线服务。这里提供Gummysearch的官方服务与相关信息，支持通过官网了解产品、功能、使用方式及最新动态；具体服务范围、开放地区和使用规则请以官方网站当前页面为准。官方网站：gummysearch.com。	https://gummysearch.com	是
Betterredditsearch	Betterredditsearch	工具	其他,效率工具,在线服务	Betterredditsearch在线服务	Betterredditsearch在线服务。这里提供Betterredditsearch的官方服务与相关信息，支持通过官网了解产品、功能、使用方式及最新动态；具体服务范围、开放地区和使用规则请以官方网站当前页面为准。官方网站：betterredditsearch.web.app。	https://betterredditsearch.web.app	是
Anvaka	Anvaka	开发	编程开发,效率工具	Anvaka在线服务	Anvaka在线服务。这里提供Anvaka的官方服务与相关信息，支持通过官网了解产品、功能、使用方式及最新动态；具体服务范围、开放地区和使用规则请以官方网站当前页面为准。官方网站：anvaka.github.io。	https://anvaka.github.io/redsim	是
Edition	Edition	工具	其他,效率工具,在线服务	Edition在线服务	Edition在线服务。这里提供Edition的官方服务与相关信息，支持通过官网了解产品、功能、使用方式及最新动态；具体服务范围、开放地区和使用规则请以官方网站当前页面为准。官方网站：edition.cnn.com。	https://edition.cnn.com/markets/fear-and-greed	是
Freecodetools	Freecodetools	开发	编程开发,效率工具	Freecodetools在线服务	Freecodetools在线服务。这里提供Freecodetools的官方服务与相关信息，支持通过官网了解产品、功能、使用方式及最新动态；具体服务范围、开放地区和使用规则请以官方网站当前页面为准。官方网站：freecodetools.org。	https://freecodetools.org/twitter-card-generator	是
En	En	工具	其他,效率工具,在线服务	En在线服务	En在线服务。这里提供En的官方服务与相关信息，支持通过官网了解产品、功能、使用方式及最新动态；具体服务范围、开放地区和使用规则请以官方网站当前页面为准。官方网站：en.eurobilltracker.com。	https://en.eurobilltracker.com	是
Masterworks	Masterworks	工具	效率工具,在线服务	Masterworks在线服务	Masterworks在线服务。这里提供Masterworks的官方服务与相关信息，支持通过官网了解产品、功能、使用方式及最新动态；具体服务范围、开放地区和使用规则请以官方网站当前页面为准。官方网站：masterworks.com。	https://www.masterworks.com	是
Wtfhappenedin1971	Wtfhappenedin1971	工具	其他,效率工具,在线服务	Wtfhappenedin1971在线服务	Wtfhappenedin1971在线服务。这里提供Wtfhappenedin1971的官方服务与相关信息，支持通过官网了解产品、功能、使用方式及最新动态；具体服务范围、开放地区和使用规则请以官方网站当前页面为准。官方网站：wtfhappenedin1971.com。	https://wtfhappenedin1971.com	是
Equitybee	Equitybee	工具	其他,效率工具,在线服务	Equitybee在线服务	Equitybee在线服务。这里提供Equitybee的官方服务与相关信息，支持通过官网了解产品、功能、使用方式及最新动态；具体服务范围、开放地区和使用规则请以官方网站当前页面为准。官方网站：equitybee.com。	https://equitybee.com	是
Equityzen	Equityzen	工具	其他,效率工具,在线服务	Equityzen在线服务	Equityzen在线服务。这里提供Equityzen的官方服务与相关信息，支持通过官网了解产品、功能、使用方式及最新动态；具体服务范围、开放地区和使用规则请以官方网站当前页面为准。官方网站：equityzen.com。	https://equityzen.com	是
Crunchbase	Crunchbase	工具	其他,效率工具,在线服务	Crunchbase在线服务	Crunchbase在线服务。这里提供Crunchbase的官方服务与相关信息，支持通过官网了解产品、功能、使用方式及最新动态；具体服务范围、开放地区和使用规则请以官方网站当前页面为准。官方网站：crunchbase.com。	https://www.crunchbase.com	是
Ergodicityeconomics	Ergodicityeconomics	工具	其他,效率工具,在线服务	Ergodicityeconomics在线服务	Ergodicityeconomics在线服务。这里提供Ergodicityeconomics的官方服务与相关信息，支持通过官网了解产品、功能、使用方式及最新动态；具体服务范围、开放地区和使用规则请以官方网站当前页面为准。官方网站：ergodicityeconomics.com。	https://ergodicityeconomics.com	是
Bmtoolbox	Bmtoolbox	工具	其他,效率工具,在线服务	Bmtoolbox在线服务	Bmtoolbox在线服务。这里提供Bmtoolbox的官方服务与相关信息，支持通过官网了解产品、功能、使用方式及最新动态；具体服务范围、开放地区和使用规则请以官方网站当前页面为准。官方网站：bmtoolbox.net。	https://bmtoolbox.net	是
Joinhoney	Joinhoney	工具	其他,效率工具,在线服务	Joinhoney在线服务	Joinhoney在线服务。这里提供Joinhoney的官方服务与相关信息，支持通过官网了解产品、功能、使用方式及最新动态；具体服务范围、开放地区和使用规则请以官方网站当前页面为准。官方网站：joinhoney.com。	https://www.joinhoney.com	是
Figr	Figr	工具	其他,效率工具,在线服务	Figr在线服务	Figr在线服务。这里提供Figr的官方服务与相关信息，支持通过官网了解产品、功能、使用方式及最新动态；具体服务范围、开放地区和使用规则请以官方网站当前页面为准。官方网站：figr.app。	https://www.figr.app	是
Certificateclaim	Certificateclaim	AI	AI,效率工具	Certificateclaim在线服务	Certificateclaim在线服务。这里提供Certificateclaim的官方服务与相关信息，支持通过官网了解产品、功能、使用方式及最新动态；具体服务范围、开放地区和使用规则请以官方网站当前页面为准。官方网站：certificateclaim.com。	https://www.certificateclaim.com	是
Pipl	Pipl	工具	其他,效率工具,在线服务	Pipl在线服务	Pipl在线服务。这里提供Pipl的官方服务与相关信息，支持通过官网了解产品、功能、使用方式及最新动态；具体服务范围、开放地区和使用规则请以官方网站当前页面为准。官方网站：pipl.com。	https://pipl.com	是
When2meet	When2meet	工具	效率工具,在线服务	When2meet在线服务	When2meet在线服务。这里提供When2meet的官方服务与相关信息，支持通过官网了解产品、功能、使用方式及最新动态；具体服务范围、开放地区和使用规则请以官方网站当前页面为准。官方网站：when2meet.com。	https://www.when2meet.com	是
Respresso	Respresso	工具	其他,效率工具,在线服务	Respresso在线服务	Respresso在线服务。这里提供Respresso的官方服务与相关信息，支持通过官网了解产品、功能、使用方式及最新动态；具体服务范围、开放地区和使用规则请以官方网站当前页面为准。官方网站：respresso.io。	https://respresso.io	是
Ycombinator	Ycombinator	工具	其他,效率工具,在线服务	Ycombinator在线服务	Ycombinator在线服务。这里提供Ycombinator的官方服务与相关信息，支持通过官网了解产品、功能、使用方式及最新动态；具体服务范围、开放地区和使用规则请以官方网站当前页面为准。官方网站：ycombinator.com。	https://www.ycombinator.com/jobs	是
Jobs	Jobs	工具	其他,效率工具,在线服务	Jobs在线服务	Jobs在线服务。这里提供Jobs的官方服务与相关信息，支持通过官网了解产品、功能、使用方式及最新动态；具体服务范围、开放地区和使用规则请以官方网站当前页面为准。官方网站：jobs.hanzilla.co。	https://jobs.hanzilla.co	是
Statista	Statista	工具	其他,效率工具,在线服务	Statista在线服务	Statista在线服务。这里提供Statista的官方服务与相关信息，支持通过官网了解产品、功能、使用方式及最新动态；具体服务范围、开放地区和使用规则请以官方网站当前页面为准。官方网站：statista.com。	https://www.statista.com	是
Formtochatbot	Formtochatbot	工具	效率工具,在线服务	Formtochatbot在线服务	Formtochatbot在线服务。这里提供Formtochatbot的官方服务与相关信息，支持通过官网了解产品、功能、使用方式及最新动态；具体服务范围、开放地区和使用规则请以官方网站当前页面为准。官方网站：formtochatbot.com。	https://formtochatbot.com	是
Patentscope	Patentscope	工具	其他,效率工具,在线服务	Patentscope在线服务	Patentscope在线服务。这里提供Patentscope的官方服务与相关信息，支持通过官网了解产品、功能、使用方式及最新动态；具体服务范围、开放地区和使用规则请以官方网站当前页面为准。官方网站：patentscope.wipo.int。	https://patentscope.wipo.int/search/en/search.jsf	是
Aidevboard	Aidevboard	AI	AI,效率工具	Aidevboard在线服务	Aidevboard在线服务。这里提供Aidevboard的官方服务与相关信息，支持通过官网了解产品、功能、使用方式及最新动态；具体服务范围、开放地区和使用规则请以官方网站当前页面为准。官方网站：aidevboard.com。	https://aidevboard.com	是
Rejected	Rejected	工具	其他,效率工具,在线服务	Rejected在线服务	Rejected在线服务。这里提供Rejected的官方服务与相关信息，支持通过官网了解产品、功能、使用方式及最新动态；具体服务范围、开放地区和使用规则请以官方网站当前页面为准。官方网站：rejected.us。	https://rejected.us	是
Anonfriendly	Anonfriendly	工具	其他,效率工具,在线服务	Anonfriendly在线服务	Anonfriendly在线服务。这里提供Anonfriendly的官方服务与相关信息，支持通过官网了解产品、功能、使用方式及最新动态；具体服务范围、开放地区和使用规则请以官方网站当前页面为准。官方网站：anonfriendly.com。	https://anonfriendly.com	是
Coolstartupjobs	Coolstartupjobs	工具	其他,效率工具,在线服务	Coolstartupjobs在线服务	Coolstartupjobs在线服务。这里提供Coolstartupjobs的官方服务与相关信息，支持通过官网了解产品、功能、使用方式及最新动态；具体服务范围、开放地区和使用规则请以官方网站当前页面为准。官方网站：coolstartupjobs.com。	https://www.coolstartupjobs.com	是
Remoteok	Remoteok	工具	其他,效率工具,在线服务	Remoteok在线服务	Remoteok在线服务。这里提供Remoteok的官方服务与相关信息，支持通过官网了解产品、功能、使用方式及最新动态；具体服务范围、开放地区和使用规则请以官方网站当前页面为准。官方网站：remoteok.com。	https://remoteok.com	是
Techinterviewhandbook	Techinterviewhandbook	工具	其他,效率工具,在线服务	Techinterviewhandbook在线服务	Techinterviewhandbook在线服务。这里提供Techinterviewhandbook的官方服务与相关信息，支持通过官网了解产品、功能、使用方式及最新动态；具体服务范围、开放地区和使用规则请以官方网站当前页面为准。官方网站：techinterviewhandbook.org。	https://www.techinterviewhandbook.org	是
Remotebear	Remotebear	工具	其他,效率工具,在线服务	Remotebear在线服务	Remotebear在线服务。这里提供Remotebear的官方服务与相关信息，支持通过官网了解产品、功能、使用方式及最新动态；具体服务范围、开放地区和使用规则请以官方网站当前页面为准。官方网站：remotebear.io。	https://remotebear.io	是
Remotebase	Remotebase	工具	其他,效率工具,在线服务	Remotebase在线服务	Remotebase在线服务。这里提供Remotebase的官方服务与相关信息，支持通过官网了解产品、功能、使用方式及最新动态；具体服务范围、开放地区和使用规则请以官方网站当前页面为准。官方网站：remotebase.com。	https://remotebase.com	是
Remoteleaf	Remoteleaf	工具	其他,效率工具,在线服务	Remoteleaf在线服务	Remoteleaf在线服务。这里提供Remoteleaf的官方服务与相关信息，支持通过官网了解产品、功能、使用方式及最新动态；具体服务范围、开放地区和使用规则请以官方网站当前页面为准。官方网站：remoteleaf.com。	https://remoteleaf.com	是
Remoteleads	Remoteleads	工具	其他,效率工具,在线服务	Remoteleads在线服务	Remoteleads在线服务。这里提供Remoteleads的官方服务与相关信息，支持通过官网了解产品、功能、使用方式及最新动态；具体服务范围、开放地区和使用规则请以官方网站当前页面为准。官方网站：remoteleads.io。	https://remoteleads.io	是
Remote	Remote	工具	其他,效率工具,在线服务	Remote在线服务	Remote在线服务。这里提供Remote的官方服务与相关信息，支持通过官网了解产品、功能、使用方式及最新动态；具体服务范围、开放地区和使用规则请以官方网站当前页面为准。官方网站：remote.co。	https://remote.co	是
Prompt Engineering Jobs	Prompt Engineering Jobs	工具	其他,效率工具,在线服务	Prompt Engineering Jobs在线服务	Prompt Engineering Jobs在线服务。这里提供Prompt Engineering Jobs的官方服务与相关信息，支持通过官网了解产品、功能、使用方式及最新动态；具体服务范围、开放地区和使用规则请以官方网站当前页面为准。官方网站：prompt-engineering-jobs.com。	https://prompt-engineering-jobs.com	是
Powertofly	Powertofly	工具	其他,效率工具,在线服务	Powertofly在线服务	Powertofly在线服务。这里提供Powertofly的官方服务与相关信息，支持通过官网了解产品、功能、使用方式及最新动态；具体服务范围、开放地区和使用规则请以官方网站当前页面为准。官方网站：powertofly.com。	https://powertofly.com	是
Justremote	Justremote	工具	其他,效率工具,在线服务	Justremote在线服务	Justremote在线服务。这里提供Justremote的官方服务与相关信息，支持通过官网了解产品、功能、使用方式及最新动态；具体服务范围、开放地区和使用规则请以官方网站当前页面为准。官方网站：justremote.co。	https://justremote.co	是
Justjoin	Justjoin	工具	其他,效率工具,在线服务	Justjoin在线服务	Justjoin在线服务。这里提供Justjoin的官方服务与相关信息，支持通过官网了解产品、功能、使用方式及最新动态；具体服务范围、开放地区和使用规则请以官方网站当前页面为准。官方网站：justjoin.it。	https://justjoin.it	是
Authenticjobs	Authenticjobs	工具	其他,效率工具,在线服务	Authenticjobs在线服务	Authenticjobs在线服务。这里提供Authenticjobs的官方服务与相关信息，支持通过官网了解产品、功能、使用方式及最新动态；具体服务范围、开放地区和使用规则请以官方网站当前页面为准。官方网站：authenticjobs.com。	https://authenticjobs.com	是
Benture	Benture	工具	其他,效率工具,在线服务	Benture在线服务	Benture在线服务。这里提供Benture的官方服务与相关信息，支持通过官网了解产品、功能、使用方式及最新动态；具体服务范围、开放地区和使用规则请以官方网站当前页面为准。官方网站：benture.io。	https://benture.io	是
Remotestarterkit	Remotestarterkit	工具	其他,效率工具,在线服务	Remotestarterkit在线服务	Remotestarterkit在线服务。这里提供Remotestarterkit的官方服务与相关信息，支持通过官网了解产品、功能、使用方式及最新动态；具体服务范围、开放地区和使用规则请以官方网站当前页面为准。官方网站：remotestarterkit.com。	https://www.remotestarterkit.com	是
Jsremotely	Jsremotely	工具	其他,效率工具,在线服务	Jsremotely在线服务	Jsremotely在线服务。这里提供Jsremotely的官方服务与相关信息，支持通过官网了解产品、功能、使用方式及最新动态；具体服务范围、开放地区和使用规则请以官方网站当前页面为准。官方网站：jsremotely.com。	https://jsremotely.com	是
Angel	Angel	工具	其他,效率工具,在线服务	Angel在线服务	Angel在线服务。这里提供Angel的官方服务与相关信息，支持通过官网了解产品、功能、使用方式及最新动态；具体服务范围、开放地区和使用规则请以官方网站当前页面为准。官方网站：angel.co。	https://angel.co/candidates/overview	是
Goodcv	Goodcv	工具	其他,效率工具,在线服务	Goodcv在线服务	Goodcv在线服务。这里提供Goodcv的官方服务与相关信息，支持通过官网了解产品、功能、使用方式及最新动态；具体服务范围、开放地区和使用规则请以官方网站当前页面为准。官方网站：goodcv.com。	https://www.goodcv.com	是
Workingnomads	Workingnomads	工具	效率工具,在线服务	Workingnomads在线服务	Workingnomads在线服务。这里提供Workingnomads的官方服务与相关信息，支持通过官网了解产品、功能、使用方式及最新动态；具体服务范围、开放地区和使用规则请以官方网站当前页面为准。官方网站：workingnomads.co。	https://workingnomads.co	是
Novoresume	Novoresume	工具	其他,效率工具,在线服务	Novoresume在线服务	Novoresume在线服务。这里提供Novoresume的官方服务与相关信息，支持通过官网了解产品、功能、使用方式及最新动态；具体服务范围、开放地区和使用规则请以官方网站当前页面为准。官方网站：novoresume.com。	https://novoresume.com	是
Flowcv	Flowcv	工具	其他,效率工具,在线服务	Flowcv在线服务	Flowcv在线服务。这里提供Flowcv的官方服务与相关信息，支持通过官网了解产品、功能、使用方式及最新动态；具体服务范围、开放地区和使用规则请以官方网站当前页面为准。官方网站：flowcv.com。	https://flowcv.com	是
Path To Polymathy	Path To Polymathy	工具	其他,效率工具,在线服务	Path To Polymathy在线服务	Path To Polymathy在线服务。这里提供Path To Polymathy的官方服务与相关信息，支持通过官网了解产品、功能、使用方式及最新动态；具体服务范围、开放地区和使用规则请以官方网站当前页面为准。官方网站：path-to-polymathy.notion.site。	https://path-to-polymathy.notion.site/path-to-polymathy/path-to-polymathy-d7586429b7ce4db1889fc539822b9670	是
80000hours	80000hours	工具	其他,效率工具,在线服务	80000hours在线服务	80000hours在线服务。这里提供80000hours的官方服务与相关信息，支持通过官网了解产品、功能、使用方式及最新动态；具体服务范围、开放地区和使用规则请以官方网站当前页面为准。官方网站：80000hours.org。	https://80000hours.org	是
Founderresources	Founderresources	工具	其他,效率工具,在线服务	Founderresources在线服务	Founderresources在线服务。这里提供Founderresources的官方服务与相关信息，支持通过官网了解产品、功能、使用方式及最新动态；具体服务范围、开放地区和使用规则请以官方网站当前页面为准。官方网站：founderresources.io。	https://www.founderresources.io	是
Theangelphilosopher	Theangelphilosopher	工具	其他,效率工具,在线服务	Theangelphilosopher在线服务	Theangelphilosopher在线服务。这里提供Theangelphilosopher的官方服务与相关信息，支持通过官网了解产品、功能、使用方式及最新动态；具体服务范围、开放地区和使用规则请以官方网站当前页面为准。官方网站：theangelphilosopher.com。	https://theangelphilosopher.com	是
Underglass	Underglass	工具	其他,效率工具,在线服务	Underglass在线服务	Underglass在线服务。这里提供Underglass的官方服务与相关信息，支持通过官网了解产品、功能、使用方式及最新动态；具体服务范围、开放地区和使用规则请以官方网站当前页面为准。官方网站：underglass.io。	https://underglass.io	是
Capbase	Capbase	工具	其他,效率工具,在线服务	Capbase在线服务	Capbase在线服务。这里提供Capbase的官方服务与相关信息，支持通过官网了解产品、功能、使用方式及最新动态；具体服务范围、开放地区和使用规则请以官方网站当前页面为准。官方网站：capbase.com。	https://capbase.com/startup-equity-calculator	是
Cerdeira	Cerdeira	工具	其他,效率工具,在线服务	Cerdeira在线服务	Cerdeira在线服务。这里提供Cerdeira的官方服务与相关信息，支持通过官网了解产品、功能、使用方式及最新动态；具体服务范围、开放地区和使用规则请以官方网站当前页面为准。官方网站：cerdeira.notion.site。	https://cerdeira.notion.site/b3b5f44d37cf4843b3fcd2f300354467	是
Oldcomputers	Oldcomputers	工具	其他,效率工具,在线服务	Oldcomputers在线服务	Oldcomputers在线服务。这里提供Oldcomputers的官方服务与相关信息，支持通过官网了解产品、功能、使用方式及最新动态；具体服务范围、开放地区和使用规则请以官方网站当前页面为准。官方网站：oldcomputers.net。	https://oldcomputers.net	是
Failory	Failory	AI	AI,效率工具	Failory在线服务	Failory在线服务。这里提供Failory的官方服务与相关信息，支持通过官网了解产品、功能、使用方式及最新动态；具体服务范围、开放地区和使用规则请以官方网站当前页面为准。官方网站：failory.com。	https://www.failory.com/google	是
Killedbygoogle	Killedbygoogle	工具	其他,效率工具,在线服务	Killedbygoogle在线服务	Killedbygoogle在线服务。这里提供Killedbygoogle的官方服务与相关信息，支持通过官网了解产品、功能、使用方式及最新动态；具体服务范围、开放地区和使用规则请以官方网站当前页面为准。官方网站：killedbygoogle.com。	https://killedbygoogle.com	是
Pessimistsarchive	Pessimistsarchive	工具	其他,效率工具,在线服务	Pessimistsarchive在线服务	Pessimistsarchive在线服务。这里提供Pessimistsarchive的官方服务与相关信息，支持通过官网了解产品、功能、使用方式及最新动态；具体服务范围、开放地区和使用规则请以官方网站当前页面为准。官方网站：pessimistsarchive.org。	https://pessimistsarchive.org	是
Unicorner	Unicorner	工具	其他,效率工具,在线服务	Unicorner在线服务	Unicorner在线服务。这里提供Unicorner的官方服务与相关信息，支持通过官网了解产品、功能、使用方式及最新动态；具体服务范围、开放地区和使用规则请以官方网站当前页面为准。官方网站：unicorner.news。	https://unicorner.news	是
Tiffzhang	Tiffzhang	工具	其他,效率工具,在线服务	Tiffzhang在线服务	Tiffzhang在线服务。这里提供Tiffzhang的官方服务与相关信息，支持通过官网了解产品、功能、使用方式及最新动态；具体服务范围、开放地区和使用规则请以官方网站当前页面为准。官方网站：tiffzhang.com。	https://tiffzhang.com/startup	是
Demandhunt	Demandhunt	工具	其他,效率工具,在线服务	Demandhunt在线服务	Demandhunt在线服务。这里提供Demandhunt的官方服务与相关信息，支持通过官网了解产品、功能、使用方式及最新动态；具体服务范围、开放地区和使用规则请以官方网站当前页面为准。官方网站：demandhunt.com。	https://demandhunt.com	是
Alias	Alias	工具	其他,效率工具,在线服务	Alias在线服务	Alias在线服务。这里提供Alias的官方服务与相关信息，支持通过官网了解产品、功能、使用方式及最新动态；具体服务范围、开放地区和使用规则请以官方网站当前页面为准。官方网站：alias.co。	https://alias.co	是
Answersocrates	Answersocrates	工具	其他,效率工具,在线服务	Answersocrates在线服务	Answersocrates在线服务。这里提供Answersocrates的官方服务与相关信息，支持通过官网了解产品、功能、使用方式及最新动态；具体服务范围、开放地区和使用规则请以官方网站当前页面为准。官方网站：answersocrates.com。	https://answersocrates.com	是
Ideasai	Ideasai	AI	AI,效率工具	Ideasai在线服务	Ideasai在线服务。这里提供Ideasai的官方服务与相关信息，支持通过官网了解产品、功能、使用方式及最新动态；具体服务范围、开放地区和使用规则请以官方网站当前页面为准。官方网站：ideasai.com。	https://ideasai.com	是
Socialimagemaker	Socialimagemaker	设计	设计与创意,效率工具	Socialimagemaker在线服务	Socialimagemaker在线服务。这里提供Socialimagemaker的官方服务与相关信息，支持通过官网了解产品、功能、使用方式及最新动态；具体服务范围、开放地区和使用规则请以官方网站当前页面为准。官方网站：socialimagemaker.io。	https://socialimagemaker.io	是
Opensourcedesign	Opensourcedesign	设计	设计与创意,效率工具	Opensourcedesign在线服务	Opensourcedesign在线服务。这里提供Opensourcedesign的官方服务与相关信息，支持通过官网了解产品、功能、使用方式及最新动态；具体服务范围、开放地区和使用规则请以官方网站当前页面为准。官方网站：opensourcedesign.net。	https://opensourcedesign.net/resources	是
Meetfranz	Meetfranz	工具	效率工具,在线服务	Meetfranz在线服务	Meetfranz在线服务。这里提供Meetfranz的官方服务与相关信息，支持通过官网了解产品、功能、使用方式及最新动态；具体服务范围、开放地区和使用规则请以官方网站当前页面为准。官方网站：meetfranz.com。	https://meetfranz.com	是
Transparenttextures	Transparenttextures	工具	其他,效率工具,在线服务	Transparenttextures在线服务	Transparenttextures在线服务。这里提供Transparenttextures的官方服务与相关信息，支持通过官网了解产品、功能、使用方式及最新动态；具体服务范围、开放地区和使用规则请以官方网站当前页面为准。官方网站：transparenttextures.com。	https://transparenttextures.com	是
Easel	Easel	工具	其他,效率工具,在线服务	Easel在线服务	Easel在线服务。这里提供Easel的官方服务与相关信息，支持通过官网了解产品、功能、使用方式及最新动态；具体服务范围、开放地区和使用规则请以官方网站当前页面为准。官方网站：easel.ly。	https://www.easel.ly	是
Sumo	Sumo	工具	其他,效率工具,在线服务	Sumo在线服务	Sumo在线服务。这里提供Sumo的官方服务与相关信息，支持通过官网了解产品、功能、使用方式及最新动态；具体服务范围、开放地区和使用规则请以官方网站当前页面为准。官方网站：sumo.app。	https://sumo.app	是
Jitter	Jitter	工具	其他,效率工具,在线服务	Jitter在线服务	Jitter在线服务。这里提供Jitter的官方服务与相关信息，支持通过官网了解产品、功能、使用方式及最新动态；具体服务范围、开放地区和使用规则请以官方网站当前页面为准。官方网站：jitter.video。	https://jitter.video	是
Kk	Kk	工具	其他,效率工具,在线服务	Kk在线服务	Kk在线服务。这里提供Kk的官方服务与相关信息，支持通过官网了解产品、功能、使用方式及最新动态；具体服务范围、开放地区和使用规则请以官方网站当前页面为准。官方网站：kk.org。	https://kk.org/thetechnium/1000-true-fans	是
Discovernft	Discovernft	工具	其他,效率工具,在线服务	Discovernft在线服务	Discovernft在线服务。这里提供Discovernft的官方服务与相关信息，支持通过官网了解产品、功能、使用方式及最新动态；具体服务范围、开放地区和使用规则请以官方网站当前页面为准。官方网站：discovernft.club。	https://www.discovernft.club	是
Littlesis	Littlesis	工具	其他,效率工具,在线服务	Littlesis在线服务	Littlesis在线服务。这里提供Littlesis的官方服务与相关信息，支持通过官网了解产品、功能、使用方式及最新动态；具体服务范围、开放地区和使用规则请以官方网站当前页面为准。官方网站：littlesis.org。	https://littlesis.org	是
App	App	AI	AI,效率工具	App在线服务	App在线服务。这里提供App的官方服务与相关信息，支持通过官网了解产品、功能、使用方式及最新动态；具体服务范围、开放地区和使用规则请以官方网站当前页面为准。官方网站：app.haikei.app。	https://app.haikei.app	是
Bitbof	Bitbof	工具	其他,效率工具,在线服务	Bitbof在线服务	Bitbof在线服务。这里提供Bitbof的官方服务与相关信息，支持通过官网了解产品、功能、使用方式及最新动态；具体服务范围、开放地区和使用规则请以官方网站当前页面为准。官方网站：bitbof.com。	https://bitbof.com	是
M3	M3	工具	其他,效率工具,在线服务	M3在线服务	M3在线服务。这里提供M3的官方服务与相关信息，支持通过官网了解产品、功能、使用方式及最新动态；具体服务范围、开放地区和使用规则请以官方网站当前页面为准。官方网站：m3.material.io。	https://m3.material.io	是
Answerthepublic	Answerthepublic	工具	其他,效率工具,在线服务	Answerthepublic在线服务	Answerthepublic在线服务。这里提供Answerthepublic的官方服务与相关信息，支持通过官网了解产品、功能、使用方式及最新动态；具体服务范围、开放地区和使用规则请以官方网站当前页面为准。官方网站：answerthepublic.com。	https://answerthepublic.com	是
Freetype	Freetype	工具	其他,效率工具,在线服务	Freetype在线服务	Freetype在线服务。这里提供Freetype的官方服务与相关信息，支持通过官网了解产品、功能、使用方式及最新动态；具体服务范围、开放地区和使用规则请以官方网站当前页面为准。官方网站：freetype.org。	https://freetype.org	是
Hexcolor	Hexcolor	工具	其他,效率工具,在线服务	Hexcolor在线服务	Hexcolor在线服务。这里提供Hexcolor的官方服务与相关信息，支持通过官网了解产品、功能、使用方式及最新动态；具体服务范围、开放地区和使用规则请以官方网站当前页面为准。官方网站：hexcolor.co。	https://hexcolor.co	是
Color	Color	工具	其他,效率工具,在线服务	Color在线服务	Color在线服务。这里提供Color的官方服务与相关信息，支持通过官网了解产品、功能、使用方式及最新动态；具体服务范围、开放地区和使用规则请以官方网站当前页面为准。官方网站：color.adobe.com。	https://color.adobe.com/create/color-wheel	是
Mobilepalette	Mobilepalette	工具	其他,效率工具,在线服务	Mobilepalette在线服务	Mobilepalette在线服务。这里提供Mobilepalette的官方服务与相关信息，支持通过官网了解产品、功能、使用方式及最新动态；具体服务范围、开放地区和使用规则请以官方网站当前页面为准。官方网站：mobilepalette.colorion.co。	https://mobilepalette.colorion.co	是
Fontsquirrel	Fontsquirrel	设计	设计与创意,效率工具	Fontsquirrel在线服务	Fontsquirrel在线服务。这里提供Fontsquirrel的官方服务与相关信息，支持通过官网了解产品、功能、使用方式及最新动态；具体服务范围、开放地区和使用规则请以官方网站当前页面为准。官方网站：fontsquirrel.com。	https://www.fontsquirrel.com	是
0to255	0to255	工具	其他,效率工具,在线服务	0to255在线服务	0to255在线服务。这里提供0to255的官方服务与相关信息，支持通过官网了解产品、功能、使用方式及最新动态；具体服务范围、开放地区和使用规则请以官方网站当前页面为准。官方网站：0to255.com。	https://0to255.com	是
Colors	Colors	工具	其他,效率工具,在线服务	Colors在线服务	Colors在线服务。这里提供Colors的官方服务与相关信息，支持通过官网了解产品、功能、使用方式及最新动态；具体服务范围、开放地区和使用规则请以官方网站当前页面为准。官方网站：colors.lol。	https://colors.lol	是
Dafont	Dafont	设计	设计与创意,效率工具	Dafont在线服务	Dafont在线服务。这里提供Dafont的官方服务与相关信息，支持通过官网了解产品、功能、使用方式及最新动态；具体服务范围、开放地区和使用规则请以官方网站当前页面为准。官方网站：dafont.com。	https://www.dafont.com	是
3dicons	3dicons	设计	设计与创意,效率工具	3dicons在线服务	3dicons在线服务。这里提供3dicons的官方服务与相关信息，支持通过官网了解产品、功能、使用方式及最新动态；具体服务范围、开放地区和使用规则请以官方网站当前页面为准。官方网站：3dicons.co。	https://3dicons.co	是
Fontdiscovery	Fontdiscovery	设计	设计与创意,效率工具	Fontdiscovery在线服务	Fontdiscovery在线服务。这里提供Fontdiscovery的官方服务与相关信息，支持通过官网了解产品、功能、使用方式及最新动态；具体服务范围、开放地区和使用规则请以官方网站当前页面为准。官方网站：fontdiscovery.typogram.co。	https://fontdiscovery.typogram.co	是
Healthicons	Healthicons	设计	设计与创意,效率工具	Healthicons在线服务	Healthicons在线服务。这里提供Healthicons的官方服务与相关信息，支持通过官网了解产品、功能、使用方式及最新动态；具体服务范围、开放地区和使用规则请以官方网站当前页面为准。官方网站：healthicons.org。	https://healthicons.org	是
Iconpacks	Iconpacks	设计	设计与创意,效率工具	Iconpacks在线服务	Iconpacks在线服务。这里提供Iconpacks的官方服务与相关信息，支持通过官网了解产品、功能、使用方式及最新动态；具体服务范围、开放地区和使用规则请以官方网站当前页面为准。官方网站：iconpacks.net。	https://www.iconpacks.net	是
Fontello	Fontello	设计	设计与创意,效率工具	Fontello在线服务	Fontello在线服务。这里提供Fontello的官方服务与相关信息，支持通过官网了解产品、功能、使用方式及最新动态；具体服务范围、开放地区和使用规则请以官方网站当前页面为准。官方网站：fontello.com。	https://fontello.com	是
Studio	Studio	工具	其他,效率工具,在线服务	Studio在线服务	Studio在线服务。这里提供Studio的官方服务与相关信息，支持通过官网了解产品、功能、使用方式及最新动态；具体服务范围、开放地区和使用规则请以官方网站当前页面为准。官方网站：studio.polotno.com。	https://studio.polotno.com	是
Illustrationkit	Illustrationkit	工具	其他,效率工具,在线服务	Illustrationkit在线服务	Illustrationkit在线服务。这里提供Illustrationkit的官方服务与相关信息，支持通过官网了解产品、功能、使用方式及最新动态；具体服务范围、开放地区和使用规则请以官方网站当前页面为准。官方网站：illustrationkit.com。	https://illustrationkit.com	是
Icomoon	Icomoon	工具	其他,效率工具,在线服务	Icomoon在线服务	Icomoon在线服务。这里提供Icomoon的官方服务与相关信息，支持通过官网了解产品、功能、使用方式及最新动态；具体服务范围、开放地区和使用规则请以官方网站当前页面为准。官方网站：icomoon.io。	https://icomoon.io	是
Illlustrations	Illlustrations	工具	其他,效率工具,在线服务	Illlustrations在线服务	Illlustrations在线服务。这里提供Illlustrations的官方服务与相关信息，支持通过官网了解产品、功能、使用方式及最新动态；具体服务范围、开放地区和使用规则请以官方网站当前页面为准。官方网站：illlustrations.co。	https://illlustrations.co	是
Utf8icons	Utf8icons	设计	设计与创意,效率工具	Utf8icons在线服务	Utf8icons在线服务。这里提供Utf8icons的官方服务与相关信息，支持通过官网了解产品、功能、使用方式及最新动态；具体服务范围、开放地区和使用规则请以官方网站当前页面为准。官方网站：utf8icons.com。	https://www.utf8icons.com	是
Iconshock	Iconshock	设计	设计与创意,效率工具	Iconshock在线服务	Iconshock在线服务。这里提供Iconshock的官方服务与相关信息，支持通过官网了解产品、功能、使用方式及最新动态；具体服务范围、开放地区和使用规则请以官方网站当前页面为准。官方网站：iconshock.com。	https://www.iconshock.com/freeicons	是
David	David	工具	其他,效率工具,在线服务	David在线服务	David在线服务。这里提供David的官方服务与相关信息，支持通过官网了解产品、功能、使用方式及最新动态；具体服务范围、开放地区和使用规则请以官方网站当前页面为准。官方网站：david.li。	https://david.li	是
Thenounproject	Thenounproject	工具	其他,效率工具,在线服务	Thenounproject在线服务	Thenounproject在线服务。这里提供Thenounproject的官方服务与相关信息，支持通过官网了解产品、功能、使用方式及最新动态；具体服务范围、开放地区和使用规则请以官方网站当前页面为准。官方网站：thenounproject.com。	https://thenounproject.com	是
Iconz	Iconz	设计	设计与创意,效率工具	Iconz在线服务	Iconz在线服务。这里提供Iconz的官方服务与相关信息，支持通过官网了解产品、功能、使用方式及最新动态；具体服务范围、开放地区和使用规则请以官方网站当前页面为准。官方网站：iconz.design。	https://iconz.design	是
Game Icons	Game Icons	设计	设计与创意,效率工具	Game Icons在线服务	Game Icons在线服务。这里提供Game Icons的官方服务与相关信息，支持通过官网了解产品、功能、使用方式及最新动态；具体服务范围、开放地区和使用规则请以官方网站当前页面为准。官方网站：game-icons.net。	https://game-icons.net	是
Myfonts	Myfonts	设计	设计与创意,效率工具	Myfonts在线服务	Myfonts在线服务。这里提供Myfonts的官方服务与相关信息，支持通过官网了解产品、功能、使用方式及最新动态；具体服务范围、开放地区和使用规则请以官方网站当前页面为准。官方网站：myfonts.com。	https://www.myfonts.com	是
Critter	Critter	工具	其他,效率工具,在线服务	Critter在线服务	Critter在线服务。这里提供Critter的官方服务与相关信息，支持通过官网了解产品、功能、使用方式及最新动态；具体服务范围、开放地区和使用规则请以官方网站当前页面为准。官方网站：critter.pics。	https://www.critter.pics	是
Skuawk	Skuawk	工具	其他,效率工具,在线服务	Skuawk在线服务	Skuawk在线服务。这里提供Skuawk的官方服务与相关信息，支持通过官网了解产品、功能、使用方式及最新动态；具体服务范围、开放地区和使用规则请以官方网站当前页面为准。官方网站：skuawk.com。	https://skuawk.com	是
Thestocks	Thestocks	工具	其他,效率工具,在线服务	Thestocks在线服务	Thestocks在线服务。这里提供Thestocks的官方服务与相关信息，支持通过官网了解产品、功能、使用方式及最新动态；具体服务范围、开放地区和使用规则请以官方网站当前页面为准。官方网站：thestocks.im。	https://thestocks.im	是
All Free Download	All Free Download	工具	其他,效率工具,在线服务	All Free Download在线服务	All Free Download在线服务。这里提供All Free Download的官方服务与相关信息，支持通过官网了解产品、功能、使用方式及最新动态；具体服务范围、开放地区和使用规则请以官方网站当前页面为准。官方网站：all-free-download.com。	https://all-free-download.com	是
Zoom	Zoom	工具	其他,效率工具,在线服务	Zoom在线服务	Zoom在线服务。这里提供Zoom的官方服务与相关信息，支持通过官网了解产品、功能、使用方式及最新动态；具体服务范围、开放地区和使用规则请以官方网站当前页面为准。官方网站：zoom.nl。	https://zoom.nl	是
Positrondream	Positrondream	工具	其他,效率工具,在线服务	Positrondream在线服务	Positrondream在线服务。这里提供Positrondream的官方服务与相关信息，支持通过官网了解产品、功能、使用方式及最新动态；具体服务范围、开放地区和使用规则请以官方网站当前页面为准。官方网站：positrondream.com。	https://www.positrondream.com/wallpapers-all	是
Wallpapercave	Wallpapercave	工具	其他,效率工具,在线服务	Wallpapercave在线服务	Wallpapercave在线服务。这里提供Wallpapercave的官方服务与相关信息，支持通过官网了解产品、功能、使用方式及最新动态；具体服务范围、开放地区和使用规则请以官方网站当前页面为准。官方网站：wallpapercave.com。	https://wallpapercave.com	是
Stockup	Stockup	工具	其他,效率工具,在线服务	Stockup在线服务	Stockup在线服务。这里提供Stockup的官方服务与相关信息，支持通过官网了解产品、功能、使用方式及最新动态；具体服务范围、开放地区和使用规则请以官方网站当前页面为准。官方网站：stockup.sitebuilderreport.com。	https://stockup.sitebuilderreport.com	是
Invaluable	Invaluable	工具	其他,效率工具,在线服务	Invaluable在线服务	Invaluable在线服务。这里提供Invaluable的官方服务与相关信息，支持通过官网了解产品、功能、使用方式及最新动态；具体服务范围、开放地区和使用规则请以官方网站当前页面为准。官方网站：invaluable.com。	https://www.invaluable.com	是
Zoomquilt	Zoomquilt	工具	其他,效率工具,在线服务	Zoomquilt在线服务	Zoomquilt在线服务。这里提供Zoomquilt的官方服务与相关信息，支持通过官网了解产品、功能、使用方式及最新动态；具体服务范围、开放地区和使用规则请以官方网站当前页面为准。官方网站：zoomquilt.org。	https://zoomquilt.org	是
Hugeicons	Hugeicons	设计	设计与创意,效率工具	Hugeicons在线服务	Hugeicons在线服务。这里提供Hugeicons的官方服务与相关信息，支持通过官网了解产品、功能、使用方式及最新动态；具体服务范围、开放地区和使用规则请以官方网站当前页面为准。官方网站：hugeicons.pro。	https://hugeicons.pro	是
Exposureguide	Exposureguide	工具	其他,效率工具,在线服务	Exposureguide在线服务	Exposureguide在线服务。这里提供Exposureguide的官方服务与相关信息，支持通过官网了解产品、功能、使用方式及最新动态；具体服务范围、开放地区和使用规则请以官方网站当前页面为准。官方网站：exposureguide.com。	https://www.exposureguide.com	是
Simpledesktops	Simpledesktops	工具	其他,效率工具,在线服务	Simpledesktops在线服务	Simpledesktops在线服务。这里提供Simpledesktops的官方服务与相关信息，支持通过官网了解产品、功能、使用方式及最新动态；具体服务范围、开放地区和使用规则请以官方网站当前页面为准。官方网站：simpledesktops.com。	https://simpledesktops.com/browse	是
Tattooswizard	Tattooswizard	工具	其他,效率工具,在线服务	Tattooswizard在线服务	Tattooswizard在线服务。这里提供Tattooswizard的官方服务与相关信息，支持通过官网了解产品、功能、使用方式及最新动态；具体服务范围、开放地区和使用规则请以官方网站当前页面为准。官方网站：tattooswizard.com。	https://tattooswizard.com	是
50watts	50watts	工具	其他,效率工具,在线服务	50watts在线服务	50watts在线服务。这里提供50watts的官方服务与相关信息，支持通过官网了解产品、功能、使用方式及最新动态；具体服务范围、开放地区和使用规则请以官方网站当前页面为准。官方网站：50watts.com。	https://50watts.com	是
Reachoutmichigan	Reachoutmichigan	工具	其他,效率工具,在线服务	Reachoutmichigan在线服务	Reachoutmichigan在线服务。这里提供Reachoutmichigan的官方服务与相关信息，支持通过官网了解产品、功能、使用方式及最新动态；具体服务范围、开放地区和使用规则请以官方网站当前页面为准。官方网站：reachoutmichigan.org。	https://www.reachoutmichigan.org/learn/tutorials.html	是
Cnx	Cnx	工具	其他,效率工具,在线服务	Cnx在线服务	Cnx在线服务。这里提供Cnx的官方服务与相关信息，支持通过官网了解产品、功能、使用方式及最新动态；具体服务范围、开放地区和使用规则请以官方网站当前页面为准。官方网站：cnx.org。	https://cnx.org	是
Kpopdemonhunterswallpaper	Kpopdemonhunterswallpaper	工具	其他,效率工具,在线服务	Kpopdemonhunterswallpaper在线服务	Kpopdemonhunterswallpaper在线服务。这里提供Kpopdemonhunterswallpaper的官方服务与相关信息，支持通过官网了解产品、功能、使用方式及最新动态；具体服务范围、开放地区和使用规则请以官方网站当前页面为准。官方网站：kpopdemonhunterswallpaper.com。	https://kpopdemonhunterswallpaper.com	是
Homeworkhelpglobal	Homeworkhelpglobal	工具	效率工具,在线服务	Homeworkhelpglobal在线服务	Homeworkhelpglobal在线服务。这里提供Homeworkhelpglobal的官方服务与相关信息，支持通过官网了解产品、功能、使用方式及最新动态；具体服务范围、开放地区和使用规则请以官方网站当前页面为准。官方网站：homeworkhelpglobal.com。	https://www.homeworkhelpglobal.com	是
Doi	Doi	工具	其他,效率工具,在线服务	Doi在线服务	Doi在线服务。这里提供Doi的官方服务与相关信息，支持通过官网了解产品、功能、使用方式及最新动态；具体服务范围、开放地区和使用规则请以官方网站当前页面为准。官方网站：doi.org。	https://www.doi.org	是
Tropy	Tropy	工具	其他,效率工具,在线服务	Tropy在线服务	Tropy在线服务。这里提供Tropy的官方服务与相关信息，支持通过官网了解产品、功能、使用方式及最新动态；具体服务范围、开放地区和使用规则请以官方网站当前页面为准。官方网站：tropy.org。	https://tropy.org	是
Sites	Sites	教育	在线学习,效率工具	Sites在线服务	Sites在线服务。这里提供Sites的官方服务与相关信息，支持通过官网了解产品、功能、使用方式及最新动态；具体服务范围、开放地区和使用规则请以官方网站当前页面为准。官方网站：sites.dartmouth.edu。	https://sites.dartmouth.edu/nyhan/academic-careers	是
Temple	Temple	工具	其他,效率工具,在线服务	Temple在线服务	Temple在线服务。这里提供Temple的官方服务与相关信息，支持通过官网了解产品、功能、使用方式及最新动态；具体服务范围、开放地区和使用规则请以官方网站当前页面为准。官方网站：temple.manifoldapp.org。	https://temple.manifoldapp.org/projects/bridges	是
Calculator	Calculator	工具	其他,效率工具,在线服务	Calculator在线服务	Calculator在线服务。这里提供Calculator的官方服务与相关信息，支持通过官网了解产品、功能、使用方式及最新动态；具体服务范围、开放地区和使用规则请以官方网站当前页面为准。官方网站：calculator.net。	https://www.calculator.net/lcm-calculator.html	是
Opentextbc	Opentextbc	工具	其他,效率工具,在线服务	Opentextbc在线服务	Opentextbc在线服务。这里提供Opentextbc的官方服务与相关信息，支持通过官网了解产品、功能、使用方式及最新动态；具体服务范围、开放地区和使用规则请以官方网站当前页面为准。官方网站：opentextbc.ca。	https://opentextbc.ca	是
Calcresource	Calcresource	工具	其他,效率工具,在线服务	Calcresource在线服务	Calcresource在线服务。这里提供Calcresource的官方服务与相关信息，支持通过官网了解产品、功能、使用方式及最新动态；具体服务范围、开放地区和使用规则请以官方网站当前页面为准。官方网站：calcresource.com。	https://calcresource.com/index.html	是
Calculator	Calculator	工具	其他,效率工具,在线服务	Calculator在线服务	Calculator在线服务。这里提供Calculator的官方服务与相关信息，支持通过官网了解产品、功能、使用方式及最新动态；具体服务范围、开放地区和使用规则请以官方网站当前页面为准。官方网站：calculator.net。	https://www.calculator.net/gcf-calculator.html	是
Rapidtables	Rapidtables	开发	编程开发,效率工具	Rapidtables在线服务	Rapidtables在线服务。这里提供Rapidtables的官方服务与相关信息，支持通过官网了解产品、功能、使用方式及最新动态；具体服务范围、开放地区和使用规则请以官方网站当前页面为准。官方网站：rapidtables.com。	https://www.rapidtables.com	是
Efunda	Efunda	工具	其他,效率工具,在线服务	Efunda在线服务	Efunda在线服务。这里提供Efunda的官方服务与相关信息，支持通过官网了解产品、功能、使用方式及最新动态；具体服务范围、开放地区和使用规则请以官方网站当前页面为准。官方网站：efunda.com。	https://www.efunda.com/home.cfm	是
Catalog	Catalog	工具	其他,效率工具,在线服务	Catalog在线服务	Catalog在线服务。这里提供Catalog的官方服务与相关信息，支持通过官网了解产品、功能、使用方式及最新动态；具体服务范围、开放地区和使用规则请以官方网站当前页面为准。官方网站：catalog.lindahall.org。	https://catalog.lindahall.org/discovery/search	是
Oyc	Oyc	教育	在线学习,效率工具	Oyc在线服务	Oyc在线服务。这里提供Oyc的官方服务与相关信息，支持通过官网了解产品、功能、使用方式及最新动态；具体服务范围、开放地区和使用规则请以官方网站当前页面为准。官方网站：oyc.yale.edu。	https://oyc.yale.edu	是
Online	Online	教育	在线学习,效率工具	Online在线服务	Online在线服务。这里提供Online的官方服务与相关信息，支持通过官网了解产品、功能、使用方式及最新动态；具体服务范围、开放地区和使用规则请以官方网站当前页面为准。官方网站：online.stanford.edu。	https://online.stanford.edu	是
Oli	Oli	教育	在线学习,效率工具	Oli在线服务	Oli在线服务。这里提供Oli的官方服务与相关信息，支持通过官网了解产品、功能、使用方式及最新动态；具体服务范围、开放地区和使用规则请以官方网站当前页面为准。官方网站：oli.cmu.edu。	https://oli.cmu.edu	是
Onlinemschool	Onlinemschool	教育	在线学习,效率工具	Onlinemschool在线服务	Onlinemschool在线服务。这里提供Onlinemschool的官方服务与相关信息，支持通过官网了解产品、功能、使用方式及最新动态；具体服务范围、开放地区和使用规则请以官方网站当前页面为准。官方网站：onlinemschool.com。	https://onlinemschool.com/math/assistance	是
Percentofpercentcalculator	Percentofpercentcalculator	工具	其他,效率工具,在线服务	Percentofpercentcalculator在线服务	Percentofpercentcalculator在线服务。这里提供Percentofpercentcalculator的官方服务与相关信息，支持通过官网了解产品、功能、使用方式及最新动态；具体服务范围、开放地区和使用规则请以官方网站当前页面为准。官方网站：percentofpercentcalculator.com。	https://www.percentofpercentcalculator.com	是
Academicearth	Academicearth	工具	其他,效率工具,在线服务	Academicearth在线服务	Academicearth在线服务。这里提供Academicearth的官方服务与相关信息，支持通过官网了解产品、功能、使用方式及最新动态；具体服务范围、开放地区和使用规则请以官方网站当前页面为准。官方网站：academicearth.org。	https://academicearth.org	是
Alison	Alison	工具	其他,效率工具,在线服务	Alison在线服务	Alison在线服务。这里提供Alison的官方服务与相关信息，支持通过官网了解产品、功能、使用方式及最新动态；具体服务范围、开放地区和使用规则请以官方网站当前页面为准。官方网站：alison.com。	https://alison.com	是
Saylor	Saylor	工具	其他,效率工具,在线服务	Saylor在线服务	Saylor在线服务。这里提供Saylor的官方服务与相关信息，支持通过官网了解产品、功能、使用方式及最新动态；具体服务范围、开放地区和使用规则请以官方网站当前页面为准。官方网站：saylor.org。	https://www.saylor.org	是
Uopeople	Uopeople	教育	在线学习,效率工具	Uopeople在线服务	Uopeople在线服务。这里提供Uopeople的官方服务与相关信息，支持通过官网了解产品、功能、使用方式及最新动态；具体服务范围、开放地区和使用规则请以官方网站当前页面为准。官方网站：uopeople.edu。	https://www.uopeople.edu	是
Nptel	Nptel	工具	其他,效率工具,在线服务	Nptel在线服务	Nptel在线服务。这里提供Nptel的官方服务与相关信息，支持通过官网了解产品、功能、使用方式及最新动态；具体服务范围、开放地区和使用规则请以官方网站当前页面为准。官方网站：nptel.ac.in。	https://nptel.ac.in	是
Ebsco	Ebsco	工具	其他,效率工具,在线服务	Ebsco在线服务	Ebsco在线服务。这里提供Ebsco的官方服务与相关信息，支持通过官网了解产品、功能、使用方式及最新动态；具体服务范围、开放地区和使用规则请以官方网站当前页面为准。官方网站：ebsco.com。	https://www.ebsco.com	是
Canvas	Canvas	设计	设计与创意,效率工具	Canvas在线服务	Canvas在线服务。这里提供Canvas的官方服务与相关信息，支持通过官网了解产品、功能、使用方式及最新动态；具体服务范围、开放地区和使用规则请以官方网站当前页面为准。官方网站：canvas.net。	https://www.canvas.net	是
Visualpde	Visualpde	工具	其他,效率工具,在线服务	Visualpde在线服务	Visualpde在线服务。这里提供Visualpde的官方服务与相关信息，支持通过官网了解产品、功能、使用方式及最新动态；具体服务范围、开放地区和使用规则请以官方网站当前页面为准。官方网站：visualpde.com。	https://visualpde.com	是
Zooniverse	Zooniverse	工具	其他,效率工具,在线服务	Zooniverse在线服务	Zooniverse在线服务。这里提供Zooniverse的官方服务与相关信息，支持通过官网了解产品、功能、使用方式及最新动态；具体服务范围、开放地区和使用规则请以官方网站当前页面为准。官方网站：zooniverse.org。	https://www.zooniverse.org	是
Experiment	Experiment	工具	其他,效率工具,在线服务	Experiment在线服务	Experiment在线服务。这里提供Experiment的官方服务与相关信息，支持通过官网了解产品、功能、使用方式及最新动态；具体服务范围、开放地区和使用规则请以官方网站当前页面为准。官方网站：experiment.com。	https://experiment.com	是
Vinaire	Vinaire	AI	AI,效率工具	Vinaire在线服务	Vinaire在线服务。这里提供Vinaire的官方服务与相关信息，支持通过官网了解产品、功能、使用方式及最新动态；具体服务范围、开放地区和使用规则请以官方网站当前页面为准。官方网站：vinaire.me。	https://vinaire.me	是
Wholeearth	Wholeearth	工具	其他,效率工具,在线服务	Wholeearth在线服务	Wholeearth在线服务。这里提供Wholeearth的官方服务与相关信息，支持通过官网了解产品、功能、使用方式及最新动态；具体服务范围、开放地区和使用规则请以官方网站当前页面为准。官方网站：wholeearth.info。	https://wholeearth.info	是
Mathshistory	Mathshistory	工具	其他,效率工具,在线服务	Mathshistory在线服务	Mathshistory在线服务。这里提供Mathshistory的官方服务与相关信息，支持通过官网了解产品、功能、使用方式及最新动态；具体服务范围、开放地区和使用规则请以官方网站当前页面为准。官方网站：mathshistory.st-andrews.ac.uk。	https://mathshistory.st-andrews.ac.uk	是
Sketchplanations	Sketchplanations	工具	其他,效率工具,在线服务	Sketchplanations在线服务	Sketchplanations在线服务。这里提供Sketchplanations的官方服务与相关信息，支持通过官网了解产品、功能、使用方式及最新动态；具体服务范围、开放地区和使用规则请以官方网站当前页面为准。官方网站：sketchplanations.com。	https://sketchplanations.com/categories/science	是
Webofstories	Webofstories	工具	其他,效率工具,在线服务	Webofstories在线服务	Webofstories在线服务。这里提供Webofstories的官方服务与相关信息，支持通过官网了解产品、功能、使用方式及最新动态；具体服务范围、开放地区和使用规则请以官方网站当前页面为准。官方网站：webofstories.com。	https://www.webofstories.com	是
Darwin Online	Darwin Online	工具	其他,效率工具,在线服务	Darwin Online在线服务	Darwin Online在线服务。这里提供Darwin Online的官方服务与相关信息，支持通过官网了解产品、功能、使用方式及最新动态；具体服务范围、开放地区和使用规则请以官方网站当前页面为准。官方网站：darwin-online.org.uk。	https://darwin-online.org.uk	是
Reproducibilityinstitute	Reproducibilityinstitute	工具	其他,效率工具,在线服务	Reproducibilityinstitute在线服务	Reproducibilityinstitute在线服务。这里提供Reproducibilityinstitute的官方服务与相关信息，支持通过官网了解产品、功能、使用方式及最新动态；具体服务范围、开放地区和使用规则请以官方网站当前页面为准。官方网站：reproducibilityinstitute.org。	https://reproducibilityinstitute.org/w	是
Darwinproject	Darwinproject	工具	其他,效率工具,在线服务	Darwinproject在线服务	Darwinproject在线服务。这里提供Darwinproject的官方服务与相关信息，支持通过官网了解产品、功能、使用方式及最新动态；具体服务范围、开放地区和使用规则请以官方网站当前页面为准。官方网站：darwinproject.ac.uk。	https://www.darwinproject.ac.uk	是
Opensourceshakespeare	Opensourceshakespeare	工具	其他,效率工具,在线服务	Opensourceshakespeare在线服务	Opensourceshakespeare在线服务。这里提供Opensourceshakespeare的官方服务与相关信息，支持通过官网了解产品、功能、使用方式及最新动态；具体服务范围、开放地区和使用规则请以官方网站当前页面为准。官方网站：opensourceshakespeare.org。	https://www.opensourceshakespeare.org	是
Newtonproject	Newtonproject	工具	其他,效率工具,在线服务	Newtonproject在线服务	Newtonproject在线服务。这里提供Newtonproject的官方服务与相关信息，支持通过官网了解产品、功能、使用方式及最新动态；具体服务范围、开放地区和使用规则请以官方网站当前页面为准。官方网站：newtonproject.ox.ac.uk。	https://www.newtonproject.ox.ac.uk	是
Lettersofnote	Lettersofnote	工具	效率工具,在线服务	Lettersofnote在线服务	Lettersofnote在线服务。这里提供Lettersofnote的官方服务与相关信息，支持通过官网了解产品、功能、使用方式及最新动态；具体服务范围、开放地区和使用规则请以官方网站当前页面为准。官方网站：lettersofnote.com。	https://lettersofnote.com	是
Ourkarlpopper	Ourkarlpopper	工具	其他,效率工具,在线服务	Ourkarlpopper在线服务	Ourkarlpopper在线服务。这里提供Ourkarlpopper的官方服务与相关信息，支持通过官网了解产品、功能、使用方式及最新动态；具体服务范围、开放地区和使用规则请以官方网站当前页面为准。官方网站：ourkarlpopper.net。	https://ourkarlpopper.net	是
Leonardodavinci	Leonardodavinci	工具	其他,效率工具,在线服务	Leonardodavinci在线服务	Leonardodavinci在线服务。这里提供Leonardodavinci的官方服务与相关信息，支持通过官网了解产品、功能、使用方式及最新动态；具体服务范围、开放地区和使用规则请以官方网站当前页面为准。官方网站：leonardodavinci.net。	https://www.leonardodavinci.net	是
Davidhume	Davidhume	工具	其他,效率工具,在线服务	Davidhume在线服务	Davidhume在线服务。这里提供Davidhume的官方服务与相关信息，支持通过官网了解产品、功能、使用方式及最新动态；具体服务范围、开放地区和使用规则请以官方网站当前页面为准。官方网站：davidhume.org。	https://davidhume.org	是
Philipdick	Philipdick	工具	其他,效率工具,在线服务	Philipdick在线服务	Philipdick在线服务。这里提供Philipdick的官方服务与相关信息，支持通过官网了解产品、功能、使用方式及最新动态；具体服务范围、开放地区和使用规则请以官方网站当前页面为准。官方网站：philipdick.com。	https://philipdick.com	是
Turingarchive	Turingarchive	工具	其他,效率工具,在线服务	Turingarchive在线服务	Turingarchive在线服务。这里提供Turingarchive的官方服务与相关信息，支持通过官网了解产品、功能、使用方式及最新动态；具体服务范围、开放地区和使用规则请以官方网站当前页面为准。官方网站：turingarchive.kings.cam.ac.uk。	https://turingarchive.kings.cam.ac.uk	是
Sherlock Holm	Sherlock Holm	工具	其他,效率工具,在线服务	Sherlock Holm在线服务	Sherlock Holm在线服务。这里提供Sherlock Holm的官方服务与相关信息，支持通过官网了解产品、功能、使用方式及最新动态；具体服务范围、开放地区和使用规则请以官方网站当前页面为准。官方网站：sherlock-holm.es。	https://sherlock-holm.es	是
Openstax	Openstax	工具	其他,效率工具,在线服务	Openstax在线服务	Openstax在线服务。这里提供Openstax的官方服务与相关信息，支持通过官网了解产品、功能、使用方式及最新动态；具体服务范围、开放地区和使用规则请以官方网站当前页面为准。官方网站：openstax.org。	https://openstax.org	是
Organism	Organism	工具	其他,效率工具,在线服务	Organism在线服务	Organism在线服务。这里提供Organism的官方服务与相关信息，支持通过官网了解产品、功能、使用方式及最新动态；具体服务范围、开放地区和使用规则请以官方网站当前页面为准。官方网站：organism.earth。	https://www.organism.earth/library	是
Turing	Turing	工具	其他,效率工具,在线服务	Turing在线服务	Turing在线服务。这里提供Turing的官方服务与相关信息，支持通过官网了解产品、功能、使用方式及最新动态；具体服务范围、开放地区和使用规则请以官方网站当前页面为准。官方网站：turing.org.uk。	https://www.turing.org.uk	是
Fooledbyrandomness	Fooledbyrandomness	工具	其他,效率工具,在线服务	Fooledbyrandomness在线服务	Fooledbyrandomness在线服务。这里提供Fooledbyrandomness的官方服务与相关信息，支持通过官网了解产品、功能、使用方式及最新动态；具体服务范围、开放地区和使用规则请以官方网站当前页面为准。官方网站：fooledbyrandomness.com。	https://fooledbyrandomness.com	是
Famous Mathematicians	Famous Mathematicians	工具	其他,效率工具,在线服务	Famous Mathematicians在线服务	Famous Mathematicians在线服务。这里提供Famous Mathematicians的官方服务与相关信息，支持通过官网了解产品、功能、使用方式及最新动态；具体服务范围、开放地区和使用规则请以官方网站当前页面为准。官方网站：famous-mathematicians.org。	https://famous-mathematicians.org	是
Leibniz Translations	Leibniz Translations	工具	其他,效率工具,在线服务	Leibniz Translations在线服务	Leibniz Translations在线服务。这里提供Leibniz Translations的官方服务与相关信息，支持通过官网了解产品、功能、使用方式及最新动态；具体服务范围、开放地区和使用规则请以官方网站当前页面为准。官方网站：leibniz-translations.com。	https://www.leibniz-translations.com/index2.php	是
Classics	Classics	教育	在线学习,效率工具	Classics在线服务	Classics在线服务。这里提供Classics的官方服务与相关信息，支持通过官网了解产品、功能、使用方式及最新动态；具体服务范围、开放地区和使用规则请以官方网站当前页面为准。官方网站：classics.mit.edu。	https://classics.mit.edu	是
Freecomputerbooks	Freecomputerbooks	工具	其他,效率工具,在线服务	Freecomputerbooks在线服务	Freecomputerbooks在线服务。这里提供Freecomputerbooks的官方服务与相关信息，支持通过官网了解产品、功能、使用方式及最新动态；具体服务范围、开放地区和使用规则请以官方网站当前页面为准。官方网站：freecomputerbooks.com。	https://freecomputerbooks.com	是
Manning	Manning	工具	其他,效率工具,在线服务	Manning在线服务	Manning在线服务。这里提供Manning的官方服务与相关信息，支持通过官网了解产品、功能、使用方式及最新动态；具体服务范围、开放地区和使用规则请以官方网站当前页面为准。官方网站：manning.com。	https://www.manning.com	是
Samuel Beckett	Samuel Beckett	工具	其他,效率工具,在线服务	Samuel Beckett在线服务	Samuel Beckett在线服务。这里提供Samuel Beckett的官方服务与相关信息，支持通过官网了解产品、功能、使用方式及最新动态；具体服务范围、开放地区和使用规则请以官方网站当前页面为准。官方网站：samuel-beckett.net。	https://www.samuel-beckett.net	是
Librivox	Librivox	工具	其他,效率工具,在线服务	Librivox在线服务	Librivox在线服务。这里提供Librivox的官方服务与相关信息，支持通过官网了解产品、功能、使用方式及最新动态；具体服务范围、开放地区和使用规则请以官方网站当前页面为准。官方网站：librivox.org。	https://librivox.org	是
Holybooks	Holybooks	工具	其他,效率工具,在线服务	Holybooks在线服务	Holybooks在线服务。这里提供Holybooks的官方服务与相关信息，支持通过官网了解产品、功能、使用方式及最新动态；具体服务范围、开放地区和使用规则请以官方网站当前页面为准。官方网站：holybooks.com。	https://holybooks.com	是
Etc	Etc	教育	在线学习,效率工具	Etc在线服务	Etc在线服务。这里提供Etc的官方服务与相关信息，支持通过官网了解产品、功能、使用方式及最新动态；具体服务范围、开放地区和使用规则请以官方网站当前页面为准。官方网站：etc.usf.edu。	https://etc.usf.edu/lit2go	是
Taoism	Taoism	工具	其他,效率工具,在线服务	Taoism在线服务	Taoism在线服务。这里提供Taoism的官方服务与相关信息，支持通过官网了解产品、功能、使用方式及最新动态；具体服务范围、开放地区和使用规则请以官方网站当前页面为准。官方网站：taoism.net。	https://taoism.net	是
Intechopen	Intechopen	工具	其他,效率工具,在线服务	Intechopen在线服务	Intechopen在线服务。这里提供Intechopen的官方服务与相关信息，支持通过官网了解产品、功能、使用方式及最新动态；具体服务范围、开放地区和使用规则请以官方网站当前页面为准。官方网站：intechopen.com。	https://www.intechopen.com/books	是
Authorama	Authorama	工具	其他,效率工具,在线服务	Authorama在线服务	Authorama在线服务。这里提供Authorama的官方服务与相关信息，支持通过官网了解产品、功能、使用方式及最新动态；具体服务范围、开放地区和使用规则请以官方网站当前页面为准。官方网站：authorama.com。	https://www.authorama.com	是
Libraryofshortstories	Libraryofshortstories	工具	其他,效率工具,在线服务	Libraryofshortstories在线服务	Libraryofshortstories在线服务。这里提供Libraryofshortstories的官方服务与相关信息，支持通过官网了解产品、功能、使用方式及最新动态；具体服务范围、开放地区和使用规则请以官方网站当前页面为准。官方网站：libraryofshortstories.com。	https://www.libraryofshortstories.com	是
Archive	Archive	教育	在线学习,效率工具	Archive在线服务	Archive在线服务。这里提供Archive的官方服务与相关信息，支持通过官网了解产品、功能、使用方式及最新动态；具体服务范围、开放地区和使用规则请以官方网站当前页面为准。官方网站：archive.vcu.edu。	https://archive.vcu.edu/english/engweb/transcendentalism	是
Earlymoderntexts	Earlymoderntexts	工具	其他,效率工具,在线服务	Earlymoderntexts在线服务	Earlymoderntexts在线服务。这里提供Earlymoderntexts的官方服务与相关信息，支持通过官网了解产品、功能、使用方式及最新动态；具体服务范围、开放地区和使用规则请以官方网站当前页面为准。官方网站：earlymoderntexts.com。	https://earlymoderntexts.com	是
Free Ebooks	Free Ebooks	工具	其他,效率工具,在线服务	Free Ebooks在线服务	Free Ebooks在线服务。这里提供Free Ebooks的官方服务与相关信息，支持通过官网了解产品、功能、使用方式及最新动态；具体服务范围、开放地区和使用规则请以官方网站当前页面为准。官方网站：free-ebooks.net。	https://www.free-ebooks.net	是
Wzchen	Wzchen	工具	其他,效率工具,在线服务	Wzchen在线服务	Wzchen在线服务。这里提供Wzchen的官方服务与相关信息，支持通过官网了解产品、功能、使用方式及最新动态；具体服务范围、开放地区和使用规则请以官方网站当前页面为准。官方网站：wzchen.com。	https://www.wzchen.com/data-science-books	是
Chestofbooks	Chestofbooks	工具	其他,效率工具,在线服务	Chestofbooks在线服务	Chestofbooks在线服务。这里提供Chestofbooks的官方服务与相关信息，支持通过官网了解产品、功能、使用方式及最新动态；具体服务范围、开放地区和使用规则请以官方网站当前页面为准。官方网站：chestofbooks.com。	https://chestofbooks.com	是
Bookschatter	Bookschatter	工具	效率工具,在线服务	Bookschatter在线服务	Bookschatter在线服务。这里提供Bookschatter的官方服务与相关信息，支持通过官网了解产品、功能、使用方式及最新动态；具体服务范围、开放地区和使用规则请以官方网站当前页面为准。官方网站：bookschatter.com。	https://bookschatter.com	是
Mostrecommendedbooks	Mostrecommendedbooks	工具	其他,效率工具,在线服务	Mostrecommendedbooks在线服务	Mostrecommendedbooks在线服务。这里提供Mostrecommendedbooks的官方服务与相关信息，支持通过官网了解产品、功能、使用方式及最新动态；具体服务范围、开放地区和使用规则请以官方网站当前页面为准。官方网站：mostrecommendedbooks.com。	https://mostrecommendedbooks.com	是
Goodbooks	Goodbooks	工具	其他,效率工具,在线服务	Goodbooks在线服务	Goodbooks在线服务。这里提供Goodbooks的官方服务与相关信息，支持通过官网了解产品、功能、使用方式及最新动态；具体服务范围、开放地区和使用规则请以官方网站当前页面为准。官方网站：goodbooks.io。	https://www.goodbooks.io	是
Ibiblio	Ibiblio	工具	其他,效率工具,在线服务	Ibiblio在线服务	Ibiblio在线服务。这里提供Ibiblio的官方服务与相关信息，支持通过官网了解产品、功能、使用方式及最新动态；具体服务范围、开放地区和使用规则请以官方网站当前页面为准。官方网站：ibiblio.org。	https://www.ibiblio.org/ebooks	是
Abakcus	Abakcus	工具	其他,效率工具,在线服务	Abakcus在线服务	Abakcus在线服务。这里提供Abakcus的官方服务与相关信息，支持通过官网了解产品、功能、使用方式及最新动态；具体服务范围、开放地区和使用规则请以官方网站当前页面为准。官方网站：abakcus.com。	https://abakcus.com/books	是
Blas	Blas	工具	其他,效率工具,在线服务	Blas在线服务	Blas在线服务。这里提供Blas的官方服务与相关信息，支持通过官网了解产品、功能、使用方式及最新动态；具体服务范围、开放地区和使用规则请以官方网站当前页面为准。官方网站：blas.com。	https://blas.com	是
Bookstash	Bookstash	工具	其他,效率工具,在线服务	Bookstash在线服务	Bookstash在线服务。这里提供Bookstash的官方服务与相关信息，支持通过官网了解产品、功能、使用方式及最新动态；具体服务范围、开放地区和使用规则请以官方网站当前页面为准。官方网站：bookstash.io。	https://bookstash.io	是
Wolframscience	Wolframscience	工具	其他,效率工具,在线服务	Wolframscience在线服务	Wolframscience在线服务。这里提供Wolframscience的官方服务与相关信息，支持通过官网了解产品、功能、使用方式及最新动态；具体服务范围、开放地区和使用规则请以官方网站当前页面为准。官方网站：wolframscience.com。	https://www.wolframscience.com/nks	是
Gsmmap	Gsmmap	工具	其他,效率工具,在线服务	Gsmmap在线服务	Gsmmap在线服务。这里提供Gsmmap的官方服务与相关信息，支持通过官网了解产品、功能、使用方式及最新动态；具体服务范围、开放地区和使用规则请以官方网站当前页面为准。官方网站：gsmmap.org。	https://gsmmap.org	是
Ourworldindata	Ourworldindata	工具	其他,效率工具,在线服务	Ourworldindata在线服务	Ourworldindata在线服务。这里提供Ourworldindata的官方服务与相关信息，支持通过官网了解产品、功能、使用方式及最新动态；具体服务范围、开放地区和使用规则请以官方网站当前页面为准。官方网站：ourworldindata.org。	https://ourworldindata.org/covid-vaccinations	是
Whatshouldireadnext	Whatshouldireadnext	工具	其他,效率工具,在线服务	Whatshouldireadnext在线服务	Whatshouldireadnext在线服务。这里提供Whatshouldireadnext的官方服务与相关信息，支持通过官网了解产品、功能、使用方式及最新动态；具体服务范围、开放地区和使用规则请以官方网站当前页面为准。官方网站：whatshouldireadnext.com。	https://www.whatshouldireadnext.com	是
Commoncrawl	Commoncrawl	工具	其他,效率工具,在线服务	Commoncrawl在线服务	Commoncrawl在线服务。这里提供Commoncrawl的官方服务与相关信息，支持通过官网了解产品、功能、使用方式及最新动态；具体服务范围、开放地区和使用规则请以官方网站当前页面为准。官方网站：commoncrawl.org。	https://commoncrawl.org	是
Submarinecablemap	Submarinecablemap	工具	其他,效率工具,在线服务	Submarinecablemap在线服务	Submarinecablemap在线服务。这里提供Submarinecablemap的官方服务与相关信息，支持通过官网了解产品、功能、使用方式及最新动态；具体服务范围、开放地区和使用规则请以官方网站当前页面为准。官方网站：submarinecablemap.com。	https://www.submarinecablemap.com	是
Searchenginemap	Searchenginemap	工具	其他,效率工具,在线服务	Searchenginemap在线服务	Searchenginemap在线服务。这里提供Searchenginemap的官方服务与相关信息，支持通过官网了解产品、功能、使用方式及最新动态；具体服务范围、开放地区和使用规则请以官方网站当前页面为准。官方网站：searchenginemap.com。	https://www.searchenginemap.com	是
Friendly Dubinsky Cb22fe	Friendly Dubinsky Cb22fe	工具	其他,效率工具,在线服务	Friendly Dubinsky Cb22fe在线服务	Friendly Dubinsky Cb22fe在线服务。这里提供Friendly Dubinsky Cb22fe的官方服务与相关信息，支持通过官网了解产品、功能、使用方式及最新动态；具体服务范围、开放地区和使用规则请以官方网站当前页面为准。官方网站：friendly-dubinsky-cb22fe.netlify.app。	https://friendly-dubinsky-cb22fe.netlify.app	是
Fliist	Fliist	工具	其他,效率工具,在线服务	Fliist在线服务	Fliist在线服务。这里提供Fliist的官方服务与相关信息，支持通过官网了解产品、功能、使用方式及最新动态；具体服务范围、开放地区和使用规则请以官方网站当前页面为准。官方网站：fliist.com。	https://fliist.com/en	是
Gasprices	Gasprices	工具	其他,效率工具,在线服务	Gasprices在线服务	Gasprices在线服务。这里提供Gasprices的官方服务与相关信息，支持通过官网了解产品、功能、使用方式及最新动态；具体服务范围、开放地区和使用规则请以官方网站当前页面为准。官方网站：gasprices.aaa.com。	https://gasprices.aaa.com	是
Arxivxplorer	Arxivxplorer	工具	其他,效率工具,在线服务	Arxivxplorer在线服务	Arxivxplorer在线服务。这里提供Arxivxplorer的官方服务与相关信息，支持通过官网了解产品、功能、使用方式及最新动态；具体服务范围、开放地区和使用规则请以官方网站当前页面为准。官方网站：arxivxplorer.com。	https://arxivxplorer.com	是
Fixphrase	Fixphrase	工具	其他,效率工具,在线服务	Fixphrase在线服务	Fixphrase在线服务。这里提供Fixphrase的官方服务与相关信息，支持通过官网了解产品、功能、使用方式及最新动态；具体服务范围、开放地区和使用规则请以官方网站当前页面为准。官方网站：fixphrase.com。	https://fixphrase.com	是
Album Of Cfm	Album Of Cfm	工具	其他,效率工具,在线服务	Album Of Cfm在线服务	Album Of Cfm在线服务。这里提供Album Of Cfm的官方服务与相关信息，支持通过官网了解产品、功能、使用方式及最新动态；具体服务范围、开放地区和使用规则请以官方网站当前页面为准。官方网站：album-of-cfm.com。	https://album-of-cfm.com	是
Lmcinnes	Lmcinnes	开发	编程开发,效率工具	Lmcinnes在线服务	Lmcinnes在线服务。这里提供Lmcinnes的官方服务与相关信息，支持通过官网了解产品、功能、使用方式及最新动态；具体服务范围、开放地区和使用规则请以官方网站当前页面为准。官方网站：lmcinnes.github.io。	https://lmcinnes.github.io/datamapplot_examples/wikipedia	是
Duarteocarmo	Duarteocarmo	工具	其他,效率工具,在线服务	Duarteocarmo在线服务	Duarteocarmo在线服务。这里提供Duarteocarmo的官方服务与相关信息，支持通过官网了解产品、功能、使用方式及最新动态；具体服务范围、开放地区和使用规则请以官方网站当前页面为准。官方网站：duarteocarmo.com。	https://duarteocarmo.com/blog/every-job-world	是
Geodienst	Geodienst	开发	编程开发,效率工具	Geodienst在线服务	Geodienst在线服务。这里提供Geodienst的官方服务与相关信息，支持通过官网了解产品、功能、使用方式及最新动态；具体服务范围、开放地区和使用规则请以官方网站当前页面为准。官方网站：geodienst.github.io。	https://geodienst.github.io/lighthousemap	是
Datamapplot	Datamapplot	工具	其他,效率工具,在线服务	Datamapplot在线服务	Datamapplot在线服务。这里提供Datamapplot的官方服务与相关信息，支持通过官网了解产品、功能、使用方式及最新动态；具体服务范围、开放地区和使用规则请以官方网站当前页面为准。官方网站：datamapplot.readthedocs.io。	https://datamapplot.readthedocs.io/en/latest/auto_examples/plot_interactive_arxiv_ml.html	是
Informationisbeautiful	Informationisbeautiful	工具	其他,效率工具,在线服务	Informationisbeautiful在线服务	Informationisbeautiful在线服务。这里提供Informationisbeautiful的官方服务与相关信息，支持通过官网了解产品、功能、使用方式及最新动态；具体服务范围、开放地区和使用规则请以官方网站当前页面为准。官方网站：informationisbeautiful.net。	https://informationisbeautiful.net	是
Mount Everest3d	Mount Everest3d	工具	其他,效率工具,在线服务	Mount Everest3d在线服务	Mount Everest3d在线服务。这里提供Mount Everest3d的官方服务与相关信息，支持通过官网了解产品、功能、使用方式及最新动态；具体服务范围、开放地区和使用规则请以官方网站当前页面为准。官方网站：mount-everest3d.com。	https://mount-everest3d.com/3d-map	是
Public	Public	工具	其他,效率工具,在线服务	Public在线服务	Public在线服务。这里提供Public的官方服务与相关信息，支持通过官网了解产品、功能、使用方式及最新动态；具体服务范围、开放地区和使用规则请以官方网站当前页面为准。官方网站：public.tableau.com。	https://public.tableau.com/app/discover	是
D3js	D3js	工具	其他,效率工具,在线服务	D3js在线服务	D3js在线服务。这里提供D3js的官方服务与相关信息，支持通过官网了解产品、功能、使用方式及最新动态；具体服务范围、开放地区和使用规则请以官方网站当前页面为准。官方网站：d3js.org。	https://d3js.org	是
Infographicjournal	Infographicjournal	工具	其他,效率工具,在线服务	Infographicjournal在线服务	Infographicjournal在线服务。这里提供Infographicjournal的官方服务与相关信息，支持通过官网了解产品、功能、使用方式及最新动态；具体服务范围、开放地区和使用规则请以官方网站当前页面为准。官方网站：infographicjournal.com。	https://infographicjournal.com	是
Visualizingsep	Visualizingsep	工具	其他,效率工具,在线服务	Visualizingsep在线服务	Visualizingsep在线服务。这里提供Visualizingsep的官方服务与相关信息，支持通过官网了解产品、功能、使用方式及最新动态；具体服务范围、开放地区和使用规则请以官方网站当前页面为准。官方网站：visualizingsep.com。	https://www.visualizingsep.com	是
Datavizcatalogue	Datavizcatalogue	工具	其他,效率工具,在线服务	Datavizcatalogue在线服务	Datavizcatalogue在线服务。这里提供Datavizcatalogue的官方服务与相关信息，支持通过官网了解产品、功能、使用方式及最新动态；具体服务范围、开放地区和使用规则请以官方网站当前页面为准。官方网站：datavizcatalogue.com。	https://datavizcatalogue.com/index.html	是
Jasondavies	Jasondavies	工具	其他,效率工具,在线服务	Jasondavies在线服务	Jasondavies在线服务。这里提供Jasondavies的官方服务与相关信息，支持通过官网了解产品、功能、使用方式及最新动态；具体服务范围、开放地区和使用规则请以官方网站当前页面为准。官方网站：jasondavies.com。	https://www.jasondavies.com	是
Visualcapitalist	Visualcapitalist	开发	编程开发,效率工具	Visualcapitalist在线服务	Visualcapitalist在线服务。这里提供Visualcapitalist的官方服务与相关信息，支持通过官网了解产品、功能、使用方式及最新动态；具体服务范围、开放地区和使用规则请以官方网站当前页面为准。官方网站：visualcapitalist.com。	https://www.visualcapitalist.com	是
Philosophyalevel	Philosophyalevel	工具	其他,效率工具,在线服务	Philosophyalevel在线服务	Philosophyalevel在线服务。这里提供Philosophyalevel的官方服务与相关信息，支持通过官网了解产品、功能、使用方式及最新动态；具体服务范围、开放地区和使用规则请以官方网站当前页面为准。官方网站：philosophyalevel.com。	https://philosophyalevel.com	是
Datavizproject	Datavizproject	工具	其他,效率工具,在线服务	Datavizproject在线服务	Datavizproject在线服务。这里提供Datavizproject的官方服务与相关信息，支持通过官网了解产品、功能、使用方式及最新动态；具体服务范围、开放地区和使用规则请以官方网站当前页面为准。官方网站：datavizproject.com。	https://datavizproject.com	是
Ascehazardtool	Ascehazardtool	工具	其他,效率工具,在线服务	Ascehazardtool在线服务	Ascehazardtool在线服务。这里提供Ascehazardtool的官方服务与相关信息，支持通过官网了解产品、功能、使用方式及最新动态；具体服务范围、开放地区和使用规则请以官方网站当前页面为准。官方网站：ascehazardtool.org。	https://ascehazardtool.org	是
Preceden	Preceden	工具	其他,效率工具,在线服务	Preceden在线服务	Preceden在线服务。这里提供Preceden的官方服务与相关信息，支持通过官网了解产品、功能、使用方式及最新动态；具体服务范围、开放地区和使用规则请以官方网站当前页面为准。官方网站：preceden.com。	https://www.preceden.com	是
Humanorigins	Humanorigins	教育	在线学习,效率工具	Humanorigins在线服务	Humanorigins在线服务。这里提供Humanorigins的官方服务与相关信息，支持通过官网了解产品、功能、使用方式及最新动态；具体服务范围、开放地区和使用规则请以官方网站当前页面为准。官方网站：humanorigins.si.edu。	https://humanorigins.si.edu/evidence/human-family-tree	是
Willrobotstakemyjob	Willrobotstakemyjob	工具	其他,效率工具,在线服务	Willrobotstakemyjob在线服务	Willrobotstakemyjob在线服务。这里提供Willrobotstakemyjob的官方服务与相关信息，支持通过官网了解产品、功能、使用方式及最新动态；具体服务范围、开放地区和使用规则请以官方网站当前页面为准。官方网站：willrobotstakemyjob.com。	https://willrobotstakemyjob.com	是
Gregegan	Gregegan	工具	其他,效率工具,在线服务	Gregegan在线服务	Gregegan在线服务。这里提供Gregegan的官方服务与相关信息，支持通过官网了解产品、功能、使用方式及最新动态；具体服务范围、开放地区和使用规则请以官方网站当前页面为准。官方网站：gregegan.net。	https://www.gregegan.net	是
Denizcemonduygu	Denizcemonduygu	工具	其他,效率工具,在线服务	Denizcemonduygu在线服务	Denizcemonduygu在线服务。这里提供Denizcemonduygu的官方服务与相关信息，支持通过官网了解产品、功能、使用方式及最新动态；具体服务范围、开放地区和使用规则请以官方网站当前页面为准。官方网站：denizcemonduygu.com。	https://www.denizcemonduygu.com	是
Beyng	Beyng	工具	其他,效率工具,在线服务	Beyng在线服务	Beyng在线服务。这里提供Beyng的官方服务与相关信息，支持通过官网了解产品、功能、使用方式及最新动态；具体服务范围、开放地区和使用规则请以官方网站当前页面为准。官方网站：beyng.com。	https://www.beyng.com	是
Ascentofhumanity	Ascentofhumanity	工具	其他,效率工具,在线服务	Ascentofhumanity在线服务	Ascentofhumanity在线服务。这里提供Ascentofhumanity的官方服务与相关信息，支持通过官网了解产品、功能、使用方式及最新动态；具体服务范围、开放地区和使用规则请以官方网站当前页面为准。官方网站：ascentofhumanity.com。	https://ascentofhumanity.com	是
Temple	Temple	工具	其他,效率工具,在线服务	Temple在线服务	Temple在线服务。这里提供Temple的官方服务与相关信息，支持通过官网了解产品、功能、使用方式及最新动态；具体服务范围、开放地区和使用规则请以官方网站当前页面为准。官方网站：temple.manifoldapp.org。	https://temple.manifoldapp.org/projects/all	是
Histography	Histography	工具	其他,效率工具,在线服务	Histography在线服务	Histography在线服务。这里提供Histography的官方服务与相关信息，支持通过官网了解产品、功能、使用方式及最新动态；具体服务范围、开放地区和使用规则请以官方网站当前页面为准。官方网站：histography.io。	https://histography.io	是
River Runner Global	River Runner Global	教育	在线学习,效率工具	River Runner Global在线服务	River Runner Global在线服务。这里提供River Runner Global的官方服务与相关信息，支持通过官网了解产品、功能、使用方式及最新动态；具体服务范围、开放地区和使用规则请以官方网站当前页面为准。官方网站：river-runner-global.samlearner.com。	https://river-runner-global.samlearner.com	是
Todayinsci	Todayinsci	工具	其他,效率工具,在线服务	Todayinsci在线服务	Todayinsci在线服务。这里提供Todayinsci的官方服务与相关信息，支持通过官网了解产品、功能、使用方式及最新动态；具体服务范围、开放地区和使用规则请以官方网站当前页面为准。官方网站：todayinsci.com。	https://todayinsci.com	是
Blog	Blog	工具	其他,效率工具,在线服务	Blog在线服务	Blog在线服务。这里提供Blog的官方服务与相关信息，支持通过官网了解产品、功能、使用方式及最新动态；具体服务范围、开放地区和使用规则请以官方网站当前页面为准。官方网站：blog.nuclearsecrecy.com。	https://blog.nuclearsecrecy.com	是
Denizcemonduygu	Denizcemonduygu	工具	其他,效率工具,在线服务	Denizcemonduygu在线服务	Denizcemonduygu在线服务。这里提供Denizcemonduygu的官方服务与相关信息，支持通过官网了解产品、功能、使用方式及最新动态；具体服务范围、开放地区和使用规则请以官方网站当前页面为准。官方网站：denizcemonduygu.com。	https://www.denizcemonduygu.com/philo/browse	是
Courses	Courses	教育	在线学习,效率工具	Courses在线服务	Courses在线服务。这里提供Courses的官方服务与相关信息，支持通过官网了解产品、功能、使用方式及最新动态；具体服务范围、开放地区和使用规则请以官方网站当前页面为准。官方网站：courses.aynrand.org。	https://courses.aynrand.org	是
Futilitycloset	Futilitycloset	工具	其他,效率工具,在线服务	Futilitycloset在线服务	Futilitycloset在线服务。这里提供Futilitycloset的官方服务与相关信息，支持通过官网了解产品、功能、使用方式及最新动态；具体服务范围、开放地区和使用规则请以官方网站当前页面为准。官方网站：futilitycloset.com。	https://www.futilitycloset.com	是
Temple	Temple	工具	其他,效率工具,在线服务	Temple在线服务	Temple在线服务。这里提供Temple的官方服务与相关信息，支持通过官网了解产品、功能、使用方式及最新动态；具体服务范围、开放地区和使用规则请以官方网站当前页面为准。官方网站：temple.manifoldapp.org。	https://temple.manifoldapp.org/projects/physical-geology	是
Sectional Anatomy	Sectional Anatomy	工具	其他,效率工具,在线服务	Sectional Anatomy在线服务	Sectional Anatomy在线服务。这里提供Sectional Anatomy的官方服务与相关信息，支持通过官网了解产品、功能、使用方式及最新动态；具体服务范围、开放地区和使用规则请以官方网站当前页面为准。官方网站：sectional-anatomy.org。	https://www.sectional-anatomy.org	是
Wearehostsformemes	Wearehostsformemes	工具	其他,效率工具,在线服务	Wearehostsformemes在线服务	Wearehostsformemes在线服务。这里提供Wearehostsformemes的官方服务与相关信息，支持通过官网了解产品、功能、使用方式及最新动态；具体服务范围、开放地区和使用规则请以官方网站当前页面为准。官方网站：wearehostsformemes.com。	https://wearehostsformemes.com	是
Hellenistichistory	Hellenistichistory	工具	其他,效率工具,在线服务	Hellenistichistory在线服务	Hellenistichistory在线服务。这里提供Hellenistichistory的官方服务与相关信息，支持通过官网了解产品、功能、使用方式及最新动态；具体服务范围、开放地区和使用规则请以官方网站当前页面为准。官方网站：hellenistichistory.com。	https://www.hellenistichistory.com	是
Latitude	Latitude	工具	其他,效率工具,在线服务	Latitude在线服务	Latitude在线服务。这里提供Latitude的官方服务与相关信息，支持通过官网了解产品、功能、使用方式及最新动态；具体服务范围、开放地区和使用规则请以官方网站当前页面为准。官方网站：latitude.to。	https://latitude.to	是
Theoreticalminimum	Theoreticalminimum	工具	其他,效率工具,在线服务	Theoreticalminimum在线服务	Theoreticalminimum在线服务。这里提供Theoreticalminimum的官方服务与相关信息，支持通过官网了解产品、功能、使用方式及最新动态；具体服务范围、开放地区和使用规则请以官方网站当前页面为准。官方网站：theoreticalminimum.com。	https://theoreticalminimum.com/home	是
Perseus	Perseus	教育	在线学习,效率工具	Perseus在线服务	Perseus在线服务。这里提供Perseus的官方服务与相关信息，支持通过官网了解产品、功能、使用方式及最新动态；具体服务范围、开放地区和使用规则请以官方网站当前页面为准。官方网站：perseus.tufts.edu。	https://www.perseus.tufts.edu/hopper	是
Birdwatching	Birdwatching	工具	其他,效率工具,在线服务	Birdwatching在线服务	Birdwatching在线服务。这里提供Birdwatching的官方服务与相关信息，支持通过官网了解产品、功能、使用方式及最新动态；具体服务范围、开放地区和使用规则请以官方网站当前页面为准。官方网站：birdwatching.zone。	https://birdwatching.zone	是
Earthquake	Earthquake	工具	其他,效率工具,在线服务	Earthquake在线服务	Earthquake在线服务。这里提供Earthquake的官方服务与相关信息，支持通过官网了解产品、功能、使用方式及最新动态；具体服务范围、开放地区和使用规则请以官方网站当前页面为准。官方网站：earthquake.usgs.gov。	https://earthquake.usgs.gov/earthquakes/map	是
Ptable	Ptable	工具	其他,效率工具,在线服务	Ptable在线服务	Ptable在线服务。这里提供Ptable的官方服务与相关信息，支持通过官网了解产品、功能、使用方式及最新动态；具体服务范围、开放地区和使用规则请以官方网站当前页面为准。官方网站：ptable.com。	https://ptable.com	是
Muellergroup	Muellergroup	教育	在线学习,效率工具	Muellergroup在线服务	Muellergroup在线服务。这里提供Muellergroup的官方服务与相关信息，支持通过官网了解产品、功能、使用方式及最新动态；具体服务范围、开放地区和使用规则请以官方网站当前页面为准。官方网站：muellergroup.lassp.cornell.edu。	https://muellergroup.lassp.cornell.edu/index.html	是
Mars	Mars	工具	其他,效率工具,在线服务	Mars在线服务	Mars在线服务。这里提供Mars的官方服务与相关信息，支持通过官网了解产品、功能、使用方式及最新动态；具体服务范围、开放地区和使用规则请以官方网站当前页面为准。官方网站：mars.nasa.gov。	https://mars.nasa.gov/explore/mars-now	是
Onezoom	Onezoom	工具	其他,效率工具,在线服务	Onezoom在线服务	Onezoom在线服务。这里提供Onezoom的官方服务与相关信息，支持通过官网了解产品、功能、使用方式及最新动态；具体服务范围、开放地区和使用规则请以官方网站当前页面为准。官方网站：onezoom.org。	https://www.onezoom.org	是
Nist	Nist	工具	其他,效率工具,在线服务	Nist在线服务	Nist在线服务。这里提供Nist的官方服务与相关信息，支持通过官网了解产品、功能、使用方式及最新动态；具体服务范围、开放地区和使用规则请以官方网站当前页面为准。官方网站：nist.gov。	https://www.nist.gov/pml/fundamental-physical-constants	是
Learnqm	Learnqm	教育	在线学习,效率工具	Learnqm在线服务	Learnqm在线服务。这里提供Learnqm的官方服务与相关信息，支持通过官网了解产品、功能、使用方式及最新动态；具体服务范围、开放地区和使用规则请以官方网站当前页面为准。官方网站：learnqm.gatech.edu。	https://learnqm.gatech.edu	是
Floodsite	Floodsite	工具	其他,效率工具,在线服务	Floodsite在线服务	Floodsite在线服务。这里提供Floodsite的官方服务与相关信息，支持通过官网了解产品、功能、使用方式及最新动态；具体服务范围、开放地区和使用规则请以官方网站当前页面为准。官方网站：floodsite.net。	https://floodsite.net/juniorfloodsite	是
Vsg	Vsg	工具	其他,效率工具,在线服务	Vsg在线服务	Vsg在线服务。这里提供Vsg的官方服务与相关信息，支持通过官网了解产品、功能、使用方式及最新动态；具体服务范围、开放地区和使用规则请以官方网站当前页面为准。官方网站：vsg.quasihome.com。	https://vsg.quasihome.com/interfer.htm	是
Qplaylearn	Qplaylearn	教育	在线学习,效率工具	Qplaylearn在线服务	Qplaylearn在线服务。这里提供Qplaylearn的官方服务与相关信息，支持通过官网了解产品、功能、使用方式及最新动态；具体服务范围、开放地区和使用规则请以官方网站当前页面为准。官方网站：qplaylearn.com。	https://qplaylearn.com	是
Stars	Stars	工具	其他,效率工具,在线服务	Stars在线服务	Stars在线服务。这里提供Stars的官方服务与相关信息，支持通过官网了解产品、功能、使用方式及最新动态；具体服务范围、开放地区和使用规则请以官方网站当前页面为准。官方网站：stars.chromeexperiments.com。	https://stars.chromeexperiments.com	是
Spacetelescopelive	Spacetelescopelive	工具	其他,效率工具,在线服务	Spacetelescopelive在线服务	Spacetelescopelive在线服务。这里提供Spacetelescopelive的官方服务与相关信息，支持通过官网了解产品、功能、使用方式及最新动态；具体服务范围、开放地区和使用规则请以官方网站当前页面为准。官方网站：spacetelescopelive.org。	https://spacetelescopelive.org/webb	是
Telescope Optics	Telescope Optics	工具	其他,效率工具,在线服务	Telescope Optics在线服务	Telescope Optics在线服务。这里提供Telescope Optics的官方服务与相关信息，支持通过官网了解产品、功能、使用方式及最新动态；具体服务范围、开放地区和使用规则请以官方网站当前页面为准。官方网站：telescope-optics.net。	https://www.telescope-optics.net	是
Arxiv	Arxiv	工具	其他,效率工具,在线服务	Arxiv在线服务	Arxiv在线服务。这里提供Arxiv的官方服务与相关信息，支持通过官网了解产品、功能、使用方式及最新动态；具体服务范围、开放地区和使用规则请以官方网站当前页面为准。官方网站：arxiv.org。	https://arxiv.org/abs/2202.07756	是
Quarksinteractive	Quarksinteractive	工具	其他,效率工具,在线服务	Quarksinteractive在线服务	Quarksinteractive在线服务。这里提供Quarksinteractive的官方服务与相关信息，支持通过官网了解产品、功能、使用方式及最新动态；具体服务范围、开放地区和使用规则请以官方网站当前页面为准。官方网站：quarksinteractive.com。	https://quarksinteractive.com	是
Complex Analysis	Complex Analysis	工具	其他,效率工具,在线服务	Complex Analysis在线服务	Complex Analysis在线服务。这里提供Complex Analysis的官方服务与相关信息，支持通过官网了解产品、功能、使用方式及最新动态；具体服务范围、开放地区和使用规则请以官方网站当前页面为准。官方网站：complex-analysis.com。	https://complex-analysis.com	是
Pdodds	Pdodds	教育	在线学习,效率工具	Pdodds在线服务	Pdodds在线服务。这里提供Pdodds的官方服务与相关信息，支持通过官网了解产品、功能、使用方式及最新动态；具体服务范围、开放地区和使用规则请以官方网站当前页面为准。官方网站：pdodds.w3.uvm.edu。	https://pdodds.w3.uvm.edu	是
Math3ma	Math3ma	工具	其他,效率工具,在线服务	Math3ma在线服务	Math3ma在线服务。这里提供Math3ma的官方服务与相关信息，支持通过官网了解产品、功能、使用方式及最新动态；具体服务范围、开放地区和使用规则请以官方网站当前页面为准。官方网站：math3ma.com。	https://www.math3ma.com/blog/what-is-category-theory-anyway	是
Math3ma	Math3ma	工具	其他,效率工具,在线服务	Math3ma在线服务	Math3ma在线服务。这里提供Math3ma的官方服务与相关信息，支持通过官网了解产品、功能、使用方式及最新动态；具体服务范围、开放地区和使用规则请以官方网站当前页面为准。官方网站：math3ma.com。	https://www.math3ma.com/blog/matrices-as-tensor-network-diagrams	是
Betterexplained	Betterexplained	AI	AI,效率工具	Betterexplained在线服务	Betterexplained在线服务。这里提供Betterexplained的官方服务与相关信息，支持通过官网了解产品、功能、使用方式及最新动态；具体服务范围、开放地区和使用规则请以官方网站当前页面为准。官方网站：betterexplained.com。	https://betterexplained.com	是
Oeis	Oeis	工具	其他,效率工具,在线服务	Oeis在线服务	Oeis在线服务。这里提供Oeis的官方服务与相关信息，支持通过官网了解产品、功能、使用方式及最新动态；具体服务范围、开放地区和使用规则请以官方网站当前页面为准。官方网站：oeis.org。	https://oeis.org	是
Vqol	Vqol	工具	其他,效率工具,在线服务	Vqol在线服务	Vqol在线服务。这里提供Vqol的官方服务与相关信息，支持通过官网了解产品、功能、使用方式及最新动态；具体服务范围、开放地区和使用规则请以官方网站当前页面为准。官方网站：vqol.org。	https://www.vqol.org	是
Webbtelescope	Webbtelescope	工具	其他,效率工具,在线服务	Webbtelescope在线服务	Webbtelescope在线服务。这里提供Webbtelescope的官方服务与相关信息，支持通过官网了解产品、功能、使用方式及最新动态；具体服务范围、开放地区和使用规则请以官方网站当前页面为准。官方网站：webbtelescope.org。	https://webbtelescope.org	是
Algebrapracticeproblems	Algebrapracticeproblems	工具	其他,效率工具,在线服务	Algebrapracticeproblems在线服务	Algebrapracticeproblems在线服务。这里提供Algebrapracticeproblems的官方服务与相关信息，支持通过官网了解产品、功能、使用方式及最新动态；具体服务范围、开放地区和使用规则请以官方网站当前页面为准。官方网站：algebrapracticeproblems.com。	https://www.algebrapracticeproblems.com	是
Mathigon	Mathigon	工具	其他,效率工具,在线服务	Mathigon在线服务	Mathigon在线服务。这里提供Mathigon的官方服务与相关信息，支持通过官网了解产品、功能、使用方式及最新动态；具体服务范围、开放地区和使用规则请以官方网站当前页面为准。官方网站：mathigon.org。	https://mathigon.org	是
Sam	Sam	工具	其他,效率工具,在线服务	Sam在线服务	Sam在线服务。这里提供Sam的官方服务与相关信息，支持通过官网了解产品、功能、使用方式及最新动态；具体服务范围、开放地区和使用规则请以官方网站当前页面为准。官方网站：sam.nitk.ac.in。	https://sam.nitk.ac.in/courses-taught.html	是
Math Salamanders	Math Salamanders	工具	其他,效率工具,在线服务	Math Salamanders在线服务	Math Salamanders在线服务。这里提供Math Salamanders的官方服务与相关信息，支持通过官网了解产品、功能、使用方式及最新动态；具体服务范围、开放地区和使用规则请以官方网站当前页面为准。官方网站：math-salamanders.com。	https://www.math-salamanders.com	是
Chilimath	Chilimath	工具	其他,效率工具,在线服务	Chilimath在线服务	Chilimath在线服务。这里提供Chilimath的官方服务与相关信息，支持通过官网了解产品、功能、使用方式及最新动态；具体服务范围、开放地区和使用规则请以官方网站当前页面为准。官方网站：chilimath.com。	https://www.chilimath.com	是
Blog	Blog	工具	其他,效率工具,在线服务	Blog在线服务	Blog在线服务。这里提供Blog的官方服务与相关信息，支持通过官网了解产品、功能、使用方式及最新动态；具体服务范围、开放地区和使用规则请以官方网站当前页面为准。官方网站：blog.symbaloo.com。	https://blog.symbaloo.com/webmixes/11/best-math-websites	是
Mathhints	Mathhints	工具	其他,效率工具,在线服务	Mathhints在线服务	Mathhints在线服务。这里提供Mathhints的官方服务与相关信息，支持通过官网了解产品、功能、使用方式及最新动态；具体服务范围、开放地区和使用规则请以官方网站当前页面为准。官方网站：mathhints.com。	https://mathhints.com	是
Enjeck	Enjeck	工具	其他,效率工具,在线服务	Enjeck在线服务	Enjeck在线服务。这里提供Enjeck的官方服务与相关信息，支持通过官网了解产品、功能、使用方式及最新动态；具体服务范围、开放地区和使用规则请以官方网站当前页面为准。官方网站：enjeck.com。	https://enjeck.com/num2math	是
Geomstats	Geomstats	开发	编程开发,效率工具	Geomstats在线服务	Geomstats在线服务。这里提供Geomstats的官方服务与相关信息，支持通过官网了解产品、功能、使用方式及最新动态；具体服务范围、开放地区和使用规则请以官方网站当前页面为准。官方网站：geomstats.github.io。	https://geomstats.github.io/tutorials/index.html	是
Tutorial	Tutorial	教育	在线学习,效率工具	Tutorial在线服务	Tutorial在线服务。这里提供Tutorial的官方服务与相关信息，支持通过官网了解产品、功能、使用方式及最新动态；具体服务范围、开放地区和使用规则请以官方网站当前页面为准。官方网站：tutorial.math.lamar.edu。	https://tutorial.math.lamar.edu	是
Genealogy	Genealogy	教育	在线学习,效率工具	Genealogy在线服务	Genealogy在线服务。这里提供Genealogy的官方服务与相关信息，支持通过官网了解产品、功能、使用方式及最新动态；具体服务范围、开放地区和使用规则请以官方网站当前页面为准。官方网站：genealogy.math.ndsu.nodak.edu。	https://genealogy.math.ndsu.nodak.edu/index.php	是
Trigonography	Trigonography	工具	其他,效率工具,在线服务	Trigonography在线服务	Trigonography在线服务。这里提供Trigonography的官方服务与相关信息，支持通过官网了解产品、功能、使用方式及最新动态；具体服务范围、开放地区和使用规则请以官方网站当前页面为准。官方网站：trigonography.com。	https://trigonography.com	是
Nycdoe Cs4all	Nycdoe Cs4all	开发	编程开发,效率工具	Nycdoe Cs4all在线服务	Nycdoe Cs4all在线服务。这里提供Nycdoe Cs4all的官方服务与相关信息，支持通过官网了解产品、功能、使用方式及最新动态；具体服务范围、开放地区和使用规则请以官方网站当前页面为准。官方网站：nycdoe-cs4all.github.io。	https://nycdoe-cs4all.github.io	是
Amirhirsch	Amirhirsch	工具	其他,效率工具,在线服务	Amirhirsch在线服务	Amirhirsch在线服务。这里提供Amirhirsch的官方服务与相关信息，支持通过官网了解产品、功能、使用方式及最新动态；具体服务范围、开放地区和使用规则请以官方网站当前页面为准。官方网站：amirhirsch.com。	https://amirhirsch.com/zeta/index.html	是
Planetmath	Planetmath	工具	其他,效率工具,在线服务	Planetmath在线服务	Planetmath在线服务。这里提供Planetmath的官方服务与相关信息，支持通过官网了解产品、功能、使用方式及最新动态；具体服务范围、开放地区和使用规则请以官方网站当前页面为准。官方网站：planetmath.org。	https://planetmath.org	是
Some	Some	工具	其他,效率工具,在线服务	Some在线服务	Some在线服务。这里提供Some的官方服务与相关信息，支持通过官网了解产品、功能、使用方式及最新动态；具体服务范围、开放地区和使用规则请以官方网站当前页面为准。官方网站：some.3b1b.co。	https://some.3b1b.co/non-videos	是
Animagraffs	Animagraffs	工具	其他,效率工具,在线服务	Animagraffs在线服务	Animagraffs在线服务。这里提供Animagraffs的官方服务与相关信息，支持通过官网了解产品、功能、使用方式及最新动态；具体服务范围、开放地区和使用规则请以官方网站当前页面为准。官方网站：animagraffs.com。	https://animagraffs.com	是
Combinatorics	Combinatorics	工具	其他,效率工具,在线服务	Combinatorics在线服务	Combinatorics在线服务。这里提供Combinatorics的官方服务与相关信息，支持通过官网了解产品、功能、使用方式及最新动态；具体服务范围、开放地区和使用规则请以官方网站当前页面为准。官方网站：combinatorics.org。	https://www.combinatorics.org/ojs/index.php/eljc	是
Ximera	Ximera	教育	在线学习,效率工具	Ximera在线服务	Ximera在线服务。这里提供Ximera的官方服务与相关信息，支持通过官网了解产品、功能、使用方式及最新动态；具体服务范围、开放地区和使用规则请以官方网站当前页面为准。官方网站：ximera.osu.edu。	https://ximera.osu.edu/mooculus	是
Euclideanspace	Euclideanspace	工具	其他,效率工具,在线服务	Euclideanspace在线服务	Euclideanspace在线服务。这里提供Euclideanspace的官方服务与相关信息，支持通过官网了解产品、功能、使用方式及最新动态；具体服务范围、开放地区和使用规则请以官方网站当前页面为准。官方网站：euclideanspace.com。	https://euclideanspace.com	是
Erdosproblems	Erdosproblems	工具	其他,效率工具,在线服务	Erdosproblems在线服务	Erdosproblems在线服务。这里提供Erdosproblems的官方服务与相关信息，支持通过官网了解产品、功能、使用方式及最新动态；具体服务范围、开放地区和使用规则请以官方网站当前页面为准。官方网站：erdosproblems.com。	https://www.erdosproblems.com	是
Cut The Knot	Cut The Knot	工具	其他,效率工具,在线服务	Cut The Knot在线服务	Cut The Knot在线服务。这里提供Cut The Knot的官方服务与相关信息，支持通过官网了解产品、功能、使用方式及最新动态；具体服务范围、开放地区和使用规则请以官方网站当前页面为准。官方网站：cut-the-knot.org。	https://www.cut-the-knot.org	是
Dynamicmath	Dynamicmath	工具	其他,效率工具,在线服务	Dynamicmath在线服务	Dynamicmath在线服务。这里提供Dynamicmath的官方服务与相关信息，支持通过官网了解产品、功能、使用方式及最新动态；具体服务范围、开放地区和使用规则请以官方网站当前页面为准。官方网站：dynamicmath.xyz。	https://www.dynamicmath.xyz/collective-math-art	是
Texample	Texample	工具	其他,效率工具,在线服务	Texample在线服务	Texample在线服务。这里提供Texample的官方服务与相关信息，支持通过官网了解产品、功能、使用方式及最新动态；具体服务范围、开放地区和使用规则请以官方网站当前页面为准。官方网站：texample.net。	https://texample.net	是
App	App	工具	其他,效率工具,在线服务	App在线服务	App在线服务。这里提供App的官方服务与相关信息，支持通过官网了解产品、功能、使用方式及最新动态；具体服务范围、开放地区和使用规则请以官方网站当前页面为准。官方网站：app.knovel.com。	https://app.knovel.com/kn	是
Printablegraphpaper	Printablegraphpaper	工具	其他,效率工具,在线服务	Printablegraphpaper在线服务	Printablegraphpaper在线服务。这里提供Printablegraphpaper的官方服务与相关信息，支持通过官网了解产品、功能、使用方式及最新动态；具体服务范围、开放地区和使用规则请以官方网站当前页面为准。官方网站：printablegraphpaper.org。	https://printablegraphpaper.org	是
Nuclear Power	Nuclear Power	工具	其他,效率工具,在线服务	Nuclear Power在线服务	Nuclear Power在线服务。这里提供Nuclear Power的官方服务与相关信息，支持通过官网了解产品、功能、使用方式及最新动态；具体服务范围、开放地区和使用规则请以官方网站当前页面为准。官方网站：nuclear-power.com。	https://www.nuclear-power.com	是
Mcmaster	Mcmaster	工具	其他,效率工具,在线服务	Mcmaster在线服务	Mcmaster在线服务。这里提供Mcmaster的官方服务与相关信息，支持通过官网了解产品、功能、使用方式及最新动态；具体服务范围、开放地区和使用规则请以官方网站当前页面为准。官方网站：mcmaster.com。	https://www.mcmaster.com	是
Floorplanlab	Floorplanlab	工具	其他,效率工具,在线服务	Floorplanlab在线服务	Floorplanlab在线服务。这里提供Floorplanlab的官方服务与相关信息，支持通过官网了解产品、功能、使用方式及最新动态；具体服务范围、开放地区和使用规则请以官方网站当前页面为准。官方网站：floorplanlab.com。	https://floorplanlab.com	是
507movements	507movements	工具	其他,效率工具,在线服务	507movements在线服务	507movements在线服务。这里提供507movements的官方服务与相关信息，支持通过官网了解产品、功能、使用方式及最新动态；具体服务范围、开放地区和使用规则请以官方网站当前页面为准。官方网站：507movements.com。	https://507movements.com/toc.html	是
Madehow	Madehow	工具	其他,效率工具,在线服务	Madehow在线服务	Madehow在线服务。这里提供Madehow的官方服务与相关信息，支持通过官网了解产品、功能、使用方式及最新动态；具体服务范围、开放地区和使用规则请以官方网站当前页面为准。官方网站：madehow.com。	https://www.madehow.com	是
Tungsteno	Tungsteno	工具	其他,效率工具,在线服务	Tungsteno在线服务	Tungsteno在线服务。这里提供Tungsteno的官方服务与相关信息，支持通过官网了解产品、功能、使用方式及最新动态；具体服务范围、开放地区和使用规则请以官方网站当前页面为准。官方网站：tungsteno.io。	https://www.tungsteno.io	是
Ciechanow	Ciechanow	工具	其他,效率工具,在线服务	Ciechanow在线服务	Ciechanow在线服务。这里提供Ciechanow的官方服务与相关信息，支持通过官网了解产品、功能、使用方式及最新动态；具体服务范围、开放地区和使用规则请以官方网站当前页面为准。官方网站：ciechanow.ski。	https://ciechanow.ski/archives	是
Text To Cad	Text To Cad	开发	编程开发,效率工具	Text To Cad在线服务	Text To Cad在线服务。这里提供Text To Cad的官方服务与相关信息，支持通过官网了解产品、功能、使用方式及最新动态；具体服务范围、开放地区和使用规则请以官方网站当前页面为准。官方网站：text-to-cad.zoo.dev。	https://text-to-cad.zoo.dev	是
Dynref	Dynref	教育	在线学习,效率工具	Dynref在线服务	Dynref在线服务。这里提供Dynref的官方服务与相关信息，支持通过官网了解产品、功能、使用方式及最新动态；具体服务范围、开放地区和使用规则请以官方网站当前页面为准。官方网站：dynref.engr.illinois.edu。	https://dynref.engr.illinois.edu/ref.html	是
3dhouseplanner	3dhouseplanner	工具	其他,效率工具,在线服务	3dhouseplanner在线服务	3dhouseplanner在线服务。这里提供3dhouseplanner的官方服务与相关信息，支持通过官网了解产品、功能、使用方式及最新动态；具体服务范围、开放地区和使用规则请以官方网站当前页面为准。官方网站：3dhouseplanner.com。	https://3dhouseplanner.com	是
Temple	Temple	工具	其他,效率工具,在线服务	Temple在线服务	Temple在线服务。这里提供Temple的官方服务与相关信息，支持通过官网了解产品、功能、使用方式及最新动态；具体服务范围、开放地区和使用规则请以官方网站当前页面为准。官方网站：temple.manifoldapp.org。	https://temple.manifoldapp.org/projects/structural-analysis	是
Calcresource	Calcresource	工具	其他,效率工具,在线服务	Calcresource在线服务	Calcresource在线服务。这里提供Calcresource的官方服务与相关信息，支持通过官网了解产品、功能、使用方式及最新动态；具体服务范围、开放地区和使用规则请以官方网站当前页面为准。官方网站：calcresource.com。	https://calcresource.com/resources.html	是
Roymech	Roymech	工具	其他,效率工具,在线服务	Roymech在线服务	Roymech在线服务。这里提供Roymech的官方服务与相关信息，支持通过官网了解产品、功能、使用方式及最新动态；具体服务范围、开放地区和使用规则请以官方网站当前页面为准。官方网站：roymech.co.uk。	https://www.roymech.co.uk	是
Homestyler	Homestyler	工具	其他,效率工具,在线服务	Homestyler在线服务	Homestyler在线服务。这里提供Homestyler的官方服务与相关信息，支持通过官网了解产品、功能、使用方式及最新动态；具体服务范围、开放地区和使用规则请以官方网站当前页面为准。官方网站：homestyler.com。	https://www.homestyler.com	是
Howacarworks	Howacarworks	工具	效率工具,在线服务	Howacarworks在线服务	Howacarworks在线服务。这里提供Howacarworks的官方服务与相关信息，支持通过官网了解产品、功能、使用方式及最新动态；具体服务范围、开放地区和使用规则请以官方网站当前页面为准。官方网站：howacarworks.com。	https://www.howacarworks.com	是
Iqsdirectory	Iqsdirectory	工具	其他,效率工具,在线服务	Iqsdirectory在线服务	Iqsdirectory在线服务。这里提供Iqsdirectory的官方服务与相关信息，支持通过官网了解产品、功能、使用方式及最新动态；具体服务范围、开放地区和使用规则请以官方网站当前页面为准。官方网站：iqsdirectory.com。	https://www.iqsdirectory.com/articles	是
Iihs	Iihs	工具	其他,效率工具,在线服务	Iihs在线服务	Iihs在线服务。这里提供Iihs的官方服务与相关信息，支持通过官网了解产品、功能、使用方式及最新动态；具体服务范围、开放地区和使用规则请以官方网站当前页面为准。官方网站：iihs.org。	https://www.iihs.org/ratings	是
Engineeringlibrary	Engineeringlibrary	工具	其他,效率工具,在线服务	Engineeringlibrary在线服务	Engineeringlibrary在线服务。这里提供Engineeringlibrary的官方服务与相关信息，支持通过官网了解产品、功能、使用方式及最新动态；具体服务范围、开放地区和使用规则请以官方网站当前页面为准。官方网站：engineeringlibrary.org。	https://engineeringlibrary.org/reference	是
Toastermuseum	Toastermuseum	工具	其他,效率工具,在线服务	Toastermuseum在线服务	Toastermuseum在线服务。这里提供Toastermuseum的官方服务与相关信息，支持通过官网了解产品、功能、使用方式及最新动态；具体服务范围、开放地区和使用规则请以官方网站当前页面为准。官方网站：toastermuseum.com。	http://toastermuseum.com	是
Sections	Sections	工具	其他,效率工具,在线服务	Sections在线服务	Sections在线服务。这里提供Sections的官方服务与相关信息，支持通过官网了解产品、功能、使用方式及最新动态；具体服务范围、开放地区和使用规则请以官方网站当前页面为准。官方网站：sections.arcelormittal.com。	https://sections.arcelormittal.com/design_aid/design_software/en	是
Doitpoms	Doitpoms	工具	其他,效率工具,在线服务	Doitpoms在线服务	Doitpoms在线服务。这里提供Doitpoms的官方服务与相关信息，支持通过官网了解产品、功能、使用方式及最新动态；具体服务范围、开放地区和使用规则请以官方网站当前页面为准。官方网站：doitpoms.ac.uk。	https://www.doitpoms.ac.uk/index.php	是
Bu	Bu	教育	在线学习,效率工具	Bu在线服务	Bu在线服务。这里提供Bu的官方服务与相关信息，支持通过官网了解产品、功能、使用方式及最新动态；具体服务范围、开放地区和使用规则请以官方网站当前页面为准。官方网站：bu.edu。	https://www.bu.edu/moss	是
Roymech	Roymech	工具	其他,效率工具,在线服务	Roymech在线服务	Roymech在线服务。这里提供Roymech的官方服务与相关信息，支持通过官网了解产品、功能、使用方式及最新动态；具体服务范围、开放地区和使用规则请以官方网站当前页面为准。官方网站：roymech.org。	https://roymech.org	是
Ssd	Ssd	工具	其他,效率工具,在线服务	Ssd在线服务	Ssd在线服务。这里提供Ssd的官方服务与相关信息，支持通过官网了解产品、功能、使用方式及最新动态；具体服务范围、开放地区和使用规则请以官方网站当前页面为准。官方网站：ssd.phys.strath.ac.uk。	https://ssd.phys.strath.ac.uk	是
Cybergraph	Cybergraph	工具	其他,效率工具,在线服务	Cybergraph在线服务	Cybergraph在线服务。这里提供Cybergraph的官方服务与相关信息，支持通过官网了解产品、功能、使用方式及最新动态；具体服务范围、开放地区和使用规则请以官方网站当前页面为准。官方网站：cybergraph.dubberly.com。	https://cybergraph.dubberly.com	是
Product	Product	工具	效率工具,在线服务	Product在线服务	Product在线服务。这里提供Product的官方服务与相关信息，支持通过官网了解产品、功能、使用方式及最新动态；具体服务范围、开放地区和使用规则请以官方网站当前页面为准。官方网站：product.statnano.com。	https://product.statnano.com	是
Teachyourselfcs	Teachyourselfcs	工具	其他,效率工具,在线服务	Teachyourselfcs在线服务	Teachyourselfcs在线服务。这里提供Teachyourselfcs的官方服务与相关信息，支持通过官网了解产品、功能、使用方式及最新动态；具体服务范围、开放地区和使用规则请以官方网站当前页面为准。官方网站：teachyourselfcs.com。	https://teachyourselfcs.com	是
Electronics Tutorials	Electronics Tutorials	工具	其他,效率工具,在线服务	Electronics Tutorials在线服务	Electronics Tutorials在线服务。这里提供Electronics Tutorials的官方服务与相关信息，支持通过官网了解产品、功能、使用方式及最新动态；具体服务范围、开放地区和使用规则请以官方网站当前页面为准。官方网站：electronics-tutorials.ws。	https://www.electronics-tutorials.ws	是
Octopart	Octopart	工具	其他,效率工具,在线服务	Octopart在线服务	Octopart在线服务。这里提供Octopart的官方服务与相关信息，支持通过官网了解产品、功能、使用方式及最新动态；具体服务范围、开放地区和使用规则请以官方网站当前页面为准。官方网站：octopart.com。	https://octopart.com	是
Electrical4u	Electrical4u	工具	其他,效率工具,在线服务	Electrical4u在线服务	Electrical4u在线服务。这里提供Electrical4u的官方服务与相关信息，支持通过官网了解产品、功能、使用方式及最新动态；具体服务范围、开放地区和使用规则请以官方网站当前页面为准。官方网站：electrical4u.com。	https://www.electrical4u.com	是
Menimagerie	Menimagerie	设计	设计与创意,效率工具	Menimagerie在线服务	Menimagerie在线服务。这里提供Menimagerie的官方服务与相关信息，支持通过官网了解产品、功能、使用方式及最新动态；具体服务范围、开放地区和使用规则请以官方网站当前页面为准。官方网站：menimagerie.com。	https://www.menimagerie.com	是
Functionalcs	Functionalcs	开发	编程开发,效率工具	Functionalcs在线服务	Functionalcs在线服务。这里提供Functionalcs的官方服务与相关信息，支持通过官网了解产品、功能、使用方式及最新动态；具体服务范围、开放地区和使用规则请以官方网站当前页面为准。官方网站：functionalcs.github.io。	https://functionalcs.github.io/curriculum	是
Entcheva	Entcheva	开发	编程开发,效率工具	Entcheva在线服务	Entcheva在线服务。这里提供Entcheva的官方服务与相关信息，支持通过官网了解产品、功能、使用方式及最新动态；具体服务范围、开放地区和使用规则请以官方网站当前页面为准。官方网站：entcheva.github.io。	https://entcheva.github.io	是
Myminifactory	Myminifactory	工具	其他,效率工具,在线服务	Myminifactory在线服务	Myminifactory在线服务。这里提供Myminifactory的官方服务与相关信息，支持通过官网了解产品、功能、使用方式及最新动态；具体服务范围、开放地区和使用规则请以官方网站当前页面为准。官方网站：myminifactory.com。	https://www.myminifactory.com	是
Euroncap	Euroncap	工具	其他,效率工具,在线服务	Euroncap在线服务	Euroncap在线服务。这里提供Euroncap的官方服务与相关信息，支持通过官网了解产品、功能、使用方式及最新动态；具体服务范围、开放地区和使用规则请以官方网站当前页面为准。官方网站：euroncap.com。	https://www.euroncap.com/en	是
Videolectures	Videolectures	工具	其他,效率工具,在线服务	Videolectures在线服务	Videolectures在线服务。这里提供Videolectures的官方服务与相关信息，支持通过官网了解产品、功能、使用方式及最新动态；具体服务范围、开放地区和使用规则请以官方网站当前页面为准。官方网站：videolectures.net。	https://videolectures.net/search	是
Compscilib	Compscilib	工具	其他,效率工具,在线服务	Compscilib在线服务	Compscilib在线服务。这里提供Compscilib的官方服务与相关信息，支持通过官网了解产品、功能、使用方式及最新动态；具体服务范围、开放地区和使用规则请以官方网站当前页面为准。官方网站：compscilib.com。	https://www.compscilib.com	是
Webopedia	Webopedia	工具	其他,效率工具,在线服务	Webopedia在线服务	Webopedia在线服务。这里提供Webopedia的官方服务与相关信息，支持通过官网了解产品、功能、使用方式及最新动态；具体服务范围、开放地区和使用规则请以官方网站当前页面为准。官方网站：webopedia.com。	https://www.webopedia.com	是
Falstad	Falstad	工具	其他,效率工具,在线服务	Falstad在线服务	Falstad在线服务。这里提供Falstad的官方服务与相关信息，支持通过官网了解产品、功能、使用方式及最新动态；具体服务范围、开放地区和使用规则请以官方网站当前页面为准。官方网站：falstad.com。	https://www.falstad.com/circuit	是
Course	Course	AI	AI,效率工具	Course在线服务	Course在线服务。这里提供Course的官方服务与相关信息，支持通过官网了解产品、功能、使用方式及最新动态；具体服务范围、开放地区和使用规则请以官方网站当前页面为准。官方网站：course.fast.ai。	https://course.fast.ai	是
Colah	Colah	开发	编程开发,效率工具	Colah在线服务	Colah在线服务。这里提供Colah的官方服务与相关信息，支持通过官网了解产品、功能、使用方式及最新动态；具体服务范围、开放地区和使用规则请以官方网站当前页面为准。官方网站：colah.github.io。	https://colah.github.io	是
Playground	Playground	工具	其他,效率工具,在线服务	Playground在线服务	Playground在线服务。这里提供Playground的官方服务与相关信息，支持通过官网了解产品、功能、使用方式及最新动态；具体服务范围、开放地区和使用规则请以官方网站当前页面为准。官方网站：playground.tensorflow.org。	https://playground.tensorflow.org	是
Bigocheatsheet	Bigocheatsheet	工具	其他,效率工具,在线服务	Bigocheatsheet在线服务	Bigocheatsheet在线服务。这里提供Bigocheatsheet的官方服务与相关信息，支持通过官网了解产品、功能、使用方式及最新动态；具体服务范围、开放地区和使用规则请以官方网站当前页面为准。官方网站：bigocheatsheet.com。	https://www.bigocheatsheet.com	是
Aitoolsarena	Aitoolsarena	AI	AI,效率工具	Aitoolsarena在线服务	Aitoolsarena在线服务。这里提供Aitoolsarena的官方服务与相关信息，支持通过官网了解产品、功能、使用方式及最新动态；具体服务范围、开放地区和使用规则请以官方网站当前页面为准。官方网站：aitoolsarena.com。	https://aitoolsarena.com	是
Explorer	Explorer	工具	其他,效率工具,在线服务	Explorer在线服务	Explorer在线服务。这里提供Explorer的官方服务与相关信息，支持通过官网了解产品、功能、使用方式及最新动态；具体服务范围、开放地区和使用规则请以官方网站当前页面为准。官方网站：explorer.globe.engineer。	https://explorer.globe.engineer	是
Thimbleby	Thimbleby	开发	编程开发,效率工具	Thimbleby在线服务	Thimbleby在线服务。这里提供Thimbleby的官方服务与相关信息，支持通过官网了解产品、功能、使用方式及最新动态；具体服务范围、开放地区和使用规则请以官方网站当前页面为准。官方网站：thimbleby.gitlab.io。	https://thimbleby.gitlab.io/algorithm-wiki-site	是
Xlinux	Xlinux	工具	其他,效率工具,在线服务	Xlinux在线服务	Xlinux在线服务。这里提供Xlinux的官方服务与相关信息，支持通过官网了解产品、功能、使用方式及最新动态；具体服务范围、开放地区和使用规则请以官方网站当前页面为准。官方网站：xlinux.nist.gov。	https://xlinux.nist.gov/dads	是
Sinon	Sinon	工具	其他,效率工具,在线服务	Sinon在线服务	Sinon在线服务。这里提供Sinon的官方服务与相关信息，支持通过官网了解产品、功能、使用方式及最新动态；具体服务范围、开放地区和使用规则请以官方网站当前页面为准。官方网站：sinon.org。	https://sinon.org/algorithms	是
Aivalley	Aivalley	AI	AI,效率工具	Aivalley在线服务	Aivalley在线服务。这里提供Aivalley的官方服务与相关信息，支持通过官网了解产品、功能、使用方式及最新动态；具体服务范围、开放地区和使用规则请以官方网站当前页面为准。官方网站：aivalley.ai。	https://aivalley.ai	是
Osanseviero	Osanseviero	开发	编程开发,效率工具	Osanseviero在线服务	Osanseviero在线服务。这里提供Osanseviero的官方服务与相关信息，支持通过官网了解产品、功能、使用方式及最新动态；具体服务范围、开放地区和使用规则请以官方网站当前页面为准。官方网站：osanseviero.github.io。	https://osanseviero.github.io/hackerllama/blog/posts/hitchhiker_guide	是
Promptingguide	Promptingguide	AI	AI,效率工具	Promptingguide在线服务	Promptingguide在线服务。这里提供Promptingguide的官方服务与相关信息，支持通过官网了解产品、功能、使用方式及最新动态；具体服务范围、开放地区和使用规则请以官方网站当前页面为准。官方网站：promptingguide.ai。	https://www.promptingguide.ai	是
Robotsguide	Robotsguide	工具	其他,效率工具,在线服务	Robotsguide在线服务	Robotsguide在线服务。这里提供Robotsguide的官方服务与相关信息，支持通过官网了解产品、功能、使用方式及最新动态；具体服务范围、开放地区和使用规则请以官方网站当前页面为准。官方网站：robotsguide.com。	https://robotsguide.com	是
Pytorch	Pytorch	工具	其他,效率工具,在线服务	Pytorch在线服务	Pytorch在线服务。这里提供Pytorch的官方服务与相关信息，支持通过官网了解产品、功能、使用方式及最新动态；具体服务范围、开放地区和使用规则请以官方网站当前页面为准。官方网站：pytorch.org。	https://pytorch.org/blog/inside-the-matrix	是
Bbycroft	Bbycroft	工具	其他,效率工具,在线服务	Bbycroft在线服务	Bbycroft在线服务。这里提供Bbycroft的官方服务与相关信息，支持通过官网了解产品、功能、使用方式及最新动态；具体服务范围、开放地区和使用规则请以官方网站当前页面为准。官方网站：bbycroft.net。	https://bbycroft.net/llm	是
Futuretools	Futuretools	工具	其他,效率工具,在线服务	Futuretools在线服务	Futuretools在线服务。这里提供Futuretools的官方服务与相关信息，支持通过官网了解产品、功能、使用方式及最新动态；具体服务范围、开放地区和使用规则请以官方网站当前页面为准。官方网站：futuretools.io。	https://www.futuretools.io	是
Quickref	Quickref	工具	其他,效率工具,在线服务	Quickref在线服务	Quickref在线服务。这里提供Quickref的官方服务与相关信息，支持通过官网了解产品、功能、使用方式及最新动态；具体服务范围、开放地区和使用规则请以官方网站当前页面为准。官方网站：quickref.me。	https://quickref.me/chatgpt	是
Moebio	Moebio	工具	其他,效率工具,在线服务	Moebio在线服务	Moebio在线服务。这里提供Moebio的官方服务与相关信息，支持通过官网了解产品、功能、使用方式及最新动态；具体服务范围、开放地区和使用规则请以官方网站当前页面为准。官方网站：moebio.com。	https://moebio.com/mind	是
Learnprompting	Learnprompting	教育	在线学习,效率工具	Learnprompting在线服务	Learnprompting在线服务。这里提供Learnprompting的官方服务与相关信息，支持通过官网了解产品、功能、使用方式及最新动态；具体服务范围、开放地区和使用规则请以官方网站当前页面为准。官方网站：learnprompting.org。	https://learnprompting.org/docs/introduction	是
Datasetlist	Datasetlist	工具	其他,效率工具,在线服务	Datasetlist在线服务	Datasetlist在线服务。这里提供Datasetlist的官方服务与相关信息，支持通过官网了解产品、功能、使用方式及最新动态；具体服务范围、开放地区和使用规则请以官方网站当前页面为准。官方网站：datasetlist.com。	https://www.datasetlist.com	是
Image Net	Image Net	设计	设计与创意,效率工具	Image Net在线服务	Image Net在线服务。这里提供Image Net的官方服务与相关信息，支持通过官网了解产品、功能、使用方式及最新动态；具体服务范围、开放地区和使用规则请以官方网站当前页面为准。官方网站：image-net.org。	https://www.image-net.org	是
Statlearning	Statlearning	教育	在线学习,效率工具	Statlearning在线服务	Statlearning在线服务。这里提供Statlearning的官方服务与相关信息，支持通过官网了解产品、功能、使用方式及最新动态；具体服务范围、开放地区和使用规则请以官方网站当前页面为准。官方网站：statlearning.com。	https://www.statlearning.com	是
W3	W3	工具	其他,效率工具,在线服务	W3在线服务	W3在线服务。这里提供W3的官方服务与相关信息，支持通过官网了解产品、功能、使用方式及最新动态；具体服务范围、开放地区和使用规则请以官方网站当前页面为准。官方网站：w3.org。	https://www.w3.org	是
Keepsimple	Keepsimple	工具	其他,效率工具,在线服务	Keepsimple在线服务	Keepsimple在线服务。这里提供Keepsimple的官方服务与相关信息，支持通过官网了解产品、功能、使用方式及最新动态；具体服务范围、开放地区和使用规则请以官方网站当前页面为准。官方网站：keepsimple.io。	https://keepsimple.io/uxcore	是
Webdevhome	Webdevhome	开发	编程开发,效率工具	Webdevhome在线服务	Webdevhome在线服务。这里提供Webdevhome的官方服务与相关信息，支持通过官网了解产品、功能、使用方式及最新动态；具体服务范围、开放地区和使用规则请以官方网站当前页面为准。官方网站：webdevhome.github.io。	https://webdevhome.github.io	是
Developer	Developer	开发	编程开发,效率工具	Developer在线服务	Developer在线服务。这里提供Developer的官方服务与相关信息，支持通过官网了解产品、功能、使用方式及最新动态；具体服务范围、开放地区和使用规则请以官方网站当前页面为准。官方网站：developer.mozilla.org。	https://developer.mozilla.org/en-us	是
Blog	Blog	工具	其他,效率工具,在线服务	Blog在线服务	Blog在线服务。这里提供Blog的官方服务与相关信息，支持通过官网了解产品、功能、使用方式及最新动态；具体服务范围、开放地区和使用规则请以官方网站当前页面为准。官方网站：blog.demofox.org。	https://blog.demofox.org	是
Promptfolder	Promptfolder	工具	其他,效率工具,在线服务	Promptfolder在线服务	Promptfolder在线服务。这里提供Promptfolder的官方服务与相关信息，支持通过官网了解产品、功能、使用方式及最新动态；具体服务范围、开放地区和使用规则请以官方网站当前页面为准。官方网站：promptfolder.com。	https://promptfolder.com/midjourney-prompt-helper	是
Artillery	Artillery	工具	其他,效率工具,在线服务	Artillery在线服务	Artillery在线服务。这里提供Artillery的官方服务与相关信息，支持通过官网了解产品、功能、使用方式及最新动态；具体服务范围、开放地区和使用规则请以官方网站当前页面为准。官方网站：artillery.io。	https://www.artillery.io	是
Bbcmic	Bbcmic	工具	其他,效率工具,在线服务	Bbcmic在线服务	Bbcmic在线服务。这里提供Bbcmic的官方服务与相关信息，支持通过官网了解产品、功能、使用方式及最新动态；具体服务范围、开放地区和使用规则请以官方网站当前页面为准。官方网站：bbcmic.ro。	https://bbcmic.ro	是
Web Dev Resources	Web Dev Resources	开发	编程开发,效率工具	Web Dev Resources在线服务	Web Dev Resources在线服务。这里提供Web Dev Resources的官方服务与相关信息，支持通过官网了解产品、功能、使用方式及最新动态；具体服务范围、开放地区和使用规则请以官方网站当前页面为准。官方网站：web-dev-resources.com。	https://web-dev-resources.com	是
Rentry	Rentry	工具	其他,效率工具,在线服务	Rentry在线服务	Rentry在线服务。这里提供Rentry的官方服务与相关信息，支持通过官网了解产品、功能、使用方式及最新动态；具体服务范围、开放地区和使用规则请以官方网站当前页面为准。官方网站：rentry.org。	https://rentry.org	是
Esoteric	Esoteric	开发	编程开发,效率工具	Esoteric在线服务	Esoteric在线服务。这里提供Esoteric的官方服务与相关信息，支持通过官网了解产品、功能、使用方式及最新动态；具体服务范围、开放地区和使用规则请以官方网站当前页面为准。官方网站：esoteric.codes。	https://esoteric.codes	是
Intab	Intab	工具	其他,效率工具,在线服务	Intab在线服务	Intab在线服务。这里提供Intab的官方服务与相关信息，支持通过官网了解产品、功能、使用方式及最新动态；具体服务范围、开放地区和使用规则请以官方网站当前页面为准。官方网站：intab.io。	https://intab.io/resources	是
Dbdesigner	Dbdesigner	设计	设计与创意,效率工具	Dbdesigner在线服务	Dbdesigner在线服务。这里提供Dbdesigner的官方服务与相关信息，支持通过官网了解产品、功能、使用方式及最新动态；具体服务范围、开放地区和使用规则请以官方网站当前页面为准。官方网站：dbdesigner.net。	https://www.dbdesigner.net	是
Free For	Free For	开发	编程开发,效率工具	Free For在线服务	Free For在线服务。这里提供Free For的官方服务与相关信息，支持通过官网了解产品、功能、使用方式及最新动态；具体服务范围、开放地区和使用规则请以官方网站当前页面为准。官方网站：free-for.dev。	https://free-for.dev	是
Devopedia	Devopedia	开发	编程开发,效率工具	Devopedia在线服务	Devopedia在线服务。这里提供Devopedia的官方服务与相关信息，支持通过官网了解产品、功能、使用方式及最新动态；具体服务范围、开放地区和使用规则请以官方网站当前页面为准。官方网站：devopedia.org。	https://devopedia.org	是
Useragents	Useragents	工具	其他,效率工具,在线服务	Useragents在线服务	Useragents在线服务。这里提供Useragents的官方服务与相关信息，支持通过官网了解产品、功能、使用方式及最新动态；具体服务范围、开放地区和使用规则请以官方网站当前页面为准。官方网站：useragents.me。	https://www.useragents.me	是
Caniemail	Caniemail	AI	AI,效率工具	Caniemail在线服务	Caniemail在线服务。这里提供Caniemail的官方服务与相关信息，支持通过官网了解产品、功能、使用方式及最新动态；具体服务范围、开放地区和使用规则请以官方网站当前页面为准。官方网站：caniemail.com。	https://www.caniemail.com	是
Atlaq	Atlaq	工具	其他,效率工具,在线服务	Atlaq在线服务	Atlaq在线服务。这里提供Atlaq的官方服务与相关信息，支持通过官网了解产品、功能、使用方式及最新动态；具体服务范围、开放地区和使用规则请以官方网站当前页面为准。官方网站：atlaq.com。	https://atlaq.com	是
Lookup	Lookup	工具	其他,效率工具,在线服务	Lookup在线服务	Lookup在线服务。这里提供Lookup的官方服务与相关信息，支持通过官网了解产品、功能、使用方式及最新动态；具体服务范围、开放地区和使用规则请以官方网站当前页面为准。官方网站：lookup.icann.org。	https://lookup.icann.org/en	是
Frontendchecklist	Frontendchecklist	工具	其他,效率工具,在线服务	Frontendchecklist在线服务	Frontendchecklist在线服务。这里提供Frontendchecklist的官方服务与相关信息，支持通过官网了解产品、功能、使用方式及最新动态；具体服务范围、开放地区和使用规则请以官方网站当前页面为准。官方网站：frontendchecklist.io。	https://frontendchecklist.io	是
Electronjs	Electronjs	工具	其他,效率工具,在线服务	Electronjs在线服务	Electronjs在线服务。这里提供Electronjs的官方服务与相关信息，支持通过官网了解产品、功能、使用方式及最新动态；具体服务范围、开放地区和使用规则请以官方网站当前页面为准。官方网站：electronjs.org。	https://www.electronjs.org	是
Eggradients	Eggradients	工具	其他,效率工具,在线服务	Eggradients在线服务	Eggradients在线服务。这里提供Eggradients的官方服务与相关信息，支持通过官网了解产品、功能、使用方式及最新动态；具体服务范围、开放地区和使用规则请以官方网站当前页面为准。官方网站：eggradients.com。	https://www.eggradients.com	是
Frontendmentor	Frontendmentor	工具	其他,效率工具,在线服务	Frontendmentor在线服务	Frontendmentor在线服务。这里提供Frontendmentor的官方服务与相关信息，支持通过官网了解产品、功能、使用方式及最新动态；具体服务范围、开放地区和使用规则请以官方网站当前页面为准。官方网站：frontendmentor.io。	https://www.frontendmentor.io	是
Youmightnotneedjquery	Youmightnotneedjquery	工具	其他,效率工具,在线服务	Youmightnotneedjquery在线服务	Youmightnotneedjquery在线服务。这里提供Youmightnotneedjquery的官方服务与相关信息，支持通过官网了解产品、功能、使用方式及最新动态；具体服务范围、开放地区和使用规则请以官方网站当前页面为准。官方网站：youmightnotneedjquery.com。	https://youmightnotneedjquery.com	是
Htmldog	Htmldog	工具	其他,效率工具,在线服务	Htmldog在线服务	Htmldog在线服务。这里提供Htmldog的官方服务与相关信息，支持通过官网了解产品、功能、使用方式及最新动态；具体服务范围、开放地区和使用规则请以官方网站当前页面为准。官方网站：htmldog.com。	https://htmldog.com	是
Learn	Learn	教育	在线学习,效率工具	Learn在线服务	Learn在线服务。这里提供Learn的官方服务与相关信息，支持通过官网了解产品、功能、使用方式及最新动态；具体服务范围、开放地区和使用规则请以官方网站当前页面为准。官方网站：learn.shayhowe.com。	https://learn.shayhowe.com	是
Htmx	Htmx	工具	其他,效率工具,在线服务	Htmx在线服务	Htmx在线服务。这里提供Htmx的官方服务与相关信息，支持通过官网了解产品、功能、使用方式及最新动态；具体服务范围、开放地区和使用规则请以官方网站当前页面为准。官方网站：htmx.org。	https://htmx.org	是
Hyperscript	Hyperscript	工具	其他,效率工具,在线服务	Hyperscript在线服务	Hyperscript在线服务。这里提供Hyperscript的官方服务与相关信息，支持通过官网了解产品、功能、使用方式及最新动态；具体服务范围、开放地区和使用规则请以官方网站当前页面为准。官方网站：hyperscript.org。	https://hyperscript.org	是
Thisthat	Thisthat	开发	编程开发,效率工具	Thisthat在线服务	Thisthat在线服务。这里提供Thisthat的官方服务与相关信息，支持通过官网了解产品、功能、使用方式及最新动态；具体服务范围、开放地区和使用规则请以官方网站当前页面为准。官方网站：thisthat.dev。	https://thisthat.dev	是
Csssolid	Csssolid	工具	其他,效率工具,在线服务	Csssolid在线服务	Csssolid在线服务。这里提供Csssolid的官方服务与相关信息，支持通过官网了解产品、功能、使用方式及最新动态；具体服务范围、开放地区和使用规则请以官方网站当前页面为准。官方网站：csssolid.com。	https://www.csssolid.com	是
Marozed	Marozed	工具	其他,效率工具,在线服务	Marozed在线服务	Marozed在线服务。这里提供Marozed的官方服务与相关信息，支持通过官网了解产品、功能、使用方式及最新动态；具体服务范围、开放地区和使用规则请以官方网站当前页面为准。官方网站：marozed.com。	https://marozed.com/vue-cheatsheet	是
Jsonplaceholder	Jsonplaceholder	开发	编程开发,效率工具	Jsonplaceholder在线服务	Jsonplaceholder在线服务。这里提供Jsonplaceholder的官方服务与相关信息，支持通过官网了解产品、功能、使用方式及最新动态；具体服务范围、开放地区和使用规则请以官方网站当前页面为准。官方网站：jsonplaceholder.typicode.com。	https://jsonplaceholder.typicode.com	是
Css Tricks	Css Tricks	工具	其他,效率工具,在线服务	Css Tricks在线服务	Css Tricks在线服务。这里提供Css Tricks的官方服务与相关信息，支持通过官网了解产品、功能、使用方式及最新动态；具体服务范围、开放地区和使用规则请以官方网站当前页面为准。官方网站：css-tricks.com。	https://css-tricks.com	是
Standardjs	Standardjs	工具	其他,效率工具,在线服务	Standardjs在线服务	Standardjs在线服务。这里提供Standardjs的官方服务与相关信息，支持通过官网了解产品、功能、使用方式及最新动态；具体服务范围、开放地区和使用规则请以官方网站当前页面为准。官方网站：standardjs.com。	https://standardjs.com	是
Thecodingcards	Thecodingcards	工具	其他,效率工具,在线服务	Thecodingcards在线服务	Thecodingcards在线服务。这里提供Thecodingcards的官方服务与相关信息，支持通过官网了解产品、功能、使用方式及最新动态；具体服务范围、开放地区和使用规则请以官方网站当前页面为准。官方网站：thecodingcards.com。	https://thecodingcards.com	是
Publicapis	Publicapis	开发	编程开发,效率工具	Publicapis在线服务	Publicapis在线服务。这里提供Publicapis的官方服务与相关信息，支持通过官网了解产品、功能、使用方式及最新动态；具体服务范围、开放地区和使用规则请以官方网站当前页面为准。官方网站：publicapis.dev。	https://publicapis.dev	是
Jsdelivr	Jsdelivr	工具	其他,效率工具,在线服务	Jsdelivr在线服务	Jsdelivr在线服务。这里提供Jsdelivr的官方服务与相关信息，支持通过官网了解产品、功能、使用方式及最新动态；具体服务范围、开放地区和使用规则请以官方网站当前页面为准。官方网站：jsdelivr.com。	https://www.jsdelivr.com	是
Instances	Instances	工具	其他,效率工具,在线服务	Instances在线服务	Instances在线服务。这里提供Instances的官方服务与相关信息，支持通过官网了解产品、功能、使用方式及最新动态；具体服务范围、开放地区和使用规则请以官方网站当前页面为准。官方网站：instances.vantage.sh。	https://instances.vantage.sh	是
Selectstarsql	Selectstarsql	工具	其他,效率工具,在线服务	Selectstarsql在线服务	Selectstarsql在线服务。这里提供Selectstarsql的官方服务与相关信息，支持通过官网了解产品、功能、使用方式及最新动态；具体服务范围、开放地区和使用规则请以官方网站当前页面为准。官方网站：selectstarsql.com。	https://selectstarsql.com	是
Mbeaudru	Mbeaudru	开发	编程开发,效率工具	Mbeaudru在线服务	Mbeaudru在线服务。这里提供Mbeaudru的官方服务与相关信息，支持通过官网了解产品、功能、使用方式及最新动态；具体服务范围、开放地区和使用规则请以官方网站当前页面为准。官方网站：mbeaudru.github.io。	https://mbeaudru.github.io/modern-js-cheatsheet	是
Developer	Developer	开发	编程开发,效率工具	Developer在线服务	Developer在线服务。这里提供Developer的官方服务与相关信息，支持通过官网了解产品、功能、使用方式及最新动态；具体服务范围、开放地区和使用规则请以官方网站当前页面为准。官方网站：developer.spotify.com。	https://developer.spotify.com/documentation/web-api	是
Bipp	Bipp	工具	其他,效率工具,在线服务	Bipp在线服务	Bipp在线服务。这里提供Bipp的官方服务与相关信息，支持通过官网了解产品、功能、使用方式及最新动态；具体服务范围、开放地区和使用规则请以官方网站当前页面为准。官方网站：bipp.io。	https://bipp.io/sql-tutorial	是
Uiverse	Uiverse	工具	其他,效率工具,在线服务	Uiverse在线服务	Uiverse在线服务。这里提供Uiverse的官方服务与相关信息，支持通过官网了解产品、功能、使用方式及最新动态；具体服务范围、开放地区和使用规则请以官方网站当前页面为准。官方网站：uiverse.io。	https://uiverse.io	是
Serversforhackers	Serversforhackers	工具	其他,效率工具,在线服务	Serversforhackers在线服务	Serversforhackers在线服务。这里提供Serversforhackers的官方服务与相关信息，支持通过官网了解产品、功能、使用方式及最新动态；具体服务范围、开放地区和使用规则请以官方网站当前页面为准。官方网站：serversforhackers.com。	https://serversforhackers.com	是
Restapitutorial	Restapitutorial	开发	编程开发,效率工具	Restapitutorial在线服务	Restapitutorial在线服务。这里提供Restapitutorial的官方服务与相关信息，支持通过官网了解产品、功能、使用方式及最新动态；具体服务范围、开放地区和使用规则请以官方网站当前页面为准。官方网站：restapitutorial.com。	https://www.restapitutorial.com	是
Sqlable	Sqlable	工具	其他,效率工具,在线服务	Sqlable在线服务	Sqlable在线服务。这里提供Sqlable的官方服务与相关信息，支持通过官网了解产品、功能、使用方式及最新动态；具体服务范围、开放地区和使用规则请以官方网站当前页面为准。官方网站：sqlable.com。	https://sqlable.com	是
Pirsch	Pirsch	工具	其他,效率工具,在线服务	Pirsch在线服务	Pirsch在线服务。这里提供Pirsch的官方服务与相关信息，支持通过官网了解产品、功能、使用方式及最新动态；具体服务范围、开放地区和使用规则请以官方网站当前页面为准。官方网站：pirsch.io。	https://pirsch.io	是
Downloadtimecalculator	Downloadtimecalculator	工具	其他,效率工具,在线服务	Downloadtimecalculator在线服务	Downloadtimecalculator在线服务。这里提供Downloadtimecalculator的官方服务与相关信息，支持通过官网了解产品、功能、使用方式及最新动态；具体服务范围、开放地区和使用规则请以官方网站当前页面为准。官方网站：downloadtimecalculator.com。	https://downloadtimecalculator.com	是
Stripe	Stripe	工具	其他,效率工具,在线服务	Stripe在线服务	Stripe在线服务。这里提供Stripe的官方服务与相关信息，支持通过官网了解产品、功能、使用方式及最新动态；具体服务范围、开放地区和使用规则请以官方网站当前页面为准。官方网站：stripe.com。	https://stripe.com/docs/api	是
Woorank	Woorank	工具	其他,效率工具,在线服务	Woorank在线服务	Woorank在线服务。这里提供Woorank的官方服务与相关信息，支持通过官网了解产品、功能、使用方式及最新动态；具体服务范围、开放地区和使用规则请以官方网站当前页面为准。官方网站：woorank.com。	https://www.woorank.com	是
Statusvista	Statusvista	工具	其他,效率工具,在线服务	Statusvista在线服务	Statusvista在线服务。这里提供Statusvista的官方服务与相关信息，支持通过官网了解产品、功能、使用方式及最新动态；具体服务范围、开放地区和使用规则请以官方网站当前页面为准。官方网站：statusvista.com。	https://statusvista.com	是
Similarsites	Similarsites	工具	其他,效率工具,在线服务	Similarsites在线服务	Similarsites在线服务。这里提供Similarsites的官方服务与相关信息，支持通过官网了解产品、功能、使用方式及最新动态；具体服务范围、开放地区和使用规则请以官方网站当前页面为准。官方网站：similarsites.com。	https://www.similarsites.com	是
Validator	Validator	工具	其他,效率工具,在线服务	Validator在线服务	Validator在线服务。这里提供Validator的官方服务与相关信息，支持通过官网了解产品、功能、使用方式及最新动态；具体服务范围、开放地区和使用规则请以官方网站当前页面为准。官方网站：validator.w3.org。	https://validator.w3.org/checklink	是
Builtwith	Builtwith	工具	其他,效率工具,在线服务	Builtwith在线服务	Builtwith在线服务。这里提供Builtwith的官方服务与相关信息，支持通过官网了解产品、功能、使用方式及最新动态；具体服务范围、开放地区和使用规则请以官方网站当前页面为准。官方网站：builtwith.com。	https://builtwith.com	是
Locabrowser	Locabrowser	工具	其他,效率工具,在线服务	Locabrowser在线服务	Locabrowser在线服务。这里提供Locabrowser的官方服务与相关信息，支持通过官网了解产品、功能、使用方式及最新动态；具体服务范围、开放地区和使用规则请以官方网站当前页面为准。官方网站：locabrowser.com。	https://www.locabrowser.com	是
Webhookwizard	Webhookwizard	工具	其他,效率工具,在线服务	Webhookwizard在线服务	Webhookwizard在线服务。这里提供Webhookwizard的官方服务与相关信息，支持通过官网了解产品、功能、使用方式及最新动态；具体服务范围、开放地区和使用规则请以官方网站当前页面为准。官方网站：webhookwizard.com。	https://webhookwizard.com	是
Fast	Fast	工具	其他,效率工具,在线服务	Fast在线服务	Fast在线服务。这里提供Fast的官方服务与相关信息，支持通过官网了解产品、功能、使用方式及最新动态；具体服务范围、开放地区和使用规则请以官方网站当前页面为准。官方网站：fast.com。	https://fast.com	是
Semji	Semji	工具	其他,效率工具,在线服务	Semji在线服务	Semji在线服务。这里提供Semji的官方服务与相关信息，支持通过官网了解产品、功能、使用方式及最新动态；具体服务范围、开放地区和使用规则请以官方网站当前页面为准。官方网站：semji.com。	https://semji.com	是
Urlvoid	Urlvoid	工具	其他,效率工具,在线服务	Urlvoid在线服务	Urlvoid在线服务。这里提供Urlvoid的官方服务与相关信息，支持通过官网了解产品、功能、使用方式及最新动态；具体服务范围、开放地区和使用规则请以官方网站当前页面为准。官方网站：urlvoid.com。	https://www.urlvoid.com	是
Loader	Loader	工具	其他,效率工具,在线服务	Loader在线服务	Loader在线服务。这里提供Loader的官方服务与相关信息，支持通过官网了解产品、功能、使用方式及最新动态；具体服务范围、开放地区和使用规则请以官方网站当前页面为准。官方网站：loader.io。	https://loader.io	是
Tools	Tools	工具	其他,效率工具,在线服务	Tools在线服务	Tools在线服务。这里提供Tools的官方服务与相关信息，支持通过官网了解产品、功能、使用方式及最新动态；具体服务范围、开放地区和使用规则请以官方网站当前页面为准。官方网站：tools.pingdom.com。	https://tools.pingdom.com	是
Dontkillmyapp	Dontkillmyapp	AI	AI,效率工具	Dontkillmyapp在线服务	Dontkillmyapp在线服务。这里提供Dontkillmyapp的官方服务与相关信息，支持通过官网了解产品、功能、使用方式及最新动态；具体服务范围、开放地区和使用规则请以官方网站当前页面为准。官方网站：dontkillmyapp.com。	https://dontkillmyapp.com	是
Markm208	Markm208	开发	编程开发,效率工具	Markm208在线服务	Markm208在线服务。这里提供Markm208的官方服务与相关信息，支持通过官网了解产品、功能、使用方式及最新动态；具体服务范围、开放地区和使用规则请以官方网站当前页面为准。官方网站：markm208.github.io。	https://markm208.github.io/exbook	是
Apt	Apt	工具	其他,效率工具,在线服务	Apt在线服务	Apt在线服务。这里提供Apt的官方服务与相关信息，支持通过官网了解产品、功能、使用方式及最新动态；具体服务范围、开放地区和使用规则请以官方网站当前页面为准。官方网站：apt.izzysoft.de。	https://apt.izzysoft.de/fdroid/index.php	是
Mobilexfiles	Mobilexfiles	工具	其他,效率工具,在线服务	Mobilexfiles在线服务	Mobilexfiles在线服务。这里提供Mobilexfiles的官方服务与相关信息，支持通过官网了解产品、功能、使用方式及最新动态；具体服务范围、开放地区和使用规则请以官方网站当前页面为准。官方网站：mobilexfiles.com。	https://mobilexfiles.com	是
Androidweekly	Androidweekly	工具	其他,效率工具,在线服务	Androidweekly在线服务	Androidweekly在线服务。这里提供Androidweekly的官方服务与相关信息，支持通过官网了解产品、功能、使用方式及最新动态；具体服务范围、开放地区和使用规则请以官方网站当前页面为准。官方网站：androidweekly.net。	https://androidweekly.net	是
Ncase	Ncase	工具	其他,效率工具,在线服务	Ncase在线服务	Ncase在线服务。这里提供Ncase的官方服务与相关信息，支持通过官网了解产品、功能、使用方式及最新动态；具体服务范围、开放地区和使用规则请以官方网站当前页面为准。官方网站：ncase.me。	https://ncase.me	是
Fossdroid	Fossdroid	工具	其他,效率工具,在线服务	Fossdroid在线服务	Fossdroid在线服务。这里提供Fossdroid的官方服务与相关信息，支持通过官网了解产品、功能、使用方式及最新动态；具体服务范围、开放地区和使用规则请以官方网站当前页面为准。官方网站：fossdroid.com。	https://fossdroid.com	是
Morioh	Morioh	工具	其他,效率工具,在线服务	Morioh在线服务	Morioh在线服务。这里提供Morioh的官方服务与相关信息，支持通过官网了解产品、功能、使用方式及最新动态；具体服务范围、开放地区和使用规则请以官方网站当前页面为准。官方网站：morioh.com。	https://morioh.com	是
Kenney	Kenney	工具	其他,效率工具,在线服务	Kenney在线服务	Kenney在线服务。这里提供Kenney的官方服务与相关信息，支持通过官网了解产品、功能、使用方式及最新动态；具体服务范围、开放地区和使用规则请以官方网站当前页面为准。官方网站：kenney.nl。	https://kenney.nl	是
Flasharch	Flasharch	工具	其他,效率工具,在线服务	Flasharch在线服务	Flasharch在线服务。这里提供Flasharch的官方服务与相关信息，支持通过官网了解产品、功能、使用方式及最新动态；具体服务范围、开放地区和使用规则请以官方网站当前页面为准。官方网站：flasharch.com。	https://flasharch.com/en	是
Opengameart	Opengameart	工具	其他,效率工具,在线服务	Opengameart在线服务	Opengameart在线服务。这里提供Opengameart的官方服务与相关信息，支持通过官网了解产品、功能、使用方式及最新动态；具体服务范围、开放地区和使用规则请以官方网站当前页面为准。官方网站：opengameart.org。	https://opengameart.org	是
Bengrosser	Bengrosser	工具	其他,效率工具,在线服务	Bengrosser在线服务	Bengrosser在线服务。这里提供Bengrosser的官方服务与相关信息，支持通过官网了解产品、功能、使用方式及最新动态；具体服务范围、开放地区和使用规则请以官方网站当前页面为准。官方网站：bengrosser.com。	https://bengrosser.com/projects	是
Reports	Reports	工具	其他,效率工具,在线服务	Reports在线服务	Reports在线服务。这里提供Reports的官方服务与相关信息，支持通过官网了解产品、功能、使用方式及最新动态；具体服务范围、开放地区和使用规则请以官方网站当前页面为准。官方网站：reports.exodus-privacy.eu.org。	https://reports.exodus-privacy.eu.org/en	是
Bentoblocksgame	Bentoblocksgame	工具	其他,效率工具,在线服务	Bentoblocksgame在线服务	Bentoblocksgame在线服务。这里提供Bentoblocksgame的官方服务与相关信息，支持通过官网了解产品、功能、使用方式及最新动态；具体服务范围、开放地区和使用规则请以官方网站当前页面为准。官方网站：bentoblocksgame.com。	https://www.bentoblocksgame.com	是
Noclip	Noclip	工具	其他,效率工具,在线服务	Noclip在线服务	Noclip在线服务。这里提供Noclip的官方服务与相关信息，支持通过官网了解产品、功能、使用方式及最新动态；具体服务范围、开放地区和使用规则请以官方网站当前页面为准。官方网站：noclip.website。	https://noclip.website	是
Systemrequirementslab	Systemrequirementslab	工具	其他,效率工具,在线服务	Systemrequirementslab在线服务	Systemrequirementslab在线服务。这里提供Systemrequirementslab的官方服务与相关信息，支持通过官网了解产品、功能、使用方式及最新动态；具体服务范围、开放地区和使用规则请以官方网站当前页面为准。官方网站：systemrequirementslab.com。	https://www.systemrequirementslab.com/cyri	是
En	En	工具	其他,效率工具,在线服务	En在线服务	En在线服务。这里提供En的官方服务与相关信息，支持通过官网了解产品、功能、使用方式及最新动态；具体服务范围、开放地区和使用规则请以官方网站当前页面为准。官方网站：en.algorithmica.org。	https://en.algorithmica.org/hpc	是
Combinatorics	Combinatorics	工具	其他,效率工具,在线服务	Combinatorics在线服务	Combinatorics在线服务。这里提供Combinatorics的官方服务与相关信息，支持通过官网了解产品、功能、使用方式及最新动态；具体服务范围、开放地区和使用规则请以官方网站当前页面为准。官方网站：combinatorics.org。	https://www.combinatorics.org	是
Cybercademy	Cybercademy	工具	其他,效率工具,在线服务	Cybercademy在线服务	Cybercademy在线服务。这里提供Cybercademy的官方服务与相关信息，支持通过官网了解产品、功能、使用方式及最新动态；具体服务范围、开放地区和使用规则请以官方网站当前页面为准。官方网站：cybercademy.org。	https://cybercademy.org/project-ideas	是
Webdocs	Webdocs	工具	其他,效率工具,在线服务	Webdocs在线服务	Webdocs在线服务。这里提供Webdocs的官方服务与相关信息，支持通过官网了解产品、功能、使用方式及最新动态；具体服务范围、开放地区和使用规则请以官方网站当前页面为准。官方网站：webdocs.cs.ualberta.ca。	https://webdocs.cs.ualberta.ca/~games	是
Serebii	Serebii	工具	其他,效率工具,在线服务	Serebii在线服务	Serebii在线服务。这里提供Serebii的官方服务与相关信息，支持通过官网了解产品、功能、使用方式及最新动态；具体服务范围、开放地区和使用规则请以官方网站当前页面为准。官方网站：serebii.net。	https://serebii.net	是
Pokemondb	Pokemondb	工具	其他,效率工具,在线服务	Pokemondb在线服务	Pokemondb在线服务。这里提供Pokemondb的官方服务与相关信息，支持通过官网了解产品、功能、使用方式及最新动态；具体服务范围、开放地区和使用规则请以官方网站当前页面为准。官方网站：pokemondb.net。	https://pokemondb.net	是
Chess	Chess	工具	其他,效率工具,在线服务	Chess在线服务	Chess在线服务。这里提供Chess的官方服务与相关信息，支持通过官网了解产品、功能、使用方式及最新动态；具体服务范围、开放地区和使用规则请以官方网站当前页面为准。官方网站：chess.com。	https://www.chess.com	是
Wokwi	Wokwi	工具	其他,效率工具,在线服务	Wokwi在线服务	Wokwi在线服务。这里提供Wokwi的官方服务与相关信息，支持通过官网了解产品、功能、使用方式及最新动态；具体服务范围、开放地区和使用规则请以官方网站当前页面为准。官方网站：wokwi.com。	https://wokwi.com	是
Thechesswebsite	Thechesswebsite	工具	其他,效率工具,在线服务	Thechesswebsite在线服务	Thechesswebsite在线服务。这里提供Thechesswebsite的官方服务与相关信息，支持通过官网了解产品、功能、使用方式及最新动态；具体服务范围、开放地区和使用规则请以官方网站当前页面为准。官方网站：thechesswebsite.com。	https://www.thechesswebsite.com	是
En	En	工具	其他,效率工具,在线服务	En在线服务	En在线服务。这里提供En的官方服务与相关信息，支持通过官网了解产品、功能、使用方式及最新动态；具体服务范围、开放地区和使用规则请以官方网站当前页面为准。官方网站：en.lichess.org。	https://en.lichess.org	是
Ubuntu	Ubuntu	工具	其他,效率工具,在线服务	Ubuntu在线服务	Ubuntu在线服务。这里提供Ubuntu的官方服务与相关信息，支持通过官网了解产品、功能、使用方式及最新动态；具体服务范围、开放地区和使用规则请以官方网站当前页面为准。官方网站：ubuntu.com。	https://ubuntu.com/tutorials/command-line-for-beginners	是
Distrowatch	Distrowatch	工具	其他,效率工具,在线服务	Distrowatch在线服务	Distrowatch在线服务。这里提供Distrowatch的官方服务与相关信息，支持通过官网了解产品、功能、使用方式及最新动态；具体服务范围、开放地区和使用规则请以官方网站当前页面为准。官方网站：distrowatch.com。	https://distrowatch.com	是
Ss64	Ss64	工具	其他,效率工具,在线服务	Ss64在线服务	Ss64在线服务。这里提供Ss64的官方服务与相关信息，支持通过官网了解产品、功能、使用方式及最新动态；具体服务范围、开放地区和使用规则请以官方网站当前页面为准。官方网站：ss64.com。	https://ss64.com	是
Fpga4fun	Fpga4fun	工具	其他,效率工具,在线服务	Fpga4fun在线服务	Fpga4fun在线服务。这里提供Fpga4fun的官方服务与相关信息，支持通过官网了解产品、功能、使用方式及最新动态；具体服务范围、开放地区和使用规则请以官方网站当前页面为准。官方网站：fpga4fun.com。	https://www.fpga4fun.com	是
Ics	Ics	教育	在线学习,效率工具	Ics在线服务	Ics在线服务。这里提供Ics的官方服务与相关信息，支持通过官网了解产品、功能、使用方式及最新动态；具体服务范围、开放地区和使用规则请以官方网站当前页面为准。官方网站：ics.uci.edu。	https://ics.uci.edu/~eppstein/cgt	是
Ss64	Ss64	工具	其他,效率工具,在线服务	Ss64在线服务	Ss64在线服务。这里提供Ss64的官方服务与相关信息，支持通过官网了解产品、功能、使用方式及最新动态；具体服务范围、开放地区和使用规则请以官方网站当前页面为准。官方网站：ss64.com。	https://ss64.com/bash/syntax-keyboard.html	是
Vim	Vim	工具	其他,效率工具,在线服务	Vim在线服务	Vim在线服务。这里提供Vim的官方服务与相关信息，支持通过官网了解产品、功能、使用方式及最新动态；具体服务范围、开放地区和使用规则请以官方网站当前页面为准。官方网站：vim.rtorr.com。	https://vim.rtorr.com	是
Gitsheet	Gitsheet	开发	编程开发,效率工具	Gitsheet在线服务	Gitsheet在线服务。这里提供Gitsheet的官方服务与相关信息，支持通过官网了解产品、功能、使用方式及最新动态；具体服务范围、开放地区和使用规则请以官方网站当前页面为准。官方网站：gitsheet.wtf。	https://gitsheet.wtf	是
Vimified	Vimified	工具	其他,效率工具,在线服务	Vimified在线服务	Vimified在线服务。这里提供Vimified的官方服务与相关信息，支持通过官网了解产品、功能、使用方式及最新动态；具体服务范围、开放地区和使用规则请以官方网站当前页面为准。官方网站：vimified.com。	https://www.vimified.com	是
Vim Adventures	Vim Adventures	工具	其他,效率工具,在线服务	Vim Adventures在线服务	Vim Adventures在线服务。这里提供Vim Adventures的官方服务与相关信息，支持通过官网了解产品、功能、使用方式及最新动态；具体服务范围、开放地区和使用规则请以官方网站当前页面为准。官方网站：vim-adventures.com。	https://vim-adventures.com	是
Rogerdudler	Rogerdudler	开发	编程开发,效率工具	Rogerdudler在线服务	Rogerdudler在线服务。这里提供Rogerdudler的官方服务与相关信息，支持通过官网了解产品、功能、使用方式及最新动态；具体服务范围、开放地区和使用规则请以官方网站当前页面为准。官方网站：rogerdudler.github.io。	https://rogerdudler.github.io/git-guide	是
Vimawesome	Vimawesome	工具	其他,效率工具,在线服务	Vimawesome在线服务	Vimawesome在线服务。这里提供Vimawesome的官方服务与相关信息，支持通过官网了解产品、功能、使用方式及最新动态；具体服务范围、开放地区和使用规则请以官方网站当前页面为准。官方网站：vimawesome.com。	https://vimawesome.com	是
C9x	C9x	工具	其他,效率工具,在线服务	C9x在线服务	C9x在线服务。这里提供C9x的官方服务与相关信息，支持通过官网了解产品、功能、使用方式及最新动态；具体服务范围、开放地区和使用规则请以官方网站当前页面为准。官方网站：c9x.me。	https://c9x.me/x86	是
Gitexplorer	Gitexplorer	开发	编程开发,效率工具	Gitexplorer在线服务	Gitexplorer在线服务。这里提供Gitexplorer的官方服务与相关信息，支持通过官网了解产品、功能、使用方式及最新动态；具体服务范围、开放地区和使用规则请以官方网站当前页面为准。官方网站：gitexplorer.com。	https://gitexplorer.com	是
Learngitbranching	Learngitbranching	教育	在线学习,效率工具	Learngitbranching在线服务	Learngitbranching在线服务。这里提供Learngitbranching的官方服务与相关信息，支持通过官网了解产品、功能、使用方式及最新动态；具体服务范围、开放地区和使用规则请以官方网站当前页面为准。官方网站：learngitbranching.js.org。	https://learngitbranching.js.org	是
Gitcoin	Gitcoin	开发	编程开发,效率工具	Gitcoin在线服务	Gitcoin在线服务。这里提供Gitcoin的官方服务与相关信息，支持通过官网了解产品、功能、使用方式及最新动态；具体服务范围、开放地区和使用规则请以官方网站当前页面为准。官方网站：gitcoin.co。	https://gitcoin.co	是
Theia Ide	Theia Ide	工具	其他,效率工具,在线服务	Theia Ide在线服务	Theia Ide在线服务。这里提供Theia Ide的官方服务与相关信息，支持通过官网了解产品、功能、使用方式及最新动态；具体服务范围、开放地区和使用规则请以官方网站当前页面为准。官方网站：theia-ide.org。	https://theia-ide.org	是
Bellard	Bellard	工具	其他,效率工具,在线服务	Bellard在线服务	Bellard在线服务。这里提供Bellard的官方服务与相关信息，支持通过官网了解产品、功能、使用方式及最新动态；具体服务范围、开放地区和使用规则请以官方网站当前页面为准。官方网站：bellard.org。	https://bellard.org/jslinux	是
Ide	Ide	工具	其他,效率工具,在线服务	Ide在线服务	Ide在线服务。这里提供Ide的官方服务与相关信息，支持通过官网了解产品、功能、使用方式及最新动态；具体服务范围、开放地区和使用规则请以官方网站当前页面为准。官方网站：ide.onelang.io。	https://ide.onelang.io	是
Relatedrepos	Relatedrepos	工具	其他,效率工具,在线服务	Relatedrepos在线服务	Relatedrepos在线服务。这里提供Relatedrepos的官方服务与相关信息，支持通过官网了解产品、功能、使用方式及最新动态；具体服务范围、开放地区和使用规则请以官方网站当前页面为准。官方网站：relatedrepos.com。	https://relatedrepos.com	是
Gitstalk	Gitstalk	开发	编程开发,效率工具	Gitstalk在线服务	Gitstalk在线服务。这里提供Gitstalk的官方服务与相关信息，支持通过官网了解产品、功能、使用方式及最新动态；具体服务范围、开放地区和使用规则请以官方网站当前页面为准。官方网站：gitstalk.netlify.app。	https://gitstalk.netlify.app	是
Ohshitgit	Ohshitgit	开发	编程开发,效率工具	Ohshitgit在线服务	Ohshitgit在线服务。这里提供Ohshitgit的官方服务与相关信息，支持通过官网了解产品、功能、使用方式及最新动态；具体服务范围、开放地区和使用规则请以官方网站当前页面为准。官方网站：ohshitgit.com。	https://ohshitgit.com	是
Anvaka	Anvaka	开发	编程开发,效率工具	Anvaka在线服务	Anvaka在线服务。这里提供Anvaka的官方服务与相关信息，支持通过官网了解产品、功能、使用方式及最新动态；具体服务范围、开放地区和使用规则请以官方网站当前页面为准。官方网站：anvaka.github.io。	https://anvaka.github.io/map-of-github	是
Vscodethemes	Vscodethemes	开发	编程开发,效率工具	Vscodethemes在线服务	Vscodethemes在线服务。这里提供Vscodethemes的官方服务与相关信息，支持通过官网了解产品、功能、使用方式及最新动态；具体服务范围、开放地区和使用规则请以官方网站当前页面为准。官方网站：vscodethemes.com。	https://vscodethemes.com	是
Trustpage	Trustpage	工具	其他,效率工具,在线服务	Trustpage在线服务	Trustpage在线服务。这里提供Trustpage的官方服务与相关信息，支持通过官网了解产品、功能、使用方式及最新动态；具体服务范围、开放地区和使用规则请以官方网站当前页面为准。官方网站：trustpage.com。	https://trustpage.com/directory	是
Mywhisper	Mywhisper	工具	其他,效率工具,在线服务	Mywhisper在线服务	Mywhisper在线服务。这里提供Mywhisper的官方服务与相关信息，支持通过官网了解产品、功能、使用方式及最新动态；具体服务范围、开放地区和使用规则请以官方网站当前页面为准。官方网站：mywhisper.net。	https://mywhisper.net	是
Learnvim	Learnvim	教育	在线学习,效率工具	Learnvim在线服务	Learnvim在线服务。这里提供Learnvim的官方服务与相关信息，支持通过官网了解产品、功能、使用方式及最新动态；具体服务范围、开放地区和使用规则请以官方网站当前页面为准。官方网站：learnvim.irian.to。	https://learnvim.irian.to	是
Cookiepedia	Cookiepedia	工具	其他,效率工具,在线服务	Cookiepedia在线服务	Cookiepedia在线服务。这里提供Cookiepedia的官方服务与相关信息，支持通过官网了解产品、功能、使用方式及最新动态；具体服务范围、开放地区和使用规则请以官方网站当前页面为准。官方网站：cookiepedia.co.uk。	https://cookiepedia.co.uk	是
Shutuptrackers	Shutuptrackers	工具	其他,效率工具,在线服务	Shutuptrackers在线服务	Shutuptrackers在线服务。这里提供Shutuptrackers的官方服务与相关信息，支持通过官网了解产品、功能、使用方式及最新动态；具体服务范围、开放地区和使用规则请以官方网站当前页面为准。官方网站：shutuptrackers.com。	https://shutuptrackers.com	是
Beencrypted	Beencrypted	工具	其他,效率工具,在线服务	Beencrypted在线服务	Beencrypted在线服务。这里提供Beencrypted的官方服务与相关信息，支持通过官网了解产品、功能、使用方式及最新动态；具体服务范围、开放地区和使用规则请以官方网站当前页面为准。官方网站：beencrypted.com。	https://beencrypted.com	是
Securityplanner	Securityplanner	工具	其他,效率工具,在线服务	Securityplanner在线服务	Securityplanner在线服务。这里提供Securityplanner的官方服务与相关信息，支持通过官网了解产品、功能、使用方式及最新动态；具体服务范围、开放地区和使用规则请以官方网站当前页面为准。官方网站：securityplanner.consumerreports.org。	https://securityplanner.consumerreports.org	是
Ssd	Ssd	工具	其他,效率工具,在线服务	Ssd在线服务	Ssd在线服务。这里提供Ssd的官方服务与相关信息，支持通过官网了解产品、功能、使用方式及最新动态；具体服务范围、开放地区和使用规则请以官方网站当前页面为准。官方网站：ssd.eff.org。	https://ssd.eff.org	是
Dangerzone	Dangerzone	工具	其他,效率工具,在线服务	Dangerzone在线服务	Dangerzone在线服务。这里提供Dangerzone的官方服务与相关信息，支持通过官网了解产品、功能、使用方式及最新动态；具体服务范围、开放地区和使用规则请以官方网站当前页面为准。官方网站：dangerzone.rocks。	https://dangerzone.rocks	是
Exiftool	Exiftool	工具	其他,效率工具,在线服务	Exiftool在线服务	Exiftool在线服务。这里提供Exiftool的官方服务与相关信息，支持通过官网了解产品、功能、使用方式及最新动态；具体服务范围、开放地区和使用规则请以官方网站当前页面为准。官方网站：exiftool.org。	https://exiftool.org	是
Routerpasswords	Routerpasswords	工具	其他,效率工具,在线服务	Routerpasswords在线服务	Routerpasswords在线服务。这里提供Routerpasswords的官方服务与相关信息，支持通过官网了解产品、功能、使用方式及最新动态；具体服务范围、开放地区和使用规则请以官方网站当前页面为准。官方网站：routerpasswords.com。	https://www.routerpasswords.com	是
Hidemyweb	Hidemyweb	工具	其他,效率工具,在线服务	Hidemyweb在线服务	Hidemyweb在线服务。这里提供Hidemyweb的官方服务与相关信息，支持通过官网了解产品、功能、使用方式及最新动态；具体服务范围、开放地区和使用规则请以官方网站当前页面为准。官方网站：hidemyweb.wordpress.com。	https://hidemyweb.wordpress.com	是
Chef Koch	Chef Koch	开发	编程开发,效率工具	Chef Koch在线服务	Chef Koch在线服务。这里提供Chef Koch的官方服务与相关信息，支持通过官网了解产品、功能、使用方式及最新动态；具体服务范围、开放地区和使用规则请以官方网站当前页面为准。官方网站：chef-koch.bearblog.dev。	https://chef-koch.bearblog.dev/privacy-tools-list-by-chef-koch	是
Privacy	Privacy	工具	其他,效率工具,在线服务	Privacy在线服务	Privacy在线服务。这里提供Privacy的官方服务与相关信息，支持通过官网了解产品、功能、使用方式及最新动态；具体服务范围、开放地区和使用规则请以官方网站当前页面为准。官方网站：privacy.net。	https://privacy.net/analyzer	是
Metadefender	Metadefender	工具	其他,效率工具,在线服务	Metadefender在线服务	Metadefender在线服务。这里提供Metadefender的官方服务与相关信息，支持通过官网了解产品、功能、使用方式及最新动态；具体服务范围、开放地区和使用规则请以官方网站当前页面为准。官方网站：metadefender.opswat.com。	https://metadefender.opswat.com	是
Cryptologie	Cryptologie	工具	其他,效率工具,在线服务	Cryptologie在线服务	Cryptologie在线服务。这里提供Cryptologie的官方服务与相关信息，支持通过官网了解产品、功能、使用方式及最新动态；具体服务范围、开放地区和使用规则请以官方网站当前页面为准。官方网站：cryptologie.net。	https://www.cryptologie.net	是
Accountkiller	Accountkiller	工具	其他,效率工具,在线服务	Accountkiller在线服务	Accountkiller在线服务。这里提供Accountkiller的官方服务与相关信息，支持通过官网了解产品、功能、使用方式及最新动态；具体服务范围、开放地区和使用规则请以官方网站当前页面为准。官方网站：accountkiller.com。	https://www.accountkiller.com/en/home	是
Browser	Browser	工具	其他,效率工具,在线服务	Browser在线服务	Browser在线服务。这里提供Browser的官方服务与相关信息，支持通过官网了解产品、功能、使用方式及最新动态；具体服务范围、开放地区和使用规则请以官方网站当前页面为准。官方网站：browser.lol。	https://browser.lol	是
Yamm	Yamm	工具	其他,效率工具,在线服务	Yamm在线服务	Yamm在线服务。这里提供Yamm的官方服务与相关信息，支持通过官网了解产品、功能、使用方式及最新动态；具体服务范围、开放地区和使用规则请以官方网站当前页面为准。官方网站：yamm.com。	https://yamm.com	是
Adblock Tester	Adblock Tester	工具	其他,效率工具,在线服务	Adblock Tester在线服务	Adblock Tester在线服务。这里提供Adblock Tester的官方服务与相关信息，支持通过官网了解产品、功能、使用方式及最新动态；具体服务范围、开放地区和使用规则请以官方网站当前页面为准。官方网站：adblock-tester.com。	https://adblock-tester.com	是
Security	Security	工具	其他,效率工具,在线服务	Security在线服务	Security在线服务。这里提供Security的官方服务与相关信息，支持通过官网了解产品、功能、使用方式及最新动态；具体服务范围、开放地区和使用规则请以官方网站当前页面为准。官方网站：security.org。	https://www.security.org/security-score	是
Degooglisons Internet	Degooglisons Internet	工具	其他,效率工具,在线服务	Degooglisons Internet在线服务	Degooglisons Internet在线服务。这里提供Degooglisons Internet的官方服务与相关信息，支持通过官网了解产品、功能、使用方式及最新动态；具体服务范围、开放地区和使用规则请以官方网站当前页面为准。官方网站：degooglisons-internet.org。	https://degooglisons-internet.org/en	是
Deadmansswitch	Deadmansswitch	工具	其他,效率工具,在线服务	Deadmansswitch在线服务	Deadmansswitch在线服务。这里提供Deadmansswitch的官方服务与相关信息，支持通过官网了解产品、功能、使用方式及最新动态；具体服务范围、开放地区和使用规则请以官方网站当前页面为准。官方网站：deadmansswitch.net。	https://www.deadmansswitch.net	是
Burnermail	Burnermail	AI	AI,效率工具	Burnermail在线服务	Burnermail在线服务。这里提供Burnermail的官方服务与相关信息，支持通过官网了解产品、功能、使用方式及最新动态；具体服务范围、开放地区和使用规则请以官方网站当前页面为准。官方网站：burnermail.io。	https://burnermail.io	是
Maildrop	Maildrop	AI	AI,效率工具	Maildrop在线服务	Maildrop在线服务。这里提供Maildrop的官方服务与相关信息，支持通过官网了解产品、功能、使用方式及最新动态；具体服务范围、开放地区和使用规则请以官方网站当前页面为准。官方网站：maildrop.cc。	https://maildrop.cc	是
Mailsac	Mailsac	AI	AI,效率工具	Mailsac在线服务	Mailsac在线服务。这里提供Mailsac的官方服务与相关信息，支持通过官网了解产品、功能、使用方式及最新动态；具体服务范围、开放地区和使用规则请以官方网站当前页面为准。官方网站：mailsac.com。	https://mailsac.com	是
Inboxkitten	Inboxkitten	工具	其他,效率工具,在线服务	Inboxkitten在线服务	Inboxkitten在线服务。这里提供Inboxkitten的官方服务与相关信息，支持通过官网了解产品、功能、使用方式及最新动态；具体服务范围、开放地区和使用规则请以官方网站当前页面为准。官方网站：inboxkitten.com。	https://inboxkitten.com	是
Guerrillamail	Guerrillamail	AI	AI,效率工具	Guerrillamail在线服务	Guerrillamail在线服务。这里提供Guerrillamail的官方服务与相关信息，支持通过官网了解产品、功能、使用方式及最新动态；具体服务范围、开放地区和使用规则请以官方网站当前页面为准。官方网站：guerrillamail.com。	https://www.guerrillamail.com/inbox	是
Degoogle	Degoogle	开发	编程开发,效率工具	Degoogle在线服务	Degoogle在线服务。这里提供Degoogle的官方服务与相关信息，支持通过官网了解产品、功能、使用方式及最新动态；具体服务范围、开放地区和使用规则请以官方网站当前页面为准。官方网站：degoogle.jmoore.dev。	https://degoogle.jmoore.dev	是
Amifloced	Amifloced	工具	其他,效率工具,在线服务	Amifloced在线服务	Amifloced在线服务。这里提供Amifloced的官方服务与相关信息，支持通过官网了解产品、功能、使用方式及最新动态；具体服务范围、开放地区和使用规则请以官方网站当前页面为准。官方网站：amifloced.org。	https://amifloced.org	是
Plex	Plex	工具	其他,效率工具,在线服务	Plex在线服务	Plex在线服务。这里提供Plex的官方服务与相关信息，支持通过官网了解产品、功能、使用方式及最新动态；具体服务范围、开放地区和使用规则请以官方网站当前页面为准。官方网站：plex.page。	https://plex.page	是
Tempmailto	Tempmailto	AI	AI,效率工具	Tempmailto在线服务	Tempmailto在线服务。这里提供Tempmailto的官方服务与相关信息，支持通过官网了解产品、功能、使用方式及最新动态；具体服务范围、开放地区和使用规则请以官方网站当前页面为准。官方网站：tempmailto.online。	https://tempmailto.online	是
Erine	Erine	AI	AI,效率工具	Erine在线服务	Erine在线服务。这里提供Erine的官方服务与相关信息，支持通过官网了解产品、功能、使用方式及最新动态；具体服务范围、开放地区和使用规则请以官方网站当前页面为准。官方网站：erine.email。	https://erine.email	是
Coveryourtracks	Coveryourtracks	工具	其他,效率工具,在线服务	Coveryourtracks在线服务	Coveryourtracks在线服务。这里提供Coveryourtracks的官方服务与相关信息，支持通过官网了解产品、功能、使用方式及最新动态；具体服务范围、开放地区和使用规则请以官方网站当前页面为准。官方网站：coveryourtracks.eff.org。	https://coveryourtracks.eff.org	是
Postale	Postale	工具	其他,效率工具,在线服务	Postale在线服务	Postale在线服务。这里提供Postale的官方服务与相关信息，支持通过官网了解产品、功能、使用方式及最新动态；具体服务范围、开放地区和使用规则请以官方网站当前页面为准。官方网站：postale.io。	https://postale.io	是
Ipleak	Ipleak	工具	其他,效率工具,在线服务	Ipleak在线服务	Ipleak在线服务。这里提供Ipleak的官方服务与相关信息，支持通过官网了解产品、功能、使用方式及最新动态；具体服务范围、开放地区和使用规则请以官方网站当前页面为准。官方网站：ipleak.net。	https://ipleak.net	是
Andisearch	Andisearch	工具	其他,效率工具,在线服务	Andisearch在线服务	Andisearch在线服务。这里提供Andisearch的官方服务与相关信息，支持通过官网了解产品、功能、使用方式及最新动态；具体服务范围、开放地区和使用规则请以官方网站当前页面为准。官方网站：andisearch.com。	https://andisearch.com	是
Kill The Newsletter	Kill The Newsletter	工具	其他,效率工具,在线服务	Kill The Newsletter在线服务	Kill The Newsletter在线服务。这里提供Kill The Newsletter的官方服务与相关信息，支持通过官网了解产品、功能、使用方式及最新动态；具体服务范围、开放地区和使用规则请以官方网站当前页面为准。官方网站：kill-the-newsletter.com。	https://kill-the-newsletter.com	是
Emaildrop	Emaildrop	AI	AI,效率工具	Emaildrop在线服务	Emaildrop在线服务。这里提供Emaildrop的官方服务与相关信息，支持通过官网了解产品、功能、使用方式及最新动态；具体服务范围、开放地区和使用规则请以官方网站当前页面为准。官方网站：emaildrop.io。	https://www.emaildrop.io	是
Getnada	Getnada	工具	其他,效率工具,在线服务	Getnada在线服务	Getnada在线服务。这里提供Getnada的官方服务与相关信息，支持通过官网了解产品、功能、使用方式及最新动态；具体服务范围、开放地区和使用规则请以官方网站当前页面为准。官方网站：getnada.com。	https://getnada.com	是
Unlistedvideos	Unlistedvideos	工具	其他,效率工具,在线服务	Unlistedvideos在线服务	Unlistedvideos在线服务。这里提供Unlistedvideos的官方服务与相关信息，支持通过官网了解产品、功能、使用方式及最新动态；具体服务范围、开放地区和使用规则请以官方网站当前页面为准。官方网站：unlistedvideos.com。	https://unlistedvideos.com	是
Internet Map	Internet Map	工具	其他,效率工具,在线服务	Internet Map在线服务	Internet Map在线服务。这里提供Internet Map的官方服务与相关信息，支持通过官网了解产品、功能、使用方式及最新动态；具体服务范围、开放地区和使用规则请以官方网站当前页面为准。官方网站：internet-map.net。	https://internet-map.net	是
Xn 1 Zfa	Xn 1 Zfa	工具	其他,效率工具,在线服务	Xn 1 Zfa在线服务	Xn 1 Zfa在线服务。这里提供Xn 1 Zfa的官方服务与相关信息，支持通过官网了解产品、功能、使用方式及最新动态；具体服务范围、开放地区和使用规则请以官方网站当前页面为准。官方网站：xn--1-zfa.com。	https://xn--1-zfa.com	是
Internetlivestats	Internetlivestats	工具	其他,效率工具,在线服务	Internetlivestats在线服务	Internetlivestats在线服务。这里提供Internetlivestats的官方服务与相关信息，支持通过官网了解产品、功能、使用方式及最新动态；具体服务范围、开放地区和使用规则请以官方网站当前页面为准。官方网站：internetlivestats.com。	https://www.internetlivestats.com	是
Nothumansearch	Nothumansearch	AI	AI,效率工具	Nothumansearch在线服务	Nothumansearch在线服务。这里提供Nothumansearch的官方服务与相关信息，支持通过官网了解产品、功能、使用方式及最新动态；具体服务范围、开放地区和使用规则请以官方网站当前页面为准。官方网站：nothumansearch.ai。	https://nothumansearch.ai	是
Seekr	Seekr	工具	其他,效率工具,在线服务	Seekr在线服务	Seekr在线服务。这里提供Seekr的官方服务与相关信息，支持通过官网了解产品、功能、使用方式及最新动态；具体服务范围、开放地区和使用规则请以官方网站当前页面为准。官方网站：seekr.com。	https://www.seekr.com	是
Icanhazip	Icanhazip	工具	其他,效率工具,在线服务	Icanhazip在线服务	Icanhazip在线服务。这里提供Icanhazip的官方服务与相关信息，支持通过官网了解产品、功能、使用方式及最新动态；具体服务范围、开放地区和使用规则请以官方网站当前页面为准。官方网站：icanhazip.com。	https://icanhazip.com	是
Tls12	Tls12	工具	其他,效率工具,在线服务	Tls12在线服务	Tls12在线服务。这里提供Tls12的官方服务与相关信息，支持通过官网了解产品、功能、使用方式及最新动态；具体服务范围、开放地区和使用规则请以官方网站当前页面为准。官方网站：tls12.xargs.org。	https://tls12.xargs.org	是
Cidr	Cidr	工具	其他,效率工具,在线服务	Cidr在线服务	Cidr在线服务。这里提供Cidr的官方服务与相关信息，支持通过官网了解产品、功能、使用方式及最新动态；具体服务范围、开放地区和使用规则请以官方网站当前页面为准。官方网站：cidr.xyz。	https://cidr.xyz	是
Iplocation	Iplocation	工具	其他,效率工具,在线服务	Iplocation在线服务	Iplocation在线服务。这里提供Iplocation的官方服务与相关信息，支持通过官网了解产品、功能、使用方式及最新动态；具体服务范围、开放地区和使用规则请以官方网站当前页面为准。官方网站：iplocation.io。	https://iplocation.io	是
Filmot	Filmot	工具	其他,效率工具,在线服务	Filmot在线服务	Filmot在线服务。这里提供Filmot的官方服务与相关信息，支持通过官网了解产品、功能、使用方式及最新动态；具体服务范围、开放地区和使用规则请以官方网站当前页面为准。官方网站：filmot.com。	https://filmot.com	是
Howdns	Howdns	工具	效率工具,在线服务	Howdns在线服务	Howdns在线服务。这里提供Howdns的官方服务与相关信息，支持通过官网了解产品、功能、使用方式及最新动态；具体服务范围、开放地区和使用规则请以官方网站当前页面为准。官方网站：howdns.works。	https://howdns.works	是
Davidc	Davidc	工具	其他,效率工具,在线服务	Davidc在线服务	Davidc在线服务。这里提供Davidc的官方服务与相关信息，支持通过官网了解产品、功能、使用方式及最新动态；具体服务范围、开放地区和使用规则请以官方网站当前页面为准。官方网站：davidc.net。	https://www.davidc.net/sites/default/subnets/subnets.html	是
Ipinfo	Ipinfo	工具	其他,效率工具,在线服务	Ipinfo在线服务	Ipinfo在线服务。这里提供Ipinfo的官方服务与相关信息，支持通过官网了解产品、功能、使用方式及最新动态；具体服务范围、开放地区和使用规则请以官方网站当前页面为准。官方网站：ipinfo.io。	https://ipinfo.io	是
Librespeed	Librespeed	工具	其他,效率工具,在线服务	Librespeed在线服务	Librespeed在线服务。这里提供Librespeed的官方服务与相关信息，支持通过官网了解产品、功能、使用方式及最新动态；具体服务范围、开放地区和使用规则请以官方网站当前页面为准。官方网站：librespeed.org。	https://librespeed.org	是
Test Ipv6	Test Ipv6	工具	其他,效率工具,在线服务	Test Ipv6在线服务	Test Ipv6在线服务。这里提供Test Ipv6的官方服务与相关信息，支持通过官网了解产品、功能、使用方式及最新动态；具体服务范围、开放地区和使用规则请以官方网站当前页面为准。官方网站：test-ipv6.com。	https://test-ipv6.com	是
Webhook	Webhook	工具	其他,效率工具,在线服务	Webhook在线服务	Webhook在线服务。这里提供Webhook的官方服务与相关信息，支持通过官网了解产品、功能、使用方式及最新动态；具体服务范围、开放地区和使用规则请以官方网站当前页面为准。官方网站：webhook.site。	https://webhook.site	是
Millionshort	Millionshort	工具	其他,效率工具,在线服务	Millionshort在线服务	Millionshort在线服务。这里提供Millionshort的官方服务与相关信息，支持通过官网了解产品、功能、使用方式及最新动态；具体服务范围、开放地区和使用规则请以官方网站当前页面为准。官方网站：millionshort.com。	https://millionshort.com	是
Onelink	Onelink	工具	其他,效率工具,在线服务	Onelink在线服务	Onelink在线服务。这里提供Onelink的官方服务与相关信息，支持通过官网了解产品、功能、使用方式及最新动态；具体服务范围、开放地区和使用规则请以官方网站当前页面为准。官方网站：onelink.to。	https://www.onelink.to	是
Shrtco	Shrtco	工具	其他,效率工具,在线服务	Shrtco在线服务	Shrtco在线服务。这里提供Shrtco的官方服务与相关信息，支持通过官网了解产品、功能、使用方式及最新动态；具体服务范围、开放地区和使用规则请以官方网站当前页面为准。官方网站：shrtco.de。	https://shrtco.de/tools	是
Goqr	Goqr	工具	其他,效率工具,在线服务	Goqr在线服务	Goqr在线服务。这里提供Goqr的官方服务与相关信息，支持通过官网了解产品、功能、使用方式及最新动态；具体服务范围、开放地区和使用规则请以官方网站当前页面为准。官方网站：goqr.me。	https://goqr.me	是
Rebrandly	Rebrandly	工具	其他,效率工具,在线服务	Rebrandly在线服务	Rebrandly在线服务。这里提供Rebrandly的官方服务与相关信息，支持通过官网了解产品、功能、使用方式及最新动态；具体服务范围、开放地区和使用规则请以官方网站当前页面为准。官方网站：rebrandly.com。	https://www.rebrandly.com	是
Appopener	Appopener	工具	其他,效率工具,在线服务	Appopener在线服务	Appopener在线服务。这里提供Appopener的官方服务与相关信息，支持通过官网了解产品、功能、使用方式及最新动态；具体服务范围、开放地区和使用规则请以官方网站当前页面为准。官方网站：appopener.com。	https://appopener.com	是
Dnsspeedtest	Dnsspeedtest	工具	其他,效率工具,在线服务	Dnsspeedtest在线服务	Dnsspeedtest在线服务。这里提供Dnsspeedtest的官方服务与相关信息，支持通过官网了解产品、功能、使用方式及最新动态；具体服务范围、开放地区和使用规则请以官方网站当前页面为准。官方网站：dnsspeedtest.online。	https://dnsspeedtest.online	是
Dnschecker	Dnschecker	工具	其他,效率工具,在线服务	Dnschecker在线服务	Dnschecker在线服务。这里提供Dnschecker的官方服务与相关信息，支持通过官网了解产品、功能、使用方式及最新动态；具体服务范围、开放地区和使用规则请以官方网站当前页面为准。官方网站：dnschecker.org。	https://dnschecker.org	是
Random Password Gen	Random Password Gen	工具	其他,效率工具,在线服务	Random Password Gen在线服务	Random Password Gen在线服务。这里提供Random Password Gen的官方服务与相关信息，支持通过官网了解产品、功能、使用方式及最新动态；具体服务范围、开放地区和使用规则请以官方网站当前页面为准。官方网站：random-password-gen.web.app。	https://random-password-gen.web.app	是
Freecodetools	Freecodetools	开发	编程开发,效率工具	Freecodetools在线服务	Freecodetools在线服务。这里提供Freecodetools的官方服务与相关信息，支持通过官网了解产品、功能、使用方式及最新动态；具体服务范围、开放地区和使用规则请以官方网站当前页面为准。官方网站：freecodetools.org。	https://freecodetools.org/qr-code-generator	是
Shrunken	Shrunken	工具	其他,效率工具,在线服务	Shrunken在线服务	Shrunken在线服务。这里提供Shrunken的官方服务与相关信息，支持通过官网了解产品、功能、使用方式及最新动态；具体服务范围、开放地区和使用规则请以官方网站当前页面为准。官方网站：shrunken.com。	https://www.shrunken.com	是
Kb	Kb	工具	其他,效率工具,在线服务	Kb在线服务	Kb在线服务。这里提供Kb的官方服务与相关信息，支持通过官网了解产品、功能、使用方式及最新动态；具体服务范围、开放地区和使用规则请以官方网站当前页面为准。官方网站：kb.adguard.com。	https://kb.adguard.com/en/general/dns-providers	是
Tinyurl	Tinyurl	工具	其他,效率工具,在线服务	Tinyurl在线服务	Tinyurl在线服务。这里提供Tinyurl的官方服务与相关信息，支持通过官网了解产品、功能、使用方式及最新动态；具体服务范围、开放地区和使用规则请以官方网站当前页面为准。官方网站：tinyurl.com。	https://tinyurl.com/app	是
Guacamole	Guacamole	工具	其他,效率工具,在线服务	Guacamole在线服务	Guacamole在线服务。这里提供Guacamole的官方服务与相关信息，支持通过官网了解产品、功能、使用方式及最新动态；具体服务范围、开放地区和使用规则请以官方网站当前页面为准。官方网站：guacamole.apache.org。	https://guacamole.apache.org	是
Freecodetools	Freecodetools	开发	编程开发,效率工具	Freecodetools在线服务	Freecodetools在线服务。这里提供Freecodetools的官方服务与相关信息，支持通过官网了解产品、功能、使用方式及最新动态；具体服务范围、开放地区和使用规则请以官方网站当前页面为准。官方网站：freecodetools.org。	https://freecodetools.org/ogp	是
Gg	Gg	工具	其他,效率工具,在线服务	Gg在线服务	Gg在线服务。这里提供Gg的官方服务与相关信息，支持通过官网了解产品、功能、使用方式及最新动态；具体服务范围、开放地区和使用规则请以官方网站当前页面为准。官方网站：gg.gg。	https://gg.gg	是
Opensourcealternative	Opensourcealternative	工具	其他,效率工具,在线服务	Opensourcealternative在线服务	Opensourcealternative在线服务。这里提供Opensourcealternative的官方服务与相关信息，支持通过官网了解产品、功能、使用方式及最新动态；具体服务范围、开放地区和使用规则请以官方网站当前页面为准。官方网站：opensourcealternative.to。	https://www.opensourcealternative.to	是
Security	Security	工具	其他,效率工具,在线服务	Security在线服务	Security在线服务。这里提供Security的官方服务与相关信息，支持通过官网了解产品、功能、使用方式及最新动态；具体服务范围、开放地区和使用规则请以官方网站当前页面为准。官方网站：security.org。	https://www.security.org/how-secure-is-my-password	是
Cdecl	Cdecl	工具	其他,效率工具,在线服务	Cdecl在线服务	Cdecl在线服务。这里提供Cdecl的官方服务与相关信息，支持通过官网了解产品、功能、使用方式及最新动态；具体服务范围、开放地区和使用规则请以官方网站当前页面为准。官方网站：cdecl.org。	https://cdecl.org	是
Oldergeeks	Oldergeeks	工具	其他,效率工具,在线服务	Oldergeeks在线服务	Oldergeeks在线服务。这里提供Oldergeeks的官方服务与相关信息，支持通过官网了解产品、功能、使用方式及最新动态；具体服务范围、开放地区和使用规则请以官方网站当前页面为准。官方网站：oldergeeks.com。	https://oldergeeks.com	是
Bitwisecmd	Bitwisecmd	工具	其他,效率工具,在线服务	Bitwisecmd在线服务	Bitwisecmd在线服务。这里提供Bitwisecmd的官方服务与相关信息，支持通过官网了解产品、功能、使用方式及最新动态；具体服务范围、开放地区和使用规则请以官方网站当前页面为准。官方网站：bitwisecmd.com。	https://bitwisecmd.com	是
Easycron	Easycron	工具	其他,效率工具,在线服务	Easycron在线服务	Easycron在线服务。这里提供Easycron的官方服务与相关信息，支持通过官网了解产品、功能、使用方式及最新动态；具体服务范围、开放地区和使用规则请以官方网站当前页面为准。官方网站：easycron.com。	https://www.easycron.com	是
Home	Home	工具	其他,效率工具,在线服务	Home在线服务	Home在线服务。这里提供Home的官方服务与相关信息，支持通过官网了解产品、功能、使用方式及最新动态；具体服务范围、开放地区和使用规则请以官方网站当前页面为准。官方网站：home.s.id。	https://home.s.id	是
Dockerswarm	Dockerswarm	开发	编程开发,效率工具	Dockerswarm在线服务	Dockerswarm在线服务。这里提供Dockerswarm的官方服务与相关信息，支持通过官网了解产品、功能、使用方式及最新动态；具体服务范围、开放地区和使用规则请以官方网站当前页面为准。官方网站：dockerswarm.rocks。	https://dockerswarm.rocks	是
Ninite	Ninite	工具	其他,效率工具,在线服务	Ninite在线服务	Ninite在线服务。这里提供Ninite的官方服务与相关信息，支持通过官网了解产品、功能、使用方式及最新动态；具体服务范围、开放地区和使用规则请以官方网站当前页面为准。官方网站：ninite.com。	https://ninite.com	是
Localstack	Localstack	开发	编程开发,效率工具	Localstack在线服务	Localstack在线服务。这里提供Localstack的官方服务与相关信息，支持通过官网了解产品、功能、使用方式及最新动态；具体服务范围、开放地区和使用规则请以官方网站当前页面为准。官方网站：localstack.cloud。	https://localstack.cloud	是
Markwhen	Markwhen	工具	其他,效率工具,在线服务	Markwhen在线服务	Markwhen在线服务。这里提供Markwhen的官方服务与相关信息，支持通过官网了解产品、功能、使用方式及最新动态；具体服务范围、开放地区和使用规则请以官方网站当前页面为准。官方网站：markwhen.com。	https://markwhen.com	是
Darkmodelist	Darkmodelist	AI	AI,效率工具	Darkmodelist在线服务	Darkmodelist在线服务。这里提供Darkmodelist的官方服务与相关信息，支持通过官网了解产品、功能、使用方式及最新动态；具体服务范围、开放地区和使用规则请以官方网站当前页面为准。官方网站：darkmodelist.com。	https://darkmodelist.com	是
App	App	工具	其他,效率工具,在线服务	App在线服务	App在线服务。这里提供App的官方服务与相关信息，支持通过官网了解产品、功能、使用方式及最新动态；具体服务范围、开放地区和使用规则请以官方网站当前页面为准。官方网站：app.readwok.com。	https://app.readwok.com/lib	是
Codemyui	Codemyui	开发	编程开发,效率工具	Codemyui在线服务	Codemyui在线服务。这里提供Codemyui的官方服务与相关信息，支持通过官网了解产品、功能、使用方式及最新动态；具体服务范围、开放地区和使用规则请以官方网站当前页面为准。官方网站：codemyui.com。	https://codemyui.com	是
Freecodetools	Freecodetools	开发	编程开发,效率工具	Freecodetools在线服务	Freecodetools在线服务。这里提供Freecodetools的官方服务与相关信息，支持通过官网了解产品、功能、使用方式及最新动态；具体服务范围、开放地区和使用规则请以官方网站当前页面为准。官方网站：freecodetools.org。	https://freecodetools.org/password-generator	是
W3schools	W3schools	教育	在线学习,效率工具	W3schools在线服务	W3schools在线服务。这里提供W3schools的官方服务与相关信息，支持通过官网了解产品、功能、使用方式及最新动态；具体服务范围、开放地区和使用规则请以官方网站当前页面为准。官方网站：w3schools.com。	https://www.w3schools.com/howto/default.asp	是
Crontab	Crontab	工具	其他,效率工具,在线服务	Crontab在线服务	Crontab在线服务。这里提供Crontab的官方服务与相关信息，支持通过官网了解产品、功能、使用方式及最新动态；具体服务范围、开放地区和使用规则请以官方网站当前页面为准。官方网站：crontab.guru。	https://crontab.guru	是
Codepng	Codepng	开发	编程开发,效率工具	Codepng在线服务	Codepng在线服务。这里提供Codepng的官方服务与相关信息，支持通过官网了解产品、功能、使用方式及最新动态；具体服务范围、开放地区和使用规则请以官方网站当前页面为准。官方网站：codepng.app。	https://www.codepng.app	是
Tweetsnippet	Tweetsnippet	工具	其他,效率工具,在线服务	Tweetsnippet在线服务	Tweetsnippet在线服务。这里提供Tweetsnippet的官方服务与相关信息，支持通过官网了解产品、功能、使用方式及最新动态；具体服务范围、开放地区和使用规则请以官方网站当前页面为准。官方网站：tweetsnippet.com。	https://tweetsnippet.com	是
Snipplr	Snipplr	工具	其他,效率工具,在线服务	Snipplr在线服务	Snipplr在线服务。这里提供Snipplr的官方服务与相关信息，支持通过官网了解产品、功能、使用方式及最新动态；具体服务范围、开放地区和使用规则请以官方网站当前页面为准。官方网站：snipplr.com。	https://snipplr.com	是
Codetogo	Codetogo	开发	编程开发,效率工具	Codetogo在线服务	Codetogo在线服务。这里提供Codetogo的官方服务与相关信息，支持通过官网了解产品、功能、使用方式及最新动态；具体服务范围、开放地区和使用规则请以官方网站当前页面为准。官方网站：codetogo.io。	https://codetogo.io	是
Crontab Generator	Crontab Generator	工具	其他,效率工具,在线服务	Crontab Generator在线服务	Crontab Generator在线服务。这里提供Crontab Generator的官方服务与相关信息，支持通过官网了解产品、功能、使用方式及最新动态；具体服务范围、开放地区和使用规则请以官方网站当前页面为准。官方网站：crontab-generator.org。	https://crontab-generator.org	是
Yamllint	Yamllint	工具	其他,效率工具,在线服务	Yamllint在线服务	Yamllint在线服务。这里提供Yamllint的官方服务与相关信息，支持通过官网了解产品、功能、使用方式及最新动态；具体服务范围、开放地区和使用规则请以官方网站当前页面为准。官方网站：yamllint.com。	https://www.yamllint.com	是
K8syaml	K8syaml	工具	其他,效率工具,在线服务	K8syaml在线服务	K8syaml在线服务。这里提供K8syaml的官方服务与相关信息，支持通过官网了解产品、功能、使用方式及最新动态；具体服务范围、开放地区和使用规则请以官方网站当前页面为准。官方网站：k8syaml.com。	https://k8syaml.com	是
Fromlatest	Fromlatest	工具	其他,效率工具,在线服务	Fromlatest在线服务	Fromlatest在线服务。这里提供Fromlatest的官方服务与相关信息，支持通过官网了解产品、功能、使用方式及最新动态；具体服务范围、开放地区和使用规则请以官方网站当前页面为准。官方网站：fromlatest.io。	https://www.fromlatest.io	是
Beautifier	Beautifier	工具	其他,效率工具,在线服务	Beautifier在线服务	Beautifier在线服务。这里提供Beautifier的官方服务与相关信息，支持通过官网了解产品、功能、使用方式及最新动态；具体服务范围、开放地区和使用规则请以官方网站当前页面为准。官方网站：beautifier.io。	https://beautifier.io	是
Shellcheck	Shellcheck	工具	其他,效率工具,在线服务	Shellcheck在线服务	Shellcheck在线服务。这里提供Shellcheck的官方服务与相关信息，支持通过官网了解产品、功能、使用方式及最新动态；具体服务范围、开放地区和使用规则请以官方网站当前页面为准。官方网站：shellcheck.net。	https://www.shellcheck.net	是
Jsonlint	Jsonlint	工具	其他,效率工具,在线服务	Jsonlint在线服务	Jsonlint在线服务。这里提供Jsonlint的官方服务与相关信息，支持通过官网了解产品、功能、使用方式及最新动态；具体服务范围、开放地区和使用规则请以官方网站当前页面为准。官方网站：jsonlint.com。	https://jsonlint.com	是
Css Tricks	Css Tricks	工具	其他,效率工具,在线服务	Css Tricks在线服务	Css Tricks在线服务。这里提供Css Tricks的官方服务与相关信息，支持通过官网了解产品、功能、使用方式及最新动态；具体服务范围、开放地区和使用规则请以官方网站当前页面为准。官方网站：css-tricks.com。	https://css-tricks.com/snippets	是
Jsonformatter	Jsonformatter	工具	其他,效率工具,在线服务	Jsonformatter在线服务	Jsonformatter在线服务。这里提供Jsonformatter的官方服务与相关信息，支持通过官网了解产品、功能、使用方式及最新动态；具体服务范围、开放地区和使用规则请以官方网站当前页面为准。官方网站：jsonformatter.org。	https://jsonformatter.org/json-parser	是
Validate	Validate	工具	其他,效率工具,在线服务	Validate在线服务	Validate在线服务。这里提供Validate的官方服务与相关信息，支持通过官网了解产品、功能、使用方式及最新动态；具体服务范围、开放地区和使用规则请以官方网站当前页面为准。官方网站：validate.puppet.com。	https://validate.puppet.com	是
Formatjsononline	Formatjsononline	工具	其他,效率工具,在线服务	Formatjsononline在线服务	Formatjsononline在线服务。这里提供Formatjsononline的官方服务与相关信息，支持通过官网了解产品、功能、使用方式及最新动态；具体服务范围、开放地区和使用规则请以官方网站当前页面为准。官方网站：formatjsononline.com。	https://formatjsononline.com/sql-formatter	是
Freecodetools	Freecodetools	开发	编程开发,效率工具	Freecodetools在线服务	Freecodetools在线服务。这里提供Freecodetools的官方服务与相关信息，支持通过官网了解产品、功能、使用方式及最新动态；具体服务范围、开放地区和使用规则请以官方网站当前页面为准。官方网站：freecodetools.org。	https://freecodetools.org/minifier	是
Freecodetools	Freecodetools	开发	编程开发,效率工具	Freecodetools在线服务	Freecodetools在线服务。这里提供Freecodetools的官方服务与相关信息，支持通过官网了解产品、功能、使用方式及最新动态；具体服务范围、开放地区和使用规则请以官方网站当前页面为准。官方网站：freecodetools.org。	https://freecodetools.org/beautifier	是
Uibakery	Uibakery	工具	其他,效率工具,在线服务	Uibakery在线服务	Uibakery在线服务。这里提供Uibakery的官方服务与相关信息，支持通过官网了解产品、功能、使用方式及最新动态；具体服务范围、开放地区和使用规则请以官方网站当前页面为准。官方网站：uibakery.io。	https://uibakery.io/regex-library	是
Nocodelist	Nocodelist	开发	编程开发,效率工具	Nocodelist在线服务	Nocodelist在线服务。这里提供Nocodelist的官方服务与相关信息，支持通过官网了解产品、功能、使用方式及最新动态；具体服务范围、开放地区和使用规则请以官方网站当前页面为准。官方网站：nocodelist.co。	https://nocodelist.co	是
Licensebuttons	Licensebuttons	工具	其他,效率工具,在线服务	Licensebuttons在线服务	Licensebuttons在线服务。这里提供Licensebuttons的官方服务与相关信息，支持通过官网了解产品、功能、使用方式及最新动态；具体服务范围、开放地区和使用规则请以官方网站当前页面为准。官方网站：licensebuttons.net。	https://licensebuttons.net	是
Freecodetools	Freecodetools	开发	编程开发,效率工具	Freecodetools在线服务	Freecodetools在线服务。这里提供Freecodetools的官方服务与相关信息，支持通过官网了解产品、功能、使用方式及最新动态；具体服务范围、开放地区和使用规则请以官方网站当前页面为准。官方网站：freecodetools.org。	https://freecodetools.org/markdown-preview	是
Learnxinyminutes	Learnxinyminutes	教育	在线学习,效率工具	Learnxinyminutes在线服务	Learnxinyminutes在线服务。这里提供Learnxinyminutes的官方服务与相关信息，支持通过官网了解产品、功能、使用方式及最新动态；具体服务范围、开放地区和使用规则请以官方网站当前页面为准。官方网站：learnxinyminutes.com。	https://learnxinyminutes.com	是
Dev	Dev	开发	编程开发,效率工具	Dev在线服务	Dev在线服务。这里提供Dev的官方服务与相关信息，支持通过官网了解产品、功能、使用方式及最新动态；具体服务范围、开放地区和使用规则请以官方网站当前页面为准。官方网站：dev.to。	https://dev.to/emmabostian/regex-cheat-sheet-2j2a	是
Guides	Guides	工具	其他,效率工具,在线服务	Guides在线服务	Guides在线服务。这里提供Guides的官方服务与相关信息，支持通过官网了解产品、功能、使用方式及最新动态；具体服务范围、开放地区和使用规则请以官方网站当前页面为准。官方网站：guides.rubygems.org。	https://guides.rubygems.org	是
Choosealicense	Choosealicense	工具	其他,效率工具,在线服务	Choosealicense在线服务	Choosealicense在线服务。这里提供Choosealicense的官方服务与相关信息，支持通过官网了解产品、功能、使用方式及最新动态；具体服务范围、开放地区和使用规则请以官方网站当前页面为准。官方网站：choosealicense.com。	https://choosealicense.com/appendix	是
Ufal	Ufal	开发	编程开发,效率工具	Ufal在线服务	Ufal在线服务。这里提供Ufal的官方服务与相关信息，支持通过官网了解产品、功能、使用方式及最新动态；具体服务范围、开放地区和使用规则请以官方网站当前页面为准。官方网站：ufal.github.io。	https://ufal.github.io/public-license-selector	是
Pythonium	Pythonium	工具	其他,效率工具,在线服务	Pythonium在线服务	Pythonium在线服务。这里提供Pythonium的官方服务与相关信息，支持通过官网了解产品、功能、使用方式及最新动态；具体服务范围、开放地区和使用规则请以官方网站当前页面为准。官方网站：pythonium.net。	https://pythonium.net/regex	是
Learnyouahaskell	Learnyouahaskell	教育	在线学习,效率工具	Learnyouahaskell在线服务	Learnyouahaskell在线服务。这里提供Learnyouahaskell的官方服务与相关信息，支持通过官网了解产品、功能、使用方式及最新动态；具体服务范围、开放地区和使用规则请以官方网站当前页面为准。官方网站：learnyouahaskell.github.io。	https://learnyouahaskell.github.io/chapters.html	是
Regexr	Regexr	工具	其他,效率工具,在线服务	Regexr在线服务	Regexr在线服务。这里提供Regexr的官方服务与相关信息，支持通过官网了解产品、功能、使用方式及最新动态；具体服务范围、开放地区和使用规则请以官方网站当前页面为准。官方网站：regexr.com。	https://regexr.com	是
Pythontutor	Pythontutor	工具	其他,效率工具,在线服务	Pythontutor在线服务	Pythontutor在线服务。这里提供Pythontutor的官方服务与相关信息，支持通过官网了解产品、功能、使用方式及最新动态；具体服务范围、开放地区和使用规则请以官方网站当前页面为准。官方网站：pythontutor.com。	https://pythontutor.com	是
Learnbyexample	Learnbyexample	教育	在线学习,效率工具	Learnbyexample在线服务	Learnbyexample在线服务。这里提供Learnbyexample的官方服务与相关信息，支持通过官网了解产品、功能、使用方式及最新动态；具体服务范围、开放地区和使用规则请以官方网站当前页面为准。官方网站：learnbyexample.org。	https://www.learnbyexample.org	是
Libraries	Libraries	工具	其他,效率工具,在线服务	Libraries在线服务	Libraries在线服务。这里提供Libraries的官方服务与相关信息，支持通过官网了解产品、功能、使用方式及最新动态；具体服务范围、开放地区和使用规则请以官方网站当前页面为准。官方网站：libraries.io。	https://libraries.io	是
Jex	Jex	工具	其他,效率工具,在线服务	Jex在线服务	Jex在线服务。这里提供Jex的官方服务与相关信息，支持通过官网了解产品、功能、使用方式及最新动态；具体服务范围、开放地区和使用规则请以官方网站当前页面为准。官方网站：jex.im。	https://jex.im/regulex	是
Shields	Shields	工具	其他,效率工具,在线服务	Shields在线服务	Shields在线服务。这里提供Shields的官方服务与相关信息，支持通过官网了解产品、功能、使用方式及最新动态；具体服务范围、开放地区和使用规则请以官方网站当前页面为准。官方网站：shields.io。	https://shields.io	是
Docs	Docs	工具	其他,效率工具,在线服务	Docs在线服务	Docs在线服务。这里提供Docs的官方服务与相关信息，支持通过官网了解产品、功能、使用方式及最新动态；具体服务范围、开放地区和使用规则请以官方网站当前页面为准。官方网站：docs.python.org。	https://docs.python.org/3	是
Neetcode	Neetcode	开发	编程开发,效率工具	Neetcode在线服务	Neetcode在线服务。这里提供Neetcode的官方服务与相关信息，支持通过官网了解产品、功能、使用方式及最新动态；具体服务范围、开放地区和使用规则请以官方网站当前页面为准。官方网站：neetcode.io。	https://neetcode.io	是
Creativecommons	Creativecommons	工具	其他,效率工具,在线服务	Creativecommons在线服务	Creativecommons在线服务。这里提供Creativecommons的官方服务与相关信息，支持通过官网了解产品、功能、使用方式及最新动态；具体服务范围、开放地区和使用规则请以官方网站当前页面为准。官方网站：creativecommons.org。	https://creativecommons.org/choose	是
Pyformat	Pyformat	工具	其他,效率工具,在线服务	Pyformat在线服务	Pyformat在线服务。这里提供Pyformat的官方服务与相关信息，支持通过官网了解产品、功能、使用方式及最新动态；具体服务范围、开放地区和使用规则请以官方网站当前页面为准。官方网站：pyformat.info。	https://pyformat.info	是
Cscircles	Cscircles	工具	其他,效率工具,在线服务	Cscircles在线服务	Cscircles在线服务。这里提供Cscircles的官方服务与相关信息，支持通过官网了解产品、功能、使用方式及最新动态；具体服务范围、开放地区和使用规则请以官方网站当前页面为准。官方网站：cscircles.cemc.uwaterloo.ca。	https://cscircles.cemc.uwaterloo.ca	是
Pythonbasics	Pythonbasics	工具	其他,效率工具,在线服务	Pythonbasics在线服务	Pythonbasics在线服务。这里提供Pythonbasics的官方服务与相关信息，支持通过官网了解产品、功能、使用方式及最新动态；具体服务范围、开放地区和使用规则请以官方网站当前页面为准。官方网站：pythonbasics.org。	https://pythonbasics.org	是
Cs	Cs	教育	在线学习,效率工具	Cs在线服务	Cs在线服务。这里提供Cs的官方服务与相关信息，支持通过官网了解产品、功能、使用方式及最新动态；具体服务范围、开放地区和使用规则请以官方网站当前页面为准。官方网站：cs.cmu.edu。	https://www.cs.cmu.edu/~crary/819-f09	是
Unh Cpc	Unh Cpc	开发	编程开发,效率工具	Unh Cpc在线服务	Unh Cpc在线服务。这里提供Unh Cpc的官方服务与相关信息，支持通过官网了解产品、功能、使用方式及最新动态；具体服务范围、开放地区和使用规则请以官方网站当前页面为准。官方网站：unh-cpc.github.io。	https://unh-cpc.github.io/kattisguide.html	是
Hackerrank	Hackerrank	工具	其他,效率工具,在线服务	Hackerrank在线服务	Hackerrank在线服务。这里提供Hackerrank的官方服务与相关信息，支持通过官网了解产品、功能、使用方式及最新动态；具体服务范围、开放地区和使用规则请以官方网站当前页面为准。官方网站：hackerrank.com。	https://www.hackerrank.com/dashboard	是
Learnbyexample	Learnbyexample	教育	在线学习,效率工具	Learnbyexample在线服务	Learnbyexample在线服务。这里提供Learnbyexample的官方服务与相关信息，支持通过官网了解产品、功能、使用方式及最新动态；具体服务范围、开放地区和使用规则请以官方网站当前页面为准。官方网站：learnbyexample.github.io。	https://learnbyexample.github.io/py_resources	是
Learncpp	Learncpp	教育	在线学习,效率工具	Learncpp在线服务	Learncpp在线服务。这里提供Learncpp的官方服务与相关信息，支持通过官网了解产品、功能、使用方式及最新动态；具体服务范围、开放地区和使用规则请以官方网站当前页面为准。官方网站：learncpp.com。	https://www.learncpp.com	是
Seas	Seas	教育	在线学习,效率工具	Seas在线服务	Seas在线服务。这里提供Seas的官方服务与相关信息，支持通过官网了解产品、功能、使用方式及最新动态；具体服务范围、开放地区和使用规则请以官方网站当前页面为准。官方网站：seas.upenn.edu。	https://www.seas.upenn.edu/~cis1940/spring13/lectures.html	是
Interviewbit	Interviewbit	工具	其他,效率工具,在线服务	Interviewbit在线服务	Interviewbit在线服务。这里提供Interviewbit的官方服务与相关信息，支持通过官网了解产品、功能、使用方式及最新动态；具体服务范围、开放地区和使用规则请以官方网站当前页面为准。官方网站：interviewbit.com。	https://www.interviewbit.com/coding-interview-questions	是
Dailycodingproblem	Dailycodingproblem	AI	AI,效率工具	Dailycodingproblem在线服务	Dailycodingproblem在线服务。这里提供Dailycodingproblem的官方服务与相关信息，支持通过官网了解产品、功能、使用方式及最新动态；具体服务范围、开放地区和使用规则请以官方网站当前页面为准。官方网站：dailycodingproblem.com。	https://www.dailycodingproblem.com	是
Coderbyte	Coderbyte	开发	编程开发,效率工具	Coderbyte在线服务	Coderbyte在线服务。这里提供Coderbyte的官方服务与相关信息，支持通过官网了解产品、功能、使用方式及最新动态；具体服务范围、开放地区和使用规则请以官方网站当前页面为准。官方网站：coderbyte.com。	https://coderbyte.com	是
Open	Open	工具	其他,效率工具,在线服务	Open在线服务	Open在线服务。这里提供Open的官方服务与相关信息，支持通过官网了解产品、功能、使用方式及最新动态；具体服务范围、开放地区和使用规则请以官方网站当前页面为准。官方网站：open.kattis.com。	https://open.kattis.com	是
Cp Algorithms	Cp Algorithms	工具	其他,效率工具,在线服务	Cp Algorithms在线服务	Cp Algorithms在线服务。这里提供Cp Algorithms的官方服务与相关信息，支持通过官网了解产品、功能、使用方式及最新动态；具体服务范围、开放地区和使用规则请以官方网站当前页面为准。官方网站：cp-algorithms.com。	https://cp-algorithms.com	是
Deep Ml	Deep Ml	工具	其他,效率工具,在线服务	Deep Ml在线服务	Deep Ml在线服务。这里提供Deep Ml的官方服务与相关信息，支持通过官网了解产品、功能、使用方式及最新动态；具体服务范围、开放地区和使用规则请以官方网站当前页面为准。官方网站：deep-ml.com。	https://www.deep-ml.com	是
Play	Play	工具	其他,效率工具,在线服务	Play在线服务	Play在线服务。这里提供Play的官方服务与相关信息，支持通过官网了解产品、功能、使用方式及最新动态；具体服务范围、开放地区和使用规则请以官方网站当前页面为准。官方网站：play.elevatorsaga.com。	https://play.elevatorsaga.com	是
Codechef	Codechef	开发	编程开发,效率工具	Codechef在线服务	Codechef在线服务。这里提供Codechef的官方服务与相关信息，支持通过官网了解产品、功能、使用方式及最新动态；具体服务范围、开放地区和使用规则请以官方网站当前页面为准。官方网站：codechef.com。	https://www.codechef.com	是
A2oj	A2oj	工具	其他,效率工具,在线服务	A2oj在线服务	A2oj在线服务。这里提供A2oj的官方服务与相关信息，支持通过官网了解产品、功能、使用方式及最新动态；具体服务范围、开放地区和使用规则请以官方网站当前页面为准。官方网站：a2oj.netlify.app。	https://a2oj.netlify.app	是
Javascriptquiz	Javascriptquiz	工具	其他,效率工具,在线服务	Javascriptquiz在线服务	Javascriptquiz在线服务。这里提供Javascriptquiz的官方服务与相关信息，支持通过官网了解产品、功能、使用方式及最新动态；具体服务范围、开放地区和使用规则请以官方网站当前页面为准。官方网站：javascriptquiz.com。	https://javascriptquiz.com	是
Opensource	Opensource	工具	其他,效率工具,在线服务	Opensource在线服务	Opensource在线服务。这里提供Opensource的官方服务与相关信息，支持通过官网了解产品、功能、使用方式及最新动态；具体服务范围、开放地区和使用规则请以官方网站当前页面为准。官方网站：opensource.guide。	https://opensource.guide	是
Cssbattle	Cssbattle	开发	编程开发,效率工具	Cssbattle在线服务	Cssbattle在线服务。这里提供Cssbattle的官方服务与相关信息，支持通过官网了解产品、功能、使用方式及最新动态；具体服务范围、开放地区和使用规则请以官方网站当前页面为准。官方网站：cssbattle.dev。	https://cssbattle.dev	是
Usaco	Usaco	工具	其他,效率工具,在线服务	Usaco在线服务	Usaco在线服务。这里提供Usaco的官方服务与相关信息，支持通过官网了解产品、功能、使用方式及最新动态；具体服务范围、开放地区和使用规则请以官方网站当前页面为准。官方网站：usaco.guide。	https://usaco.guide	是
Aosabook	Aosabook	工具	其他,效率工具,在线服务	Aosabook在线服务	Aosabook在线服务。这里提供Aosabook的官方服务与相关信息，支持通过官网了解产品、功能、使用方式及最新动态；具体服务范围、开放地区和使用规则请以官方网站当前页面为准。官方网站：aosabook.org。	https://aosabook.org/en/index.html	是
Joincpi	Joincpi	工具	其他,效率工具,在线服务	Joincpi在线服务	Joincpi在线服务。这里提供Joincpi的官方服务与相关信息，支持通过官网了解产品、功能、使用方式及最新动态；具体服务范围、开放地区和使用规则请以官方网站当前页面为准。官方网站：joincpi.org。	https://joincpi.org	是
Ctf101	Ctf101	工具	其他,效率工具,在线服务	Ctf101在线服务	Ctf101在线服务。这里提供Ctf101的官方服务与相关信息，支持通过官网了解产品、功能、使用方式及最新动态；具体服务范围、开放地区和使用规则请以官方网站当前页面为准。官方网站：ctf101.org。	https://ctf101.org	是
Projecthub	Projecthub	工具	其他,效率工具,在线服务	Projecthub在线服务	Projecthub在线服务。这里提供Projecthub的官方服务与相关信息，支持通过官网了解产品、功能、使用方式及最新动态；具体服务范围、开放地区和使用规则请以官方网站当前页面为准。官方网站：projecthub.arduino.cc。	https://projecthub.arduino.cc	是
Codetriage	Codetriage	开发	编程开发,效率工具	Codetriage在线服务	Codetriage在线服务。这里提供Codetriage的官方服务与相关信息，支持通过官网了解产品、功能、使用方式及最新动态；具体服务范围、开放地区和使用规则请以官方网站当前页面为准。官方网站：codetriage.com。	https://www.codetriage.com	是
Oss	Oss	工具	其他,效率工具,在线服务	Oss在线服务	Oss在线服务。这里提供Oss的官方服务与相关信息，支持通过官网了解产品、功能、使用方式及最新动态；具体服务范围、开放地区和使用规则请以官方网站当前页面为准。官方网站：oss.gallery。	https://oss.gallery	是
Overapi	Overapi	开发	编程开发,效率工具	Overapi在线服务	Overapi在线服务。这里提供Overapi的官方服务与相关信息，支持通过官网了解产品、功能、使用方式及最新动态；具体服务范围、开放地区和使用规则请以官方网站当前页面为准。官方网站：overapi.com。	https://overapi.com	是
Nota Lang	Nota Lang	工具	其他,效率工具,在线服务	Nota Lang在线服务	Nota Lang在线服务。这里提供Nota Lang的官方服务与相关信息，支持通过官网了解产品、功能、使用方式及最新动态；具体服务范围、开放地区和使用规则请以官方网站当前页面为准。官方网站：nota-lang.org。	https://nota-lang.org	是
Devhints	Devhints	开发	编程开发,效率工具	Devhints在线服务	Devhints在线服务。这里提供Devhints的官方服务与相关信息，支持通过官网了解产品、功能、使用方式及最新动态；具体服务范围、开放地区和使用规则请以官方网站当前页面为准。官方网站：devhints.io。	https://devhints.io	是
Hackathons	Hackathons	工具	其他,效率工具,在线服务	Hackathons在线服务	Hackathons在线服务。这里提供Hackathons的官方服务与相关信息，支持通过官网了解产品、功能、使用方式及最新动态；具体服务范围、开放地区和使用规则请以官方网站当前页面为准。官方网站：hackathons.hackclub.com。	https://hackathons.hackclub.com	是
Lecoupa	Lecoupa	开发	编程开发,效率工具	Lecoupa在线服务	Lecoupa在线服务。这里提供Lecoupa的官方服务与相关信息，支持通过官网了解产品、功能、使用方式及最新动态；具体服务范围、开放地区和使用规则请以官方网站当前页面为准。官方网站：lecoupa.github.io。	https://lecoupa.github.io/awesome-cheatsheets	是
Cheat Sheets	Cheat Sheets	工具	其他,效率工具,在线服务	Cheat Sheets在线服务	Cheat Sheets在线服务。这里提供Cheat Sheets的官方服务与相关信息，支持通过官网了解产品、功能、使用方式及最新动态；具体服务范围、开放地区和使用规则请以官方网站当前页面为准。官方网站：cheat-sheets.org。	https://www.cheat-sheets.org	是
Codecademy	Codecademy	开发	编程开发,效率工具	Codecademy在线服务	Codecademy在线服务。这里提供Codecademy的官方服务与相关信息，支持通过官网了解产品、功能、使用方式及最新动态；具体服务范围、开放地区和使用规则请以官方网站当前页面为准。官方网站：codecademy.com。	https://www.codecademy.com/resources/cheatsheets/all	是
Easings	Easings	工具	其他,效率工具,在线服务	Easings在线服务	Easings在线服务。这里提供Easings的官方服务与相关信息，支持通过官网了解产品、功能、使用方式及最新动态；具体服务范围、开放地区和使用规则请以官方网站当前页面为准。官方网站：easings.net。	https://easings.net/en	是
Cheatography	Cheatography	工具	其他,效率工具,在线服务	Cheatography在线服务	Cheatography在线服务。这里提供Cheatography的官方服务与相关信息，支持通过官网了解产品、功能、使用方式及最新动态；具体服务范围、开放地区和使用规则请以官方网站当前页面为准。官方网站：cheatography.com。	https://cheatography.com	是
Sans	Sans	工具	其他,效率工具,在线服务	Sans在线服务	Sans在线服务。这里提供Sans的官方服务与相关信息，支持通过官网了解产品、功能、使用方式及最新动态；具体服务范围、开放地区和使用规则请以官方网站当前页面为准。官方网站：sans.org。	https://www.sans.org/blog/the-ultimate-list-of-sans-cheat-sheets	是
Devpost	Devpost	开发	编程开发,效率工具	Devpost在线服务	Devpost在线服务。这里提供Devpost的官方服务与相关信息，支持通过官网了解产品、功能、使用方式及最新动态；具体服务范围、开放地区和使用规则请以官方网站当前页面为准。官方网站：devpost.com。	https://devpost.com/hackathons	是
Events	Events	AI	AI,效率工具	Events在线服务	Events在线服务。这里提供Events的官方服务与相关信息，支持通过官网了解产品、功能、使用方式及最新动态；具体服务范围、开放地区和使用规则请以官方网站当前页面为准。官方网站：events.cerebralvalley.ai。	https://events.cerebralvalley.ai	是
Speedsheet	Speedsheet	工具	其他,效率工具,在线服务	Speedsheet在线服务	Speedsheet在线服务。这里提供Speedsheet的官方服务与相关信息，支持通过官网了解产品、功能、使用方式及最新动态；具体服务范围、开放地区和使用规则请以官方网站当前页面为准。官方网站：speedsheet.io。	https://speedsheet.io	是
Htmlcheatsheet	Htmlcheatsheet	工具	其他,效率工具,在线服务	Htmlcheatsheet在线服务	Htmlcheatsheet在线服务。这里提供Htmlcheatsheet的官方服务与相关信息，支持通过官网了解产品、功能、使用方式及最新动态；具体服务范围、开放地区和使用规则请以官方网站当前页面为准。官方网站：htmlcheatsheet.com。	https://htmlcheatsheet.com	是
Simon	Simon	工具	其他,效率工具,在线服务	Simon在线服务	Simon在线服务。这里提供Simon的官方服务与相关信息，支持通过官网了解产品、功能、使用方式及最新动态；具体服务范围、开放地区和使用规则请以官方网站当前页面为准。官方网站：simon.html5.org。	https://simon.html5.org/dump/html5-canvas-cheat-sheet.html	是
Marksheet	Marksheet	工具	其他,效率工具,在线服务	Marksheet在线服务	Marksheet在线服务。这里提供Marksheet的官方服务与相关信息，支持通过官网了解产品、功能、使用方式及最新动态；具体服务范围、开放地区和使用规则请以官方网站当前页面为准。官方网站：marksheet.io。	https://marksheet.io	是
Cssreference	Cssreference	工具	其他,效率工具,在线服务	Cssreference在线服务	Cssreference在线服务。这里提供Cssreference的官方服务与相关信息，支持通过官网了解产品、功能、使用方式及最新动态；具体服务范围、开放地区和使用规则请以官方网站当前页面为准。官方网站：cssreference.io。	https://cssreference.io	是
Htmlreference	Htmlreference	工具	其他,效率工具,在线服务	Htmlreference在线服务	Htmlreference在线服务。这里提供Htmlreference的官方服务与相关信息，支持通过官网了解产品、功能、使用方式及最新动态；具体服务范围、开放地区和使用规则请以官方网站当前页面为准。官方网站：htmlreference.io。	https://htmlreference.io	是
Hackerthemes	Hackerthemes	工具	其他,效率工具,在线服务	Hackerthemes在线服务	Hackerthemes在线服务。这里提供Hackerthemes的官方服务与相关信息，支持通过官网了解产品、功能、使用方式及最新动态；具体服务范围、开放地区和使用规则请以官方网站当前页面为准。官方网站：hackerthemes.com。	https://hackerthemes.com	是
Alialaa	Alialaa	开发	编程开发,效率工具	Alialaa在线服务	Alialaa在线服务。这里提供Alialaa的官方服务与相关信息，支持通过官网了解产品、功能、使用方式及最新动态；具体服务范围、开放地区和使用规则请以官方网站当前页面为准。官方网站：alialaa.github.io。	https://alialaa.github.io/css-grid-cheat-sheet	是
Webcode	Webcode	开发	编程开发,效率工具	Webcode在线服务	Webcode在线服务。这里提供Webcode的官方服务与相关信息，支持通过官网了解产品、功能、使用方式及最新动态；具体服务范围、开放地区和使用规则请以官方网站当前页面为准。官方网站：webcode.tools。	https://webcode.tools	是
Xul	Xul	工具	其他,效率工具,在线服务	Xul在线服务	Xul在线服务。这里提供Xul的官方服务与相关信息，支持通过官网了解产品、功能、使用方式及最新动态；具体服务范围、开放地区和使用规则请以官方网站当前页面为准。官方网站：xul.fr。	https://www.xul.fr/en	是
Docs	Docs	工具	其他,效率工具,在线服务	Docs在线服务	Docs在线服务。这里提供Docs的官方服务与相关信息，支持通过官网了解产品、功能、使用方式及最新动态；具体服务范围、开放地区和使用规则请以官方网站当前页面为准。官方网站：docs.emmet.io。	https://docs.emmet.io/cheat-sheet	是
Html5doctor	Html5doctor	工具	其他,效率工具,在线服务	Html5doctor在线服务	Html5doctor在线服务。这里提供Html5doctor的官方服务与相关信息，支持通过官网了解产品、功能、使用方式及最新动态；具体服务范围、开放地区和使用规则请以官方网站当前页面为准。官方网站：html5doctor.com。	https://html5doctor.com/element-index	是
Flexbox	Flexbox	工具	其他,效率工具,在线服务	Flexbox在线服务	Flexbox在线服务。这里提供Flexbox的官方服务与相关信息，支持通过官网了解产品、功能、使用方式及最新动态；具体服务范围、开放地区和使用规则请以官方网站当前页面为准。官方网站：flexbox.malven.co。	https://flexbox.malven.co	是
Hackerthemes	Hackerthemes	工具	其他,效率工具,在线服务	Hackerthemes在线服务	Hackerthemes在线服务。这里提供Hackerthemes的官方服务与相关信息，支持通过官网了解产品、功能、使用方式及最新动态；具体服务范围、开放地区和使用规则请以官方网站当前页面为准。官方网站：hackerthemes.com。	https://hackerthemes.com/bootstrap-cheatsheet	是
Grid	Grid	工具	其他,效率工具,在线服务	Grid在线服务	Grid在线服务。这里提供Grid的官方服务与相关信息，支持通过官网了解产品、功能、使用方式及最新动态；具体服务范围、开放地区和使用规则请以官方网站当前页面为准。官方网站：grid.malven.co。	https://grid.malven.co	是
Bootsnipp	Bootsnipp	工具	其他,效率工具,在线服务	Bootsnipp在线服务	Bootsnipp在线服务。这里提供Bootsnipp的官方服务与相关信息，支持通过官网了解产品、功能、使用方式及最新动态；具体服务范围、开放地区和使用规则请以官方网站当前页面为准。官方网站：bootsnipp.com。	https://bootsnipp.com	是
Zerotomastery	Zerotomastery	工具	其他,效率工具,在线服务	Zerotomastery在线服务	Zerotomastery在线服务。这里提供Zerotomastery的官方服务与相关信息，支持通过官网了解产品、功能、使用方式及最新动态；具体服务范围、开放地区和使用规则请以官方网站当前页面为准。官方网站：zerotomastery.io。	https://zerotomastery.io/cheatsheets/python-cheat-sheet	是
Uxpin	Uxpin	工具	其他,效率工具,在线服务	Uxpin在线服务	Uxpin在线服务。这里提供Uxpin的官方服务与相关信息，支持通过官网了解产品、功能、使用方式及最新动态；具体服务范围、开放地区和使用规则请以官方网站当前页面为准。官方网站：uxpin.s3.amazonaws.com。	https://uxpin.s3.amazonaws.com/responsive_web_design_cheatsheet.pdf	是
Pairtype	Pairtype	AI	AI,效率工具	Pairtype在线服务	Pairtype在线服务。这里提供Pairtype的官方服务与相关信息，支持通过官网了解产品、功能、使用方式及最新动态；具体服务范围、开放地区和使用规则请以官方网站当前页面为准。官方网站：pairtype.com。	https://www.pairtype.com	是
Keycaps	Keycaps	工具	其他,效率工具,在线服务	Keycaps在线服务	Keycaps在线服务。这里提供Keycaps的官方服务与相关信息，支持通过官网了解产品、功能、使用方式及最新动态；具体服务范围、开放地区和使用规则请以官方网站当前页面为准。官方网站：keycaps.info。	https://www.keycaps.info	是
Yip Yip	Yip Yip	工具	其他,效率工具,在线服务	Yip Yip在线服务	Yip Yip在线服务。这里提供Yip Yip的官方服务与相关信息，支持通过官网了解产品、功能、使用方式及最新动态；具体服务范围、开放地区和使用规则请以官方网站当前页面为准。官方网站：yip-yip.com。	https://www.yip-yip.com	是
Mechanicalkeyboards	Mechanicalkeyboards	工具	其他,效率工具,在线服务	Mechanicalkeyboards在线服务	Mechanicalkeyboards在线服务。这里提供Mechanicalkeyboards的官方服务与相关信息，支持通过官网了解产品、功能、使用方式及最新动态；具体服务范围、开放地区和使用规则请以官方网站当前页面为准。官方网站：mechanicalkeyboards.com。	https://mechanicalkeyboards.com/index.php	是
Keybr	Keybr	工具	其他,效率工具,在线服务	Keybr在线服务	Keybr在线服务。这里提供Keybr的官方服务与相关信息，支持通过官网了解产品、功能、使用方式及最新动态；具体服务范围、开放地区和使用规则请以官方网站当前页面为准。官方网站：keybr.com。	https://www.keybr.com	是
Typingclub	Typingclub	工具	其他,效率工具,在线服务	Typingclub在线服务	Typingclub在线服务。这里提供Typingclub的官方服务与相关信息，支持通过官网了解产品、功能、使用方式及最新动态；具体服务范围、开放地区和使用规则请以官方网站当前页面为准。官方网站：typingclub.com。	https://www.typingclub.com	是
Keebmaker	Keebmaker	工具	其他,效率工具,在线服务	Keebmaker在线服务	Keebmaker在线服务。这里提供Keebmaker的官方服务与相关信息，支持通过官网了解产品、功能、使用方式及最新动态；具体服务范围、开放地区和使用规则请以官方网站当前页面为准。官方网站：keebmaker.com。	https://keebmaker.com	是
Adam Marsden	Adam Marsden	工具	其他,效率工具,在线服务	Adam Marsden在线服务	Adam Marsden在线服务。这里提供Adam Marsden的官方服务与相关信息，支持通过官网了解产品、功能、使用方式及最新动态；具体服务范围、开放地区和使用规则请以官方网站当前页面为准。官方网站：adam-marsden.co.uk。	https://adam-marsden.co.uk/css-cheat-sheet	是
Typefast	Typefast	工具	其他,效率工具,在线服务	Typefast在线服务	Typefast在线服务。这里提供Typefast的官方服务与相关信息，支持通过官网了解产品、功能、使用方式及最新动态；具体服务范围、开放地区和使用规则请以官方网站当前页面为准。官方网站：typefast.io。	https://typefast.io	是
Shortcutfoo	Shortcutfoo	工具	其他,效率工具,在线服务	Shortcutfoo在线服务	Shortcutfoo在线服务。这里提供Shortcutfoo的官方服务与相关信息，支持通过官网了解产品、功能、使用方式及最新动态；具体服务范围、开放地区和使用规则请以官方网站当前页面为准。官方网站：shortcutfoo.com。	https://www.shortcutfoo.com	是
Ascii Tables	Ascii Tables	工具	其他,效率工具,在线服务	Ascii Tables在线服务	Ascii Tables在线服务。这里提供Ascii Tables的官方服务与相关信息，支持通过官网了解产品、功能、使用方式及最新动态；具体服务范围、开放地区和使用规则请以官方网站当前页面为准。官方网站：ascii-tables.com。	https://ascii-tables.com	是
Linearmouse	Linearmouse	工具	其他,效率工具,在线服务	Linearmouse在线服务	Linearmouse在线服务。这里提供Linearmouse的官方服务与相关信息，支持通过官网了解产品、功能、使用方式及最新动态；具体服务范围、开放地区和使用规则请以官方网站当前页面为准。官方网站：linearmouse.app。	https://linearmouse.app	是
Keycombiner	Keycombiner	工具	其他,效率工具,在线服务	Keycombiner在线服务	Keycombiner在线服务。这里提供Keycombiner的官方服务与相关信息，支持通过官网了解产品、功能、使用方式及最新动态；具体服务范围、开放地区和使用规则请以官方网站当前页面为准。官方网站：keycombiner.com。	https://keycombiner.com	是
Colemak	Colemak	工具	其他,效率工具,在线服务	Colemak在线服务	Colemak在线服务。这里提供Colemak的官方服务与相关信息，支持通过官网了解产品、功能、使用方式及最新动态；具体服务范围、开放地区和使用规则请以官方网站当前页面为准。官方网站：colemak.com。	https://colemak.com/learn	是
Mac Blog	Mac Blog	工具	其他,效率工具,在线服务	Mac Blog在线服务	Mac Blog在线服务。这里提供Mac Blog的官方服务与相关信息，支持通过官网了解产品、功能、使用方式及最新动态；具体服务范围、开放地区和使用规则请以官方网站当前页面为准。官方网站：mac-blog.org.ua。	https://mac-blog.org.ua/css-3-media-queries-cheat-sheet	是
Tennessine	Tennessine	工具	其他,效率工具,在线服务	Tennessine在线服务	Tennessine在线服务。这里提供Tennessine的官方服务与相关信息，支持通过官网了解产品、功能、使用方式及最新动态；具体服务范围、开放地区和使用规则请以官方网站当前页面为准。官方网站：tennessine.co.uk。	https://tennessine.co.uk	是
Usethekeyboard	Usethekeyboard	工具	其他,效率工具,在线服务	Usethekeyboard在线服务	Usethekeyboard在线服务。这里提供Usethekeyboard的官方服务与相关信息，支持通过官网了解产品、功能、使用方式及最新动态；具体服务范围、开放地区和使用规则请以官方网站当前页面为准。官方网站：usethekeyboard.com。	https://usethekeyboard.com	是
Support	Support	工具	其他,效率工具,在线服务	Support在线服务	Support在线服务。这里提供Support的官方服务与相关信息，支持通过官网了解产品、功能、使用方式及最新动态；具体服务范围、开放地区和使用规则请以官方网站当前页面为准。官方网站：support.microsoft.com。	https://support.microsoft.com/en-us/office/keyboard-shortcuts-in-word-95ef89dd-7142-4b50-afb2-f762f663ceb2	是
Neal	Neal	工具	其他,效率工具,在线服务	Neal在线服务	Neal在线服务。这里提供Neal的官方服务与相关信息，支持通过官网了解产品、功能、使用方式及最新动态；具体服务范围、开放地区和使用规则请以官方网站当前页面为准。官方网站：neal.fun。	https://neal.fun	是
Img	Img	工具	其他,效率工具,在线服务	Img在线服务	Img在线服务。这里提供Img的官方服务与相关信息，支持通过官网了解产品、功能、使用方式及最新动态；具体服务范围、开放地区和使用规则请以官方网站当前页面为准。官方网站：img.shields.io。	https://img.shields.io/badge/license-cc0-lightgrey.svg	是
Virustotal	Virustotal	工具	其他,效率工具,在线服务	Virustotal在线服务	Virustotal在线服务。这里提供Virustotal的官方服务与相关信息，支持通过官网了解产品、功能、使用方式及最新动态；具体服务范围、开放地区和使用规则请以官方网站当前页面为准。官方网站：virustotal.com。	https://www.virustotal.com/gui/home	是
Codeshot	Codeshot	开发	编程开发,效率工具	Codeshot在线服务	Codeshot在线服务。这里提供Codeshot的官方服务与相关信息，支持通过官网了解产品、功能、使用方式及最新动态；具体服务范围、开放地区和使用规则请以官方网站当前页面为准。官方网站：codeshot.io。	https://codeshot.io	是
Transform	Transform	工具	其他,效率工具,在线服务	Transform在线服务	Transform在线服务。这里提供Transform的官方服务与相关信息，支持通过官网了解产品、功能、使用方式及最新动态；具体服务范围、开放地区和使用规则请以官方网站当前页面为准。官方网站：transform.tools。	https://transform.tools	是
Tech Blogs	Tech Blogs	开发	编程开发,效率工具	Tech Blogs在线服务	Tech Blogs在线服务。这里提供Tech Blogs的官方服务与相关信息，支持通过官网了解产品、功能、使用方式及最新动态；具体服务范围、开放地区和使用规则请以官方网站当前页面为准。官方网站：tech-blogs.dev。	https://tech-blogs.dev	是
Slugme	Slugme	工具	其他,效率工具,在线服务	Slugme在线服务	Slugme在线服务。这里提供Slugme的官方服务与相关信息，支持通过官网了解产品、功能、使用方式及最新动态；具体服务范围、开放地区和使用规则请以官方网站当前页面为准。官方网站：slugme.io。	https://slugme.io	是
Arabify	Arabify	工具	其他,效率工具,在线服务	Arabify在线服务	Arabify在线服务。这里提供Arabify的官方服务与相关信息，支持通过官网了解产品、功能、使用方式及最新动态；具体服务范围、开放地区和使用规则请以官方网站当前页面为准。官方网站：arabify.io。	https://arabify.io	是
Cviya	Cviya	工具	其他,效率工具,在线服务	Cviya在线服务	Cviya在线服务。这里提供Cviya的官方服务与相关信息，支持通过官网了解产品、功能、使用方式及最新动态；具体服务范围、开放地区和使用规则请以官方网站当前页面为准。官方网站：cviya.com。	https://cviya.com	是
Khatly	Khatly	工具	其他,效率工具,在线服务	Khatly在线服务	Khatly在线服务。这里提供Khatly的官方服务与相关信息，支持通过官网了解产品、功能、使用方式及最新动态；具体服务范围、开放地区和使用规则请以官方网站当前页面为准。官方网站：khatly.com。	https://khatly.com	是
Cartevisite	Cartevisite	工具	其他,效率工具,在线服务	Cartevisite在线服务	Cartevisite在线服务。这里提供Cartevisite的官方服务与相关信息，支持通过官网了解产品、功能、使用方式及最新动态；具体服务范围、开放地区和使用规则请以官方网站当前页面为准。官方网站：cartevisite.io。	https://cartevisite.io	是
Arabizi	Arabizi	工具	其他,效率工具,在线服务	Arabizi在线服务	Arabizi在线服务。这里提供Arabizi的官方服务与相关信息，支持通过官网了解产品、功能、使用方式及最新动态；具体服务范围、开放地区和使用规则请以官方网站当前页面为准。官方网站：arabizi.io。	https://arabizi.io	是
Wordcounter	Wordcounter	工具	其他,效率工具,在线服务	Wordcounter在线服务	Wordcounter在线服务。这里提供Wordcounter的官方服务与相关信息，支持通过官网了解产品、功能、使用方式及最新动态；具体服务范围、开放地区和使用规则请以官方网站当前页面为准。官方网站：wordcounter.net。	https://wordcounter.net	是
V0	V0	开发	编程开发,效率工具	V0在线服务	V0在线服务。这里提供V0的官方服务与相关信息，支持通过官网了解产品、功能、使用方式及最新动态；具体服务范围、开放地区和使用规则请以官方网站当前页面为准。官方网站：v0.dev。	https://v0.dev	是
Qrfast	Qrfast	工具	其他,效率工具,在线服务	Qrfast在线服务	Qrfast在线服务。这里提供Qrfast的官方服务与相关信息，支持通过官网了解产品、功能、使用方式及最新动态；具体服务范围、开放地区和使用规则请以官方网站当前页面为准。官方网站：qrfast.io。	https://qrfast.io	是
Projects	Projects	工具	其他,效率工具,在线服务	Projects在线服务	Projects在线服务。这里提供Projects的官方服务与相关信息，支持通过官网了解产品、功能、使用方式及最新动态；具体服务范围、开放地区和使用规则请以官方网站当前页面为准。官方网站：projects.kwon.nyc。	https://projects.kwon.nyc/internet-is-fun	是
Metatags	Metatags	工具	其他,效率工具,在线服务	Metatags在线服务	Metatags在线服务。这里提供Metatags的官方服务与相关信息，支持通过官网了解产品、功能、使用方式及最新动态；具体服务范围、开放地区和使用规则请以官方网站当前页面为准。官方网站：metatags.io。	https://metatags.io	是
Easings	Easings	工具	其他,效率工具,在线服务	Easings在线服务	Easings在线服务。这里提供Easings的官方服务与相关信息，支持通过官网了解产品、功能、使用方式及最新动态；具体服务范围、开放地区和使用规则请以官方网站当前页面为准。官方网站：easings.net。	https://easings.net	是
Strokesplus	Strokesplus	工具	其他,效率工具,在线服务	Strokesplus在线服务	Strokesplus在线服务。这里提供Strokesplus的官方服务与相关信息，支持通过官网了解产品、功能、使用方式及最新动态；具体服务范围、开放地区和使用规则请以官方网站当前页面为准。官方网站：strokesplus.net。	https://www.strokesplus.net	是
Limnology	Limnology	工具	其他,效率工具,在线服务	Limnology在线服务	Limnology在线服务。这里提供Limnology的官方服务与相关信息，支持通过官网了解产品、功能、使用方式及最新动态；具体服务范围、开放地区和使用规则请以官方网站当前页面为准。官方网站：limnology.co。	https://limnology.co/en	是
Deepl	Deepl	工具	其他,效率工具,在线服务	Deepl在线服务	Deepl在线服务。这里提供Deepl的官方服务与相关信息，支持通过官网了解产品、功能、使用方式及最新动态；具体服务范围、开放地区和使用规则请以官方网站当前页面为准。官方网站：deepl.com。	https://www.deepl.com/translator	是
Freshoffthegrid	Freshoffthegrid	工具	其他,效率工具,在线服务	Freshoffthegrid在线服务	Freshoffthegrid在线服务。这里提供Freshoffthegrid的官方服务与相关信息，支持通过官网了解产品、功能、使用方式及最新动态；具体服务范围、开放地区和使用规则请以官方网站当前页面为准。官方网站：freshoffthegrid.com。	https://www.freshoffthegrid.com	是
Theposterdb	Theposterdb	工具	其他,效率工具,在线服务	Theposterdb在线服务	Theposterdb在线服务。这里提供Theposterdb的官方服务与相关信息，支持通过官网了解产品、功能、使用方式及最新动态；具体服务范围、开放地区和使用规则请以官方网站当前页面为准。官方网站：theposterdb.com。	https://theposterdb.com	是
Levskaya	Levskaya	开发	编程开发,效率工具	Levskaya在线服务	Levskaya在线服务。这里提供Levskaya的官方服务与相关信息，支持通过官网了解产品、功能、使用方式及最新动态；具体服务范围、开放地区和使用规则请以官方网站当前页面为准。官方网站：levskaya.github.io。	http://levskaya.github.io/polyhedronisme	是
Qfbox	Qfbox	工具	其他,效率工具,在线服务	Qfbox在线服务	Qfbox在线服务。这里提供Qfbox的官方服务与相关信息，支持通过官网了解产品、功能、使用方式及最新动态；具体服务范围、开放地区和使用规则请以官方网站当前页面为准。官方网站：qfbox.info。	https://www.qfbox.info/4d/index	是
Joshwcomeau	Joshwcomeau	工具	其他,效率工具,在线服务	Joshwcomeau在线服务	Joshwcomeau在线服务。这里提供Joshwcomeau的官方服务与相关信息，支持通过官网了解产品、功能、使用方式及最新动态；具体服务范围、开放地区和使用规则请以官方网站当前页面为准。官方网站：joshwcomeau.com。	https://www.joshwcomeau.com/shadow-palette	是
Joshwcomeau	Joshwcomeau	工具	其他,效率工具,在线服务	Joshwcomeau在线服务	Joshwcomeau在线服务。这里提供Joshwcomeau的官方服务与相关信息，支持通过官网了解产品、功能、使用方式及最新动态；具体服务范围、开放地区和使用规则请以官方网站当前页面为准。官方网站：joshwcomeau.com。	https://www.joshwcomeau.com/gradient-generator	是
Svgviewer	Svgviewer	开发	编程开发,效率工具	Svgviewer在线服务	Svgviewer在线服务。这里提供Svgviewer的官方服务与相关信息，支持通过官网了解产品、功能、使用方式及最新动态；具体服务范围、开放地区和使用规则请以官方网站当前页面为准。官方网站：svgviewer.dev。	https://www.svgviewer.dev	是
Campingrecipes	Campingrecipes	工具	其他,效率工具,在线服务	Campingrecipes在线服务	Campingrecipes在线服务。这里提供Campingrecipes的官方服务与相关信息，支持通过官网了解产品、功能、使用方式及最新动态；具体服务范围、开放地区和使用规则请以官方网站当前页面为准。官方网站：campingrecipes.com。	https://www.campingrecipes.com	是
Joshwcomeau	Joshwcomeau	工具	其他,效率工具,在线服务	Joshwcomeau在线服务	Joshwcomeau在线服务。这里提供Joshwcomeau的官方服务与相关信息，支持通过官网了解产品、功能、使用方式及最新动态；具体服务范围、开放地区和使用规则请以官方网站当前页面为准。官方网站：joshwcomeau.com。	https://www.joshwcomeau.com/operator-lookup	是
Learningmusic	Learningmusic	教育	在线学习,效率工具	Learningmusic在线服务	Learningmusic在线服务。这里提供Learningmusic的官方服务与相关信息，支持通过官网了解产品、功能、使用方式及最新动态；具体服务范围、开放地区和使用规则请以官方网站当前页面为准。官方网站：learningmusic.ableton.com。	https://learningmusic.ableton.com	是
Powdertoy	Powdertoy	工具	其他,效率工具,在线服务	Powdertoy在线服务	Powdertoy在线服务。这里提供Powdertoy的官方服务与相关信息，支持通过官网了解产品、功能、使用方式及最新动态；具体服务范围、开放地区和使用规则请以官方网站当前页面为准。官方网站：powdertoy.co.uk。	https://powdertoy.co.uk	是
Learningsynths	Learningsynths	教育	在线学习,效率工具	Learningsynths在线服务	Learningsynths在线服务。这里提供Learningsynths的官方服务与相关信息，支持通过官网了解产品、功能、使用方式及最新动态；具体服务范围、开放地区和使用规则请以官方网站当前页面为准。官方网站：learningsynths.ableton.com。	https://learningsynths.ableton.com	是
Makingmusic	Makingmusic	工具	其他,效率工具,在线服务	Makingmusic在线服务	Makingmusic在线服务。这里提供Makingmusic的官方服务与相关信息，支持通过官网了解产品、功能、使用方式及最新动态；具体服务范围、开放地区和使用规则请以官方网站当前页面为准。官方网站：makingmusic.ableton.com。	https://makingmusic.ableton.com	是
Lazyslug	Lazyslug	工具	其他,效率工具,在线服务	Lazyslug在线服务	Lazyslug在线服务。这里提供Lazyslug的官方服务与相关信息，支持通过官网了解产品、功能、使用方式及最新动态；具体服务范围、开放地区和使用规则请以官方网站当前页面为准。官方网站：lazyslug.com。	https://lazyslug.com	是
Thirtydollar	Thirtydollar	工具	其他,效率工具,在线服务	Thirtydollar在线服务	Thirtydollar在线服务。这里提供Thirtydollar的官方服务与相关信息，支持通过官网了解产品、功能、使用方式及最新动态；具体服务范围、开放地区和使用规则请以官方网站当前页面为准。官方网站：thirtydollar.website。	https://thirtydollar.website	是
Unity	Unity	工具	其他,效率工具,在线服务	Unity在线服务	Unity在线服务。这里提供Unity的官方服务与相关信息，支持通过官网了解产品、功能、使用方式及最新动态；具体服务范围、开放地区和使用规则请以官方网站当前页面为准。官方网站：unity.stelabouras.com。	https://unity.stelabouras.com	是
Qaz	Qaz	工具	其他,效率工具,在线服务	Qaz在线服务	Qaz在线服务。这里提供Qaz的官方服务与相关信息，支持通过官网了解产品、功能、使用方式及最新动态；具体服务范围、开放地区和使用规则请以官方网站当前页面为准。官方网站：qaz.wtf。	https://qaz.wtf	是
Scp Wiki	Scp Wiki	工具	其他,效率工具,在线服务	Scp Wiki在线服务	Scp Wiki在线服务。这里提供Scp Wiki的官方服务与相关信息，支持通过官网了解产品、功能、使用方式及最新动态；具体服务范围、开放地区和使用规则请以官方网站当前页面为准。官方网站：scp-wiki.wikidot.com。	https://scp-wiki.wikidot.com	是
Qaz	Qaz	工具	其他,效率工具,在线服务	Qaz在线服务	Qaz在线服务。这里提供Qaz的官方服务与相关信息，支持通过官网了解产品、功能、使用方式及最新动态；具体服务范围、开放地区和使用规则请以官方网站当前页面为准。官方网站：qaz.wtf。	https://qaz.wtf/u/convert.cgi	是
Dmccooey	Dmccooey	工具	其他,效率工具,在线服务	Dmccooey在线服务	Dmccooey在线服务。这里提供Dmccooey的官方服务与相关信息，支持通过官网了解产品、功能、使用方式及最新动态；具体服务范围、开放地区和使用规则请以官方网站当前页面为准。官方网站：dmccooey.com。	http://dmccooey.com/polyhedra	是
Davidbau	Davidbau	工具	其他,效率工具,在线服务	Davidbau在线服务	Davidbau在线服务。这里提供Davidbau的官方服务与相关信息，支持通过官网了解产品、功能、使用方式及最新动态；具体服务范围、开放地区和使用规则请以官方网站当前页面为准。官方网站：davidbau.com。	http://davidbau.com/conformal	是
Hiddenpalace	Hiddenpalace	工具	其他,效率工具,在线服务	Hiddenpalace在线服务	Hiddenpalace在线服务。这里提供Hiddenpalace的官方服务与相关信息，支持通过官网了解产品、功能、使用方式及最新动态；具体服务范围、开放地区和使用规则请以官方网站当前页面为准。官方网站：hiddenpalace.org。	https://hiddenpalace.org	是
Crouton	Crouton	工具	其他,效率工具,在线服务	Crouton在线服务	Crouton在线服务。这里提供Crouton的官方服务与相关信息，支持通过官网了解产品、功能、使用方式及最新动态；具体服务范围、开放地区和使用规则请以官方网站当前页面为准。官方网站：crouton.net。	https://crouton.net	是
Libraryofbabel	Libraryofbabel	工具	其他,效率工具,在线服务	Libraryofbabel在线服务	Libraryofbabel在线服务。这里提供Libraryofbabel的官方服务与相关信息，支持通过官网了解产品、功能、使用方式及最新动态；具体服务范围、开放地区和使用规则请以官方网站当前页面为准。官方网站：libraryofbabel.info。	https://libraryofbabel.info	是
Htwins	Htwins	工具	其他,效率工具,在线服务	Htwins在线服务	Htwins在线服务。这里提供Htwins的官方服务与相关信息，支持通过官网了解产品、功能、使用方式及最新动态；具体服务范围、开放地区和使用规则请以官方网站当前页面为准。官方网站：htwins.net。	https://htwins.net/scale2	是
Spyfall	Spyfall	工具	其他,效率工具,在线服务	Spyfall在线服务	Spyfall在线服务。这里提供Spyfall的官方服务与相关信息，支持通过官网了解产品、功能、使用方式及最新动态；具体服务范围、开放地区和使用规则请以官方网站当前页面为准。官方网站：spyfall.app。	https://www.spyfall.app	是
Zombo	Zombo	工具	其他,效率工具,在线服务	Zombo在线服务	Zombo在线服务。这里提供Zombo的官方服务与相关信息，支持通过官网了解产品、功能、使用方式及最新动态；具体服务范围、开放地区和使用规则请以官方网站当前页面为准。官方网站：zombo.com。	https://zombo.com	是
Lparchive	Lparchive	工具	其他,效率工具,在线服务	Lparchive在线服务	Lparchive在线服务。这里提供Lparchive的官方服务与相关信息，支持通过官网了解产品、功能、使用方式及最新动态；具体服务范围、开放地区和使用规则请以官方网站当前页面为准。官方网站：lparchive.org。	https://lparchive.org/dwarf-fortress-boatmurdered	是
Dopresskit	Dopresskit	工具	其他,效率工具,在线服务	Dopresskit在线服务	Dopresskit在线服务。这里提供Dopresskit的官方服务与相关信息，支持通过官网了解产品、功能、使用方式及最新动态；具体服务范围、开放地区和使用规则请以官方网站当前页面为准。官方网站：dopresskit.com。	https://dopresskit.com	是
Kenney	Kenney	工具	其他,效率工具,在线服务	Kenney在线服务	Kenney在线服务。这里提供Kenney的官方服务与相关信息，支持通过官网了解产品、功能、使用方式及最新动态；具体服务范围、开放地区和使用规则请以官方网站当前页面为准。官方网站：kenney.nl。	https://kenney.nl/tools	是
Wiki	Wiki	工具	其他,效率工具,在线服务	Wiki在线服务	Wiki在线服务。这里提供Wiki的官方服务与相关信息，支持通过官网了解产品、功能、使用方式及最新动态；具体服务范围、开放地区和使用规则请以官方网站当前页面为准。官方网站：wiki.teamfortress.com。	https://wiki.teamfortress.com/wiki/team_fortress_wiki:trivia_wall_of_shame	是
Ronja Tutorials	Ronja Tutorials	工具	其他,效率工具,在线服务	Ronja Tutorials在线服务	Ronja Tutorials在线服务。这里提供Ronja Tutorials的官方服务与相关信息，支持通过官网了解产品、功能、使用方式及最新动态；具体服务范围、开放地区和使用规则请以官方网站当前页面为准。官方网站：ronja-tutorials.com。	https://www.ronja-tutorials.com/basics	是
Beepbox	Beepbox	工具	其他,效率工具,在线服务	Beepbox在线服务	Beepbox在线服务。这里提供Beepbox的官方服务与相关信息，支持通过官网了解产品、功能、使用方式及最新动态；具体服务范围、开放地区和使用规则请以官方网站当前页面为准。官方网站：beepbox.co。	https://www.beepbox.co	是
Ronja Tutorials	Ronja Tutorials	工具	其他,效率工具,在线服务	Ronja Tutorials在线服务	Ronja Tutorials在线服务。这里提供Ronja Tutorials的官方服务与相关信息，支持通过官网了解产品、功能、使用方式及最新动态；具体服务范围、开放地区和使用规则请以官方网站当前页面为准。官方网站：ronja-tutorials.com。	https://www.ronja-tutorials.com	是
Drpetter	Drpetter	工具	其他,效率工具,在线服务	Drpetter在线服务	Drpetter在线服务。这里提供Drpetter的官方服务与相关信息，支持通过官网了解产品、功能、使用方式及最新动态；具体服务范围、开放地区和使用规则请以官方网站当前页面为准。官方网站：drpetter.se。	http://www.drpetter.se/project_sfxr.html	是
Bfxr	Bfxr	工具	其他,效率工具,在线服务	Bfxr在线服务	Bfxr在线服务。这里提供Bfxr的官方服务与相关信息，支持通过官网了解产品、功能、使用方式及最新动态；具体服务范围、开放地区和使用规则请以官方网站当前页面为准。官方网站：bfxr.net。	https://www.bfxr.net	是
Kenney	Kenney	工具	其他,效率工具,在线服务	Kenney在线服务	Kenney在线服务。这里提供Kenney的官方服务与相关信息，支持通过官网了解产品、功能、使用方式及最新动态；具体服务范围、开放地区和使用规则请以官方网站当前页面为准。官方网站：kenney.nl。	https://kenney.nl/assets	是
Minionsart	Minionsart	开发	编程开发,效率工具	Minionsart在线服务	Minionsart在线服务。这里提供Minionsart的官方服务与相关信息，支持通过官网了解产品、功能、使用方式及最新动态；具体服务范围、开放地区和使用规则请以官方网站当前页面为准。官方网站：minionsart.github.io。	https://minionsart.github.io/tutorials	是
R Roms	R Roms	开发	编程开发,效率工具	R Roms在线服务	R Roms在线服务。这里提供R Roms的官方服务与相关信息，支持通过官网了解产品、功能、使用方式及最新动态；具体服务范围、开放地区和使用规则请以官方网站当前页面为准。官方网站：r-roms.github.io。	https://r-roms.github.io	是
Kenney	Kenney	工具	其他,效率工具,在线服务	Kenney在线服务	Kenney在线服务。这里提供Kenney的官方服务与相关信息，支持通过官网了解产品、功能、使用方式及最新动态；具体服务范围、开放地区和使用规则请以官方网站当前页面为准。官方网站：kenney.nl。	https://kenney.nl/learn	是
Theindex	Theindex	工具	其他,效率工具,在线服务	Theindex在线服务	Theindex在线服务。这里提供Theindex的官方服务与相关信息，支持通过官网了解产品、功能、使用方式及最新动态；具体服务范围、开放地区和使用规则请以官方网站当前页面为准。官方网站：theindex.moe。	https://theindex.moe	是
Vimm	Vimm	工具	其他,效率工具,在线服务	Vimm在线服务	Vimm在线服务。这里提供Vimm的官方服务与相关信息，支持通过官网了解产品、功能、使用方式及最新动态；具体服务范围、开放地区和使用规则请以官方网站当前页面为准。官方网站：vimm.net。	https://vimm.net	是
Shakil Shahadat	Shakil Shahadat	开发	编程开发,效率工具	Shakil Shahadat在线服务	Shakil Shahadat在线服务。这里提供Shakil Shahadat的官方服务与相关信息，支持通过官网了解产品、功能、使用方式及最新动态；具体服务范围、开放地区和使用规则请以官方网站当前页面为准。官方网站：shakil-shahadat.github.io。	https://shakil-shahadat.github.io/awesome-piracy	是
Candybox2	Candybox2	开发	编程开发,效率工具	Candybox2在线服务	Candybox2在线服务。这里提供Candybox2的官方服务与相关信息，支持通过官网了解产品、功能、使用方式及最新动态；具体服务范围、开放地区和使用规则请以官方网站当前页面为准。官方网站：candybox2.github.io。	https://candybox2.github.io	是
Keyofw	Keyofw	工具	其他,效率工具,在线服务	Keyofw在线服务	Keyofw在线服务。这里提供Keyofw的官方服务与相关信息，支持通过官网了解产品、功能、使用方式及最新动态；具体服务范围、开放地区和使用规则请以官方网站当前页面为准。官方网站：keyofw.com。	https://www.keyofw.com/baba-is-hint	是
Factoriocheatsheet	Factoriocheatsheet	工具	其他,效率工具,在线服务	Factoriocheatsheet在线服务	Factoriocheatsheet在线服务。这里提供Factoriocheatsheet的官方服务与相关信息，支持通过官网了解产品、功能、使用方式及最新动态；具体服务范围、开放地区和使用规则请以官方网站当前页面为准。官方网站：factoriocheatsheet.com。	https://factoriocheatsheet.com	是
Candybox2	Candybox2	开发	编程开发,效率工具	Candybox2在线服务	Candybox2在线服务。这里提供Candybox2的官方服务与相关信息，支持通过官网了解产品、功能、使用方式及最新动态；具体服务范围、开放地区和使用规则请以官方网站当前页面为准。官方网站：candybox2.github.io。	https://candybox2.github.io/candybox	是
Edrefcard	Edrefcard	工具	其他,效率工具,在线服务	Edrefcard在线服务	Edrefcard在线服务。这里提供Edrefcard的官方服务与相关信息，支持通过官网了解产品、功能、使用方式及最新动态；具体服务范围、开放地区和使用规则请以官方网站当前页面为准。官方网站：edrefcard.info。	https://edrefcard.info	是
Wecoverletters	Wecoverletters	工具	其他,效率工具,在线服务	Wecoverletters在线服务	Wecoverletters在线服务。这里提供Wecoverletters的官方服务与相关信息，支持通过官网了解产品、功能、使用方式及最新动态；具体服务范围、开放地区和使用规则请以官方网站当前页面为准。官方网站：wecoverletters.com。	https://wecoverletters.com	是
Homepages	Homepages	教育	在线学习,效率工具	Homepages在线服务	Homepages在线服务。这里提供Homepages的官方服务与相关信息，支持通过官网了解产品、功能、使用方式及最新动态；具体服务范围、开放地区和使用规则请以官方网站当前页面为准。官方网站：homepages.bluffton.edu。	https://homepages.bluffton.edu/~nesterd/apps/slopefields.html	是
Blueballfixed	Blueballfixed	工具	其他,效率工具,在线服务	Blueballfixed在线服务	Blueballfixed在线服务。这里提供Blueballfixed的官方服务与相关信息，支持通过官网了解产品、功能、使用方式及最新动态；具体服务范围、开放地区和使用规则请以官方网站当前页面为准。官方网站：blueballfixed.ytmnd.com。	https://blueballfixed.ytmnd.com	是
Newblueballs	Newblueballs	工具	其他,效率工具,在线服务	Newblueballs在线服务	Newblueballs在线服务。这里提供Newblueballs的官方服务与相关信息，支持通过官网了解产品、功能、使用方式及最新动态；具体服务范围、开放地区和使用规则请以官方网站当前页面为准。官方网站：newblueballs.ytmnd.com。	https://newblueballs.ytmnd.com	是
Blueballs2	Blueballs2	工具	其他,效率工具,在线服务	Blueballs2在线服务	Blueballs2在线服务。这里提供Blueballs2的官方服务与相关信息，支持通过官网了解产品、功能、使用方式及最新动态；具体服务范围、开放地区和使用规则请以官方网站当前页面为准。官方网站：blueballs2.ytmnd.com。	https://blueballs2.ytmnd.com	是
Nestflix	Nestflix	工具	其他,效率工具,在线服务	Nestflix在线服务	Nestflix在线服务。这里提供Nestflix的官方服务与相关信息，支持通过官网了解产品、功能、使用方式及最新动态；具体服务范围、开放地区和使用规则请以官方网站当前页面为准。官方网站：nestflix.fun。	https://nestflix.fun	是
Complementary	Complementary	开发	编程开发,效率工具	Complementary在线服务	Complementary在线服务。这里提供Complementary的官方服务与相关信息，支持通过官网了解产品、功能、使用方式及最新动态；具体服务范围、开放地区和使用规则请以官方网站当前页面为准。官方网站：complementary.dev。	https://www.complementary.dev/reimagined	是
Theuselessweb	Theuselessweb	工具	其他,效率工具,在线服务	Theuselessweb在线服务	Theuselessweb在线服务。这里提供Theuselessweb的官方服务与相关信息，支持通过官网了解产品、功能、使用方式及最新动态；具体服务范围、开放地区和使用规则请以官方网站当前页面为准。官方网站：theuselessweb.com。	https://theuselessweb.com	是
Terminal	Terminal	工具	其他,效率工具,在线服务	Terminal在线服务	Terminal在线服务。这里提供Terminal的官方服务与相关信息，支持通过官网了解产品、功能、使用方式及最新动态；具体服务范围、开放地区和使用规则请以官方网站当前页面为准。官方网站：terminal.sexy。	http://terminal.sexy	是
Joshwcomeau	Joshwcomeau	工具	其他,效率工具,在线服务	Joshwcomeau在线服务	Joshwcomeau在线服务。这里提供Joshwcomeau的官方服务与相关信息，支持通过官网了解产品、功能、使用方式及最新动态；具体服务范围、开放地区和使用规则请以官方网站当前页面为准。官方网站：joshwcomeau.com。	https://www.joshwcomeau.com/blog/how-to-learn-stuff-quickly	是
Wooorm	Wooorm	工具	其他,效率工具,在线服务	Wooorm在线服务	Wooorm在线服务。这里提供Wooorm的官方服务与相关信息，支持通过官网了解产品、功能、使用方式及最新动态；具体服务范围、开放地区和使用规则请以官方网站当前页面为准。官方网站：wooorm.com。	https://wooorm.com/write-music	是
Fabricmc	Fabricmc	工具	其他,效率工具,在线服务	Fabricmc在线服务	Fabricmc在线服务。这里提供Fabricmc的官方服务与相关信息，支持通过官网了解产品、功能、使用方式及最新动态；具体服务范围、开放地区和使用规则请以官方网站当前页面为准。官方网站：fabricmc.net。	https://fabricmc.net/develop	是
Cssgridgarden	Cssgridgarden	工具	其他,效率工具,在线服务	Cssgridgarden在线服务	Cssgridgarden在线服务。这里提供Cssgridgarden的官方服务与相关信息，支持通过官网了解产品、功能、使用方式及最新动态；具体服务范围、开放地区和使用规则请以官方网站当前页面为准。官方网站：cssgridgarden.com。	https://cssgridgarden.com	是
Distrochooser	Distrochooser	工具	其他,效率工具,在线服务	Distrochooser在线服务	Distrochooser在线服务。这里提供Distrochooser的官方服务与相关信息，支持通过官网了解产品、功能、使用方式及最新动态；具体服务范围、开放地区和使用规则请以官方网站当前页面为准。官方网站：distrochooser.de。	https://distrochooser.de	是
Flexboxfroggy	Flexboxfroggy	工具	其他,效率工具,在线服务	Flexboxfroggy在线服务	Flexboxfroggy在线服务。这里提供Flexboxfroggy的官方服务与相关信息，支持通过官网了解产品、功能、使用方式及最新动态；具体服务范围、开放地区和使用规则请以官方网站当前页面为准。官方网站：flexboxfroggy.com。	https://flexboxfroggy.com	是
Gifcities	Gifcities	工具	其他,效率工具,在线服务	Gifcities在线服务	Gifcities在线服务。这里提供Gifcities的官方服务与相关信息，支持通过官网了解产品、功能、使用方式及最新动态；具体服务范围、开放地区和使用规则请以官方网站当前页面为准。官方网站：gifcities.org。	https://gifcities.org	是
Physicallybased	Physicallybased	工具	其他,效率工具,在线服务	Physicallybased在线服务	Physicallybased在线服务。这里提供Physicallybased的官方服务与相关信息，支持通过官网了解产品、功能、使用方式及最新动态；具体服务范围、开放地区和使用规则请以官方网站当前页面为准。官方网站：physicallybased.info。	https://physicallybased.info	是
Monkeytype	Monkeytype	工具	其他,效率工具,在线服务	Monkeytype在线服务	Monkeytype在线服务。这里提供Monkeytype的官方服务与相关信息，支持通过官网了解产品、功能、使用方式及最新动态；具体服务范围、开放地区和使用规则请以官方网站当前页面为准。官方网站：monkeytype.com。	https://monkeytype.com	是
Medicatusb	Medicatusb	工具	其他,效率工具,在线服务	Medicatusb在线服务	Medicatusb在线服务。这里提供Medicatusb的官方服务与相关信息，支持通过官网了解产品、功能、使用方式及最新动态；具体服务范围、开放地区和使用规则请以官方网站当前页面为准。官方网站：medicatusb.com。	https://medicatusb.com	是
Origamisimulator	Origamisimulator	工具	其他,效率工具,在线服务	Origamisimulator在线服务	Origamisimulator在线服务。这里提供Origamisimulator的官方服务与相关信息，支持通过官网了解产品、功能、使用方式及最新动态；具体服务范围、开放地区和使用规则请以官方网站当前页面为准。官方网站：origamisimulator.org。	https://origamisimulator.org	是
Makefrontendshitagain	Makefrontendshitagain	AI	AI,效率工具	Makefrontendshitagain在线服务	Makefrontendshitagain在线服务。这里提供Makefrontendshitagain的官方服务与相关信息，支持通过官网了解产品、功能、使用方式及最新动态；具体服务范围、开放地区和使用规则请以官方网站当前页面为准。官方网站：makefrontendshitagain.party。	https://makefrontendshitagain.party	是
Messybeast	Messybeast	工具	其他,效率工具,在线服务	Messybeast在线服务	Messybeast在线服务。这里提供Messybeast的官方服务与相关信息，支持通过官网了解产品、功能、使用方式及最新动态；具体服务范围、开放地区和使用规则请以官方网站当前页面为准。官方网站：messybeast.com。	http://messybeast.com/dragonqueen/fools-errands.htm	是
Polyhedra	Polyhedra	工具	其他,效率工具,在线服务	Polyhedra在线服务	Polyhedra在线服务。这里提供Polyhedra的官方服务与相关信息，支持通过官网了解产品、功能、使用方式及最新动态；具体服务范围、开放地区和使用规则请以官方网站当前页面为准。官方网站：polyhedra.tessera.li。	https://polyhedra.tessera.li	是
Autoeq	Autoeq	工具	其他,效率工具,在线服务	Autoeq在线服务	Autoeq在线服务。这里提供Autoeq的官方服务与相关信息，支持通过官网了解产品、功能、使用方式及最新动态；具体服务范围、开放地区和使用规则请以官方网站当前页面为准。官方网站：autoeq.app。	https://autoeq.app	是
Badssl	Badssl	工具	其他,效率工具,在线服务	Badssl在线服务	Badssl在线服务。这里提供Badssl的官方服务与相关信息，支持通过官网了解产品、功能、使用方式及最新动态；具体服务范围、开放地区和使用规则请以官方网站当前页面为准。官方网站：badssl.com。	https://badssl.com	是
Revanced	Revanced	工具	其他,效率工具,在线服务	Revanced在线服务	Revanced在线服务。这里提供Revanced的官方服务与相关信息，支持通过官网了解产品、功能、使用方式及最新动态；具体服务范围、开放地区和使用规则请以官方网站当前页面为准。官方网站：revanced.app。	https://revanced.app	是
Posemy	Posemy	工具	其他,效率工具,在线服务	Posemy在线服务	Posemy在线服务。这里提供Posemy的官方服务与相关信息，支持通过官网了解产品、功能、使用方式及最新动态；具体服务范围、开放地区和使用规则请以官方网站当前页面为准。官方网站：posemy.art。	https://posemy.art	是
Modernfontstacks	Modernfontstacks	设计	设计与创意,效率工具	Modernfontstacks在线服务	Modernfontstacks在线服务。这里提供Modernfontstacks的官方服务与相关信息，支持通过官网了解产品、功能、使用方式及最新动态；具体服务范围、开放地区和使用规则请以官方网站当前页面为准。官方网站：modernfontstacks.com。	https://modernfontstacks.com	是
Yal	Yal	工具	其他,效率工具,在线服务	Yal在线服务	Yal在线服务。这里提供Yal的官方服务与相关信息，支持通过官网了解产品、功能、使用方式及最新动态；具体服务范围、开放地区和使用规则请以官方网站当前页面为准。官方网站：yal.cc。	https://yal.cc/r/20/pixelfont	是
