网站简称	网站详细名称	网站所属大类	网站详细标签	网站简介	网站详细简介	网站官网网址	是否需要加速器
Cdn	Cdn	开发	编程开发	Cdn在线服务	从公开精选目录发现的 Cdn 官方网站，建议人工确认后收录。	https://cdn.rawgit.com/sindresorhus/awesome/d7305f38d29fed78fa85652e3a63e154dd8e8829/media/badge.svg	是
Reddit	Reddit	工具	其他	Reddit在线服务	从公开精选目录发现的 Reddit 官方网站，建议人工确认后收录。	https://www.reddit.com/r/internetisbeautiful	是
5000best	5000best	工具	其他	5000best在线服务	从公开精选目录发现的 5000best 官方网站，建议人工确认后收录。	https://5000best.com/tools	是
Timetravel	Timetravel	工具	其他	Timetravel在线服务	从公开精选目录发现的 Timetravel 官方网站，建议人工确认后收录。	https://timetravel.mementoweb.org	是
Discu	Discu	工具	其他	Discu在线服务	从公开精选目录发现的 Discu 官方网站，建议人工确认后收录。	https://discu.eu	是
En	En	工具	其他	En在线服务	从公开精选目录发现的 En 官方网站，建议人工确认后收录。	https://en.everybodywiki.com/everybodywiki:welcome	是
Lunar	Lunar	工具	其他	Lunar在线服务	从公开精选目录发现的 Lunar 官方网站，建议人工确认后收录。	https://lunar.fyi	是
Gethuman	Gethuman	工具	其他	Gethuman在线服务	从公开精选目录发现的 Gethuman 官方网站，建议人工确认后收录。	https://gethuman.com	是
S Ings	S Ings	工具	其他	S Ings在线服务	从公开精选目录发现的 S Ings 官方网站，建议人工确认后收录。	https://www.s-ings.com/scratchpad	是
Ufreetools	Ufreetools	工具	其他	Ufreetools在线服务	从公开精选目录发现的 Ufreetools 官方网站，建议人工确认后收录。	https://www.ufreetools.com	是
Playgohub	Playgohub	工具	其他	Playgohub在线服务	从公开精选目录发现的 Playgohub 官方网站，建议人工确认后收录。	https://playgohub.com	是
Rtcd	Rtcd	工具	其他	Rtcd在线服务	从公开精选目录发现的 Rtcd 官方网站，建议人工确认后收录。	https://rtcd.io	是
Giga	Giga	工具	其他	Giga在线服务	从公开精选目录发现的 Giga 官方网站，建议人工确认后收录。	https://giga.tools	是
Wordtotime	Wordtotime	工具	其他	Wordtotime在线服务	从公开精选目录发现的 Wordtotime 官方网站，建议人工确认后收录。	https://wordtotime.org	是
Volumeshaderbm	Volumeshaderbm	工具	其他	Volumeshaderbm在线服务	从公开精选目录发现的 Volumeshaderbm 官方网站，建议人工确认后收录。	https://volumeshaderbm.org	是
Speakingtimecalculator	Speakingtimecalculator	工具	其他	Speakingtimecalculator在线服务	从公开精选目录发现的 Speakingtimecalculator 官方网站，建议人工确认后收录。	https://speakingtimecalculator.org	是
Focus Game	Focus Game	工具	其他	Focus Game在线服务	从公开精选目录发现的 Focus Game 官方网站，建议人工确认后收录。	https://focus-game.org	是
Schulte Table	Schulte Table	工具	其他	Schulte Table在线服务	从公开精选目录发现的 Schulte Table 官方网站，建议人工确认后收录。	https://schulte-table.org	是
Typehere	Typehere	工具	其他	Typehere在线服务	从公开精选目录发现的 Typehere 官方网站，建议人工确认后收录。	https://typehere.co	是
Pixelpaper	Pixelpaper	工具	其他	Pixelpaper在线服务	从公开精选目录发现的 Pixelpaper 官方网站，建议人工确认后收录。	https://pixelpaper.io	是
Excalideck	Excalideck	工具	其他	Excalideck在线服务	从公开精选目录发现的 Excalideck 官方网站，建议人工确认后收录。	https://excalideck.com	是
Blank	Blank	工具	其他	Blank在线服务	从公开精选目录发现的 Blank 官方网站，建议人工确认后收录。	https://blank.page	是
Kidpix	Kidpix	工具	其他	Kidpix在线服务	从公开精选目录发现的 Kidpix 官方网站，建议人工确认后收录。	https://kidpix.app	是
Krita	Krita	工具	其他	Krita在线服务	从公开精选目录发现的 Krita 官方网站，建议人工确认后收录。	https://krita.org/en	是
Relanote	Relanote	工具	效率工具	Relanote在线服务	从公开精选目录发现的 Relanote 官方网站，建议人工确认后收录。	https://relanote.com	是
Bubbl	Bubbl	工具	其他	Bubbl在线服务	从公开精选目录发现的 Bubbl 官方网站，建议人工确认后收录。	https://bubbl.us	是
Mindmup	Mindmup	工具	其他	Mindmup在线服务	从公开精选目录发现的 Mindmup 官方网站，建议人工确认后收录。	https://www.mindmup.com	是
Anotepad	Anotepad	工具	效率工具	Anotepad在线服务	从公开精选目录发现的 Anotepad 官方网站，建议人工确认后收录。	https://anotepad.com	是
Notes	Notes	工具	效率工具	Notes在线服务	从公开精选目录发现的 Notes 官方网站，建议人工确认后收录。	https://notes.io	是
Drawio	Drawio	设计	设计与创意	Drawio在线服务	从公开精选目录发现的 Drawio 官方网站，建议人工确认后收录。	https://www.drawio.com	是
Orgpad	Orgpad	工具	其他	Orgpad在线服务	从公开精选目录发现的 Orgpad 官方网站，建议人工确认后收录。	https://orgpad.com	是
Lucidchart	Lucidchart	工具	其他	Lucidchart在线服务	从公开精选目录发现的 Lucidchart 官方网站，建议人工确认后收录。	https://www.lucidchart.com/pages	是
Learn Anything	Learn Anything	教育	在线学习	Learn Anything在线服务	从公开精选目录发现的 Learn Anything 官方网站，建议人工确认后收录。	https://learn-anything.xyz	是
Sankeydiagram	Sankeydiagram	工具	其他	Sankeydiagram在线服务	从公开精选目录发现的 Sankeydiagram 官方网站，建议人工确认后收录。	https://sankeydiagram.net	是
99tools	99tools	工具	其他	99tools在线服务	从公开精选目录发现的 99tools 官方网站，建议人工确认后收录。	https://99tools.net/bold-text-generator	是
Freecodetools	Freecodetools	开发	编程开发	Freecodetools在线服务	从公开精选目录发现的 Freecodetools 官方网站，建议人工确认后收录。	https://freecodetools.org/word-counter	是
Textfac	Textfac	工具	其他	Textfac在线服务	从公开精选目录发现的 Textfac 官方网站，建议人工确认后收录。	https://textfac.es	是
Titlecase	Titlecase	工具	其他	Titlecase在线服务	从公开精选目录发现的 Titlecase 官方网站，建议人工确认后收录。	https://titlecase.com	是
Lingojam	Lingojam	工具	其他	Lingojam在线服务	从公开精选目录发现的 Lingojam 官方网站，建议人工确认后收录。	https://lingojam.com/fancytextgenerator	是
Calligraphr	Calligraphr	工具	其他	Calligraphr在线服务	从公开精选目录发现的 Calligraphr 官方网站，建议人工确认后收录。	https://www.calligraphr.com/en	是
Dongerlist	Dongerlist	工具	其他	Dongerlist在线服务	从公开精选目录发现的 Dongerlist 官方网站，建议人工确认后收录。	https://dongerlist.com	是
Stonestoryrpg	Stonestoryrpg	工具	其他	Stonestoryrpg在线服务	从公开精选目录发现的 Stonestoryrpg 官方网站，建议人工确认后收录。	https://stonestoryrpg.com/ascii_tutorial.html	是
Emojicombos	Emojicombos	工具	其他	Emojicombos在线服务	从公开精选目录发现的 Emojicombos 官方网站，建议人工确认后收录。	https://emojicombos.com	是
Asciiworld	Asciiworld	工具	其他	Asciiworld在线服务	从公开精选目录发现的 Asciiworld 官方网站，建议人工确认后收录。	https://www.asciiworld.com	是
Onlinenotepad101	Onlinenotepad101	工具	效率工具	Onlinenotepad101在线服务	从公开精选目录发现的 Onlinenotepad101 官方网站，建议人工确认后收录。	https://onlinenotepad101.org	是
Rentry	Rentry	工具	其他	Rentry在线服务	从公开精选目录发现的 Rentry 官方网站，建议人工确认后收录。	https://rentry.co/fmhy	是
Fontgenerator	Fontgenerator	设计	设计与创意	Fontgenerator在线服务	从公开精选目录发现的 Fontgenerator 官方网站，建议人工确认后收录。	https://fontgenerator.design	是
Glitchtext	Glitchtext	工具	其他	Glitchtext在线服务	从公开精选目录发现的 Glitchtext 官方网站，建议人工确认后收录。	https://glitchtext.cool	是
Share Text	Share Text	工具	其他	Share Text在线服务	从公开精选目录发现的 Share Text 官方网站，建议人工确认后收录。	https://share-text.org	是
Chrome	Chrome	工具	其他	Chrome在线服务	从公开精选目录发现的 Chrome 官方网站，建议人工确认后收录。	https://chrome.google.com/webstore/detail/automa/infppggnoaenmfagbfknfkancpbljcca	是
Browse	Browse	AI	AI	Browse在线服务	从公开精选目录发现的 Browse 官方网站，建议人工确认后收录。	https://www.browse.ai	是
Tango	Tango	工具	其他	Tango在线服务	从公开精选目录发现的 Tango 官方网站，建议人工确认后收录。	https://www.tango.us	是
Bookmarkos	Bookmarkos	工具	其他	Bookmarkos在线服务	从公开精选目录发现的 Bookmarkos 官方网站，建议人工确认后收录。	https://bookmarkos.com/bookmark-manager-finder	是
Docs	Docs	工具	其他	Docs在线服务	从公开精选目录发现的 Docs 官方网站，建议人工确认后收录。	https://docs.google.com/spreadsheets/d/1-ula4-tslrobds9iqhalwvztqzo7uxlcekpq-8uofou/edit	是
Dxomark	Dxomark	工具	其他	Dxomark在线服务	从公开精选目录发现的 Dxomark 官方网站，建议人工确认后收录。	https://www.dxomark.com/category/smartphone-reviews	是
Techspecs	Techspecs	工具	其他	Techspecs在线服务	从公开精选目录发现的 Techspecs 官方网站，建议人工确认后收录。	https://techspecs.io/vs	是
Techspecs	Techspecs	工具	其他	Techspecs在线服务	从公开精选目录发现的 Techspecs 官方网站，建议人工确认后收录。	https://techspecs.io	是
Kimovil	Kimovil	工具	其他	Kimovil在线服务	从公开精选目录发现的 Kimovil 官方网站，建议人工确认后收录。	https://www.kimovil.com/en	是
Diffchecker	Diffchecker	工具	其他	Diffchecker在线服务	从公开精选目录发现的 Diffchecker 官方网站，建议人工确认后收录。	https://www.diffchecker.com	是
Codingfont	Codingfont	设计	设计与创意	Codingfont在线服务	从公开精选目录发现的 Codingfont 官方网站，建议人工确认后收录。	https://www.codingfont.com	是
Thisvsthat	Thisvsthat	工具	其他	Thisvsthat在线服务	从公开精选目录发现的 Thisvsthat 官方网站，建议人工确认后收录。	https://thisvsthat.io	是
Securemessagingapps	Securemessagingapps	工具	其他	Securemessagingapps在线服务	从公开精选目录发现的 Securemessagingapps 官方网站，建议人工确认后收录。	https://www.securemessagingapps.com	是
Rtings	Rtings	工具	其他	Rtings在线服务	从公开精选目录发现的 Rtings 官方网站，建议人工确认后收录。	https://www.rtings.com	是
Wormhole	Wormhole	工具	其他	Wormhole在线服务	从公开精选目录发现的 Wormhole 官方网站，建议人工确认后收录。	https://wormhole.app	是
Keybase	Keybase	工具	其他	Keybase在线服务	从公开精选目录发现的 Keybase 官方网站，建议人工确认后收录。	https://keybase.io	是
Mediafire	Mediafire	工具	其他	Mediafire在线服务	从公开精选目录发现的 Mediafire 官方网站，建议人工确认后收录。	https://www.mediafire.com	是
Zippyshare	Zippyshare	工具	其他	Zippyshare在线服务	从公开精选目录发现的 Zippyshare 官方网站，建议人工确认后收录。	https://www.zippyshare.com	是
Unscreen	Unscreen	工具	其他	Unscreen在线服务	从公开精选目录发现的 Unscreen 官方网站，建议人工确认后收录。	https://www.unscreen.com	是
Fococlipping	Fococlipping	工具	其他	Fococlipping在线服务	从公开精选目录发现的 Fococlipping 官方网站，建议人工确认后收录。	https://www.fococlipping.com	是
Designify	Designify	设计	设计与创意	Designify在线服务	从公开精选目录发现的 Designify 官方网站，建议人工确认后收录。	https://www.designify.com	是
Pfpmaker	Pfpmaker	工具	其他	Pfpmaker在线服务	从公开精选目录发现的 Pfpmaker 官方网站，建议人工确认后收录。	https://pfpmaker.com	是
Jpeg Optimizer	Jpeg Optimizer	工具	其他	Jpeg Optimizer在线服务	从公开精选目录发现的 Jpeg Optimizer 官方网站，建议人工确认后收录。	https://jpeg-optimizer.com	是
Extract	Extract	工具	其他	Extract在线服务	从公开精选目录发现的 Extract 官方网站，建议人工确认后收录。	https://extract.pics	是
Generated	Generated	设计	设计与创意	Generated在线服务	从公开精选目录发现的 Generated 官方网站，建议人工确认后收录。	https://generated.photos	是
Zoom	Zoom	工具	其他	Zoom在线服务	从公开精选目录发现的 Zoom 官方网站，建议人工确认后收录。	https://zoom.it	是
Vectormagic	Vectormagic	工具	其他	Vectormagic在线服务	从公开精选目录发现的 Vectormagic 官方网站，建议人工确认后收录。	https://vectormagic.com	是
Screenshot	Screenshot	工具	其他	Screenshot在线服务	从公开精选目录发现的 Screenshot 官方网站，建议人工确认后收录。	https://screenshot.guru	是
Stolencamerafinder	Stolencamerafinder	工具	其他	Stolencamerafinder在线服务	从公开精选目录发现的 Stolencamerafinder 官方网站，建议人工确认后收录。	https://www.stolencamerafinder.com	是
Ribbet	Ribbet	工具	其他	Ribbet在线服务	从公开精选目录发现的 Ribbet 官方网站，建议人工确认后收录。	https://www.ribbet.com	是
Crossfade	Crossfade	工具	其他	Crossfade在线服务	从公开精选目录发现的 Crossfade 官方网站，建议人工确认后收录。	https://crossfade.io	是
Goproheroes	Goproheroes	工具	其他	Goproheroes在线服务	从公开精选目录发现的 Goproheroes 官方网站，建议人工确认后收录。	https://goproheroes.com	是
Synthesia	Synthesia	工具	其他	Synthesia在线服务	从公开精选目录发现的 Synthesia 官方网站，建议人工确认后收录。	https://www.synthesia.io	是
Clipdrop	Clipdrop	工具	其他	Clipdrop在线服务	从公开精选目录发现的 Clipdrop 官方网站，建议人工确认后收录。	https://clipdrop.co	是
Hey	Hey	AI	AI	Hey在线服务	从公开精选目录发现的 Hey 官方网站，建议人工确认后收录。	https://hey.reface.ai	是
Photosonic	Photosonic	设计	设计与创意	Photosonic在线服务	从公开精选目录发现的 Photosonic 官方网站，建议人工确认后收录。	https://photosonic.writesonic.com	是
Shottr	Shottr	工具	其他	Shottr在线服务	从公开精选目录发现的 Shottr 官方网站，建议人工确认后收录。	https://shottr.cc	是
3dgifmaker	3dgifmaker	工具	其他	3dgifmaker在线服务	从公开精选目录发现的 3dgifmaker 官方网站，建议人工确认后收录。	https://www.3dgifmaker.com	是
Ezgif	Ezgif	工具	其他	Ezgif在线服务	从公开精选目录发现的 Ezgif 官方网站，建议人工确认后收录。	https://ezgif.com	是
Pimeyes	Pimeyes	工具	其他	Pimeyes在线服务	从公开精选目录发现的 Pimeyes 官方网站，建议人工确认后收录。	https://pimeyes.com/en	是
Sites	Sites	教育	在线学习	Sites在线服务	从公开精选目录发现的 Sites 官方网站，建议人工确认后收录。	https://sites.socsci.uci.edu/~ddhoff/illusions.html	是
Byclickdownloader	Byclickdownloader	工具	其他	Byclickdownloader在线服务	从公开精选目录发现的 Byclickdownloader 官方网站，建议人工确认后收录。	https://www.byclickdownloader.com	是
Reanimate	Reanimate	开发	编程开发	Reanimate在线服务	从公开精选目录发现的 Reanimate 官方网站，建议人工确认后收录。	https://reanimate.github.io	是
Photopea	Photopea	设计	设计与创意	Photopea在线服务	从公开精选目录发现的 Photopea 官方网站，建议人工确认后收录。	https://photopea.com	是
Free Background Remover	Free Background Remover	工具	其他	Free Background Remover在线服务	从公开精选目录发现的 Free Background Remover 官方网站，建议人工确认后收录。	https://free-background-remover.com	是
Remove Audio	Remove Audio	工具	其他	Remove Audio在线服务	从公开精选目录发现的 Remove Audio 官方网站，建议人工确认后收录。	https://remove-audio.com	是
Xlsxform	Xlsxform	工具	其他	Xlsxform在线服务	从公开精选目录发现的 Xlsxform 官方网站，建议人工确认后收录。	https://xlsxform.com	是
Wikihow	Wikihow	工具	其他	Wikihow在线服务	从公开精选目录发现的 Wikihow 官方网站，建议人工确认后收录。	https://www.wikihow.com/main-page	是
Manualslib	Manualslib	工具	其他	Manualslib在线服务	从公开精选目录发现的 Manualslib 官方网站，建议人工确认后收录。	https://www.manualslib.com	是
Thistothat	Thistothat	工具	其他	Thistothat在线服务	从公开精选目录发现的 Thistothat 官方网站，建议人工确认后收录。	https://thistothat.com	是
Howstuffworks	Howstuffworks	工具	效率工具	Howstuffworks在线服务	从公开精选目录发现的 Howstuffworks 官方网站，建议人工确认后收录。	https://www.howstuffworks.com	是
Wonderhowto	Wonderhowto	工具	其他	Wonderhowto在线服务	从公开精选目录发现的 Wonderhowto 官方网站，建议人工确认后收录。	https://www.wonderhowto.com	是
Dummies	Dummies	工具	其他	Dummies在线服务	从公开精选目录发现的 Dummies 官方网站，建议人工确认后收录。	https://www.dummies.com	是
Doityourself	Doityourself	工具	其他	Doityourself在线服务	从公开精选目录发现的 Doityourself 官方网站，建议人工确认后收录。	https://www.doityourself.com	是
Donkeycar	Donkeycar	工具	其他	Donkeycar在线服务	从公开精选目录发现的 Donkeycar 官方网站，建议人工确认后收录。	https://www.donkeycar.com	是
Instructables	Instructables	工具	其他	Instructables在线服务	从公开精选目录发现的 Instructables 官方网站，建议人工确认后收录。	https://www.instructables.com	是
Ifixit	Ifixit	工具	其他	Ifixit在线服务	从公开精选目录发现的 Ifixit 官方网站，建议人工确认后收录。	https://www.ifixit.com	是
Fixitclub	Fixitclub	工具	其他	Fixitclub在线服务	从公开精选目录发现的 Fixitclub 官方网站，建议人工确认后收录。	https://fixitclub.com	是
Bookcrossing	Bookcrossing	工具	其他	Bookcrossing在线服务	从公开精选目录发现的 Bookcrossing 官方网站，建议人工确认后收录。	https://bookcrossing.com	是
Dimensions	Dimensions	工具	其他	Dimensions在线服务	从公开精选目录发现的 Dimensions 官方网站，建议人工确认后收录。	https://www.dimensions.com	是
Repairclinic	Repairclinic	AI	AI	Repairclinic在线服务	从公开精选目录发现的 Repairclinic 官方网站，建议人工确认后收录。	https://www.repairclinic.com	是
Culturalatlas	Culturalatlas	工具	其他	Culturalatlas在线服务	从公开精选目录发现的 Culturalatlas 官方网站，建议人工确认后收录。	https://culturalatlas.sbs.com.au	是
Quotemaster	Quotemaster	工具	其他	Quotemaster在线服务	从公开精选目录发现的 Quotemaster 官方网站，建议人工确认后收录。	https://www.quotemaster.org	是
Factslides	Factslides	工具	其他	Factslides在线服务	从公开精选目录发现的 Factslides 官方网站，建议人工确认后收录。	https://www.factslides.com	是
Starkeycomics	Starkeycomics	工具	其他	Starkeycomics在线服务	从公开精选目录发现的 Starkeycomics 官方网站，建议人工确认后收录。	https://starkeycomics.com	是
En	En	工具	其他	En在线服务	从公开精选目录发现的 En 官方网站，建议人工确认后收录。	https://en.wikipedia.org/wiki/wikipedia:unusual_articles	是
En	En	工具	其他	En在线服务	从公开精选目录发现的 En 官方网站，建议人工确认后收录。	https://en.wikipedia.org/wiki/list_of_common_misconceptions	是
Behindthename	Behindthename	工具	其他	Behindthename在线服务	从公开精选目录发现的 Behindthename 官方网站，建议人工确认后收录。	https://www.behindthename.com	是
Surnames	Surnames	工具	其他	Surnames在线服务	从公开精选目录发现的 Surnames 官方网站，建议人工确认后收录。	https://surnames.behindthename.com	是
Nameberry	Nameberry	工具	其他	Nameberry在线服务	从公开精选目录发现的 Nameberry 官方网站，建议人工确认后收录。	https://nameberry.com	是
Libraryofjuggling	Libraryofjuggling	工具	其他	Libraryofjuggling在线服务	从公开精选目录发现的 Libraryofjuggling 官方网站，建议人工确认后收录。	https://libraryofjuggling.com	是
Toastercentral	Toastercentral	工具	其他	Toastercentral在线服务	从公开精选目录发现的 Toastercentral 官方网站，建议人工确认后收录。	https://toastercentral.com	是
Allaboutberlin	Allaboutberlin	工具	其他	Allaboutberlin在线服务	从公开精选目录发现的 Allaboutberlin 官方网站，建议人工确认后收录。	https://allaboutberlin.com	是
Unita	Unita	工具	其他	Unita在线服务	从公开精选目录发现的 Unita 官方网站，建议人工确认后收录。	https://unita.co	是
Escaperoomtips	Escaperoomtips	工具	其他	Escaperoomtips在线服务	从公开精选目录发现的 Escaperoomtips 官方网站，建议人工确认后收录。	https://escaperoomtips.com	是
Youglish	Youglish	工具	其他	Youglish在线服务	从公开精选目录发现的 Youglish 官方网站，建议人工确认后收录。	https://youglish.com	是
Voscreen	Voscreen	工具	其他	Voscreen在线服务	从公开精选目录发现的 Voscreen 官方网站，建议人工确认后收录。	https://www.voscreen.com	是
Newsinlevels	Newsinlevels	工具	其他	Newsinlevels在线服务	从公开精选目录发现的 Newsinlevels 官方网站，建议人工确认后收录。	https://www.newsinlevels.com	是
Dood	Dood	工具	其他	Dood在线服务	从公开精选目录发现的 Dood 官方网站，建议人工确认后收录。	https://dood.al/pinktrombone	是
Japanese Wiki Corpus	Japanese Wiki Corpus	工具	其他	Japanese Wiki Corpus在线服务	从公开精选目录发现的 Japanese Wiki Corpus 官方网站，建议人工确认后收录。	https://www.japanese-wiki-corpus.org	是
Latin Phrases	Latin Phrases	工具	其他	Latin Phrases在线服务	从公开精选目录发现的 Latin Phrases 官方网站，建议人工确认后收录。	https://latin-phrases.co.uk	是
Prismatext	Prismatext	工具	其他	Prismatext在线服务	从公开精选目录发现的 Prismatext 官方网站，建议人工确认后收录。	https://prismatext.com	是
Ponly	Ponly	工具	其他	Ponly在线服务	从公开精选目录发现的 Ponly 官方网站，建议人工确认后收录。	https://ponly.com/about	是
Tongue Twister	Tongue Twister	工具	其他	Tongue Twister在线服务	从公开精选目录发现的 Tongue Twister 官方网站，建议人工确认后收录。	https://tongue-twister.net	是
Olac	Olac	教育	在线学习	Olac在线服务	从公开精选目录发现的 Olac 官方网站，建议人工确认后收录。	http://olac.ldc.upenn.edu	是
Usdictionary	Usdictionary	工具	其他	Usdictionary在线服务	从公开精选目录发现的 Usdictionary 官方网站，建议人工确认后收录。	https://usdictionary.com	是
Grammarbook	Grammarbook	工具	其他	Grammarbook在线服务	从公开精选目录发现的 Grammarbook 官方网站，建议人工确认后收录。	https://www.grammarbook.com/english_rules.asp	是
Thepunctuationguide	Thepunctuationguide	工具	其他	Thepunctuationguide在线服务	从公开精选目录发现的 Thepunctuationguide 官方网站，建议人工确认后收录。	https://www.thepunctuationguide.com/index.html	是
Progressivepunctuation	Progressivepunctuation	工具	其他	Progressivepunctuation在线服务	从公开精选目录发现的 Progressivepunctuation 官方网站，建议人工确认后收录。	https://progressivepunctuation.com	是
Owl	Owl	教育	在线学习	Owl在线服务	从公开精选目录发现的 Owl 官方网站，建议人工确认后收录。	https://owl.purdue.edu/site_map.html	是
Webapps	Webapps	教育	在线学习	Webapps在线服务	从公开精选目录发现的 Webapps 官方网站，建议人工确认后收录。	https://webapps.towson.edu/ows/index.asp	是
Grammar Monster	Grammar Monster	工具	其他	Grammar Monster在线服务	从公开精选目录发现的 Grammar Monster 官方网站，建议人工确认后收录。	https://www.grammar-monster.com/index.html	是
Fraze	Fraze	工具	其他	Fraze在线服务	从公开精选目录发现的 Fraze 官方网站，建议人工确认后收录。	https://fraze.it	是
Educalingo	Educalingo	教育	在线学习	Educalingo在线服务	从公开精选目录发现的 Educalingo 官方网站，建议人工确认后收录。	https://educalingo.com/en/dic-en	是
Finedictionary	Finedictionary	工具	其他	Finedictionary在线服务	从公开精选目录发现的 Finedictionary 官方网站，建议人工确认后收录。	https://www.finedictionary.com	是
Crownacademyenglish	Crownacademyenglish	教育	在线学习	Crownacademyenglish在线服务	从公开精选目录发现的 Crownacademyenglish 官方网站，建议人工确认后收录。	https://www.crownacademyenglish.com/articles	是
Askdifference	Askdifference	工具	其他	Askdifference在线服务	从公开精选目录发现的 Askdifference 官方网站，建议人工确认后收录。	https://www.askdifference.com	是
Keydifferences	Keydifferences	工具	其他	Keydifferences在线服务	从公开精选目录发现的 Keydifferences 官方网站，建议人工确认后收录。	https://keydifferences.com	是
Differencebetween	Differencebetween	工具	其他	Differencebetween在线服务	从公开精选目录发现的 Differencebetween 官方网站，建议人工确认后收录。	https://www.differencebetween.info	是
Wordwarriors	Wordwarriors	教育	在线学习	Wordwarriors在线服务	从公开精选目录发现的 Wordwarriors 官方网站，建议人工确认后收录。	https://wordwarriors.wayne.edu/list	是
Allacronyms	Allacronyms	工具	其他	Allacronyms在线服务	从公开精选目录发现的 Allacronyms 官方网站，建议人工确认后收录。	https://www.allacronyms.com	是
Howtoprofessionallysay	Howtoprofessionallysay	工具	其他	Howtoprofessionallysay在线服务	从公开精选目录发现的 Howtoprofessionallysay 官方网站，建议人工确认后收录。	https://howtoprofessionallysay.akashrajpurohit.com	是
Businessenglishresources	Businessenglishresources	工具	其他	Businessenglishresources在线服务	从公开精选目录发现的 Businessenglishresources 官方网站，建议人工确认后收录。	https://www.businessenglishresources.com	是
Digital Glossary	Digital Glossary	开发	编程开发	Digital Glossary在线服务	从公开精选目录发现的 Digital Glossary 官方网站，建议人工确认后收录。	https://www.digital-glossary.com	是
Terimler	Terimler	工具	其他	Terimler在线服务	从公开精选目录发现的 Terimler 官方网站，建议人工确认后收录。	https://terimler.org	是
Airheart	Airheart	AI	AI	Airheart在线服务	从公开精选目录发现的 Airheart 官方网站，建议人工确认后收录。	https://airheart.com/travel-restrictions/united-states-vaccinated	是
Countrycode	Countrycode	开发	编程开发	Countrycode在线服务	从公开精选目录发现的 Countrycode 官方网站，建议人工确认后收录。	https://countrycode.org	是
Passportindex	Passportindex	工具	其他	Passportindex在线服务	从公开精选目录发现的 Passportindex 官方网站，建议人工确认后收录。	https://www.passportindex.org	是
Countriesbeen	Countriesbeen	工具	其他	Countriesbeen在线服务	从公开精选目录发现的 Countriesbeen 官方网站，建议人工确认后收录。	https://www.countriesbeen.com	是
Couchsurfing	Couchsurfing	工具	其他	Couchsurfing在线服务	从公开精选目录发现的 Couchsurfing 官方网站，建议人工确认后收录。	https://www.couchsurfing.com	是
Puffinmaps	Puffinmaps	工具	其他	Puffinmaps在线服务	从公开精选目录发现的 Puffinmaps 官方网站，建议人工确认后收录。	https://www.puffinmaps.com	是
Alltrails	Alltrails	AI	AI	Alltrails在线服务	从公开精选目录发现的 Alltrails 官方网站，建议人工确认后收录。	https://www.alltrails.com	是
Wanderprep	Wanderprep	工具	其他	Wanderprep在线服务	从公开精选目录发现的 Wanderprep 官方网站，建议人工确认后收录。	https://www.wanderprep.com	是
Looria	Looria	工具	其他	Looria在线服务	从公开精选目录发现的 Looria 官方网站，建议人工确认后收录。	https://looria.com	是
Apps	Apps	工具	其他	Apps在线服务	从公开精选目录发现的 Apps 官方网站，建议人工确认后收录。	https://apps.apple.com/us/app/id1580599572	是
Freecycle	Freecycle	工具	其他	Freecycle在线服务	从公开精选目录发现的 Freecycle 官方网站，建议人工确认后收录。	https://www.freecycle.org	是
Roadtrippers	Roadtrippers	工具	其他	Roadtrippers在线服务	从公开精选目录发现的 Roadtrippers 官方网站，建议人工确认后收录。	https://roadtrippers.com	是
Mountainproject	Mountainproject	AI	AI	Mountainproject在线服务	从公开精选目录发现的 Mountainproject 官方网站，建议人工确认后收录。	https://www.mountainproject.com	是
Welcometomygarden	Welcometomygarden	工具	其他	Welcometomygarden在线服务	从公开精选目录发现的 Welcometomygarden 官方网站，建议人工确认后收录。	https://welcometomygarden.org	是
Warmshowers	Warmshowers	工具	其他	Warmshowers在线服务	从公开精选目录发现的 Warmshowers 官方网站，建议人工确认后收录。	https://www.warmshowers.org	是
Slowby	Slowby	工具	其他	Slowby在线服务	从公开精选目录发现的 Slowby 官方网站，建议人工确认后收录。	https://www.slowby.travel	是
Randomstreetview	Randomstreetview	工具	其他	Randomstreetview在线服务	从公开精选目录发现的 Randomstreetview 官方网站，建议人工确认后收录。	https://randomstreetview.com	是
Virtualvacation	Virtualvacation	工具	其他	Virtualvacation在线服务	从公开精选目录发现的 Virtualvacation 官方网站，建议人工确认后收录。	https://virtualvacation.us	是
Mapcrunch	Mapcrunch	工具	其他	Mapcrunch在线服务	从公开精选目录发现的 Mapcrunch 官方网站，建议人工确认后收录。	https://www.mapcrunch.com	是
Everytimezone	Everytimezone	工具	其他	Everytimezone在线服务	从公开精选目录发现的 Everytimezone 官方网站，建议人工确认后收录。	https://everytimezone.com	是
Timeanddate	Timeanddate	工具	其他	Timeanddate在线服务	从公开精选目录发现的 Timeanddate 官方网站，建议人工确认后收录。	https://www.timeanddate.com	是
Time	Time	工具	其他	Time在线服务	从公开精选目录发现的 Time 官方网站，建议人工确认后收录。	https://time.is	是
Time To Decimal	Time To Decimal	工具	其他	Time To Decimal在线服务	从公开精选目录发现的 Time To Decimal 官方网站，建议人工确认后收录。	https://time-to-decimal.org	是
Mytimecardcalculator	Mytimecardcalculator	工具	其他	Mytimecardcalculator在线服务	从公开精选目录发现的 Mytimecardcalculator 官方网站，建议人工确认后收录。	https://www.mytimecardcalculator.com	是
Seatguru	Seatguru	工具	其他	Seatguru在线服务	从公开精选目录发现的 Seatguru 官方网站，建议人工确认后收录。	https://seatguru.com	是
Flightradar24	Flightradar24	工具	其他	Flightradar24在线服务	从公开精选目录发现的 Flightradar24 官方网站，建议人工确认后收录。	https://www.flightradar24.com/43,24.35/7	是
Skyscanner	Skyscanner	工具	其他	Skyscanner在线服务	从公开精选目录发现的 Skyscanner 官方网站，建议人工确认后收录。	https://www.skyscanner.co.in	是
Hint	Hint	工具	其他	Hint在线服务	从公开精选目录发现的 Hint 官方网站，建议人工确认后收录。	https://hint.fm/wind	是
Windy	Windy	工具	其他	Windy在线服务	从公开精选目录发现的 Windy 官方网站，建议人工确认后收录。	https://www.windy.com	是
Zoom	Zoom	工具	其他	Zoom在线服务	从公开精选目录发现的 Zoom 官方网站，建议人工确认后收录。	https://zoom.earth	是
Earth	Earth	教育	在线学习	Earth在线服务	从公开精选目录发现的 Earth 官方网站，建议人工确认后收录。	https://earth.nullschool.net	是
Openweathermap	Openweathermap	工具	其他	Openweathermap在线服务	从公开精选目录发现的 Openweathermap 官方网站，建议人工确认后收录。	https://openweathermap.org	是
Radiosondy	Radiosondy	工具	其他	Radiosondy在线服务	从公开精选目录发现的 Radiosondy 官方网站，建议人工确认后收录。	https://radiosondy.info	是
Musclewiki	Musclewiki	工具	其他	Musclewiki在线服务	从公开精选目录发现的 Musclewiki 官方网站，建议人工确认后收录。	https://musclewiki.com	是
Jinay	Jinay	开发	编程开发	Jinay在线服务	从公开精选目录发现的 Jinay 官方网站，建议人工确认后收录。	https://jinay.dev/just-a-minute	是
Futureme	Futureme	工具	其他	Futureme在线服务	从公开精选目录发现的 Futureme 官方网站，建议人工确认后收录。	https://www.futureme.org	是
Strobe	Strobe	工具	其他	Strobe在线服务	从公开精选目录发现的 Strobe 官方网站，建议人工确认后收录。	https://strobe.cool	是
Puzzle Loop	Puzzle Loop	工具	其他	Puzzle Loop在线服务	从公开精选目录发现的 Puzzle Loop 官方网站，建议人工确认后收录。	https://www.puzzle-loop.com	是
Guzey	Guzey	工具	其他	Guzey在线服务	从公开精选目录发现的 Guzey 官方网站，建议人工确认后收录。	https://guzey.com/personal/what-should-you-do-with-your-life	是
Innerbody	Innerbody	工具	其他	Innerbody在线服务	从公开精选目录发现的 Innerbody 官方网站，建议人工确认后收录。	https://www.innerbody.com	是
Sleepcalculator	Sleepcalculator	工具	其他	Sleepcalculator在线服务	从公开精选目录发现的 Sleepcalculator 官方网站，建议人工确认后收录。	https://sleepcalculator.com	是
Gosimplelab	Gosimplelab	工具	其他	Gosimplelab在线服务	从公开精选目录发现的 Gosimplelab 官方网站，建议人工确认后收录。	https://gosimplelab.com	是
Sleep Estimator	Sleep Estimator	工具	其他	Sleep Estimator在线服务	从公开精选目录发现的 Sleep Estimator 官方网站，建议人工确认后收录。	https://www.sleep-estimator.com	是
Sleepcalculatorapp	Sleepcalculatorapp	工具	其他	Sleepcalculatorapp在线服务	从公开精选目录发现的 Sleepcalculatorapp 官方网站，建议人工确认后收录。	https://sleepcalculatorapp.com	是
Sleepcyclecalcapp	Sleepcyclecalcapp	工具	其他	Sleepcyclecalcapp在线服务	从公开精选目录发现的 Sleepcyclecalcapp 官方网站，建议人工确认后收录。	http://sleepcyclecalcapp.com	是
Sleeptimecalculator	Sleeptimecalculator	工具	其他	Sleeptimecalculator在线服务	从公开精选目录发现的 Sleeptimecalculator 官方网站，建议人工确认后收录。	https://www.sleeptimecalculator.org	是
Airindex	Airindex	AI	AI	Airindex在线服务	从公开精选目录发现的 Airindex 官方网站，建议人工确认后收录。	http://airindex.eea.europa.eu	是
Berkeleyearth	Berkeleyearth	工具	其他	Berkeleyearth在线服务	从公开精选目录发现的 Berkeleyearth 官方网站，建议人工确认后收录。	http://berkeleyearth.org	是
Waqi	Waqi	工具	其他	Waqi在线服务	从公开精选目录发现的 Waqi 官方网站，建议人工确认后收录。	https://waqi.info	是
Iqair	Iqair	AI	AI	Iqair在线服务	从公开精选目录发现的 Iqair 官方网站，建议人工确认后收录。	https://www.iqair.com	是
Gobento	Gobento	工具	其他	Gobento在线服务	从公开精选目录发现的 Gobento 官方网站，建议人工确认后收录。	https://www.gobento.com	是
Myfridgefood	Myfridgefood	工具	其他	Myfridgefood在线服务	从公开精选目录发现的 Myfridgefood 官方网站，建议人工确认后收录。	https://myfridgefood.com	是
Justtherecipe	Justtherecipe	工具	其他	Justtherecipe在线服务	从公开精选目录发现的 Justtherecipe 官方网站，建议人工确认后收录。	https://www.justtherecipe.com	是
Twopeasandtheirpod	Twopeasandtheirpod	工具	其他	Twopeasandtheirpod在线服务	从公开精选目录发现的 Twopeasandtheirpod 官方网站，建议人工确认后收录。	https://www.twopeasandtheirpod.com	是
Hellofresh	Hellofresh	工具	其他	Hellofresh在线服务	从公开精选目录发现的 Hellofresh 官方网站，建议人工确认后收录。	https://www.hellofresh.com	是
Healthyyards	Healthyyards	工具	其他	Healthyyards在线服务	从公开精选目录发现的 Healthyyards 官方网站，建议人工确认后收录。	https://healthyyards.org	是
Homegrownnationalpark	Homegrownnationalpark	工具	其他	Homegrownnationalpark在线服务	从公开精选目录发现的 Homegrownnationalpark 官方网站，建议人工确认后收录。	https://homegrownnationalpark.org	是
Butterfly Conservation	Butterfly Conservation	工具	其他	Butterfly Conservation在线服务	从公开精选目录发现的 Butterfly Conservation 官方网站，建议人工确认后收录。	https://butterfly-conservation.org	是
Xerces	Xerces	工具	其他	Xerces在线服务	从公开精选目录发现的 Xerces 官方网站，建议人工确认后收录。	https://xerces.org	是
Beyondpesticides	Beyondpesticides	工具	其他	Beyondpesticides在线服务	从公开精选目录发现的 Beyondpesticides 官方网站，建议人工确认后收录。	https://beyondpesticides.org	是
Npic	Npic	教育	在线学习	Npic在线服务	从公开精选目录发现的 Npic 官方网站，建议人工确认后收录。	https://npic.orst.edu	是
Downloads	Downloads	工具	其他	Downloads在线服务	从公开精选目录发现的 Downloads 官方网站，建议人工确认后收录。	https://downloads.khinsider.com	是
Onlinetonegenerator	Onlinetonegenerator	工具	其他	Onlinetonegenerator在线服务	从公开精选目录发现的 Onlinetonegenerator 官方网站，建议人工确认后收录。	https://onlinetonegenerator.com	是
Music	Music	工具	其他	Music在线服务	从公开精选目录发现的 Music 官方网站，建议人工确认后收录。	https://music.tello.app	是
Musiclab	Musiclab	工具	其他	Musiclab在线服务	从公开精选目录发现的 Musiclab 官方网站，建议人工确认后收录。	https://musiclab.chromeexperiments.com/experiments	是
Rap4ever	Rap4ever	工具	其他	Rap4ever在线服务	从公开精选目录发现的 Rap4ever 官方网站，建议人工确认后收录。	https://www.rap4ever.org	是
Everynoise	Everynoise	工具	其他	Everynoise在线服务	从公开精选目录发现的 Everynoise 官方网站，建议人工确认后收录。	https://everynoise.com	是
Mp3cut	Mp3cut	工具	其他	Mp3cut在线服务	从公开精选目录发现的 Mp3cut 官方网站，建议人工确认后收录。	https://mp3cut.net	是
Mp3gain	Mp3gain	AI	AI	Mp3gain在线服务	从公开精选目录发现的 Mp3gain 官方网站，建议人工确认后收录。	https://mp3gain.flowsoft7.com	是
Create	Create	工具	其他	Create在线服务	从公开精选目录发现的 Create 官方网站，建议人工确认后收录。	https://create.magicplaylist.co	是
Moises	Moises	AI	AI	Moises在线服务	从公开精选目录发现的 Moises 官方网站，建议人工确认后收录。	https://moises.ai	是
Drumeo	Drumeo	工具	其他	Drumeo在线服务	从公开精选目录发现的 Drumeo 官方网站，建议人工确认后收录。	https://www.drumeo.com	是
Soundlove	Soundlove	工具	其他	Soundlove在线服务	从公开精选目录发现的 Soundlove 官方网站，建议人工确认后收录。	https://soundlove.se	是
Typatone	Typatone	工具	其他	Typatone在线服务	从公开精选目录发现的 Typatone 官方网站，建议人工确认后收录。	https://typatone.com	是
Sampurr	Sampurr	工具	其他	Sampurr在线服务	从公开精选目录发现的 Sampurr 官方网站，建议人工确认后收录。	https://www.sampurr.com	是
Audiocheck	Audiocheck	工具	其他	Audiocheck在线服务	从公开精选目录发现的 Audiocheck 官方网站，建议人工确认后收录。	https://www.audiocheck.net	是
Mixlr	Mixlr	工具	其他	Mixlr在线服务	从公开精选目录发现的 Mixlr 官方网站，建议人工确认后收录。	https://mixlr.com	是
Learnchoralmusic	Learnchoralmusic	教育	在线学习	Learnchoralmusic在线服务	从公开精选目录发现的 Learnchoralmusic 官方网站，建议人工确认后收录。	https://www.learnchoralmusic.co.uk	是
Bandura	Bandura	工具	其他	Bandura在线服务	从公开精选目录发现的 Bandura 官方网站，建议人工确认后收录。	https://bandura.ukrzen.in.ua/en	是
Allmusic	Allmusic	AI	AI	Allmusic在线服务	从公开精选目录发现的 Allmusic 官方网站，建议人工确认后收录。	https://www.allmusic.com	是
Asmrmicrophones	Asmrmicrophones	工具	其他	Asmrmicrophones在线服务	从公开精选目录发现的 Asmrmicrophones 官方网站，建议人工确认后收录。	https://asmrmicrophones.com	是
Omnichordonline	Omnichordonline	工具	其他	Omnichordonline在线服务	从公开精选目录发现的 Omnichordonline 官方网站，建议人工确认后收录。	https://www.omnichordonline.com	是
Tonalux	Tonalux	工具	其他	Tonalux在线服务	从公开精选目录发现的 Tonalux 官方网站，建议人工确认后收录。	https://tonalux.org	是
Lalal	Lalal	AI	AI	Lalal在线服务	从公开精选目录发现的 Lalal 官方网站，建议人工确认后收录。	https://www.lalal.ai	是
Audd	Audd	工具	其他	Audd在线服务	从公开精选目录发现的 Audd 官方网站，建议人工确认后收录。	https://audd.io	是
Music Map	Music Map	工具	其他	Music Map在线服务	从公开精选目录发现的 Music Map 官方网站，建议人工确认后收录。	https://www.music-map.com	是
Commercialtunage	Commercialtunage	工具	其他	Commercialtunage在线服务	从公开精选目录发现的 Commercialtunage 官方网站，建议人工确认后收录。	https://www.commercialtunage.com	是
Pretzel	Pretzel	工具	其他	Pretzel在线服务	从公开精选目录发现的 Pretzel 官方网站，建议人工确认后收录。	https://www.pretzel.rocks	是
Incompetech	Incompetech	工具	其他	Incompetech在线服务	从公开精选目录发现的 Incompetech 官方网站，建议人工确认后收录。	https://incompetech.com	是
Chosic	Chosic	工具	其他	Chosic在线服务	从公开精选目录发现的 Chosic 官方网站，建议人工确认后收录。	https://www.chosic.com	是
Hiddenliferadio	Hiddenliferadio	工具	其他	Hiddenliferadio在线服务	从公开精选目录发现的 Hiddenliferadio 官方网站，建议人工确认后收录。	https://hiddenliferadio.com	是
Noisli	Noisli	工具	其他	Noisli在线服务	从公开精选目录发现的 Noisli 官方网站，建议人工确认后收录。	https://www.noisli.com	是
Naim30	Naim30	AI	AI	Naim30在线服务	从公开精选目录发现的 Naim30 官方网站，建议人工确认后收录。	https://naim30.github.io/soundrop	是
Producthunt	Producthunt	工具	效率工具	Producthunt在线服务	从公开精选目录发现的 Producthunt 官方网站，建议人工确认后收录。	https://www.producthunt.com/posts/soundlove	是
Rainymood	Rainymood	AI	AI	Rainymood在线服务	从公开精选目录发现的 Rainymood 官方网站，建议人工确认后收录。	https://rainymood.com	是
Imisstheoffice	Imisstheoffice	工具	其他	Imisstheoffice在线服务	从公开精选目录发现的 Imisstheoffice 官方网站，建议人工确认后收录。	https://imisstheoffice.eu	是
Teoria	Teoria	工具	其他	Teoria在线服务	从公开精选目录发现的 Teoria 官方网站，建议人工确认后收录。	https://www.teoria.com	是
Musictheory	Musictheory	工具	其他	Musictheory在线服务	从公开精选目录发现的 Musictheory 官方网站，建议人工确认后收录。	https://www.musictheory.net	是
Allaboutmusictheory	Allaboutmusictheory	工具	其他	Allaboutmusictheory在线服务	从公开精选目录发现的 Allaboutmusictheory 官方网站，建议人工确认后收录。	https://www.allaboutmusictheory.com	是
Studioguru	Studioguru	工具	其他	Studioguru在线服务	从公开精选目录发现的 Studioguru 官方网站，建议人工确认后收录。	https://studioguru.co/producer-tools/note-frequency-chart	是
Rhymezone	Rhymezone	工具	其他	Rhymezone在线服务	从公开精选目录发现的 Rhymezone 官方网站，建议人工确认后收录。	https://www.rhymezone.com	是
Rhymer	Rhymer	工具	其他	Rhymer在线服务	从公开精选目录发现的 Rhymer 官方网站，建议人工确认后收录。	https://rhymer.com	是
Chosic	Chosic	工具	其他	Chosic在线服务	从公开精选目录发现的 Chosic 官方网站，建议人工确认后收录。	https://www.chosic.com/spotify-playlist-analyzer	是
Pudding	Pudding	工具	其他	Pudding在线服务	从公开精选目录发现的 Pudding 官方网站，建议人工确认后收录。	https://pudding.cool/2020/12/judge-my-spotify	是
Discoverifymusic	Discoverifymusic	工具	其他	Discoverifymusic在线服务	从公开精选目录发现的 Discoverifymusic 官方网站，建议人工确认后收录。	https://www.discoverifymusic.com/login	是
Spottr	Spottr	工具	其他	Spottr在线服务	从公开精选目录发现的 Spottr 官方网站，建议人工确认后收录。	https://spottr.vercel.app/login	是
Playlistmutator	Playlistmutator	工具	其他	Playlistmutator在线服务	从公开精选目录发现的 Playlistmutator 官方网站，建议人工确认后收录。	https://playlistmutator.com	是
Tunemymusic	Tunemymusic	工具	其他	Tunemymusic在线服务	从公开精选目录发现的 Tunemymusic 官方网站，建议人工确认后收录。	https://www.tunemymusic.com	是
Kanopy	Kanopy	工具	其他	Kanopy在线服务	从公开精选目录发现的 Kanopy 官方网站，建议人工确认后收录。	https://www.kanopy.com/en	是
Movie Map	Movie Map	工具	其他	Movie Map在线服务	从公开精选目录发现的 Movie Map 官方网站，建议人工确认后收录。	https://www.movie-map.com	是
Reddit	Reddit	工具	其他	Reddit在线服务	从公开精选目录发现的 Reddit 官方网站，建议人工确认后收录。	https://www.reddit.com/r/moviesuggestions/wiki/faq	是
Agoodmovietowatch	Agoodmovietowatch	工具	其他	Agoodmovietowatch在线服务	从公开精选目录发现的 Agoodmovietowatch 官方网站，建议人工确认后收录。	https://agoodmovietowatch.com	是
Tubitv	Tubitv	工具	其他	Tubitv在线服务	从公开精选目录发现的 Tubitv 官方网站，建议人工确认后收录。	https://tubitv.com/home	是
Tiii	Tiii	工具	其他	Tiii在线服务	从公开精选目录发现的 Tiii 官方网站，建议人工确认后收录。	https://tiii.me	是
Moviesettingsdatabase	Moviesettingsdatabase	工具	其他	Moviesettingsdatabase在线服务	从公开精选目录发现的 Moviesettingsdatabase 官方网站，建议人工确认后收录。	https://www.moviesettingsdatabase.com	是
Reelgood	Reelgood	工具	其他	Reelgood在线服务	从公开精选目录发现的 Reelgood 官方网站，建议人工确认后收录。	https://reelgood.com/roulette/netflix	是
Reelgood	Reelgood	工具	其他	Reelgood在线服务	从公开精选目录发现的 Reelgood 官方网站，建议人工确认后收录。	https://reelgood.com	是
Movie Sounds	Movie Sounds	工具	其他	Movie Sounds在线服务	从公开精选目录发现的 Movie Sounds 官方网站，建议人工确认后收录。	https://movie-sounds.org	是
Tunefind	Tunefind	工具	其他	Tunefind在线服务	从公开精选目录发现的 Tunefind 官方网站，建议人工确认后收录。	https://www.tunefind.com	是
Imsdb	Imsdb	工具	其他	Imsdb在线服务	从公开精选目录发现的 Imsdb 官方网站，建议人工确认后收录。	https://imsdb.com	是
Physicsinfilmandtv	Physicsinfilmandtv	工具	其他	Physicsinfilmandtv在线服务	从公开精选目录发现的 Physicsinfilmandtv 官方网站，建议人工确认后收录。	https://physicsinfilmandtv.wordpress.com	是
Rarefilm	Rarefilm	工具	其他	Rarefilm在线服务	从公开精选目录发现的 Rarefilm 官方网站，建议人工确认后收录。	https://rarefilm.net	是
Ihavenotv	Ihavenotv	工具	其他	Ihavenotv在线服务	从公开精选目录发现的 Ihavenotv 官方网站，建议人工确认后收录。	https://ihavenotv.com	是
M	M	工具	其他	M在线服务	从公开精选目录发现的 M 官方网站，建议人工确认后收录。	https://m.wcostream.com	是
Watchdocumentaries	Watchdocumentaries	工具	其他	Watchdocumentaries在线服务	从公开精选目录发现的 Watchdocumentaries 官方网站，建议人工确认后收录。	https://watchdocumentaries.com	是
Sensesofcinema	Sensesofcinema	工具	其他	Sensesofcinema在线服务	从公开精选目录发现的 Sensesofcinema 官方网站，建议人工确认后收录。	https://www.sensesofcinema.com	是
Chinesedramafree	Chinesedramafree	工具	其他	Chinesedramafree在线服务	从公开精选目录发现的 Chinesedramafree 官方网站，建议人工确认后收录。	https://www.chinesedramafree.com	是
Reddit	Reddit	工具	其他	Reddit在线服务	从公开精选目录发现的 Reddit 官方网站，建议人工确认后收录。	https://reddit.com/r/streaminganime/wiki/topsites	是
Reddit	Reddit	工具	其他	Reddit在线服务	从公开精选目录发现的 Reddit 官方网站，建议人工确认后收录。	https://reddit.com/r/anime/wiki/legal_streams	是
Radiooooo	Radiooooo	工具	其他	Radiooooo在线服务	从公开精选目录发现的 Radiooooo 官方网站，建议人工确认后收录。	https://radiooooo.com	是
Lightyear	Lightyear	工具	其他	Lightyear在线服务	从公开精选目录发现的 Lightyear 官方网站，建议人工确认后收录。	https://www.lightyear.fm	是
Tastedive	Tastedive	工具	其他	Tastedive在线服务	从公开精选目录发现的 Tastedive 官方网站，建议人工确认后收录。	https://tastedive.com	是
Pidgi	Pidgi	工具	其他	Pidgi在线服务	从公开精选目录发现的 Pidgi 官方网站，建议人工确认后收录。	https://www.pidgi.net/wiki/main_page	是
Kassellabs	Kassellabs	工具	其他	Kassellabs在线服务	从公开精选目录发现的 Kassellabs 官方网站，建议人工确认后收录。	https://kassellabs.io	是
Ustvgo	Ustvgo	工具	其他	Ustvgo在线服务	从公开精选目录发现的 Ustvgo 官方网站，建议人工确认后收录。	https://ustvgo.tv	是
Allyoucanread	Allyoucanread	工具	其他	Allyoucanread在线服务	从公开精选目录发现的 Allyoucanread 官方网站，建议人工确认后收录。	https://www.allyoucanread.com	是
Karpathy	Karpathy	AI	AI	Karpathy在线服务	从公开精选目录发现的 Karpathy 官方网站，建议人工确认后收录。	https://karpathy.ai/lexicap	是
Aniketvartak	Aniketvartak	工具	其他	Aniketvartak在线服务	从公开精选目录发现的 Aniketvartak 官方网站，建议人工确认后收录。	https://www.aniketvartak.com/html/hall-index.html	是
Thumbly	Thumbly	AI	AI	Thumbly在线服务	从公开精选目录发现的 Thumbly 官方网站，建议人工确认后收录。	https://thumbly.ai	是
Threadreaderapp	Threadreaderapp	工具	其他	Threadreaderapp在线服务	从公开精选目录发现的 Threadreaderapp 官方网站，建议人工确认后收录。	https://threadreaderapp.com	是
Tweepsmap	Tweepsmap	工具	其他	Tweepsmap在线服务	从公开精选目录发现的 Tweepsmap 官方网站，建议人工确认后收录。	https://tweepsmap.com	是
Shadowban	Shadowban	工具	其他	Shadowban在线服务	从公开精选目录发现的 Shadowban 官方网站，建议人工确认后收录。	https://shadowban.yuzurisa.com	是
Twitternamegenerator	Twitternamegenerator	工具	其他	Twitternamegenerator在线服务	从公开精选目录发现的 Twitternamegenerator 官方网站，建议人工确认后收录。	https://twitternamegenerator.com	是
Threadhunt	Threadhunt	工具	其他	Threadhunt在线服务	从公开精选目录发现的 Threadhunt 官方网站，建议人工确认后收录。	https://threadhunt.xyz	是
Smallworld	Smallworld	工具	其他	Smallworld在线服务	从公开精选目录发现的 Smallworld 官方网站，建议人工确认后收录。	https://smallworld.kiwi/signin	是
Murmel	Murmel	工具	其他	Murmel在线服务	从公开精选目录发现的 Murmel 官方网站，建议人工确认后收录。	https://murmel.social/top	是
Chirpty	Chirpty	工具	其他	Chirpty在线服务	从公开精选目录发现的 Chirpty 官方网站，建议人工确认后收录。	https://chirpty.com	是
Capturemytweet	Capturemytweet	工具	其他	Capturemytweet在线服务	从公开精选目录发现的 Capturemytweet 官方网站，建议人工确认后收录。	https://capturemytweet.in	是
Freecodetools	Freecodetools	开发	编程开发	Freecodetools在线服务	从公开精选目录发现的 Freecodetools 官方网站，建议人工确认后收录。	https://freecodetools.org/twitter-card-generator	是
Rattibha	Rattibha	工具	其他	Rattibha在线服务	从公开精选目录发现的 Rattibha 官方网站，建议人工确认后收录。	https://rattibha.com	是
Muskmessages	Muskmessages	工具	其他	Muskmessages在线服务	从公开精选目录发现的 Muskmessages 官方网站，建议人工确认后收录。	https://muskmessages.com	是
Redditlist	Redditlist	工具	其他	Redditlist在线服务	从公开精选目录发现的 Redditlist 官方网站，建议人工确认后收录。	https://redditlist.com	是
Anvaka	Anvaka	开发	编程开发	Anvaka在线服务	从公开精选目录发现的 Anvaka 官方网站，建议人工确认后收录。	https://anvaka.github.io/redsim	是
Reveddit	Reveddit	工具	其他	Reveddit在线服务	从公开精选目录发现的 Reveddit 官方网站，建议人工确认后收录。	https://www.reveddit.com/about	是
Spacebarcounter	Spacebarcounter	工具	其他	Spacebarcounter在线服务	从公开精选目录发现的 Spacebarcounter 官方网站，建议人工确认后收录。	https://www.spacebarcounter.net/reddit-list	是
Unreadit	Unreadit	工具	其他	Unreadit在线服务	从公开精选目录发现的 Unreadit 官方网站，建议人工确认后收录。	https://unreadit.com	是
Whatisthisthing	Whatisthisthing	工具	其他	Whatisthisthing在线服务	从公开精选目录发现的 Whatisthisthing 官方网站，建议人工确认后收录。	https://whatisthisthing.vercel.app	是
Gummysearch	Gummysearch	工具	其他	Gummysearch在线服务	从公开精选目录发现的 Gummysearch 官方网站，建议人工确认后收录。	https://gummysearch.com	是
Redditsearch	Redditsearch	工具	其他	Redditsearch在线服务	从公开精选目录发现的 Redditsearch 官方网站，建议人工确认后收录。	https://redditsearch.io	是
Betterredditsearch	Betterredditsearch	工具	其他	Betterredditsearch在线服务	从公开精选目录发现的 Betterredditsearch 官方网站，建议人工确认后收录。	https://betterredditsearch.web.app	是
Blobs	Blobs	工具	其他	Blobs在线服务	从公开精选目录发现的 Blobs 官方网站，建议人工确认后收录。	https://blobs.gg	是
Money	Money	工具	其他	Money在线服务	从公开精选目录发现的 Money 官方网站，建议人工确认后收录。	https://money.com	是
Thebalancemoney	Thebalancemoney	工具	其他	Thebalancemoney在线服务	从公开精选目录发现的 Thebalancemoney 官方网站，建议人工确认后收录。	https://www.thebalancemoney.com	是
Edition	Edition	工具	其他	Edition在线服务	从公开精选目录发现的 Edition 官方网站，建议人工确认后收录。	https://edition.cnn.com/markets/fear-and-greed	是
Whereswilly	Whereswilly	工具	其他	Whereswilly在线服务	从公开精选目录发现的 Whereswilly 官方网站，建议人工确认后收录。	https://www.whereswilly.com	是
Wheresgeorge	Wheresgeorge	工具	其他	Wheresgeorge在线服务	从公开精选目录发现的 Wheresgeorge 官方网站，建议人工确认后收录。	https://www.wheresgeorge.com	是
En	En	工具	其他	En在线服务	从公开精选目录发现的 En 官方网站，建议人工确认后收录。	https://en.eurobilltracker.com	是
Lendingtree	Lendingtree	工具	其他	Lendingtree在线服务	从公开精选目录发现的 Lendingtree 官方网站，建议人工确认后收录。	https://www.lendingtree.com	是
Masterworks	Masterworks	工具	效率工具	Masterworks在线服务	从公开精选目录发现的 Masterworks 官方网站，建议人工确认后收录。	https://www.masterworks.com	是
Equitybee	Equitybee	工具	其他	Equitybee在线服务	从公开精选目录发现的 Equitybee 官方网站，建议人工确认后收录。	https://equitybee.com	是
Equityzen	Equityzen	工具	其他	Equityzen在线服务	从公开精选目录发现的 Equityzen 官方网站，建议人工确认后收录。	https://equityzen.com	是
Wtfhappenedin1971	Wtfhappenedin1971	工具	其他	Wtfhappenedin1971在线服务	从公开精选目录发现的 Wtfhappenedin1971 官方网站，建议人工确认后收录。	https://wtfhappenedin1971.com	是
Ergodicityeconomics	Ergodicityeconomics	工具	其他	Ergodicityeconomics在线服务	从公开精选目录发现的 Ergodicityeconomics 官方网站，建议人工确认后收录。	https://ergodicityeconomics.com	是
Crunchbase	Crunchbase	工具	其他	Crunchbase在线服务	从公开精选目录发现的 Crunchbase 官方网站，建议人工确认后收录。	https://www.crunchbase.com	是
Bmtoolbox	Bmtoolbox	工具	其他	Bmtoolbox在线服务	从公开精选目录发现的 Bmtoolbox 官方网站，建议人工确认后收录。	https://bmtoolbox.net	是
Gumroad	Gumroad	工具	其他	Gumroad在线服务	从公开精选目录发现的 Gumroad 官方网站，建议人工确认后收录。	https://gumroad.com	是
Takeout	Takeout	工具	其他	Takeout在线服务	从公开精选目录发现的 Takeout 官方网站，建议人工确认后收录。	https://takeout.google.com	是
Joinhoney	Joinhoney	工具	其他	Joinhoney在线服务	从公开精选目录发现的 Joinhoney 官方网站，建议人工确认后收录。	https://www.joinhoney.com	是
Bothelp	Bothelp	工具	其他	Bothelp在线服务	从公开精选目录发现的 Bothelp 官方网站，建议人工确认后收录。	https://bothelp.io/widget	是
Certificateclaim	Certificateclaim	AI	AI	Certificateclaim在线服务	从公开精选目录发现的 Certificateclaim 官方网站，建议人工确认后收录。	https://www.certificateclaim.com	是
Respresso	Respresso	工具	其他	Respresso在线服务	从公开精选目录发现的 Respresso 官方网站，建议人工确认后收录。	https://respresso.io	是
Bonanza	Bonanza	工具	其他	Bonanza在线服务	从公开精选目录发现的 Bonanza 官方网站，建议人工确认后收录。	https://www.bonanza.com	是
Pipl	Pipl	工具	其他	Pipl在线服务	从公开精选目录发现的 Pipl 官方网站，建议人工确认后收录。	https://pipl.com	是
Figr	Figr	工具	其他	Figr在线服务	从公开精选目录发现的 Figr 官方网站，建议人工确认后收录。	https://www.figr.app	是
App	App	工具	其他	App在线服务	从公开精选目录发现的 App 官方网站，建议人工确认后收录。	https://app.livefortunately.com	是
Worldwide	Worldwide	工具	其他	Worldwide在线服务	从公开精选目录发现的 Worldwide 官方网站，建议人工确认后收录。	https://worldwide.espacenet.com	是
Patents	Patents	工具	其他	Patents在线服务	从公开精选目录发现的 Patents 官方网站，建议人工确认后收录。	https://patents.google.com	是
Patentscope	Patentscope	工具	其他	Patentscope在线服务	从公开精选目录发现的 Patentscope 官方网站，建议人工确认后收录。	https://patentscope.wipo.int/search/en/search.jsf	是
Patentlyapple	Patentlyapple	工具	其他	Patentlyapple在线服务	从公开精选目录发现的 Patentlyapple 官方网站，建议人工确认后收录。	https://www.patentlyapple.com/patents-applications	是
Uspto	Uspto	工具	其他	Uspto在线服务	从公开精选目录发现的 Uspto 官方网站，建议人工确认后收录。	https://uspto.report	是
Trends	Trends	工具	其他	Trends在线服务	从公开精选目录发现的 Trends 官方网站，建议人工确认后收录。	https://trends.google.com/trends	是
Trends	Trends	工具	其他	Trends在线服务	从公开精选目录发现的 Trends 官方网站，建议人工确认后收录。	https://trends.google.com/trends/hottrends/visualize	是
Statista	Statista	工具	其他	Statista在线服务	从公开精选目录发现的 Statista 官方网站，建议人工确认后收录。	https://www.statista.com	是
Books	Books	工具	其他	Books在线服务	从公开精选目录发现的 Books 官方网站，建议人工确认后收录。	https://books.google.com/ngrams	是
When2meet	When2meet	工具	效率工具	When2meet在线服务	从公开精选目录发现的 When2meet 官方网站，建议人工确认后收录。	https://www.when2meet.com	是
Sessions	Sessions	工具	其他	Sessions在线服务	从公开精选目录发现的 Sessions 官方网站，建议人工确认后收录。	https://sessions.us	是
Formtochatbot	Formtochatbot	工具	效率工具	Formtochatbot在线服务	从公开精选目录发现的 Formtochatbot 官方网站，建议人工确认后收录。	https://formtochatbot.com	是
Ycombinator	Ycombinator	工具	其他	Ycombinator在线服务	从公开精选目录发现的 Ycombinator 官方网站，建议人工确认后收录。	https://www.ycombinator.com/jobs	是
Coroflot	Coroflot	工具	其他	Coroflot在线服务	从公开精选目录发现的 Coroflot 官方网站，建议人工确认后收录。	https://www.coroflot.com/discover	是
Coolstartupjobs	Coolstartupjobs	工具	其他	Coolstartupjobs在线服务	从公开精选目录发现的 Coolstartupjobs 官方网站，建议人工确认后收录。	https://www.coolstartupjobs.com	是
Jobs	Jobs	工具	其他	Jobs在线服务	从公开精选目录发现的 Jobs 官方网站，建议人工确认后收录。	https://jobs.hanzilla.co	是
Anonfriendly	Anonfriendly	工具	其他	Anonfriendly在线服务	从公开精选目录发现的 Anonfriendly 官方网站，建议人工确认后收录。	https://anonfriendly.com	是
Prompt Engineering Jobs	Prompt Engineering Jobs	工具	其他	Prompt Engineering Jobs在线服务	从公开精选目录发现的 Prompt Engineering Jobs 官方网站，建议人工确认后收录。	https://prompt-engineering-jobs.com	是
Aidevboard	Aidevboard	AI	AI	Aidevboard在线服务	从公开精选目录发现的 Aidevboard 官方网站，建议人工确认后收录。	https://aidevboard.com	是
Keyvalues	Keyvalues	工具	其他	Keyvalues在线服务	从公开精选目录发现的 Keyvalues 官方网站，建议人工确认后收录。	https://www.keyvalues.com	是
About	About	工具	其他	About在线服务	从公开精选目录发现的 About 官方网站，建议人工确认后收录。	https://about.me	是
Rejected	Rejected	工具	其他	Rejected在线服务	从公开精选目录发现的 Rejected 官方网站，建议人工确认后收录。	https://rejected.us	是
Techinterviewhandbook	Techinterviewhandbook	工具	其他	Techinterviewhandbook在线服务	从公开精选目录发现的 Techinterviewhandbook 官方网站，建议人工确认后收录。	https://www.techinterviewhandbook.org	是
Remoteok	Remoteok	工具	其他	Remoteok在线服务	从公开精选目录发现的 Remoteok 官方网站，建议人工确认后收录。	https://remoteok.com	是
Remotive	Remotive	工具	其他	Remotive在线服务	从公开精选目录发现的 Remotive 官方网站，建议人工确认后收录。	https://remotive.com	是
Remote	Remote	工具	其他	Remote在线服务	从公开精选目录发现的 Remote 官方网站，建议人工确认后收录。	https://remote.co	是
Remoteleaf	Remoteleaf	工具	其他	Remoteleaf在线服务	从公开精选目录发现的 Remoteleaf 官方网站，建议人工确认后收录。	https://remoteleaf.com	是
Remoteleads	Remoteleads	工具	其他	Remoteleads在线服务	从公开精选目录发现的 Remoteleads 官方网站，建议人工确认后收录。	https://remoteleads.io	是
Remotebear	Remotebear	工具	其他	Remotebear在线服务	从公开精选目录发现的 Remotebear 官方网站，建议人工确认后收录。	https://remotebear.io	是
Remotebase	Remotebase	工具	其他	Remotebase在线服务	从公开精选目录发现的 Remotebase 官方网站，建议人工确认后收录。	https://remotebase.com	是
Justremote	Justremote	工具	其他	Justremote在线服务	从公开精选目录发现的 Justremote 官方网站，建议人工确认后收录。	https://justremote.co	是
Jsremotely	Jsremotely	工具	其他	Jsremotely在线服务	从公开精选目录发现的 Jsremotely 官方网站，建议人工确认后收录。	https://jsremotely.com	是
Jobspresso	Jobspresso	工具	其他	Jobspresso在线服务	从公开精选目录发现的 Jobspresso 官方网站，建议人工确认后收录。	https://jobspresso.co	是
Justjoin	Justjoin	工具	其他	Justjoin在线服务	从公开精选目录发现的 Justjoin 官方网站，建议人工确认后收录。	https://justjoin.it	是
Flexjobs	Flexjobs	工具	其他	Flexjobs在线服务	从公开精选目录发现的 Flexjobs 官方网站，建议人工确认后收录。	https://flexjobs.com	是
Weworkremotely	Weworkremotely	工具	效率工具	Weworkremotely在线服务	从公开精选目录发现的 Weworkremotely 官方网站，建议人工确认后收录。	https://weworkremotely.com	是
Dailyremote	Dailyremote	AI	AI	Dailyremote在线服务	从公开精选目录发现的 Dailyremote 官方网站，建议人工确认后收录。	https://dailyremote.com	是
Angel	Angel	工具	其他	Angel在线服务	从公开精选目录发现的 Angel 官方网站，建议人工确认后收录。	https://angel.co/candidates/overview	是
Hired	Hired	工具	其他	Hired在线服务	从公开精选目录发现的 Hired 官方网站，建议人工确认后收录。	https://hired.com	是
Powertofly	Powertofly	工具	其他	Powertofly在线服务	从公开精选目录发现的 Powertofly 官方网站，建议人工确认后收录。	https://powertofly.com	是
Skipthedrive	Skipthedrive	工具	其他	Skipthedrive在线服务	从公开精选目录发现的 Skipthedrive 官方网站，建议人工确认后收录。	https://skipthedrive.com	是
Authenticjobs	Authenticjobs	工具	其他	Authenticjobs在线服务	从公开精选目录发现的 Authenticjobs 官方网站，建议人工确认后收录。	https://authenticjobs.com	是
Workingnomads	Workingnomads	工具	效率工具	Workingnomads在线服务	从公开精选目录发现的 Workingnomads 官方网站，建议人工确认后收录。	https://workingnomads.co	是
Europeremotely	Europeremotely	工具	其他	Europeremotely在线服务	从公开精选目录发现的 Europeremotely 官方网站，建议人工确认后收录。	https://europeremotely.com	是
Virtualvocations	Virtualvocations	工具	其他	Virtualvocations在线服务	从公开精选目录发现的 Virtualvocations 官方网站，建议人工确认后收录。	https://virtualvocations.com	是
Benture	Benture	工具	其他	Benture在线服务	从公开精选目录发现的 Benture 官方网站，建议人工确认后收录。	https://benture.io	是
Remotestarterkit	Remotestarterkit	工具	其他	Remotestarterkit在线服务	从公开精选目录发现的 Remotestarterkit 官方网站，建议人工确认后收录。	https://www.remotestarterkit.com	是
Unomaha	Unomaha	教育	在线学习	Unomaha在线服务	从公开精选目录发现的 Unomaha 官方网站，建议人工确认后收录。	https://www.unomaha.edu/student-life/achievement/academic-and-career-development-center/career-development/jobs-and-internships/job-internship-resources.php	是
Visualcv	Visualcv	工具	其他	Visualcv在线服务	从公开精选目录发现的 Visualcv 官方网站，建议人工确认后收录。	https://www.visualcv.com/resume-samples	是
Superportfolio	Superportfolio	工具	其他	Superportfolio在线服务	从公开精选目录发现的 Superportfolio 官方网站，建议人工确认后收录。	https://superportfolio.co	是
Referd	Referd	AI	AI	Referd在线服务	从公开精选目录发现的 Referd 官方网站，建议人工确认后收录。	https://www.referd.ai/resume-scanner	是
Goodcv	Goodcv	工具	其他	Goodcv在线服务	从公开精选目录发现的 Goodcv 官方网站，建议人工确认后收录。	https://www.goodcv.com	是
Jsonresume	Jsonresume	工具	其他	Jsonresume在线服务	从公开精选目录发现的 Jsonresume 官方网站，建议人工确认后收录。	https://jsonresume.io	是
Cvmkr	Cvmkr	工具	其他	Cvmkr在线服务	从公开精选目录发现的 Cvmkr 官方网站，建议人工确认后收录。	https://cvmkr.com	是
Novoresume	Novoresume	工具	其他	Novoresume在线服务	从公开精选目录发现的 Novoresume 官方网站，建议人工确认后收录。	https://novoresume.com	是
Hellotechrecruiters	Hellotechrecruiters	工具	其他	Hellotechrecruiters在线服务	从公开精选目录发现的 Hellotechrecruiters 官方网站，建议人工确认后收录。	https://hellotechrecruiters.com	是
Flowcv	Flowcv	工具	其他	Flowcv在线服务	从公开精选目录发现的 Flowcv 官方网站，建议人工确认后收录。	https://flowcv.com	是
Signature Maker	Signature Maker	工具	其他	Signature Maker在线服务	从公开精选目录发现的 Signature Maker 官方网站，建议人工确认后收录。	https://signature-maker.net	是
Wtfshouldidowithmylife	Wtfshouldidowithmylife	工具	其他	Wtfshouldidowithmylife在线服务	从公开精选目录发现的 Wtfshouldidowithmylife 官方网站，建议人工确认后收录。	https://www.wtfshouldidowithmylife.com	是
Path To Polymathy	Path To Polymathy	工具	其他	Path To Polymathy在线服务	从公开精选目录发现的 Path To Polymathy 官方网站，建议人工确认后收录。	https://path-to-polymathy.notion.site/path-to-polymathy/path-to-polymathy-d7586429b7ce4db1889fc539822b9670	是
80000hours	80000hours	工具	其他	80000hours在线服务	从公开精选目录发现的 80000hours 官方网站，建议人工确认后收录。	https://80000hours.org	是
Growth	Growth	工具	其他	Growth在线服务	从公开精选目录发现的 Growth 官方网站，建议人工确认后收录。	https://growth.tlb.org	是
Capbase	Capbase	工具	其他	Capbase在线服务	从公开精选目录发现的 Capbase 官方网站，建议人工确认后收录。	https://capbase.com/startup-equity-calculator	是
Progress	Progress	工具	其他	Progress在线服务	从公开精选目录发现的 Progress 官方网站，建议人工确认后收录。	https://progress.fiftyyears.com	是
Kapwing	Kapwing	工具	其他	Kapwing在线服务	从公开精选目录发现的 Kapwing 官方网站，建议人工确认后收录。	https://www.kapwing.com/museum-of-websites	是
Hypercontext	Hypercontext	工具	其他	Hypercontext在线服务	从公开精选目录发现的 Hypercontext 官方网站，建议人工确认后收录。	https://hypercontext.com/goal-examples	是
Feedough	Feedough	工具	其他	Feedough在线服务	从公开精选目录发现的 Feedough 官方网站，建议人工确认后收录。	https://www.feedough.com/startup-resources	是
Docs	Docs	工具	其他	Docs在线服务	从公开精选目录发现的 Docs 官方网站，建议人工确认后收录。	https://docs.google.com/spreadsheets/d/1s6-hgbh0_tqa-jd23fsdyuwbms8upmelpqah-rnoa_a/htmlview	是
Founderresources	Founderresources	工具	其他	Founderresources在线服务	从公开精选目录发现的 Founderresources 官方网站，建议人工确认后收录。	https://www.founderresources.io	是
Harishgarg	Harishgarg	工具	其他	Harishgarg在线服务	从公开精选目录发现的 Harishgarg 官方网站，建议人工确认后收录。	https://harishgarg.gumroad.com/l/wisvc	是
Cerdeira	Cerdeira	工具	其他	Cerdeira在线服务	从公开精选目录发现的 Cerdeira 官方网站，建议人工确认后收录。	https://cerdeira.notion.site/b3b5f44d37cf4843b3fcd2f300354467	是
View	View	工具	其他	View在线服务	从公开精选目录发现的 View 官方网站，建议人工确认后收录。	https://view.officeapps.live.com/op/view.aspx	是
Chrome	Chrome	工具	其他	Chrome在线服务	从公开精选目录发现的 Chrome 官方网站，建议人工确认后收录。	https://chrome.google.com/webstore/detail/github-email-hunter/ppcegaekdbgcgbapfdcjbhednhmgcjnk	是
Theangelphilosopher	Theangelphilosopher	工具	其他	Theangelphilosopher在线服务	从公开精选目录发现的 Theangelphilosopher 官方网站，建议人工确认后收录。	https://theangelphilosopher.com	是
Underglass	Underglass	工具	其他	Underglass在线服务	从公开精选目录发现的 Underglass 官方网站，建议人工确认后收录。	https://underglass.io	是
Attachments	Attachments	工具	其他	Attachments在线服务	从公开精选目录发现的 Attachments 官方网站，建议人工确认后收录。	https://attachments.convertkitcdnn2.com/587796/1e723803-ab50-4a61-9b3a-f347aa436408/the%20perfect%20pitch%20deck.pdf	是
Oldcomputers	Oldcomputers	工具	其他	Oldcomputers在线服务	从公开精选目录发现的 Oldcomputers 官方网站，建议人工确认后收录。	https://oldcomputers.net	是
Startups List	Startups List	工具	其他	Startups List在线服务	从公开精选目录发现的 Startups List 官方网站，建议人工确认后收录。	https://www.startups-list.com	是
Pessimistsarchive	Pessimistsarchive	工具	其他	Pessimistsarchive在线服务	从公开精选目录发现的 Pessimistsarchive 官方网站，建议人工确认后收录。	https://pessimistsarchive.org	是
Failory	Failory	AI	AI	Failory在线服务	从公开精选目录发现的 Failory 官方网站，建议人工确认后收录。	https://www.failory.com/google	是
Killedbygoogle	Killedbygoogle	工具	其他	Killedbygoogle在线服务	从公开精选目录发现的 Killedbygoogle 官方网站，建议人工确认后收录。	https://killedbygoogle.com	是
Tiffzhang	Tiffzhang	工具	其他	Tiffzhang在线服务	从公开精选目录发现的 Tiffzhang 官方网站，建议人工确认后收录。	https://tiffzhang.com/startup	是
Answersocrates	Answersocrates	工具	其他	Answersocrates在线服务	从公开精选目录发现的 Answersocrates 官方网站，建议人工确认后收录。	https://answersocrates.com	是
Ideasai	Ideasai	AI	AI	Ideasai在线服务	从公开精选目录发现的 Ideasai 官方网站，建议人工确认后收录。	https://ideasai.com	是
Answerthepublic	Answerthepublic	工具	其他	Answerthepublic在线服务	从公开精选目录发现的 Answerthepublic 官方网站，建议人工确认后收录。	https://answerthepublic.com	是
En	En	工具	其他	En在线服务	从公开精选目录发现的 En 官方网站，建议人工确认后收录。	https://en.wikipedia.org/wiki/list_of_emerging_technologies	是
Unicorner	Unicorner	工具	其他	Unicorner在线服务	从公开精选目录发现的 Unicorner 官方网站，建议人工确认后收录。	https://unicorner.news	是
Demandhunt	Demandhunt	工具	其他	Demandhunt在线服务	从公开精选目录发现的 Demandhunt 官方网站，建议人工确认后收录。	https://demandhunt.com	是
Integromat	Integromat	工具	其他	Integromat在线服务	从公开精选目录发现的 Integromat 官方网站，建议人工确认后收录。	https://www.integromat.com/en	是
Meetfranz	Meetfranz	工具	效率工具	Meetfranz在线服务	从公开精选目录发现的 Meetfranz 官方网站，建议人工确认后收录。	https://meetfranz.com	是
Remotedesktop	Remotedesktop	工具	其他	Remotedesktop在线服务	从公开精选目录发现的 Remotedesktop 官方网站，建议人工确认后收录。	https://remotedesktop.google.com	是
Recwide	Recwide	工具	其他	Recwide在线服务	从公开精选目录发现的 Recwide 官方网站，建议人工确认后收录。	https://www.recwide.com	是
Kk	Kk	工具	其他	Kk在线服务	从公开精选目录发现的 Kk 官方网站，建议人工确认后收录。	https://kk.org/thetechnium/1000-true-fans	是
Alias	Alias	工具	其他	Alias在线服务	从公开精选目录发现的 Alias 官方网站，建议人工确认后收录。	https://alias.co	是
Littlesis	Littlesis	工具	其他	Littlesis在线服务	从公开精选目录发现的 Littlesis 官方网站，建议人工确认后收录。	https://littlesis.org	是
Socialimagemaker	Socialimagemaker	设计	设计与创意	Socialimagemaker在线服务	从公开精选目录发现的 Socialimagemaker 官方网站，建议人工确认后收录。	https://socialimagemaker.io	是
Opensourcedesign	Opensourcedesign	设计	设计与创意	Opensourcedesign在线服务	从公开精选目录发现的 Opensourcedesign 官方网站，建议人工确认后收录。	https://opensourcedesign.net/resources	是
Transparenttextures	Transparenttextures	工具	其他	Transparenttextures在线服务	从公开精选目录发现的 Transparenttextures 官方网站，建议人工确认后收录。	https://transparenttextures.com	是
Producthunt	Producthunt	工具	效率工具	Producthunt在线服务	从公开精选目录发现的 Producthunt 官方网站，建议人工确认后收录。	https://www.producthunt.com/e/0-design-tools	是
Easel	Easel	工具	其他	Easel在线服务	从公开精选目录发现的 Easel 官方网站，建议人工确认后收录。	https://www.easel.ly	是
M3	M3	工具	其他	M3在线服务	从公开精选目录发现的 M3 官方网站，建议人工确认后收录。	https://m3.material.io	是
Rasterizer	Rasterizer	工具	其他	Rasterizer在线服务	从公开精选目录发现的 Rasterizer 官方网站，建议人工确认后收录。	https://rasterizer.io	是
Jitter	Jitter	工具	其他	Jitter在线服务	从公开精选目录发现的 Jitter 官方网站，建议人工确认后收录。	https://jitter.video	是
Studio	Studio	工具	其他	Studio在线服务	从公开精选目录发现的 Studio 官方网站，建议人工确认后收录。	https://studio.polotno.com	是
Bitbof	Bitbof	工具	其他	Bitbof在线服务	从公开精选目录发现的 Bitbof 官方网站，建议人工确认后收录。	https://bitbof.com	是
Sumo	Sumo	工具	其他	Sumo在线服务	从公开精选目录发现的 Sumo 官方网站，建议人工确认后收录。	https://sumo.app	是
Randomdesignstuff	Randomdesignstuff	设计	设计与创意	Randomdesignstuff在线服务	从公开精选目录发现的 Randomdesignstuff 官方网站，建议人工确认后收录。	https://randomdesignstuff.com	是
Discovernft	Discovernft	工具	其他	Discovernft在线服务	从公开精选目录发现的 Discovernft 官方网站，建议人工确认后收录。	https://www.discovernft.club	是
App	App	AI	AI	App在线服务	从公开精选目录发现的 App 官方网站，建议人工确认后收录。	https://app.haikei.app	是
Visiwig	Visiwig	工具	其他	Visiwig在线服务	从公开精选目录发现的 Visiwig 官方网站，建议人工确认后收录。	https://www.visiwig.com	是
Freetype	Freetype	工具	其他	Freetype在线服务	从公开精选目录发现的 Freetype 官方网站，建议人工确认后收录。	https://freetype.org	是
Hexcolor	Hexcolor	工具	其他	Hexcolor在线服务	从公开精选目录发现的 Hexcolor 官方网站，建议人工确认后收录。	https://hexcolor.co	是
Color	Color	工具	其他	Color在线服务	从公开精选目录发现的 Color 官方网站，建议人工确认后收录。	https://color.adobe.com/create/color-wheel	是
Schemecolor	Schemecolor	工具	其他	Schemecolor在线服务	从公开精选目录发现的 Schemecolor 官方网站，建议人工确认后收录。	https://www.schemecolor.com	是
Mobilepalette	Mobilepalette	工具	其他	Mobilepalette在线服务	从公开精选目录发现的 Mobilepalette 官方网站，建议人工确认后收录。	https://mobilepalette.colorion.co	是
Degraeve	Degraeve	工具	其他	Degraeve在线服务	从公开精选目录发现的 Degraeve 官方网站，建议人工确认后收录。	https://www.degraeve.com/color-palette	是
0to255	0to255	工具	其他	0to255在线服务	从公开精选目录发现的 0to255 官方网站，建议人工确认后收录。	https://0to255.com	是
Colorhexa	Colorhexa	工具	其他	Colorhexa在线服务	从公开精选目录发现的 Colorhexa 官方网站，建议人工确认后收录。	https://www.colorhexa.com	是
Colors	Colors	工具	其他	Colors在线服务	从公开精选目录发现的 Colors 官方网站，建议人工确认后收录。	https://colors.lol	是
Fontsquirrel	Fontsquirrel	设计	设计与创意	Fontsquirrel在线服务	从公开精选目录发现的 Fontsquirrel 官方网站，建议人工确认后收录。	https://www.fontsquirrel.com	是
Fontdiscovery	Fontdiscovery	设计	设计与创意	Fontdiscovery在线服务	从公开精选目录发现的 Fontdiscovery 官方网站，建议人工确认后收录。	https://fontdiscovery.typogram.co	是
Myfonts	Myfonts	设计	设计与创意	Myfonts在线服务	从公开精选目录发现的 Myfonts 官方网站，建议人工确认后收录。	https://www.myfonts.com	是
Dafont	Dafont	设计	设计与创意	Dafont在线服务	从公开精选目录发现的 Dafont 官方网站，建议人工确认后收录。	https://www.dafont.com	是
Vecg	Vecg	工具	其他	Vecg在线服务	从公开精选目录发现的 Vecg 官方网站，建议人工确认后收录。	http://vecg.cs.ucl.ac.uk/projects/projects_fonts/projects_fonts.html	是
Thenounproject	Thenounproject	工具	其他	Thenounproject在线服务	从公开精选目录发现的 Thenounproject 官方网站，建议人工确认后收录。	https://thenounproject.com	是
Iconpacks	Iconpacks	设计	设计与创意	Iconpacks在线服务	从公开精选目录发现的 Iconpacks 官方网站，建议人工确认后收录。	https://www.iconpacks.net	是
Notion	Notion	工具	其他	Notion在线服务	从公开精选目录发现的 Notion 官方网站，建议人工确认后收录。	https://www.notion.so/doodlicons-519314a92ed3474093a10e44946bbb72	是
Illustrationkit	Illustrationkit	工具	其他	Illustrationkit在线服务	从公开精选目录发现的 Illustrationkit 官方网站，建议人工确认后收录。	https://illustrationkit.com	是
Iconshock	Iconshock	设计	设计与创意	Iconshock在线服务	从公开精选目录发现的 Iconshock 官方网站，建议人工确认后收录。	https://www.iconshock.com/freeicons	是
3dicons	3dicons	设计	设计与创意	3dicons在线服务	从公开精选目录发现的 3dicons 官方网站，建议人工确认后收录。	https://3dicons.co	是
Fontello	Fontello	设计	设计与创意	Fontello在线服务	从公开精选目录发现的 Fontello 官方网站，建议人工确认后收录。	https://fontello.com	是
Healthicons	Healthicons	设计	设计与创意	Healthicons在线服务	从公开精选目录发现的 Healthicons 官方网站，建议人工确认后收录。	https://healthicons.org	是
Tablericons	Tablericons	设计	设计与创意	Tablericons在线服务	从公开精选目录发现的 Tablericons 官方网站，建议人工确认后收录。	https://tablericons.com	是
David	David	工具	其他	David在线服务	从公开精选目录发现的 David 官方网站，建议人工确认后收录。	https://david.li	是
Icomoon	Icomoon	工具	其他	Icomoon在线服务	从公开精选目录发现的 Icomoon 官方网站，建议人工确认后收录。	https://icomoon.io	是
Utf8icons	Utf8icons	设计	设计与创意	Utf8icons在线服务	从公开精选目录发现的 Utf8icons 官方网站，建议人工确认后收录。	https://www.utf8icons.com	是
Passionhacks	Passionhacks	工具	其他	Passionhacks在线服务	从公开精选目录发现的 Passionhacks 官方网站，建议人工确认后收录。	https://passionhacks.com/free-isometric-illustrations	是
Illlustrations	Illlustrations	工具	其他	Illlustrations在线服务	从公开精选目录发现的 Illlustrations 官方网站，建议人工确认后收录。	https://illlustrations.co	是
Pixelbazaar	Pixelbazaar	工具	其他	Pixelbazaar在线服务	从公开精选目录发现的 Pixelbazaar 官方网站，建议人工确认后收录。	https://www.pixelbazaar.com	是
Iconz	Iconz	设计	设计与创意	Iconz在线服务	从公开精选目录发现的 Iconz 官方网站，建议人工确认后收录。	https://iconz.design	是
Hugeicons	Hugeicons	设计	设计与创意	Hugeicons在线服务	从公开精选目录发现的 Hugeicons 官方网站，建议人工确认后收录。	https://hugeicons.pro	是
Game Icons	Game Icons	设计	设计与创意	Game Icons在线服务	从公开精选目录发现的 Game Icons 官方网站，建议人工确认后收录。	https://game-icons.net	是
Thestocks	Thestocks	工具	其他	Thestocks在线服务	从公开精选目录发现的 Thestocks 官方网站，建议人工确认后收录。	https://thestocks.im	是
Freeimages	Freeimages	设计	设计与创意	Freeimages在线服务	从公开精选目录发现的 Freeimages 官方网站，建议人工确认后收录。	https://www.freeimages.com	是
Pngguru	Pngguru	工具	其他	Pngguru在线服务	从公开精选目录发现的 Pngguru 官方网站，建议人工确认后收录。	https://www.pngguru.in	是
Pond5	Pond5	工具	其他	Pond5在线服务	从公开精选目录发现的 Pond5 官方网站，建议人工确认后收录。	https://www.pond5.com/free	是
Critter	Critter	工具	其他	Critter在线服务	从公开精选目录发现的 Critter 官方网站，建议人工确认后收录。	https://www.critter.pics	是
Stockup	Stockup	工具	其他	Stockup在线服务	从公开精选目录发现的 Stockup 官方网站，建议人工确认后收录。	https://stockup.sitebuilderreport.com	是
Zoom	Zoom	工具	其他	Zoom在线服务	从公开精选目录发现的 Zoom 官方网站，建议人工确认后收录。	https://zoom.nl	是
Skuawk	Skuawk	工具	其他	Skuawk在线服务	从公开精选目录发现的 Skuawk 官方网站，建议人工确认后收录。	https://skuawk.com	是
All Free Download	All Free Download	工具	其他	All Free Download在线服务	从公开精选目录发现的 All Free Download 官方网站，建议人工确认后收录。	https://all-free-download.com	是
Openverse	Openverse	工具	其他	Openverse在线服务	从公开精选目录发现的 Openverse 官方网站，建议人工确认后收录。	https://openverse.org	是
Wallpapers	Wallpapers	工具	其他	Wallpapers在线服务	从公开精选目录发现的 Wallpapers 官方网站，建议人工确认后收录。	https://wallpapers.com	是
Wallpapercave	Wallpapercave	工具	其他	Wallpapercave在线服务	从公开精选目录发现的 Wallpapercave 官方网站，建议人工确认后收录。	https://wallpapercave.com	是
Moviemania	Moviemania	工具	其他	Moviemania在线服务	从公开精选目录发现的 Moviemania 官方网站，建议人工确认后收录。	https://www.moviemania.io/phone	是
Wallpapertip	Wallpapertip	工具	其他	Wallpapertip在线服务	从公开精选目录发现的 Wallpapertip 官方网站，建议人工确认后收录。	https://www.wallpapertip.com	是
Simpledesktops	Simpledesktops	工具	其他	Simpledesktops在线服务	从公开精选目录发现的 Simpledesktops 官方网站，建议人工确认后收录。	https://simpledesktops.com/browse	是
Wallpaperflare	Wallpaperflare	工具	其他	Wallpaperflare在线服务	从公开精选目录发现的 Wallpaperflare 官方网站，建议人工确认后收录。	https://www.wallpaperflare.com/search	是
Positrondream	Positrondream	工具	其他	Positrondream在线服务	从公开精选目录发现的 Positrondream 官方网站，建议人工确认后收录。	https://www.positrondream.com/wallpapers-all	是
Kpopdemonhunterswallpaper	Kpopdemonhunterswallpaper	工具	其他	Kpopdemonhunterswallpaper在线服务	从公开精选目录发现的 Kpopdemonhunterswallpaper 官方网站，建议人工确认后收录。	https://kpopdemonhunterswallpaper.com	是
Weavesilk	Weavesilk	工具	其他	Weavesilk在线服务	从公开精选目录发现的 Weavesilk 官方网站，建议人工确认后收录。	https://weavesilk.com	是
Artsandculture	Artsandculture	工具	其他	Artsandculture在线服务	从公开精选目录发现的 Artsandculture 官方网站，建议人工确认后收录。	https://artsandculture.google.com	是
Artgraphica	Artgraphica	工具	其他	Artgraphica在线服务	从公开精选目录发现的 Artgraphica 官方网站，建议人工确认后收录。	https://www.artgraphica.net	是
Tattooswizard	Tattooswizard	工具	其他	Tattooswizard在线服务	从公开精选目录发现的 Tattooswizard 官方网站，建议人工确认后收录。	https://tattooswizard.com	是
Artic	Artic	教育	在线学习	Artic在线服务	从公开精选目录发现的 Artic 官方网站，建议人工确认后收录。	https://www.artic.edu/collection	是
Zoomquilt	Zoomquilt	工具	其他	Zoomquilt在线服务	从公开精选目录发现的 Zoomquilt 官方网站，建议人工确认后收录。	https://zoomquilt.org	是
Invaluable	Invaluable	工具	其他	Invaluable在线服务	从公开精选目录发现的 Invaluable 官方网站，建议人工确认后收录。	https://www.invaluable.com	是
50watts	50watts	工具	其他	50watts在线服务	从公开精选目录发现的 50watts 官方网站，建议人工确认后收录。	https://50watts.com	是
Cambridgeincolour	Cambridgeincolour	工具	其他	Cambridgeincolour在线服务	从公开精选目录发现的 Cambridgeincolour 官方网站，建议人工确认后收录。	https://www.cambridgeincolour.com	是
Exposureguide	Exposureguide	工具	其他	Exposureguide在线服务	从公开精选目录发现的 Exposureguide 官方网站，建议人工确认后收录。	https://www.exposureguide.com	是
Ello	Ello	工具	其他	Ello在线服务	从公开精选目录发现的 Ello 官方网站，建议人工确认后收录。	https://ello.co/discover	是
Tldrthis	Tldrthis	工具	其他	Tldrthis在线服务	从公开精选目录发现的 Tldrthis 官方网站，建议人工确认后收录。	https://tldrthis.com	是
Archive	Archive	工具	其他	Archive在线服务	从公开精选目录发现的 Archive 官方网站，建议人工确认后收录。	https://archive.org/details/generalindex	是
Homeworkhelpglobal	Homeworkhelpglobal	工具	效率工具	Homeworkhelpglobal在线服务	从公开精选目录发现的 Homeworkhelpglobal 官方网站，建议人工确认后收录。	https://www.homeworkhelpglobal.com	是
Sites	Sites	教育	在线学习	Sites在线服务	从公开精选目录发现的 Sites 官方网站，建议人工确认后收录。	https://sites.dartmouth.edu/nyhan/academic-careers	是
Cnx	Cnx	工具	其他	Cnx在线服务	从公开精选目录发现的 Cnx 官方网站，建议人工确认后收录。	https://cnx.org	是
Reachoutmichigan	Reachoutmichigan	工具	其他	Reachoutmichigan在线服务	从公开精选目录发现的 Reachoutmichigan 官方网站，建议人工确认后收录。	https://www.reachoutmichigan.org/learn/tutorials.html	是
Opentextbc	Opentextbc	工具	其他	Opentextbc在线服务	从公开精选目录发现的 Opentextbc 官方网站，建议人工确认后收录。	https://opentextbc.ca	是
Chrome	Chrome	工具	其他	Chrome在线服务	从公开精选目录发现的 Chrome 官方网站，建议人工确认后收录。	https://chrome.google.com/webstore/detail/modern-for-wikipedia/emdkdnnopdnajipoapepbeeiemahbjcn	是
Chrome	Chrome	工具	其他	Chrome在线服务	从公开精选目录发现的 Chrome 官方网站，建议人工确认后收录。	https://chrome.google.com/webstore/detail/wikiwand-wikipedia-modern/emffkefkbkpkgpdeeooapgaicgmcbolj	是
En	En	工具	其他	En在线服务	从公开精选目录发现的 En 官方网站，建议人工确认后收录。	https://en.wikipedia.org/wiki/list_of_academic_databases_and_search_engines	是
Scribbr	Scribbr	工具	其他	Scribbr在线服务	从公开精选目录发现的 Scribbr 官方网站，建议人工确认后收录。	https://www.scribbr.com/citation/generator/apa	是
Temple	Temple	工具	其他	Temple在线服务	从公开精选目录发现的 Temple 官方网站，建议人工确认后收录。	https://temple.manifoldapp.org/projects/bridges	是
Tropy	Tropy	工具	其他	Tropy在线服务	从公开精选目录发现的 Tropy 官方网站，建议人工确认后收录。	https://tropy.org	是
Catalog	Catalog	工具	其他	Catalog在线服务	从公开精选目录发现的 Catalog 官方网站，建议人工确认后收录。	https://catalog.lindahall.org/discovery/search	是
Projectabstracts	Projectabstracts	工具	其他	Projectabstracts在线服务	从公开精选目录发现的 Projectabstracts 官方网站，建议人工确认后收录。	https://projectabstracts.com	是
Scirp	Scirp	工具	其他	Scirp在线服务	从公开精选目录发现的 Scirp 官方网站，建议人工确认后收录。	https://www.scirp.org/journal/openaccess	是
Doi	Doi	工具	其他	Doi在线服务	从公开精选目录发现的 Doi 官方网站，建议人工确认后收录。	https://www.doi.org	是
Bartleby	Bartleby	工具	其他	Bartleby在线服务	从公开精选目录发现的 Bartleby 官方网站，建议人工确认后收录。	https://www.bartleby.com	是
Chegg	Chegg	工具	其他	Chegg在线服务	从公开精选目录发现的 Chegg 官方网站，建议人工确认后收录。	https://www.chegg.com	是
Chegg	Chegg	工具	其他	Chegg在线服务	从公开精选目录发现的 Chegg 官方网站，建议人工确认后收录。	https://www.chegg.com/flashcards	是
Calcresource	Calcresource	工具	其他	Calcresource在线服务	从公开精选目录发现的 Calcresource 官方网站，建议人工确认后收录。	https://calcresource.com/index.html	是
Efunda	Efunda	工具	其他	Efunda在线服务	从公开精选目录发现的 Efunda 官方网站，建议人工确认后收录。	https://www.efunda.com/home.cfm	是
Calculator	Calculator	工具	其他	Calculator在线服务	从公开精选目录发现的 Calculator 官方网站，建议人工确认后收录。	https://www.calculator.net/lcm-calculator.html	是
Calculator	Calculator	工具	其他	Calculator在线服务	从公开精选目录发现的 Calculator 官方网站，建议人工确认后收录。	https://www.calculator.net/gcf-calculator.html	是
Calculatorsoup	Calculatorsoup	工具	其他	Calculatorsoup在线服务	从公开精选目录发现的 Calculatorsoup 官方网站，建议人工确认后收录。	https://www.calculatorsoup.com	是
Rapidtables	Rapidtables	开发	编程开发	Rapidtables在线服务	从公开精选目录发现的 Rapidtables 官方网站，建议人工确认后收录。	https://www.rapidtables.com	是
Emathhelp	Emathhelp	工具	其他	Emathhelp在线服务	从公开精选目录发现的 Emathhelp 官方网站，建议人工确认后收录。	https://www.emathhelp.net/en/linear-algebra-calculator	是
En	En	工具	其他	En在线服务	从公开精选目录发现的 En 官方网站，建议人工确认后收录。	https://en.wikipedia.org/wiki/list_of_physical_quantities	是
Emathhelp	Emathhelp	工具	其他	Emathhelp在线服务	从公开精选目录发现的 Emathhelp 官方网站，建议人工确认后收录。	https://www.emathhelp.net/en/calculators/linear-algebra	是
Onlinemschool	Onlinemschool	教育	在线学习	Onlinemschool在线服务	从公开精选目录发现的 Onlinemschool 官方网站，建议人工确认后收录。	https://onlinemschool.com/math/assistance	是
Percentofpercentcalculator	Percentofpercentcalculator	工具	其他	Percentofpercentcalculator在线服务	从公开精选目录发现的 Percentofpercentcalculator 官方网站，建议人工确认后收录。	https://www.percentofpercentcalculator.com	是
Infocobuild	Infocobuild	工具	其他	Infocobuild在线服务	从公开精选目录发现的 Infocobuild 官方网站，建议人工确认后收录。	http://www.infocobuild.com/education/audio-video-courses	是
En	En	工具	其他	En在线服务	从公开精选目录发现的 En 官方网站，建议人工确认后收录。	https://en.wikiversity.org/wiki/wikiversity:main_page	是
Online	Online	教育	在线学习	Online在线服务	从公开精选目录发现的 Online 官方网站，建议人工确认后收录。	https://online.stanford.edu	是
Open	Open	教育	在线学习	Open在线服务	从公开精选目录发现的 Open 官方网站，建议人工确认后收录。	https://www.open.edu/openlearn	是
Oli	Oli	教育	在线学习	Oli在线服务	从公开精选目录发现的 Oli 官方网站，建议人工确认后收录。	https://oli.cmu.edu	是
Mitx	Mitx	工具	其他	Mitx在线服务	从公开精选目录发现的 Mitx 官方网站，建议人工确认后收录。	https://www.mitx.org	是
Oyc	Oyc	教育	在线学习	Oyc在线服务	从公开精选目录发现的 Oyc 官方网站，建议人工确认后收录。	https://oyc.yale.edu	是
Alison	Alison	工具	其他	Alison在线服务	从公开精选目录发现的 Alison 官方网站，建议人工确认后收录。	https://alison.com	是
Academicearth	Academicearth	工具	其他	Academicearth在线服务	从公开精选目录发现的 Academicearth 官方网站，建议人工确认后收录。	https://academicearth.org	是
Nptel	Nptel	工具	其他	Nptel在线服务	从公开精选目录发现的 Nptel 官方网站，建议人工确认后收录。	https://nptel.ac.in	是
Uopeople	Uopeople	教育	在线学习	Uopeople在线服务	从公开精选目录发现的 Uopeople 官方网站，建议人工确认后收录。	https://www.uopeople.edu	是
Canvas	Canvas	设计	设计与创意	Canvas在线服务	从公开精选目录发现的 Canvas 官方网站，建议人工确认后收录。	https://www.canvas.net	是
Newton	Newton	工具	其他	Newton在线服务	从公开精选目录发现的 Newton 官方网站，建议人工确认后收录。	https://www.newton.ac.uk	是
Saylor	Saylor	工具	其他	Saylor在线服务	从公开精选目录发现的 Saylor 官方网站，建议人工确认后收录。	https://www.saylor.org	是
Doaj	Doaj	工具	其他	Doaj在线服务	从公开精选目录发现的 Doaj 官方网站，建议人工确认后收录。	https://doaj.org	是
Learningontheinternet	Learningontheinternet	教育	在线学习	Learningontheinternet在线服务	从公开精选目录发现的 Learningontheinternet 官方网站，建议人工确认后收录。	https://www.learningontheinternet.com	是
Classcentral	Classcentral	工具	其他	Classcentral在线服务	从公开精选目录发现的 Classcentral 官方网站，建议人工确认后收录。	https://www.classcentral.com	是
Ocw	Ocw	工具	其他	Ocw在线服务	从公开精选目录发现的 Ocw 官方网站，建议人工确认后收录。	https://ocw.snu.ac.kr	是
Reproducibilityinstitute	Reproducibilityinstitute	工具	其他	Reproducibilityinstitute在线服务	从公开精选目录发现的 Reproducibilityinstitute 官方网站，建议人工确认后收录。	https://reproducibilityinstitute.org/w	是
Ebsco	Ebsco	工具	其他	Ebsco在线服务	从公开精选目录发现的 Ebsco 官方网站，建议人工确认后收录。	https://www.ebsco.com	是
Zooniverse	Zooniverse	工具	其他	Zooniverse在线服务	从公开精选目录发现的 Zooniverse 官方网站，建议人工确认后收录。	https://www.zooniverse.org	是
Experiment	Experiment	工具	其他	Experiment在线服务	从公开精选目录发现的 Experiment 官方网站，建议人工确认后收录。	https://experiment.com	是
Closertotruth	Closertotruth	工具	其他	Closertotruth在线服务	从公开精选目录发现的 Closertotruth 官方网站，建议人工确认后收录。	https://www.closertotruth.com	是
Nature	Nature	工具	其他	Nature在线服务	从公开精选目录发现的 Nature 官方网站，建议人工确认后收录。	https://www.nature.com/scitable	是
Vinaire	Vinaire	AI	AI	Vinaire在线服务	从公开精选目录发现的 Vinaire 官方网站，建议人工确认后收录。	https://vinaire.me	是
Visualpde	Visualpde	工具	其他	Visualpde在线服务	从公开精选目录发现的 Visualpde 官方网站，建议人工确认后收录。	https://visualpde.com	是
Wholeearth	Wholeearth	工具	其他	Wholeearth在线服务	从公开精选目录发现的 Wholeearth 官方网站，建议人工确认后收录。	https://wholeearth.info	是
Sketchplanations	Sketchplanations	工具	其他	Sketchplanations在线服务	从公开精选目录发现的 Sketchplanations 官方网站，建议人工确认后收录。	https://sketchplanations.com/categories/science	是
Mathshistory	Mathshistory	工具	其他	Mathshistory在线服务	从公开精选目录发现的 Mathshistory 官方网站，建议人工确认后收录。	https://mathshistory.st-andrews.ac.uk	是
Webofstories	Webofstories	工具	其他	Webofstories在线服务	从公开精选目录发现的 Webofstories 官方网站，建议人工确认后收录。	https://www.webofstories.com	是
Lettersofnote	Lettersofnote	工具	效率工具	Lettersofnote在线服务	从公开精选目录发现的 Lettersofnote 官方网站，建议人工确认后收录。	https://lettersofnote.com	是
Organism	Organism	工具	其他	Organism在线服务	从公开精选目录发现的 Organism 官方网站，建议人工确认后收录。	https://www.organism.earth/library	是
Darwinproject	Darwinproject	工具	其他	Darwinproject在线服务	从公开精选目录发现的 Darwinproject 官方网站，建议人工确认后收录。	https://www.darwinproject.ac.uk	是
Darwin Online	Darwin Online	工具	其他	Darwin Online在线服务	从公开精选目录发现的 Darwin Online 官方网站，建议人工确认后收录。	https://darwin-online.org.uk	是
Newtonproject	Newtonproject	工具	其他	Newtonproject在线服务	从公开精选目录发现的 Newtonproject 官方网站，建议人工确认后收录。	https://www.newtonproject.ox.ac.uk	是
Bethe	Bethe	教育	在线学习	Bethe在线服务	从公开精选目录发现的 Bethe 官方网站，建议人工确认后收录。	https://bethe.cornell.edu/index.html	是
Opensourceshakespeare	Opensourceshakespeare	工具	其他	Opensourceshakespeare在线服务	从公开精选目录发现的 Opensourceshakespeare 官方网站，建议人工确认后收录。	https://www.opensourceshakespeare.org	是
Leonardodavinci	Leonardodavinci	工具	其他	Leonardodavinci在线服务	从公开精选目录发现的 Leonardodavinci 官方网站，建议人工确认后收录。	https://www.leonardodavinci.net	是
Ourkarlpopper	Ourkarlpopper	工具	其他	Ourkarlpopper在线服务	从公开精选目录发现的 Ourkarlpopper 官方网站，建议人工确认后收录。	https://ourkarlpopper.net	是
Shalamov	Shalamov	工具	其他	Shalamov在线服务	从公开精选目录发现的 Shalamov 官方网站，建议人工确认后收录。	https://shalamov.ru/en	是
Samuel Beckett	Samuel Beckett	工具	其他	Samuel Beckett在线服务	从公开精选目录发现的 Samuel Beckett 官方网站，建议人工确认后收录。	https://www.samuel-beckett.net	是
Samuel Beckett	Samuel Beckett	工具	其他	Samuel Beckett在线服务	从公开精选目录发现的 Samuel Beckett 官方网站，建议人工确认后收录。	https://www.samuel-beckett.net/waiting_for_godot_part1.html	是
Philipdick	Philipdick	工具	其他	Philipdick在线服务	从公开精选目录发现的 Philipdick 官方网站，建议人工确认后收录。	https://philipdick.com	是
Turingarchive	Turingarchive	工具	其他	Turingarchive在线服务	从公开精选目录发现的 Turingarchive 官方网站，建议人工确认后收录。	https://turingarchive.kings.cam.ac.uk	是
Turing	Turing	工具	其他	Turing在线服务	从公开精选目录发现的 Turing 官方网站，建议人工确认后收录。	https://www.turing.org.uk	是
Sherlock Holm	Sherlock Holm	工具	其他	Sherlock Holm在线服务	从公开精选目录发现的 Sherlock Holm 官方网站，建议人工确认后收录。	https://sherlock-holm.es	是
Feynmanlectures	Feynmanlectures	教育	在线学习	Feynmanlectures在线服务	从公开精选目录发现的 Feynmanlectures 官方网站，建议人工确认后收录。	https://www.feynmanlectures.caltech.edu	是
Leibniz Translations	Leibniz Translations	工具	其他	Leibniz Translations在线服务	从公开精选目录发现的 Leibniz Translations 官方网站，建议人工确认后收录。	https://www.leibniz-translations.com/index2.php	是
Davidhume	Davidhume	工具	其他	Davidhume在线服务	从公开精选目录发现的 Davidhume 官方网站，建议人工确认后收录。	https://davidhume.org	是
Fooledbyrandomness	Fooledbyrandomness	工具	其他	Fooledbyrandomness在线服务	从公开精选目录发现的 Fooledbyrandomness 官方网站，建议人工确认后收录。	https://fooledbyrandomness.com	是
Prabook	Prabook	工具	其他	Prabook在线服务	从公开精选目录发现的 Prabook 官方网站，建议人工确认后收录。	https://prabook.com/web/home.html	是
Famous Mathematicians	Famous Mathematicians	工具	其他	Famous Mathematicians在线服务	从公开精选目录发现的 Famous Mathematicians 官方网站，建议人工确认后收录。	https://famous-mathematicians.org	是
Archive	Archive	工具	其他	Archive在线服务	从公开精选目录发现的 Archive 官方网站，建议人工确认后收录。	https://archive.org/details/texts	是
Openstax	Openstax	工具	其他	Openstax在线服务	从公开精选目录发现的 Openstax 官方网站，建议人工确认后收录。	https://openstax.org	是
En	En	工具	其他	En在线服务	从公开精选目录发现的 En 官方网站，建议人工确认后收录。	https://en.wikibooks.org/wiki/main_page	是
Wikisource	Wikisource	工具	其他	Wikisource在线服务	从公开精选目录发现的 Wikisource 官方网站，建议人工确认后收录。	https://wikisource.org/wiki/main_page	是
Classics	Classics	教育	在线学习	Classics在线服务	从公开精选目录发现的 Classics 官方网站，建议人工确认后收录。	https://classics.mit.edu	是
Goodreads	Goodreads	工具	其他	Goodreads在线服务	从公开精选目录发现的 Goodreads 官方网站，建议人工确认后收录。	https://www.goodreads.com/ebooks	是
Etc	Etc	教育	在线学习	Etc在线服务	从公开精选目录发现的 Etc 官方网站，建议人工确认后收录。	https://etc.usf.edu/lit2go	是
Booksc	Booksc	工具	其他	Booksc在线服务	从公开精选目录发现的 Booksc 官方网站，建议人工确认后收录。	https://booksc.org	是
Intechopen	Intechopen	工具	其他	Intechopen在线服务	从公开精选目录发现的 Intechopen 官方网站，建议人工确认后收录。	https://www.intechopen.com/books	是
Freetechbooks	Freetechbooks	工具	其他	Freetechbooks在线服务	从公开精选目录发现的 Freetechbooks 官方网站，建议人工确认后收录。	https://www.freetechbooks.com	是
Freecomputerbooks	Freecomputerbooks	工具	其他	Freecomputerbooks在线服务	从公开精选目录发现的 Freecomputerbooks 官方网站，建议人工确认后收录。	https://freecomputerbooks.com	是
Manning	Manning	工具	其他	Manning在线服务	从公开精选目录发现的 Manning 官方网站，建议人工确认后收录。	https://www.manning.com	是
Holybooks	Holybooks	工具	其他	Holybooks在线服务	从公开精选目录发现的 Holybooks 官方网站，建议人工确认后收录。	https://holybooks.com	是
Librivox	Librivox	工具	其他	Librivox在线服务	从公开精选目录发现的 Librivox 官方网站，建议人工确认后收录。	https://librivox.org	是
Onlinebooks	Onlinebooks	教育	在线学习	Onlinebooks在线服务	从公开精选目录发现的 Onlinebooks 官方网站，建议人工确认后收录。	https://onlinebooks.library.upenn.edu	是
Archive	Archive	教育	在线学习	Archive在线服务	从公开精选目录发现的 Archive 官方网站，建议人工确认后收录。	https://archive.vcu.edu/english/engweb/transcendentalism	是
Libraryofshortstories	Libraryofshortstories	工具	其他	Libraryofshortstories在线服务	从公开精选目录发现的 Libraryofshortstories 官方网站，建议人工确认后收录。	https://www.libraryofshortstories.com	是
Slideshare	Slideshare	工具	其他	Slideshare在线服务	从公开精选目录发现的 Slideshare 官方网站，建议人工确认后收录。	https://www.slideshare.net	是
Free Ebooks	Free Ebooks	工具	其他	Free Ebooks在线服务	从公开精选目录发现的 Free Ebooks 官方网站，建议人工确认后收录。	https://www.free-ebooks.net	是
Digital	Digital	教育	在线学习	Digital在线服务	从公开精选目录发现的 Digital 官方网站，建议人工确认后收录。	https://digital.library.upenn.edu/books	是
Feedbooks	Feedbooks	工具	其他	Feedbooks在线服务	从公开精选目录发现的 Feedbooks 官方网站，建议人工确认后收录。	https://www.feedbooks.com/catalog/public_domain	是
Authorama	Authorama	工具	其他	Authorama在线服务	从公开精选目录发现的 Authorama 官方网站，建议人工确认后收录。	https://www.authorama.com	是
Play	Play	工具	其他	Play在线服务	从公开精选目录发现的 Play 官方网站，建议人工确认后收录。	https://play.google.com/store/books/collection/topselling_free	是
Taoism	Taoism	工具	其他	Taoism在线服务	从公开精选目录发现的 Taoism 官方网站，建议人工确认后收录。	https://taoism.net	是
Earlymoderntexts	Earlymoderntexts	工具	其他	Earlymoderntexts在线服务	从公开精选目录发现的 Earlymoderntexts 官方网站，建议人工确认后收录。	https://earlymoderntexts.com	是
Oll	Oll	工具	其他	Oll在线服务	从公开精选目录发现的 Oll 官方网站，建议人工确认后收录。	https://oll.libertyfund.org	是
Ibiblio	Ibiblio	工具	其他	Ibiblio在线服务	从公开精选目录发现的 Ibiblio 官方网站，建议人工确认后收录。	https://www.ibiblio.org/ebooks	是
Wzchen	Wzchen	工具	其他	Wzchen在线服务	从公开精选目录发现的 Wzchen 官方网站，建议人工确认后收录。	https://www.wzchen.com/data-science-books	是
Chestofbooks	Chestofbooks	工具	其他	Chestofbooks在线服务	从公开精选目录发现的 Chestofbooks 官方网站，建议人工确认后收录。	https://chestofbooks.com	是
Wolframscience	Wolframscience	工具	其他	Wolframscience在线服务	从公开精选目录发现的 Wolframscience 官方网站，建议人工确认后收录。	https://www.wolframscience.com/nks	是
Werewolfreads	Werewolfreads	工具	其他	Werewolfreads在线服务	从公开精选目录发现的 Werewolfreads 官方网站，建议人工确认后收录。	https://www.werewolfreads.com	是
Read Next	Read Next	工具	其他	Read Next在线服务	从公开精选目录发现的 Read Next 官方网站，建议人工确认后收录。	https://read-next.com	是
Goodbooks	Goodbooks	工具	其他	Goodbooks在线服务	从公开精选目录发现的 Goodbooks 官方网站，建议人工确认后收录。	https://www.goodbooks.io	是
Mostrecommendedbooks	Mostrecommendedbooks	工具	其他	Mostrecommendedbooks在线服务	从公开精选目录发现的 Mostrecommendedbooks 官方网站，建议人工确认后收录。	https://mostrecommendedbooks.com	是
Bookschatter	Bookschatter	工具	效率工具	Bookschatter在线服务	从公开精选目录发现的 Bookschatter 官方网站，建议人工确认后收录。	https://bookschatter.com	是
Leafmarks	Leafmarks	工具	其他	Leafmarks在线服务	从公开精选目录发现的 Leafmarks 官方网站，建议人工确认后收录。	https://www.leafmarks.com	是
Bookstash	Bookstash	工具	其他	Bookstash在线服务	从公开精选目录发现的 Bookstash 官方网站，建议人工确认后收录。	https://bookstash.io	是
Abakcus	Abakcus	工具	其他	Abakcus在线服务	从公开精选目录发现的 Abakcus 官方网站，建议人工确认后收录。	https://abakcus.com/books	是
Bookbub	Bookbub	工具	其他	Bookbub在线服务	从公开精选目录发现的 Bookbub 官方网站，建议人工确认后收录。	https://www.bookbub.com/welcome	是
Hackernewsbooks	Hackernewsbooks	工具	其他	Hackernewsbooks在线服务	从公开精选目录发现的 Hackernewsbooks 官方网站，建议人工确认后收录。	https://hackernewsbooks.com	是
Goodreads	Goodreads	工具	其他	Goodreads在线服务	从公开精选目录发现的 Goodreads 官方网站，建议人工确认后收录。	https://www.goodreads.com	是
Whatshouldireadnext	Whatshouldireadnext	工具	其他	Whatshouldireadnext在线服务	从公开精选目录发现的 Whatshouldireadnext 官方网站，建议人工确认后收录。	https://www.whatshouldireadnext.com	是
Blas	Blas	工具	其他	Blas在线服务	从公开精选目录发现的 Blas 官方网站，建议人工确认后收录。	https://blas.com	是
Books	Books	工具	其他	Books在线服务	从公开精选目录发现的 Books 官方网站，建议人工确认后收录。	https://books.google.com/talktobooks	是
Booktorium	Booktorium	工具	其他	Booktorium在线服务	从公开精选目录发现的 Booktorium 官方网站，建议人工确认后收录。	https://booktorium.com	是
Ourworldindata	Ourworldindata	工具	其他	Ourworldindata在线服务	从公开精选目录发现的 Ourworldindata 官方网站，建议人工确认后收录。	https://ourworldindata.org/covid-vaccinations	是
Websdr	Websdr	工具	其他	Websdr在线服务	从公开精选目录发现的 Websdr 官方网站，建议人工确认后收录。	https://websdr.org	是
Gsmmap	Gsmmap	工具	其他	Gsmmap在线服务	从公开精选目录发现的 Gsmmap 官方网站，建议人工确认后收录。	https://gsmmap.org	是
Cbert	Cbert	工具	其他	Cbert在线服务	从公开精选目录发现的 Cbert 官方网站，建议人工确认后收录。	https://cbert.org/resources-data/intl-campus	是
Google	Google	工具	其他	Google在线服务	从公开精选目录发现的 Google 官方网站，建议人工确认后收录。	https://www.google.com/maps/d/u/0/viewer	是
Submarinecablemap	Submarinecablemap	工具	其他	Submarinecablemap在线服务	从公开精选目录发现的 Submarinecablemap 官方网站，建议人工确认后收录。	https://www.submarinecablemap.com	是
Observablehq	Observablehq	工具	其他	Observablehq在线服务	从公开精选目录发现的 Observablehq 官方网站，建议人工确认后收录。	https://observablehq.com	是
Fixphrase	Fixphrase	工具	其他	Fixphrase在线服务	从公开精选目录发现的 Fixphrase 官方网站，建议人工确认后收录。	https://fixphrase.com	是
Commoncrawl	Commoncrawl	工具	其他	Commoncrawl在线服务	从公开精选目录发现的 Commoncrawl 官方网站，建议人工确认后收录。	https://commoncrawl.org	是
Mount Everest3d	Mount Everest3d	工具	其他	Mount Everest3d在线服务	从公开精选目录发现的 Mount Everest3d 官方网站，建议人工确认后收录。	https://mount-everest3d.com/3d-map	是
Archivve	Archivve	工具	其他	Archivve在线服务	从公开精选目录发现的 Archivve 官方网站，建议人工确认后收录。	https://archivve.visualizevalue.com	是
Fliist	Fliist	工具	其他	Fliist在线服务	从公开精选目录发现的 Fliist 官方网站，建议人工确认后收录。	https://fliist.com/en	是
Searchenginemap	Searchenginemap	工具	其他	Searchenginemap在线服务	从公开精选目录发现的 Searchenginemap 官方网站，建议人工确认后收录。	https://www.searchenginemap.com	是
Friendly Dubinsky Cb22fe	Friendly Dubinsky Cb22fe	工具	其他	Friendly Dubinsky Cb22fe在线服务	从公开精选目录发现的 Friendly Dubinsky Cb22fe 官方网站，建议人工确认后收录。	https://friendly-dubinsky-cb22fe.netlify.app	是
Starlinkmap	Starlinkmap	工具	其他	Starlinkmap在线服务	从公开精选目录发现的 Starlinkmap 官方网站，建议人工确认后收录。	https://www.starlinkmap.org	是
Album Of Cfm	Album Of Cfm	工具	其他	Album Of Cfm在线服务	从公开精选目录发现的 Album Of Cfm 官方网站，建议人工确认后收录。	https://album-of-cfm.com	是
Duarteocarmo	Duarteocarmo	工具	其他	Duarteocarmo在线服务	从公开精选目录发现的 Duarteocarmo 官方网站，建议人工确认后收录。	https://duarteocarmo.com/blog/every-job-world	是
Observablehq	Observablehq	工具	其他	Observablehq在线服务	从公开精选目录发现的 Observablehq 官方网站，建议人工确认后收录。	https://observablehq.com/@tophtucker/examples-of-bitemporal-charts	是
Uncensoredlibrary	Uncensoredlibrary	工具	其他	Uncensoredlibrary在线服务	从公开精选目录发现的 Uncensoredlibrary 官方网站，建议人工确认后收录。	https://uncensoredlibrary.com/en	是
Geodienst	Geodienst	开发	编程开发	Geodienst在线服务	从公开精选目录发现的 Geodienst 官方网站，建议人工确认后收录。	https://geodienst.github.io/lighthousemap	是
Lmcinnes	Lmcinnes	开发	编程开发	Lmcinnes在线服务	从公开精选目录发现的 Lmcinnes 官方网站，建议人工确认后收录。	https://lmcinnes.github.io/datamapplot_examples/wikipedia	是
Gasprices	Gasprices	工具	其他	Gasprices在线服务	从公开精选目录发现的 Gasprices 官方网站，建议人工确认后收录。	https://gasprices.aaa.com	是
Ascehazardtool	Ascehazardtool	工具	其他	Ascehazardtool在线服务	从公开精选目录发现的 Ascehazardtool 官方网站，建议人工确认后收录。	https://ascehazardtool.org	是
Arxivxplorer	Arxivxplorer	工具	其他	Arxivxplorer在线服务	从公开精选目录发现的 Arxivxplorer 官方网站，建议人工确认后收录。	https://arxivxplorer.com	是
Datamapplot	Datamapplot	工具	其他	Datamapplot在线服务	从公开精选目录发现的 Datamapplot 官方网站，建议人工确认后收录。	https://datamapplot.readthedocs.io/en/latest/auto_examples/plot_interactive_arxiv_ml.html	是
Lmcinnes	Lmcinnes	开发	编程开发	Lmcinnes在线服务	从公开精选目录发现的 Lmcinnes 官方网站，建议人工确认后收录。	https://lmcinnes.github.io/datamapplot_examples/arxiv_data_map_example.html	是
Lmcinnes	Lmcinnes	开发	编程开发	Lmcinnes在线服务	从公开精选目录发现的 Lmcinnes 官方网站，建议人工确认后收录。	https://lmcinnes.github.io/datamapplot_examples/arxiv	是
Informationisbeautiful	Informationisbeautiful	工具	其他	Informationisbeautiful在线服务	从公开精选目录发现的 Informationisbeautiful 官方网站，建议人工确认后收录。	https://informationisbeautiful.net	是
Visualcapitalist	Visualcapitalist	开发	编程开发	Visualcapitalist在线服务	从公开精选目录发现的 Visualcapitalist 官方网站，建议人工确认后收录。	https://www.visualcapitalist.com	是
Infographicjournal	Infographicjournal	工具	其他	Infographicjournal在线服务	从公开精选目录发现的 Infographicjournal 官方网站，建议人工确认后收录。	https://infographicjournal.com	是
D3js	D3js	工具	其他	D3js在线服务	从公开精选目录发现的 D3js 官方网站，建议人工确认后收录。	https://d3js.org	是
Denizcemonduygu	Denizcemonduygu	工具	其他	Denizcemonduygu在线服务	从公开精选目录发现的 Denizcemonduygu 官方网站，建议人工确认后收录。	https://www.denizcemonduygu.com	是
Datavizcatalogue	Datavizcatalogue	工具	其他	Datavizcatalogue在线服务	从公开精选目录发现的 Datavizcatalogue 官方网站，建议人工确认后收录。	https://datavizcatalogue.com/index.html	是
Datavizproject	Datavizproject	工具	其他	Datavizproject在线服务	从公开精选目录发现的 Datavizproject 官方网站，建议人工确认后收录。	https://datavizproject.com	是
Public	Public	工具	其他	Public在线服务	从公开精选目录发现的 Public 官方网站，建议人工确认后收录。	https://public.tableau.com/app/discover	是
Willrobotstakemyjob	Willrobotstakemyjob	工具	其他	Willrobotstakemyjob在线服务	从公开精选目录发现的 Willrobotstakemyjob 官方网站，建议人工确认后收录。	https://willrobotstakemyjob.com	是
Preceden	Preceden	工具	其他	Preceden在线服务	从公开精选目录发现的 Preceden 官方网站，建议人工确认后收录。	https://www.preceden.com	是
Jasondavies	Jasondavies	工具	其他	Jasondavies在线服务	从公开精选目录发现的 Jasondavies 官方网站，建议人工确认后收录。	https://www.jasondavies.com	是
Desolhar Philo	Desolhar Philo	工具	其他	Desolhar Philo在线服务	从公开精选目录发现的 Desolhar Philo 官方网站，建议人工确认后收录。	https://www.desolhar-philo.com	是
Visualizingsep	Visualizingsep	工具	其他	Visualizingsep在线服务	从公开精选目录发现的 Visualizingsep 官方网站，建议人工确认后收录。	https://www.visualizingsep.com	是
Hakobsandbox	Hakobsandbox	工具	其他	Hakobsandbox在线服务	从公开精选目录发现的 Hakobsandbox 官方网站，建议人工确认后收录。	https://hakobsandbox.openetext.utoronto.ca	是
Philosophyalevel	Philosophyalevel	工具	其他	Philosophyalevel在线服务	从公开精选目录发现的 Philosophyalevel 官方网站，建议人工确认后收录。	https://philosophyalevel.com	是
Denizcemonduygu	Denizcemonduygu	工具	其他	Denizcemonduygu在线服务	从公开精选目录发现的 Denizcemonduygu 官方网站，建议人工确认后收录。	https://www.denizcemonduygu.com/philo/browse	是
Denizcemonduygu	Denizcemonduygu	工具	其他	Denizcemonduygu在线服务	从公开精选目录发现的 Denizcemonduygu 官方网站，建议人工确认后收录。	https://www.denizcemonduygu.com/portfolio/the-history-of-philosophy	是
Beyng	Beyng	工具	其他	Beyng在线服务	从公开精选目录发现的 Beyng 官方网站，建议人工确认后收录。	https://www.beyng.com	是
Gregegan	Gregegan	工具	其他	Gregegan在线服务	从公开精选目录发现的 Gregegan 官方网站，建议人工确认后收录。	https://www.gregegan.net	是
Courses	Courses	教育	在线学习	Courses在线服务	从公开精选目录发现的 Courses 官方网站，建议人工确认后收录。	https://courses.aynrand.org	是
Temple	Temple	工具	其他	Temple在线服务	从公开精选目录发现的 Temple 官方网站，建议人工确认后收录。	https://temple.manifoldapp.org/projects/all	是
Histography	Histography	工具	其他	Histography在线服务	从公开精选目录发现的 Histography 官方网站，建议人工确认后收录。	https://histography.io	是
Unenumerated	Unenumerated	工具	其他	Unenumerated在线服务	从公开精选目录发现的 Unenumerated 官方网站，建议人工确认后收录。	https://unenumerated.blogspot.com	是
Humanorigins	Humanorigins	教育	在线学习	Humanorigins在线服务	从公开精选目录发现的 Humanorigins 官方网站，建议人工确认后收录。	https://humanorigins.si.edu/evidence/human-family-tree	是
Timeline	Timeline	工具	其他	Timeline在线服务	从公开精选目录发现的 Timeline 官方网站，建议人工确认后收录。	https://timeline.oldera.org	是
Blog	Blog	工具	其他	Blog在线服务	从公开精选目录发现的 Blog 官方网站，建议人工确认后收录。	https://blog.nuclearsecrecy.com	是
Ascentofhumanity	Ascentofhumanity	工具	其他	Ascentofhumanity在线服务	从公开精选目录发现的 Ascentofhumanity 官方网站，建议人工确认后收录。	https://ascentofhumanity.com	是
Todayinsci	Todayinsci	工具	其他	Todayinsci在线服务	从公开精选目录发现的 Todayinsci 官方网站，建议人工确认后收录。	https://todayinsci.com	是
Khipufieldguide	Khipufieldguide	工具	其他	Khipufieldguide在线服务	从公开精选目录发现的 Khipufieldguide 官方网站，建议人工确认后收录。	https://khipufieldguide.com/guidebook/introduction.html	是
Hellenistichistory	Hellenistichistory	工具	其他	Hellenistichistory在线服务	从公开精选目录发现的 Hellenistichistory 官方网站，建议人工确认后收录。	https://www.hellenistichistory.com	是
Perseus	Perseus	教育	在线学习	Perseus在线服务	从公开精选目录发现的 Perseus 官方网站，建议人工确认后收录。	https://www.perseus.tufts.edu/hopper	是
Futilitycloset	Futilitycloset	工具	其他	Futilitycloset在线服务	从公开精选目录发现的 Futilitycloset 官方网站，建议人工确认后收录。	https://www.futilitycloset.com	是
River Runner Global	River Runner Global	教育	在线学习	River Runner Global在线服务	从公开精选目录发现的 River Runner Global 官方网站，建议人工确认后收录。	https://river-runner-global.samlearner.com	是
Celestrak	Celestrak	工具	其他	Celestrak在线服务	从公开精选目录发现的 Celestrak 官方网站，建议人工确认后收录。	https://celestrak.com/cesium/orbit-viz.php	是
Mars	Mars	工具	其他	Mars在线服务	从公开精选目录发现的 Mars 官方网站，建议人工确认后收录。	https://mars.nasa.gov/explore/mars-now	是
Temple	Temple	工具	其他	Temple在线服务	从公开精选目录发现的 Temple 官方网站，建议人工确认后收录。	https://temple.manifoldapp.org/projects/physical-geology	是
Floodsite	Floodsite	工具	其他	Floodsite在线服务	从公开精选目录发现的 Floodsite 官方网站，建议人工确认后收录。	https://floodsite.net/juniorfloodsite	是
Nemo Ocean	Nemo Ocean	工具	其他	Nemo Ocean在线服务	从公开精选目录发现的 Nemo Ocean 官方网站，建议人工确认后收录。	https://www.nemo-ocean.eu	是
Earthquake	Earthquake	工具	其他	Earthquake在线服务	从公开精选目录发现的 Earthquake 官方网站，建议人工确认后收录。	https://earthquake.usgs.gov/earthquakes/map	是
Latlong	Latlong	工具	其他	Latlong在线服务	从公开精选目录发现的 Latlong 官方网站，建议人工确认后收录。	https://www.latlong.net	是
Latitude	Latitude	工具	其他	Latitude在线服务	从公开精选目录发现的 Latitude 官方网站，建议人工确认后收录。	https://latitude.to	是
Sectional Anatomy	Sectional Anatomy	工具	其他	Sectional Anatomy在线服务	从公开精选目录发现的 Sectional Anatomy 官方网站，建议人工确认后收录。	https://www.sectional-anatomy.org	是
Neal	Neal	工具	其他	Neal在线服务	从公开精选目录发现的 Neal 官方网站，建议人工确认后收录。	https://neal.fun/deep-sea	是
Asknature	Asknature	工具	其他	Asknature在线服务	从公开精选目录发现的 Asknature 官方网站，建议人工确认后收录。	https://asknature.org	是
Wearehostsformemes	Wearehostsformemes	工具	其他	Wearehostsformemes在线服务	从公开精选目录发现的 Wearehostsformemes 官方网站，建议人工确认后收录。	https://wearehostsformemes.com	是
Birdwatching	Birdwatching	工具	其他	Birdwatching在线服务	从公开精选目录发现的 Birdwatching 官方网站，建议人工确认后收录。	https://birdwatching.zone	是
Onezoom	Onezoom	工具	其他	Onezoom在线服务	从公开精选目录发现的 Onezoom 官方网站，建议人工确认后收录。	https://www.onezoom.org	是
Theoreticalminimum	Theoreticalminimum	工具	其他	Theoreticalminimum在线服务	从公开精选目录发现的 Theoreticalminimum 官方网站，建议人工确认后收录。	https://theoreticalminimum.com/home	是
Damtp	Damtp	工具	其他	Damtp在线服务	从公开精选目录发现的 Damtp 官方网站，建议人工确认后收录。	https://www.damtp.cam.ac.uk/user/tong/index.html	是
Galileo	Galileo	教育	在线学习	Galileo在线服务	从公开精选目录发现的 Galileo 官方网站，建议人工确认后收录。	https://galileo.phys.virginia.edu/classes/632.ral5q.summer06/lectures.html	是
Muellergroup	Muellergroup	教育	在线学习	Muellergroup在线服务	从公开精选目录发现的 Muellergroup 官方网站，建议人工确认后收录。	https://muellergroup.lassp.cornell.edu/index.html	是
Ptable	Ptable	工具	其他	Ptable在线服务	从公开精选目录发现的 Ptable 官方网站，建议人工确认后收录。	https://ptable.com	是
Nist	Nist	工具	其他	Nist在线服务	从公开精选目录发现的 Nist 官方网站，建议人工确认后收录。	https://www.nist.gov/pml/fundamental-physical-constants	是
Mechanicsmap	Mechanicsmap	教育	在线学习	Mechanicsmap在线服务	从公开精选目录发现的 Mechanicsmap 官方网站，建议人工确认后收录。	https://mechanicsmap.psu.edu/index.html	是
Vsg	Vsg	工具	其他	Vsg在线服务	从公开精选目录发现的 Vsg 官方网站，建议人工确认后收录。	https://vsg.quasihome.com/interfer.htm	是
Quantumflytrap	Quantumflytrap	工具	其他	Quantumflytrap在线服务	从公开精选目录发现的 Quantumflytrap 官方网站，建议人工确认后收录。	https://quantumflytrap.com/lab	是
Quantum Computing	Quantum Computing	工具	其他	Quantum Computing在线服务	从公开精选目录发现的 Quantum Computing 官方网站，建议人工确认后收录。	https://quantum-computing.ibm.com/lab	是
Learnqm	Learnqm	教育	在线学习	Learnqm在线服务	从公开精选目录发现的 Learnqm 官方网站，建议人工确认后收录。	https://learnqm.gatech.edu	是
Qplaylearn	Qplaylearn	教育	在线学习	Qplaylearn在线服务	从公开精选目录发现的 Qplaylearn 官方网站，建议人工确认后收录。	https://qplaylearn.com	是
Quarksinteractive	Quarksinteractive	工具	其他	Quarksinteractive在线服务	从公开精选目录发现的 Quarksinteractive 官方网站，建议人工确认后收录。	https://quarksinteractive.com	是
Scienceathome	Scienceathome	工具	其他	Scienceathome在线服务	从公开精选目录发现的 Scienceathome 官方网站，建议人工确认后收录。	https://www.scienceathome.org/games/quantum-moves-2	是
Vqol	Vqol	工具	其他	Vqol在线服务	从公开精选目录发现的 Vqol 官方网站，建议人工确认后收录。	https://www.vqol.org	是
Arxiv	Arxiv	工具	其他	Arxiv在线服务	从公开精选目录发现的 Arxiv 官方网站，建议人工确认后收录。	https://arxiv.org/abs/2202.07756	是
Fearofphysics	Fearofphysics	工具	其他	Fearofphysics在线服务	从公开精选目录发现的 Fearofphysics 官方网站，建议人工确认后收录。	https://www.fearofphysics.com	是
Galileo	Galileo	教育	在线学习	Galileo在线服务	从公开精选目录发现的 Galileo 官方网站，建议人工确认后收录。	https://galileo.phys.virginia.edu/classes/109n/more_stuff/applets/home.html	是
Stars	Stars	工具	其他	Stars在线服务	从公开精选目录发现的 Stars 官方网站，建议人工确认后收录。	https://stars.chromeexperiments.com	是
Planetplanet	Planetplanet	工具	其他	Planetplanet在线服务	从公开精选目录发现的 Planetplanet 官方网站，建议人工确认后收录。	https://planetplanet.net/2018/06/01/the-million-earth-solar-system	是
Spacetelescopelive	Spacetelescopelive	工具	其他	Spacetelescopelive在线服务	从公开精选目录发现的 Spacetelescopelive 官方网站，建议人工确认后收录。	https://spacetelescopelive.org/webb	是
Telescope Optics	Telescope Optics	工具	其他	Telescope Optics在线服务	从公开精选目录发现的 Telescope Optics 官方网站，建议人工确认后收录。	https://www.telescope-optics.net	是
T Neumann	T Neumann	开发	编程开发	T Neumann在线服务	从公开精选目录发现的 T Neumann 官方网站，建议人工确认后收录。	https://t-neumann.github.io/space/orbitalbasics	是
Webbtelescope	Webbtelescope	工具	其他	Webbtelescope在线服务	从公开精选目录发现的 Webbtelescope 官方网站，建议人工确认后收录。	https://webbtelescope.org	是
Openlogicproject	Openlogicproject	工具	其他	Openlogicproject在线服务	从公开精选目录发现的 Openlogicproject 官方网站，建议人工确认后收录。	https://openlogicproject.org/about	是
Oeis	Oeis	工具	其他	Oeis在线服务	从公开精选目录发现的 Oeis 官方网站，建议人工确认后收录。	https://oeis.org	是
Pdodds	Pdodds	教育	在线学习	Pdodds在线服务	从公开精选目录发现的 Pdodds 官方网站，建议人工确认后收录。	https://pdodds.w3.uvm.edu	是
Blog	Blog	工具	其他	Blog在线服务	从公开精选目录发现的 Blog 官方网站，建议人工确认后收录。	https://blog.symbaloo.com/webmixes/11/best-math-websites	是
Mathhints	Mathhints	工具	其他	Mathhints在线服务	从公开精选目录发现的 Mathhints 官方网站，建议人工确认后收录。	https://mathhints.com	是
Betterexplained	Betterexplained	AI	AI	Betterexplained在线服务	从公开精选目录发现的 Betterexplained 官方网站，建议人工确认后收录。	https://betterexplained.com	是
Chilimath	Chilimath	工具	其他	Chilimath在线服务	从公开精选目录发现的 Chilimath 官方网站，建议人工确认后收录。	https://www.chilimath.com	是
Complex Analysis	Complex Analysis	工具	其他	Complex Analysis在线服务	从公开精选目录发现的 Complex Analysis 官方网站，建议人工确认后收录。	https://complex-analysis.com	是
Math3ma	Math3ma	工具	其他	Math3ma在线服务	从公开精选目录发现的 Math3ma 官方网站，建议人工确认后收录。	https://www.math3ma.com/blog/matrices-as-tensor-network-diagrams	是
Math3ma	Math3ma	工具	其他	Math3ma在线服务	从公开精选目录发现的 Math3ma 官方网站，建议人工确认后收录。	https://www.math3ma.com/blog/what-is-category-theory-anyway	是
Algebrapracticeproblems	Algebrapracticeproblems	工具	其他	Algebrapracticeproblems在线服务	从公开精选目录发现的 Algebrapracticeproblems 官方网站，建议人工确认后收录。	https://www.algebrapracticeproblems.com	是
Pdodds	Pdodds	教育	在线学习	Pdodds在线服务	从公开精选目录发现的 Pdodds 官方网站，建议人工确认后收录。	https://pdodds.w3.uvm.edu/teaching/courses/2016-08uvm-122	是
Sam	Sam	工具	其他	Sam在线服务	从公开精选目录发现的 Sam 官方网站，建议人工确认后收录。	https://sam.nitk.ac.in/courses-taught.html	是
Math Salamanders	Math Salamanders	工具	其他	Math Salamanders在线服务	从公开精选目录发现的 Math Salamanders 官方网站，建议人工确认后收录。	https://www.math-salamanders.com	是
Some	Some	工具	其他	Some在线服务	从公开精选目录发现的 Some 官方网站，建议人工确认后收录。	https://some.3b1b.co/non-videos	是
Mathigon	Mathigon	工具	其他	Mathigon在线服务	从公开精选目录发现的 Mathigon 官方网站，建议人工确认后收录。	https://mathigon.org	是
Mathwarehouse	Mathwarehouse	工具	其他	Mathwarehouse在线服务	从公开精选目录发现的 Mathwarehouse 官方网站，建议人工确认后收录。	https://www.mathwarehouse.com	是
Cut The Knot	Cut The Knot	工具	其他	Cut The Knot在线服务	从公开精选目录发现的 Cut The Knot 官方网站，建议人工确认后收录。	https://www.cut-the-knot.org	是
Trigonography	Trigonography	工具	其他	Trigonography在线服务	从公开精选目录发现的 Trigonography 官方网站，建议人工确认后收录。	https://trigonography.com	是
Tutorial	Tutorial	教育	在线学习	Tutorial在线服务	从公开精选目录发现的 Tutorial 官方网站，建议人工确认后收录。	https://tutorial.math.lamar.edu	是
Artofproblemsolving	Artofproblemsolving	工具	其他	Artofproblemsolving在线服务	从公开精选目录发现的 Artofproblemsolving 官方网站，建议人工确认后收录。	https://artofproblemsolving.com/company	是
Genealogy	Genealogy	教育	在线学习	Genealogy在线服务	从公开精选目录发现的 Genealogy 官方网站，建议人工确认后收录。	https://genealogy.math.ndsu.nodak.edu/index.php	是
Enjeck	Enjeck	工具	其他	Enjeck在线服务	从公开精选目录发现的 Enjeck 官方网站，建议人工确认后收录。	https://enjeck.com/num2math	是
Erdosproblems	Erdosproblems	工具	其他	Erdosproblems在线服务	从公开精选目录发现的 Erdosproblems 官方网站，建议人工确认后收录。	https://www.erdosproblems.com	是
Combinatorics	Combinatorics	工具	其他	Combinatorics在线服务	从公开精选目录发现的 Combinatorics 官方网站，建议人工确认后收录。	https://www.combinatorics.org/ojs/index.php/eljc	是
Amirhirsch	Amirhirsch	工具	其他	Amirhirsch在线服务	从公开精选目录发现的 Amirhirsch 官方网站，建议人工确认后收录。	https://amirhirsch.com/zeta/index.html	是
Tungsteno	Tungsteno	工具	其他	Tungsteno在线服务	从公开精选目录发现的 Tungsteno 官方网站，建议人工确认后收录。	https://www.tungsteno.io	是
Planetmath	Planetmath	工具	其他	Planetmath在线服务	从公开精选目录发现的 Planetmath 官方网站，建议人工确认后收录。	https://planetmath.org	是
Geomstats	Geomstats	开发	编程开发	Geomstats在线服务	从公开精选目录发现的 Geomstats 官方网站，建议人工确认后收录。	https://geomstats.github.io/tutorials/index.html	是
Ximera	Ximera	教育	在线学习	Ximera在线服务	从公开精选目录发现的 Ximera 官方网站，建议人工确认后收录。	https://ximera.osu.edu/mooculus	是
Euclideanspace	Euclideanspace	工具	其他	Euclideanspace在线服务	从公开精选目录发现的 Euclideanspace 官方网站，建议人工确认后收录。	https://euclideanspace.com	是
Bugman123	Bugman123	工具	其他	Bugman123在线服务	从公开精选目录发现的 Bugman123 官方网站，建议人工确认后收录。	https://bugman123.com	是
Nycdoe Cs4all	Nycdoe Cs4all	开发	编程开发	Nycdoe Cs4all在线服务	从公开精选目录发现的 Nycdoe Cs4all 官方网站，建议人工确认后收录。	https://nycdoe-cs4all.github.io	是
Texample	Texample	工具	其他	Texample在线服务	从公开精选目录发现的 Texample 官方网站，建议人工确认后收录。	https://texample.net	是
Dynamicmath	Dynamicmath	工具	其他	Dynamicmath在线服务	从公开精选目录发现的 Dynamicmath 官方网站，建议人工确认后收录。	https://www.dynamicmath.xyz/collective-math-art	是
Animagraffs	Animagraffs	工具	其他	Animagraffs在线服务	从公开精选目录发现的 Animagraffs 官方网站，建议人工确认后收录。	https://animagraffs.com	是
Technologystudent	Technologystudent	工具	其他	Technologystudent在线服务	从公开精选目录发现的 Technologystudent 官方网站，建议人工确认后收录。	https://technologystudent.com/index.htm	是
Nuclear Power	Nuclear Power	工具	其他	Nuclear Power在线服务	从公开精选目录发现的 Nuclear Power 官方网站，建议人工确认后收录。	https://www.nuclear-power.com	是
App	App	工具	其他	App在线服务	从公开精选目录发现的 App 官方网站，建议人工确认后收录。	https://app.knovel.com/kn	是
Engineeringlibrary	Engineeringlibrary	工具	其他	Engineeringlibrary在线服务	从公开精选目录发现的 Engineeringlibrary 官方网站，建议人工确认后收录。	https://engineeringlibrary.org/reference	是
Text To Cad	Text To Cad	开发	编程开发	Text To Cad在线服务	从公开精选目录发现的 Text To Cad 官方网站，建议人工确认后收录。	https://text-to-cad.zoo.dev	是
Mcmaster	Mcmaster	工具	其他	Mcmaster在线服务	从公开精选目录发现的 Mcmaster 官方网站，建议人工确认后收录。	https://www.mcmaster.com	是
Engineeronadisk	Engineeronadisk	工具	其他	Engineeronadisk在线服务	从公开精选目录发现的 Engineeronadisk 官方网站，建议人工确认后收录。	https://engineeronadisk.com/book_modeling/modeltoc.html	是
Ciechanow	Ciechanow	工具	其他	Ciechanow在线服务	从公开精选目录发现的 Ciechanow 官方网站，建议人工确认后收录。	https://ciechanow.ski/archives	是
Iqsdirectory	Iqsdirectory	工具	其他	Iqsdirectory在线服务	从公开精选目录发现的 Iqsdirectory 官方网站，建议人工确认后收录。	https://www.iqsdirectory.com/articles	是
Printablegraphpaper	Printablegraphpaper	工具	其他	Printablegraphpaper在线服务	从公开精选目录发现的 Printablegraphpaper 官方网站，建议人工确认后收录。	https://printablegraphpaper.org	是
Floorplanlab	Floorplanlab	工具	其他	Floorplanlab在线服务	从公开精选目录发现的 Floorplanlab 官方网站，建议人工确认后收录。	https://floorplanlab.com	是
Engineersedge	Engineersedge	工具	其他	Engineersedge在线服务	从公开精选目录发现的 Engineersedge 官方网站，建议人工确认后收录。	https://www.engineersedge.com	是
3dhouseplanner	3dhouseplanner	工具	其他	3dhouseplanner在线服务	从公开精选目录发现的 3dhouseplanner 官方网站，建议人工确认后收录。	https://3dhouseplanner.com	是
507movements	507movements	工具	其他	507movements在线服务	从公开精选目录发现的 507movements 官方网站，建议人工确认后收录。	https://507movements.com/toc.html	是
Madehow	Madehow	工具	其他	Madehow在线服务	从公开精选目录发现的 Madehow 官方网站，建议人工确认后收录。	https://www.madehow.com	是
Temple	Temple	工具	其他	Temple在线服务	从公开精选目录发现的 Temple 官方网站，建议人工确认后收录。	https://temple.manifoldapp.org/projects/structural-analysis	是
Dynref	Dynref	教育	在线学习	Dynref在线服务	从公开精选目录发现的 Dynref 官方网站，建议人工确认后收录。	https://dynref.engr.illinois.edu/ref.html	是
Commons	Commons	工具	其他	Commons在线服务	从公开精选目录发现的 Commons 官方网站，建议人工确认后收录。	https://commons.wikimedia.org/wiki/category:animations_of_engines	是
Mekanizmalar	Mekanizmalar	工具	其他	Mekanizmalar在线服务	从公开精选目录发现的 Mekanizmalar 官方网站，建议人工确认后收录。	https://www.mekanizmalar.com/menu-gear.html	是
People	People	教育	在线学习	People在线服务	从公开精选目录发现的 People 官方网站，建议人工确认后收录。	https://people.ohio.edu/williams/html/mechanismanimations.html	是
Calcresource	Calcresource	工具	其他	Calcresource在线服务	从公开精选目录发现的 Calcresource 官方网站，建议人工确认后收录。	https://calcresource.com/resources.html	是
Amesweb	Amesweb	工具	其他	Amesweb在线服务	从公开精选目录发现的 Amesweb 官方网站，建议人工确认后收录。	https://www.amesweb.info	是
Roymech	Roymech	工具	其他	Roymech在线服务	从公开精选目录发现的 Roymech 官方网站，建议人工确认后收录。	https://www.roymech.co.uk	是
Sections	Sections	工具	其他	Sections在线服务	从公开精选目录发现的 Sections 官方网站，建议人工确认后收录。	https://sections.arcelormittal.com/design_aid/design_software/en	是
Bu	Bu	教育	在线学习	Bu在线服务	从公开精选目录发现的 Bu 官方网站，建议人工确认后收录。	https://www.bu.edu/moss	是
Homestyler	Homestyler	工具	其他	Homestyler在线服务	从公开精选目录发现的 Homestyler 官方网站，建议人工确认后收录。	https://www.homestyler.com	是
Howacarworks	Howacarworks	工具	效率工具	Howacarworks在线服务	从公开精选目录发现的 Howacarworks 官方网站，建议人工确认后收录。	https://www.howacarworks.com	是
Iihs	Iihs	工具	其他	Iihs在线服务	从公开精选目录发现的 Iihs 官方网站，建议人工确认后收录。	https://www.iihs.org/ratings	是
Euroncap	Euroncap	工具	其他	Euroncap在线服务	从公开精选目录发现的 Euroncap 官方网站，建议人工确认后收录。	https://www.euroncap.com/en	是
Toastermuseum	Toastermuseum	工具	其他	Toastermuseum在线服务	从公开精选目录发现的 Toastermuseum 官方网站，建议人工确认后收录。	http://toastermuseum.com	是
Doitpoms	Doitpoms	工具	其他	Doitpoms在线服务	从公开精选目录发现的 Doitpoms 官方网站，建议人工确认后收录。	https://www.doitpoms.ac.uk/index.php	是
Ssd	Ssd	工具	其他	Ssd在线服务	从公开精选目录发现的 Ssd 官方网站，建议人工确认后收录。	https://ssd.phys.strath.ac.uk	是
Product	Product	工具	效率工具	Product在线服务	从公开精选目录发现的 Product 官方网站，建议人工确认后收录。	https://product.statnano.com	是
Myminifactory	Myminifactory	工具	其他	Myminifactory在线服务	从公开精选目录发现的 Myminifactory 官方网站，建议人工确认后收录。	https://www.myminifactory.com	是
Roymech	Roymech	工具	其他	Roymech在线服务	从公开精选目录发现的 Roymech 官方网站，建议人工确认后收录。	https://roymech.org	是
Electrical4u	Electrical4u	工具	其他	Electrical4u在线服务	从公开精选目录发现的 Electrical4u 官方网站，建议人工确认后收录。	https://www.electrical4u.com	是
Electronics Tutorials	Electronics Tutorials	工具	其他	Electronics Tutorials在线服务	从公开精选目录发现的 Electronics Tutorials 官方网站，建议人工确认后收录。	https://www.electronics-tutorials.ws	是
Octopart	Octopart	工具	其他	Octopart在线服务	从公开精选目录发现的 Octopart 官方网站，建议人工确认后收录。	https://octopart.com	是
Techspot	Techspot	工具	其他	Techspot在线服务	从公开精选目录发现的 Techspot 官方网站，建议人工确认后收录。	https://www.techspot.com/article/1821-how-cpus-are-designed-and-built	是
Opencircuitsbook	Opencircuitsbook	工具	其他	Opencircuitsbook在线服务	从公开精选目录发现的 Opencircuitsbook 官方网站，建议人工确认后收录。	https://www.opencircuitsbook.com	是
Digikey	Digikey	工具	其他	Digikey在线服务	从公开精选目录发现的 Digikey 官方网站，建议人工确认后收录。	https://www.digikey.com	是
Telematic	Telematic	工具	其他	Telematic在线服务	从公开精选目录发现的 Telematic 官方网站，建议人工确认后收录。	http://telematic.walkerart.org/timeline/index.html	是
Cybergraph	Cybergraph	工具	其他	Cybergraph在线服务	从公开精选目录发现的 Cybergraph 官方网站，建议人工确认后收录。	https://cybergraph.dubberly.com	是
Everycircuit	Everycircuit	工具	其他	Everycircuit在线服务	从公开精选目录发现的 Everycircuit 官方网站，建议人工确认后收录。	https://everycircuit.com	是
Falstad	Falstad	工具	其他	Falstad在线服务	从公开精选目录发现的 Falstad 官方网站，建议人工确认后收录。	https://www.falstad.com/circuit	是
Webopedia	Webopedia	工具	其他	Webopedia在线服务	从公开精选目录发现的 Webopedia 官方网站，建议人工确认后收录。	https://www.webopedia.com	是
Teachyourselfcs	Teachyourselfcs	工具	其他	Teachyourselfcs在线服务	从公开精选目录发现的 Teachyourselfcs 官方网站，建议人工确认后收录。	https://teachyourselfcs.com	是
Functionalcs	Functionalcs	开发	编程开发	Functionalcs在线服务	从公开精选目录发现的 Functionalcs 官方网站，建议人工确认后收录。	https://functionalcs.github.io/curriculum	是
Menimagerie	Menimagerie	设计	设计与创意	Menimagerie在线服务	从公开精选目录发现的 Menimagerie 官方网站，建议人工确认后收录。	https://www.menimagerie.com	是
Compscilib	Compscilib	工具	其他	Compscilib在线服务	从公开精选目录发现的 Compscilib 官方网站，建议人工确认后收录。	https://www.compscilib.com	是
Computerhope	Computerhope	工具	其他	Computerhope在线服务	从公开精选目录发现的 Computerhope 官方网站，建议人工确认后收录。	https://www.computerhope.com/jargon.htm	是
Tinlizzie	Tinlizzie	工具	其他	Tinlizzie在线服务	从公开精选目录发现的 Tinlizzie 官方网站，建议人工确认后收录。	https://tinlizzie.org/ia/index.php/talks_by_alan_kay	是
Everythingcomputerscience	Everythingcomputerscience	工具	其他	Everythingcomputerscience在线服务	从公开精选目录发现的 Everythingcomputerscience 官方网站，建议人工确认后收录。	https://everythingcomputerscience.com	是
Videolectures	Videolectures	工具	其他	Videolectures在线服务	从公开精选目录发现的 Videolectures 官方网站，建议人工确认后收录。	https://videolectures.net/search	是
Xlinux	Xlinux	工具	其他	Xlinux在线服务	从公开精选目录发现的 Xlinux 官方网站，建议人工确认后收录。	https://xlinux.nist.gov/dads	是
Visualgo	Visualgo	工具	其他	Visualgo在线服务	从公开精选目录发现的 Visualgo 官方网站，建议人工确认后收录。	https://visualgo.net/en	是
Entcheva	Entcheva	开发	编程开发	Entcheva在线服务	从公开精选目录发现的 Entcheva 官方网站，建议人工确认后收录。	https://entcheva.github.io	是
Blog	Blog	工具	其他	Blog在线服务	从公开精选目录发现的 Blog 官方网站，建议人工确认后收录。	https://blog.notdot.net/tag/damn-cool-algorithms	是
Www3	Www3	教育	在线学习	Www3在线服务	从公开精选目录发现的 Www3 官方网站，建议人工确认后收录。	https://www3.cs.stonybrook.edu/~algorith/video-lectures	是
Thimbleby	Thimbleby	开发	编程开发	Thimbleby在线服务	从公开精选目录发现的 Thimbleby 官方网站，建议人工确认后收录。	https://thimbleby.gitlab.io/algorithm-wiki-site	是
Sinon	Sinon	工具	其他	Sinon在线服务	从公开精选目录发现的 Sinon 官方网站，建议人工确认后收录。	https://sinon.org/algorithms	是
Cooervo	Cooervo	开发	编程开发	Cooervo在线服务	从公开精选目录发现的 Cooervo 官方网站，建议人工确认后收录。	https://cooervo.github.io/algorithms-datastructures-bigonotation	是
Bigocheatsheet	Bigocheatsheet	工具	其他	Bigocheatsheet在线服务	从公开精选目录发现的 Bigocheatsheet 官方网站，建议人工确认后收录。	https://www.bigocheatsheet.com	是
Clear	Clear	教育	在线学习	Clear在线服务	从公开精选目录发现的 Clear 官方网站，建议人工确认后收录。	https://www.clear.rice.edu/comp160/data_cheat.html	是
Course	Course	AI	AI	Course在线服务	从公开精选目录发现的 Course 官方网站，建议人工确认后收录。	https://course.fast.ai	是
Paperswithcode	Paperswithcode	开发	编程开发	Paperswithcode在线服务	从公开精选目录发现的 Paperswithcode 官方网站，建议人工确认后收录。	https://paperswithcode.com/sota	是
Maps	Maps	教育	在线学习	Maps在线服务	从公开精选目录发现的 Maps 官方网站，建议人工确认后收录。	https://maps.joindeltaacademy.com	是
Pytorch	Pytorch	工具	其他	Pytorch在线服务	从公开精选目录发现的 Pytorch 官方网站，建议人工确认后收录。	https://pytorch.org/blog/inside-the-matrix	是
Docs	Docs	工具	其他	Docs在线服务	从公开精选目录发现的 Docs 官方网站，建议人工确认后收录。	https://docs.google.com/spreadsheets/d/1gc6yse74xcwbx028hv_cvdxwxkmxejvjko-mz2uwe0k/edit	是
Paperswithcode	Paperswithcode	开发	编程开发	Paperswithcode在线服务	从公开精选目录发现的 Paperswithcode 官方网站，建议人工确认后收录。	https://paperswithcode.com	是
Explorer	Explorer	工具	其他	Explorer在线服务	从公开精选目录发现的 Explorer 官方网站，建议人工确认后收录。	https://explorer.globe.engineer	是
Colah	Colah	开发	编程开发	Colah在线服务	从公开精选目录发现的 Colah 官方网站，建议人工确认后收录。	https://colah.github.io	是
Playground	Playground	工具	其他	Playground在线服务	从公开精选目录发现的 Playground 官方网站，建议人工确认后收录。	https://playground.tensorflow.org	是
Futuretools	Futuretools	工具	其他	Futuretools在线服务	从公开精选目录发现的 Futuretools 官方网站，建议人工确认后收录。	https://www.futuretools.io	是
Aitoolsarena	Aitoolsarena	AI	AI	Aitoolsarena在线服务	从公开精选目录发现的 Aitoolsarena 官方网站，建议人工确认后收录。	https://aitoolsarena.com	是
Aivalley	Aivalley	AI	AI	Aivalley在线服务	从公开精选目录发现的 Aivalley 官方网站，建议人工确认后收录。	https://aivalley.ai	是
Robotsguide	Robotsguide	工具	其他	Robotsguide在线服务	从公开精选目录发现的 Robotsguide 官方网站，建议人工确认后收录。	https://robotsguide.com	是
Janismac	Janismac	开发	编程开发	Janismac在线服务	从公开精选目录发现的 Janismac 官方网站，建议人工确认后收录。	https://janismac.github.io/controlchallenges	是
Osanseviero	Osanseviero	开发	编程开发	Osanseviero在线服务	从公开精选目录发现的 Osanseviero 官方网站，建议人工确认后收录。	https://osanseviero.github.io/hackerllama/blog/posts/hitchhiker_guide	是
Moebio	Moebio	工具	其他	Moebio在线服务	从公开精选目录发现的 Moebio 官方网站，建议人工确认后收录。	https://moebio.com/mind	是
Bbycroft	Bbycroft	工具	其他	Bbycroft在线服务	从公开精选目录发现的 Bbycroft 官方网站，建议人工确认后收录。	https://bbycroft.net/llm	是
Rr Lm Game	Rr Lm Game	工具	其他	Rr Lm Game在线服务	从公开精选目录发现的 Rr Lm Game 官方网站，建议人工确认后收录。	https://rr-lm-game.herokuapp.com	是
Promptperfect	Promptperfect	AI	AI	Promptperfect在线服务	从公开精选目录发现的 Promptperfect 官方网站，建议人工确认后收录。	https://promptperfect.jina.ai	是
Jailbreakchat	Jailbreakchat	AI	AI	Jailbreakchat在线服务	从公开精选目录发现的 Jailbreakchat 官方网站，建议人工确认后收录。	https://www.jailbreakchat.com	是
Quickref	Quickref	工具	其他	Quickref在线服务	从公开精选目录发现的 Quickref 官方网站，建议人工确认后收录。	https://quickref.me/chatgpt	是
Cookbook	Cookbook	AI	AI	Cookbook在线服务	从公开精选目录发现的 Cookbook 官方网站，建议人工确认后收录。	https://cookbook.openai.com	是
Promptingguide	Promptingguide	AI	AI	Promptingguide在线服务	从公开精选目录发现的 Promptingguide 官方网站，建议人工确认后收录。	https://www.promptingguide.ai	是
Instaprompt	Instaprompt	AI	AI	Instaprompt在线服务	从公开精选目录发现的 Instaprompt 官方网站，建议人工确认后收录。	https://www.instaprompt.ai	是
Promptfolder	Promptfolder	工具	其他	Promptfolder在线服务	从公开精选目录发现的 Promptfolder 官方网站，建议人工确认后收录。	https://promptfolder.com/midjourney-prompt-helper	是
Freemidjourneyprompt	Freemidjourneyprompt	工具	其他	Freemidjourneyprompt在线服务	从公开精选目录发现的 Freemidjourneyprompt 官方网站，建议人工确认后收录。	https://www.freemidjourneyprompt.com	是
Learnprompting	Learnprompting	教育	在线学习	Learnprompting在线服务	从公开精选目录发现的 Learnprompting 官方网站，建议人工确认后收录。	https://learnprompting.org/docs/introduction	是
Datatau	Datatau	工具	其他	Datatau在线服务	从公开精选目录发现的 Datatau 官方网站，建议人工确认后收录。	https://www.datatau.com/news	是
Datasetlist	Datasetlist	工具	其他	Datasetlist在线服务	从公开精选目录发现的 Datasetlist 官方网站，建议人工确认后收录。	https://www.datasetlist.com	是
Statlearning	Statlearning	教育	在线学习	Statlearning在线服务	从公开精选目录发现的 Statlearning 官方网站，建议人工确认后收录。	https://www.statlearning.com	是
Image Net	Image Net	设计	设计与创意	Image Net在线服务	从公开精选目录发现的 Image Net 官方网站，建议人工确认后收录。	https://www.image-net.org	是
Datasheets	Datasheets	工具	其他	Datasheets在线服务	从公开精选目录发现的 Datasheets 官方网站，建议人工确认后收录。	https://www.datasheets.com	是
Academictorrents	Academictorrents	工具	其他	Academictorrents在线服务	从公开精选目录发现的 Academictorrents 官方网站，建议人工确认后收录。	https://academictorrents.com	是
Dblp	Dblp	工具	其他	Dblp在线服务	从公开精选目录发现的 Dblp 官方网站，建议人工确认后收录。	https://dblp.org	是
Developer	Developer	开发	编程开发	Developer在线服务	从公开精选目录发现的 Developer 官方网站，建议人工确认后收录。	https://developer.mozilla.org/en-us	是
W3	W3	工具	其他	W3在线服务	从公开精选目录发现的 W3 官方网站，建议人工确认后收录。	https://www.w3.org	是
Keepsimple	Keepsimple	工具	其他	Keepsimple在线服务	从公开精选目录发现的 Keepsimple 官方网站，建议人工确认后收录。	https://keepsimple.io/uxcore	是
Coggle	Coggle	工具	其他	Coggle在线服务	从公开精选目录发现的 Coggle 官方网站，建议人工确认后收录。	https://coggle.it/diagram/vz9lvw8byvn0i38x/t/web-development	是
Web	Web	开发	编程开发	Web在线服务	从公开精选目录发现的 Web 官方网站，建议人工确认后收录。	https://web.dev/learn	是
Webdevhome	Webdevhome	开发	编程开发	Webdevhome在线服务	从公开精选目录发现的 Webdevhome 官方网站，建议人工确认后收录。	https://webdevhome.github.io	是
Web Dev Resources	Web Dev Resources	开发	编程开发	Web Dev Resources在线服务	从公开精选目录发现的 Web Dev Resources 官方网站，建议人工确认后收录。	https://web-dev-resources.com	是
Bbcmic	Bbcmic	工具	其他	Bbcmic在线服务	从公开精选目录发现的 Bbcmic 官方网站，建议人工确认后收录。	https://bbcmic.ro	是
Blog	Blog	工具	其他	Blog在线服务	从公开精选目录发现的 Blog 官方网站，建议人工确认后收录。	https://blog.demofox.org	是
Super Static Assets	Super Static Assets	工具	其他	Super Static Assets在线服务	从公开精选目录发现的 Super Static Assets 官方网站，建议人工确认后收录。	https://super-static-assets.s3.amazonaws.com/bc2689f0-a124-4777-93dc-416ee1aa4858/images/7db6532c-14f1-4c51-a337-b3021a7293bf.svg	是
Ishoudinireadyyet	Ishoudinireadyyet	工具	其他	Ishoudinireadyyet在线服务	从公开精选目录发现的 Ishoudinireadyyet 官方网站，建议人工确认后收录。	https://ishoudinireadyyet.com	是
Artillery	Artillery	工具	其他	Artillery在线服务	从公开精选目录发现的 Artillery 官方网站，建议人工确认后收录。	https://www.artillery.io	是
Rentry	Rentry	工具	其他	Rentry在线服务	从公开精选目录发现的 Rentry 官方网站，建议人工确认后收录。	https://rentry.org	是
Intab	Intab	工具	其他	Intab在线服务	从公开精选目录发现的 Intab 官方网站，建议人工确认后收录。	https://intab.io/resources	是
Chromeextensionkit	Chromeextensionkit	工具	其他	Chromeextensionkit在线服务	从公开精选目录发现的 Chromeextensionkit 官方网站，建议人工确认后收录。	https://chromeextensionkit.com	是
Esoteric	Esoteric	开发	编程开发	Esoteric在线服务	从公开精选目录发现的 Esoteric 官方网站，建议人工确认后收录。	https://esoteric.codes	是
Freeformatter	Freeformatter	工具	其他	Freeformatter在线服务	从公开精选目录发现的 Freeformatter 官方网站，建议人工确认后收录。	https://freeformatter.com	是
Dbdesigner	Dbdesigner	设计	设计与创意	Dbdesigner在线服务	从公开精选目录发现的 Dbdesigner 官方网站，建议人工确认后收录。	https://www.dbdesigner.net	是
Jvns	Jvns	工具	其他	Jvns在线服务	从公开精选目录发现的 Jvns 官方网站，建议人工确认后收录。	https://jvns.ca/blog/2022/04/12/a-list-of-new-ish--command-line-tools/%3e	是
Visbug	Visbug	工具	其他	Visbug在线服务	从公开精选目录发现的 Visbug 官方网站，建议人工确认后收录。	https://visbug.web.app	是
Webdesignrepo	Webdesignrepo	设计	设计与创意	Webdesignrepo在线服务	从公开精选目录发现的 Webdesignrepo 官方网站，建议人工确认后收录。	https://webdesignrepo.com	是
Devopedia	Devopedia	开发	编程开发	Devopedia在线服务	从公开精选目录发现的 Devopedia 官方网站，建议人工确认后收录。	https://devopedia.org	是
Madewithbubble	Madewithbubble	工具	其他	Madewithbubble在线服务	从公开精选目录发现的 Madewithbubble 官方网站，建议人工确认后收录。	https://www.madewithbubble.xyz	是
Internetingishard	Internetingishard	工具	其他	Internetingishard在线服务	从公开精选目录发现的 Internetingishard 官方网站，建议人工确认后收录。	https://www.internetingishard.com	是
Airtable	Airtable	AI	AI	Airtable在线服务	从公开精选目录发现的 Airtable 官方网站，建议人工确认后收录。	https://www.airtable.com/home/toolkit	是
Resources	Resources	工具	其他	Resources在线服务	从公开精选目录发现的 Resources 官方网站，建议人工确认后收录。	https://resources.grey.software	是
Free For	Free For	开发	编程开发	Free For在线服务	从公开精选目录发现的 Free For 官方网站，建议人工确认后收录。	https://free-for.dev	是
Freeprivacypolicy	Freeprivacypolicy	工具	其他	Freeprivacypolicy在线服务	从公开精选目录发现的 Freeprivacypolicy 官方网站，建议人工确认后收录。	https://www.freeprivacypolicy.com	是
Mailinator	Mailinator	AI	AI	Mailinator在线服务	从公开精选目录发现的 Mailinator 官方网站，建议人工确认后收录。	https://www.mailinator.com	是
Toolkit	Toolkit	开发	编程开发	Toolkit在线服务	从公开精选目录发现的 Toolkit 官方网站，建议人工确认后收录。	https://toolkit.addy.codes	是
Browserbench	Browserbench	工具	其他	Browserbench在线服务	从公开精选目录发现的 Browserbench 官方网站，建议人工确认后收录。	https://www.browserbench.org/speedometer3.0	是
Useragents	Useragents	工具	其他	Useragents在线服务	从公开精选目录发现的 Useragents 官方网站，建议人工确认后收录。	https://www.useragents.me	是
Atlaq	Atlaq	工具	其他	Atlaq在线服务	从公开精选目录发现的 Atlaq 官方网站，建议人工确认后收录。	https://atlaq.com	是
Lookup	Lookup	工具	其他	Lookup在线服务	从公开精选目录发现的 Lookup 官方网站，建议人工确认后收录。	https://lookup.icann.org/en	是
Anthonyhobday	Anthonyhobday	工具	其他	Anthonyhobday在线服务	从公开精选目录发现的 Anthonyhobday 官方网站，建议人工确认后收录。	https://anthonyhobday.com/sideprojects/saferules	是
Caniemail	Caniemail	AI	AI	Caniemail在线服务	从公开精选目录发现的 Caniemail 官方网站，建议人工确认后收录。	https://www.caniemail.com	是
Eggradients	Eggradients	工具	其他	Eggradients在线服务	从公开精选目录发现的 Eggradients 官方网站，建议人工确认后收录。	https://www.eggradients.com	是
Frontendchecklist	Frontendchecklist	工具	其他	Frontendchecklist在线服务	从公开精选目录发现的 Frontendchecklist 官方网站，建议人工确认后收录。	https://frontendchecklist.io	是
Frontendmentor	Frontendmentor	工具	其他	Frontendmentor在线服务	从公开精选目录发现的 Frontendmentor 官方网站，建议人工确认后收录。	https://www.frontendmentor.io	是
Codepen	Codepen	开发	编程开发	Codepen在线服务	从公开精选目录发现的 Codepen 官方网站，建议人工确认后收录。	https://codepen.io/topics	是
Electronjs	Electronjs	工具	其他	Electronjs在线服务	从公开精选目录发现的 Electronjs 官方网站，建议人工确认后收录。	https://www.electronjs.org	是
Homepage	Homepage	工具	其他	Homepage在线服务	从公开精选目录发现的 Homepage 官方网站，建议人工确认后收录。	https://homepage.gallery	是
Htmldog	Htmldog	工具	其他	Htmldog在线服务	从公开精选目录发现的 Htmldog 官方网站，建议人工确认后收录。	https://htmldog.com	是
Learn	Learn	教育	在线学习	Learn在线服务	从公开精选目录发现的 Learn 官方网站，建议人工确认后收录。	https://learn.shayhowe.com	是
Thisthat	Thisthat	开发	编程开发	Thisthat在线服务	从公开精选目录发现的 Thisthat 官方网站，建议人工确认后收录。	https://thisthat.dev	是
Know It All	Know It All	工具	其他	Know It All在线服务	从公开精选目录发现的 Know It All 官方网站，建议人工确认后收录。	https://know-it-all.io	是
Youmightnotneedjquery	Youmightnotneedjquery	工具	其他	Youmightnotneedjquery在线服务	从公开精选目录发现的 Youmightnotneedjquery 官方网站，建议人工确认后收录。	https://youmightnotneedjquery.com	是
Hyperscript	Hyperscript	工具	其他	Hyperscript在线服务	从公开精选目录发现的 Hyperscript 官方网站，建议人工确认后收录。	https://hyperscript.org	是
Htmx	Htmx	工具	其他	Htmx在线服务	从公开精选目录发现的 Htmx 官方网站，建议人工确认后收录。	https://htmx.org	是
Csssolid	Csssolid	工具	其他	Csssolid在线服务	从公开精选目录发现的 Csssolid 官方网站，建议人工确认后收录。	https://www.csssolid.com	是
Css Tricks	Css Tricks	工具	其他	Css Tricks在线服务	从公开精选目录发现的 Css Tricks 官方网站，建议人工确认后收录。	https://css-tricks.com	是
Onaircode	Onaircode	AI	AI	Onaircode在线服务	从公开精选目录发现的 Onaircode 官方网站，建议人工确认后收录。	https://onaircode.com/css-box-shadow-code-snippet	是
Uiverse	Uiverse	工具	其他	Uiverse在线服务	从公开精选目录发现的 Uiverse 官方网站，建议人工确认后收录。	https://uiverse.io	是
Thecodingcards	Thecodingcards	工具	其他	Thecodingcards在线服务	从公开精选目录发现的 Thecodingcards 官方网站，建议人工确认后收录。	https://thecodingcards.com	是
Standardjs	Standardjs	工具	其他	Standardjs在线服务	从公开精选目录发现的 Standardjs 官方网站，建议人工确认后收录。	https://standardjs.com	是
Mbeaudru	Mbeaudru	开发	编程开发	Mbeaudru在线服务	从公开精选目录发现的 Mbeaudru 官方网站，建议人工确认后收录。	https://mbeaudru.github.io/modern-js-cheatsheet	是
Jsonplaceholder	Jsonplaceholder	开发	编程开发	Jsonplaceholder在线服务	从公开精选目录发现的 Jsonplaceholder 官方网站，建议人工确认后收录。	https://jsonplaceholder.typicode.com	是
Marozed	Marozed	工具	其他	Marozed在线服务	从公开精选目录发现的 Marozed 官方网站，建议人工确认后收录。	https://marozed.com/vue-cheatsheet	是
Jsbin	Jsbin	工具	其他	Jsbin在线服务	从公开精选目录发现的 Jsbin 官方网站，建议人工确认后收录。	https://jsbin.com	是
Toptal	Toptal	工具	其他	Toptal在线服务	从公开精选目录发现的 Toptal 官方网站，建议人工确认后收录。	https://www.toptal.com/developers/keycode	是
Jsdelivr	Jsdelivr	工具	其他	Jsdelivr在线服务	从公开精选目录发现的 Jsdelivr 官方网站，建议人工确认后收录。	https://www.jsdelivr.com	是
Runsidekick	Runsidekick	工具	其他	Runsidekick在线服务	从公开精选目录发现的 Runsidekick 官方网站，建议人工确认后收录。	https://www.runsidekick.com	是
Instances	Instances	工具	其他	Instances在线服务	从公开精选目录发现的 Instances 官方网站，建议人工确认后收录。	https://instances.vantage.sh	是
Publicapis	Publicapis	开发	编程开发	Publicapis在线服务	从公开精选目录发现的 Publicapis 官方网站，建议人工确认后收录。	https://publicapis.dev	是
Restapitutorial	Restapitutorial	开发	编程开发	Restapitutorial在线服务	从公开精选目录发现的 Restapitutorial 官方网站，建议人工确认后收录。	https://www.restapitutorial.com	是
Developer	Developer	开发	编程开发	Developer在线服务	从公开精选目录发现的 Developer 官方网站，建议人工确认后收录。	https://developer.spotify.com/documentation/web-api	是
Stripe	Stripe	工具	其他	Stripe在线服务	从公开精选目录发现的 Stripe 官方网站，建议人工确认后收录。	https://stripe.com/docs/api	是
Sqlzoo	Sqlzoo	工具	其他	Sqlzoo在线服务	从公开精选目录发现的 Sqlzoo 官方网站，建议人工确认后收录。	https://sqlzoo.net/wiki/sql_tutorial	是
Bipp	Bipp	工具	其他	Bipp在线服务	从公开精选目录发现的 Bipp 官方网站，建议人工确认后收录。	https://bipp.io/sql-tutorial	是
Selectstarsql	Selectstarsql	工具	其他	Selectstarsql在线服务	从公开精选目录发现的 Selectstarsql 官方网站，建议人工确认后收录。	https://selectstarsql.com	是
Quip	Quip	工具	其他	Quip在线服务	从公开精选目录发现的 Quip 官方网站，建议人工确认后收录。	https://quip.com/2gwzarkuwk7w	是
Sqltranslate	Sqltranslate	工具	其他	Sqltranslate在线服务	从公开精选目录发现的 Sqltranslate 官方网站，建议人工确认后收录。	https://www.sqltranslate.app	是
Serversforhackers	Serversforhackers	工具	其他	Serversforhackers在线服务	从公开精选目录发现的 Serversforhackers 官方网站，建议人工确认后收录。	https://serversforhackers.com	是
Sqlable	Sqlable	工具	其他	Sqlable在线服务	从公开精选目录发现的 Sqlable 官方网站，建议人工确认后收录。	https://sqlable.com	是
Pirsch	Pirsch	工具	其他	Pirsch在线服务	从公开精选目录发现的 Pirsch 官方网站，建议人工确认后收录。	https://pirsch.io	是
Websites	Websites	工具	其他	Websites在线服务	从公开精选目录发现的 Websites 官方网站，建议人工确认后收录。	https://websites.milonic.com	是
Woorank	Woorank	工具	其他	Woorank在线服务	从公开精选目录发现的 Woorank 官方网站，建议人工确认后收录。	https://www.woorank.com	是
Semji	Semji	工具	其他	Semji在线服务	从公开精选目录发现的 Semji 官方网站，建议人工确认后收录。	https://semji.com	是
Web	Web	开发	编程开发	Web在线服务	从公开精选目录发现的 Web 官方网站，建议人工确认后收录。	https://web.dev	是
Downloadtimecalculator	Downloadtimecalculator	工具	其他	Downloadtimecalculator在线服务	从公开精选目录发现的 Downloadtimecalculator 官方网站，建议人工确认后收录。	https://downloadtimecalculator.com	是
Validator	Validator	工具	其他	Validator在线服务	从公开精选目录发现的 Validator 官方网站，建议人工确认后收录。	https://validator.w3.org/checklink	是
Urlvoid	Urlvoid	工具	其他	Urlvoid在线服务	从公开精选目录发现的 Urlvoid 官方网站，建议人工确认后收录。	https://www.urlvoid.com	是
Similarsites	Similarsites	工具	其他	Similarsites在线服务	从公开精选目录发现的 Similarsites 官方网站，建议人工确认后收录。	https://www.similarsites.com	是
Locabrowser	Locabrowser	工具	其他	Locabrowser在线服务	从公开精选目录发现的 Locabrowser 官方网站，建议人工确认后收录。	https://www.locabrowser.com	是
Statusvista	Statusvista	工具	其他	Statusvista在线服务	从公开精选目录发现的 Statusvista 官方网站，建议人工确认后收录。	https://statusvista.com	是
Builtwith	Builtwith	工具	其他	Builtwith在线服务	从公开精选目录发现的 Builtwith 官方网站，建议人工确认后收录。	https://builtwith.com	是
Camelcamelcamel	Camelcamelcamel	工具	其他	Camelcamelcamel在线服务	从公开精选目录发现的 Camelcamelcamel 官方网站，建议人工确认后收录。	https://camelcamelcamel.com	是
Cloudping	Cloudping	开发	编程开发	Cloudping在线服务	从公开精选目录发现的 Cloudping 官方网站，建议人工确认后收录。	https://cloudping.bastionhost.org/en	是
Downforeveryoneorjustme	Downforeveryoneorjustme	工具	其他	Downforeveryoneorjustme在线服务	从公开精选目录发现的 Downforeveryoneorjustme 官方网站，建议人工确认后收录。	https://downforeveryoneorjustme.com	是
Downdetector	Downdetector	工具	其他	Downdetector在线服务	从公开精选目录发现的 Downdetector 官方网站，建议人工确认后收录。	https://downdetector.in	是
Webhookwizard	Webhookwizard	工具	其他	Webhookwizard在线服务	从公开精选目录发现的 Webhookwizard 官方网站，建议人工确认后收录。	https://webhookwizard.com	是
Chrome	Chrome	工具	其他	Chrome在线服务	从公开精选目录发现的 Chrome 官方网站，建议人工确认后收录。	https://chrome.google.com/webstore/detail/lighthouse/blipmdconlkpinefehnmjammfjpmpbjk	是
Archive	Archive	工具	其他	Archive在线服务	从公开精选目录发现的 Archive 官方网站，建议人工确认后收录。	https://archive.md	是
Web	Web	工具	其他	Web在线服务	从公开精选目录发现的 Web 官方网站，建议人工确认后收录。	https://web.hypothes.is	是
Keywordtrendsai	Keywordtrendsai	AI	AI	Keywordtrendsai在线服务	从公开精选目录发现的 Keywordtrendsai 官方网站，建议人工确认后收录。	https://keywordtrendsai.com	是
Fast	Fast	工具	其他	Fast在线服务	从公开精选目录发现的 Fast 官方网站，建议人工确认后收录。	https://fast.com	是
Tools	Tools	工具	其他	Tools在线服务	从公开精选目录发现的 Tools 官方网站，建议人工确认后收录。	https://tools.pingdom.com	是
Loader	Loader	工具	其他	Loader在线服务	从公开精选目录发现的 Loader 官方网站，建议人工确认后收录。	https://loader.io	是
Azurespeed	Azurespeed	工具	其他	Azurespeed在线服务	从公开精选目录发现的 Azurespeed 官方网站，建议人工确认后收录。	https://www.azurespeed.com/azure/latency	是
Novicedock	Novicedock	工具	其他	Novicedock在线服务	从公开精选目录发现的 Novicedock 官方网站，建议人工确认后收录。	https://novicedock.com	是
Morioh	Morioh	工具	其他	Morioh在线服务	从公开精选目录发现的 Morioh 官方网站，建议人工确认后收录。	https://morioh.com	是
En	En	工具	其他	En在线服务	从公开精选目录发现的 En 官方网站，建议人工确认后收录。	https://en.algorithmica.org/hpc	是
Markm208	Markm208	开发	编程开发	Markm208在线服务	从公开精选目录发现的 Markm208 官方网站，建议人工确认后收录。	https://markm208.github.io/exbook	是
Bengrosser	Bengrosser	工具	其他	Bengrosser在线服务	从公开精选目录发现的 Bengrosser 官方网站，建议人工确认后收录。	https://bengrosser.com/projects	是
Cybercademy	Cybercademy	工具	其他	Cybercademy在线服务	从公开精选目录发现的 Cybercademy 官方网站，建议人工确认后收录。	https://cybercademy.org/project-ideas	是
Fossdroid	Fossdroid	工具	其他	Fossdroid在线服务	从公开精选目录发现的 Fossdroid 官方网站，建议人工确认后收录。	https://fossdroid.com	是
Androidweekly	Androidweekly	工具	其他	Androidweekly在线服务	从公开精选目录发现的 Androidweekly 官方网站，建议人工确认后收录。	https://androidweekly.net	是
Apt	Apt	工具	其他	Apt在线服务	从公开精选目录发现的 Apt 官方网站，建议人工确认后收录。	https://apt.izzysoft.de/fdroid/index.php	是
Reports	Reports	工具	其他	Reports在线服务	从公开精选目录发现的 Reports 官方网站，建议人工确认后收录。	https://reports.exodus-privacy.eu.org/en	是
Dontkillmyapp	Dontkillmyapp	AI	AI	Dontkillmyapp在线服务	从公开精选目录发现的 Dontkillmyapp 官方网站，建议人工确认后收录。	https://dontkillmyapp.com	是
Mobilexfiles	Mobilexfiles	工具	其他	Mobilexfiles在线服务	从公开精选目录发现的 Mobilexfiles 官方网站，建议人工确认后收录。	https://mobilexfiles.com	是
Wiki	Wiki	工具	其他	Wiki在线服务	从公开精选目录发现的 Wiki 官方网站，建议人工确认后收录。	https://wiki.mobileread.com/wiki/main_page	是
Systemrequirementslab	Systemrequirementslab	工具	其他	Systemrequirementslab在线服务	从公开精选目录发现的 Systemrequirementslab 官方网站，建议人工确认后收录。	https://www.systemrequirementslab.com/cyri	是
Kenney	Kenney	工具	其他	Kenney在线服务	从公开精选目录发现的 Kenney 官方网站，建议人工确认后收录。	https://kenney.nl	是
Flasharch	Flasharch	工具	其他	Flasharch在线服务	从公开精选目录发现的 Flasharch 官方网站，建议人工确认后收录。	https://flasharch.com/en	是
Opengameart	Opengameart	工具	其他	Opengameart在线服务	从公开精选目录发现的 Opengameart 官方网站，建议人工确认后收录。	https://opengameart.org	是
Nexusmods	Nexusmods	工具	其他	Nexusmods在线服务	从公开精选目录发现的 Nexusmods 官方网站，建议人工确认后收录。	https://www.nexusmods.com	是
Noclip	Noclip	工具	其他	Noclip在线服务	从公开精选目录发现的 Noclip 官方网站，建议人工确认后收录。	https://noclip.website	是
Ncase	Ncase	工具	其他	Ncase在线服务	从公开精选目录发现的 Ncase 官方网站，建议人工确认后收录。	https://ncase.me	是
Webdocs	Webdocs	工具	其他	Webdocs在线服务	从公开精选目录发现的 Webdocs 官方网站，建议人工确认后收录。	https://webdocs.cs.ualberta.ca/~games	是
Combinatorics	Combinatorics	工具	其他	Combinatorics在线服务	从公开精选目录发现的 Combinatorics 官方网站，建议人工确认后收录。	https://www.combinatorics.org	是
Ics	Ics	教育	在线学习	Ics在线服务	从公开精选目录发现的 Ics 官方网站，建议人工确认后收录。	https://ics.uci.edu/~eppstein/cgt	是
Bentoblocksgame	Bentoblocksgame	工具	其他	Bentoblocksgame在线服务	从公开精选目录发现的 Bentoblocksgame 官方网站，建议人工确认后收录。	https://www.bentoblocksgame.com	是
Pokemondb	Pokemondb	工具	其他	Pokemondb在线服务	从公开精选目录发现的 Pokemondb 官方网站，建议人工确认后收录。	https://pokemondb.net	是
Serebii	Serebii	工具	其他	Serebii在线服务	从公开精选目录发现的 Serebii 官方网站，建议人工确认后收录。	https://serebii.net	是
Thechesswebsite	Thechesswebsite	工具	其他	Thechesswebsite在线服务	从公开精选目录发现的 Thechesswebsite 官方网站，建议人工确认后收录。	https://www.thechesswebsite.com	是
En	En	工具	其他	En在线服务	从公开精选目录发现的 En 官方网站，建议人工确认后收录。	https://en.lichess.org	是
Chess	Chess	工具	其他	Chess在线服务	从公开精选目录发现的 Chess 官方网站，建议人工确认后收录。	https://www.chess.com	是
Fpga4fun	Fpga4fun	工具	其他	Fpga4fun在线服务	从公开精选目录发现的 Fpga4fun 官方网站，建议人工确认后收录。	https://www.fpga4fun.com	是
Wokwi	Wokwi	工具	其他	Wokwi在线服务	从公开精选目录发现的 Wokwi 官方网站，建议人工确认后收录。	https://wokwi.com	是
C9x	C9x	工具	其他	C9x在线服务	从公开精选目录发现的 C9x 官方网站，建议人工确认后收录。	https://c9x.me/x86	是
Wiki	Wiki	工具	其他	Wiki在线服务	从公开精选目录发现的 Wiki 官方网站，建议人工确认后收录。	https://wiki.analog.com	是
H Schmidt	H Schmidt	工具	其他	H Schmidt在线服务	从公开精选目录发现的 H Schmidt 官方网站，建议人工确认后收录。	https://www.h-schmidt.net/floatconverter/ieee754.html	是
Cs	Cs	教育	在线学习	Cs在线服务	从公开精选目录发现的 Cs 官方网站，建议人工确认后收录。	https://www.cs.virginia.edu/~evans/cs216/guides/x86.html	是
Linuxjourney	Linuxjourney	工具	其他	Linuxjourney在线服务	从公开精选目录发现的 Linuxjourney 官方网站，建议人工确认后收录。	https://linuxjourney.com	是
Bellard	Bellard	工具	其他	Bellard在线服务	从公开精选目录发现的 Bellard 官方网站，建议人工确认后收录。	https://bellard.org/jslinux	是
Os	Os	工具	其他	Os在线服务	从公开精选目录发现的 Os 官方网站，建议人工确认后收录。	https://os.directory	是
Distrowatch	Distrowatch	工具	其他	Distrowatch在线服务	从公开精选目录发现的 Distrowatch 官方网站，建议人工确认后收录。	https://distrowatch.com	是
Ss64	Ss64	工具	其他	Ss64在线服务	从公开精选目录发现的 Ss64 官方网站，建议人工确认后收录。	https://ss64.com	是
Ss64	Ss64	工具	其他	Ss64在线服务	从公开精选目录发现的 Ss64 官方网站，建议人工确认后收录。	https://ss64.com/bash/syntax-keyboard.html	是
Ubuntu	Ubuntu	工具	其他	Ubuntu在线服务	从公开精选目录发现的 Ubuntu 官方网站，建议人工确认后收录。	https://ubuntu.com/tutorials/command-line-for-beginners	是
Librehunt	Librehunt	工具	其他	Librehunt在线服务	从公开精选目录发现的 Librehunt 官方网站，建议人工确认后收录。	https://librehunt.org	是
Vim	Vim	工具	其他	Vim在线服务	从公开精选目录发现的 Vim 官方网站，建议人工确认后收录。	https://vim.rtorr.com	是
Learnvim	Learnvim	教育	在线学习	Learnvim在线服务	从公开精选目录发现的 Learnvim 官方网站，建议人工确认后收录。	https://learnvim.irian.to	是
Vimawesome	Vimawesome	工具	其他	Vimawesome在线服务	从公开精选目录发现的 Vimawesome 官方网站，建议人工确认后收录。	https://vimawesome.com	是
Vim Adventures	Vim Adventures	工具	其他	Vim Adventures在线服务	从公开精选目录发现的 Vim Adventures 官方网站，建议人工确认后收录。	https://vim-adventures.com	是
Vimified	Vimified	工具	其他	Vimified在线服务	从公开精选目录发现的 Vimified 官方网站，建议人工确认后收录。	https://www.vimified.com	是
Rogerdudler	Rogerdudler	开发	编程开发	Rogerdudler在线服务	从公开精选目录发现的 Rogerdudler 官方网站，建议人工确认后收录。	https://rogerdudler.github.io/git-guide	是
Gitsheet	Gitsheet	开发	编程开发	Gitsheet在线服务	从公开精选目录发现的 Gitsheet 官方网站，建议人工确认后收录。	https://gitsheet.wtf	是
Colab	Colab	工具	其他	Colab在线服务	从公开精选目录发现的 Colab 官方网站，建议人工确认后收录。	https://colab.research.google.com/github/shirooo39/mixlab/blob/master/mixlab.ipynb	是
Learngitbranching	Learngitbranching	教育	在线学习	Learngitbranching在线服务	从公开精选目录发现的 Learngitbranching 官方网站，建议人工确认后收录。	https://learngitbranching.js.org	是
Gitstalk	Gitstalk	开发	编程开发	Gitstalk在线服务	从公开精选目录发现的 Gitstalk 官方网站，建议人工确认后收录。	https://gitstalk.netlify.app	是
Gitexplorer	Gitexplorer	开发	编程开发	Gitexplorer在线服务	从公开精选目录发现的 Gitexplorer 官方网站，建议人工确认后收录。	https://gitexplorer.com	是
Gitstats	Gitstats	开发	编程开发	Gitstats在线服务	从公开精选目录发现的 Gitstats 官方网站，建议人工确认后收录。	https://gitstats.me	是
Gitcoin	Gitcoin	开发	编程开发	Gitcoin在线服务	从公开精选目录发现的 Gitcoin 官方网站，建议人工确认后收录。	https://gitcoin.co	是
Ohshitgit	Ohshitgit	开发	编程开发	Ohshitgit在线服务	从公开精选目录发现的 Ohshitgit 官方网站，建议人工确认后收录。	https://ohshitgit.com	是
Github	Github	开发	编程开发	Github在线服务	从公开精选目录发现的 Github 官方网站，建议人工确认后收录。	https://github.motakasoft.com/trending	是
Anvaka	Anvaka	开发	编程开发	Anvaka在线服务	从公开精选目录发现的 Anvaka 官方网站，建议人工确认后收录。	https://anvaka.github.io/map-of-github	是
Relatedrepos	Relatedrepos	工具	其他	Relatedrepos在线服务	从公开精选目录发现的 Relatedrepos 官方网站，建议人工确认后收录。	https://relatedrepos.com	是
Ide	Ide	工具	其他	Ide在线服务	从公开精选目录发现的 Ide 官方网站，建议人工确认后收录。	https://ide.onelang.io	是
Theia Ide	Theia Ide	工具	其他	Theia Ide在线服务	从公开精选目录发现的 Theia Ide 官方网站，建议人工确认后收录。	https://theia-ide.org	是
Vscodethemes	Vscodethemes	开发	编程开发	Vscodethemes在线服务	从公开精选目录发现的 Vscodethemes 官方网站，建议人工确认后收录。	https://vscodethemes.com	是
Tosdr	Tosdr	工具	其他	Tosdr在线服务	从公开精选目录发现的 Tosdr 官方网站，建议人工确认后收录。	https://tosdr.org	是
Nothingprivate	Nothingprivate	工具	其他	Nothingprivate在线服务	从公开精选目录发现的 Nothingprivate 官方网站，建议人工确认后收录。	https://www.nothingprivate.ml	是
Trustpage	Trustpage	工具	其他	Trustpage在线服务	从公开精选目录发现的 Trustpage 官方网站，建议人工确认后收录。	https://trustpage.com/directory	是
Cookiepedia	Cookiepedia	工具	其他	Cookiepedia在线服务	从公开精选目录发现的 Cookiepedia 官方网站，建议人工确认后收录。	https://cookiepedia.co.uk	是
Securityplanner	Securityplanner	工具	其他	Securityplanner在线服务	从公开精选目录发现的 Securityplanner 官方网站，建议人工确认后收录。	https://securityplanner.consumerreports.org	是
Mywhisper	Mywhisper	工具	其他	Mywhisper在线服务	从公开精选目录发现的 Mywhisper 官方网站，建议人工确认后收录。	https://mywhisper.net	是
Beencrypted	Beencrypted	工具	其他	Beencrypted在线服务	从公开精选目录发现的 Beencrypted 官方网站，建议人工确认后收录。	https://beencrypted.com	是
Prism Break	Prism Break	工具	其他	Prism Break在线服务	从公开精选目录发现的 Prism Break 官方网站，建议人工确认后收录。	https://prism-break.org/en/all	是
Reddit	Reddit	工具	其他	Reddit在线服务	从公开精选目录发现的 Reddit 官方网站，建议人工确认后收录。	https://www.reddit.com/r/piracy/wiki/megathread/tools	是
Chef Koch	Chef Koch	开发	编程开发	Chef Koch在线服务	从公开精选目录发现的 Chef Koch 官方网站，建议人工确认后收录。	https://chef-koch.bearblog.dev/privacy-tools-list-by-chef-koch	是
Privacy	Privacy	工具	其他	Privacy在线服务	从公开精选目录发现的 Privacy 官方网站，建议人工确认后收录。	https://privacy.net/analyzer	是
Shutuptrackers	Shutuptrackers	工具	其他	Shutuptrackers在线服务	从公开精选目录发现的 Shutuptrackers 官方网站，建议人工确认后收录。	https://shutuptrackers.com	是
Ssd	Ssd	工具	其他	Ssd在线服务	从公开精选目录发现的 Ssd 官方网站，建议人工确认后收录。	https://ssd.eff.org	是
Routerpasswords	Routerpasswords	工具	其他	Routerpasswords在线服务	从公开精选目录发现的 Routerpasswords 官方网站，建议人工确认后收录。	https://www.routerpasswords.com	是
Bugmenot	Bugmenot	工具	其他	Bugmenot在线服务	从公开精选目录发现的 Bugmenot 官方网站，建议人工确认后收录。	https://bugmenot.com	是
Security	Security	工具	其他	Security在线服务	从公开精选目录发现的 Security 官方网站，建议人工确认后收录。	https://www.security.org/security-score	是
Privnote	Privnote	工具	效率工具	Privnote在线服务	从公开精选目录发现的 Privnote 官方网站，建议人工确认后收录。	https://privnote.com	是
Dangerzone	Dangerzone	工具	其他	Dangerzone在线服务	从公开精选目录发现的 Dangerzone 官方网站，建议人工确认后收录。	https://dangerzone.rocks	是
Exiftool	Exiftool	工具	其他	Exiftool在线服务	从公开精选目录发现的 Exiftool 官方网站，建议人工确认后收录。	https://exiftool.org	是
Hidemyweb	Hidemyweb	工具	其他	Hidemyweb在线服务	从公开精选目录发现的 Hidemyweb 官方网站，建议人工确认后收录。	https://hidemyweb.wordpress.com	是
Browser	Browser	工具	其他	Browser在线服务	从公开精选目录发现的 Browser 官方网站，建议人工确认后收录。	https://browser.lol	是
Metadefender	Metadefender	工具	其他	Metadefender在线服务	从公开精选目录发现的 Metadefender 官方网站，建议人工确认后收录。	https://metadefender.opswat.com	是
Fotoforensics	Fotoforensics	工具	其他	Fotoforensics在线服务	从公开精选目录发现的 Fotoforensics 官方网站，建议人工确认后收录。	https://fotoforensics.com	是
Cryptologie	Cryptologie	工具	其他	Cryptologie在线服务	从公开精选目录发现的 Cryptologie 官方网站，建议人工确认后收录。	https://www.cryptologie.net	是
Mikebradley	Mikebradley	工具	其他	Mikebradley在线服务	从公开精选目录发现的 Mikebradley 官方网站，建议人工确认后收录。	https://mikebradley.me/invisible/index.html	是
Degoogle	Degoogle	开发	编程开发	Degoogle在线服务	从公开精选目录发现的 Degoogle 官方网站，建议人工确认后收录。	https://degoogle.jmoore.dev	是
Degooglisons Internet	Degooglisons Internet	工具	其他	Degooglisons Internet在线服务	从公开精选目录发现的 Degooglisons Internet 官方网站，建议人工确认后收录。	https://degooglisons-internet.org/en	是
Accountkiller	Accountkiller	工具	其他	Accountkiller在线服务	从公开精选目录发现的 Accountkiller 官方网站，建议人工确认后收录。	https://www.accountkiller.com/en/home	是
Backgroundchecks	Backgroundchecks	工具	其他	Backgroundchecks在线服务	从公开精选目录发现的 Backgroundchecks 官方网站，建议人工确认后收录。	https://backgroundchecks.org/justdeleteme	是
Libredirect	Libredirect	开发	编程开发	Libredirect在线服务	从公开精选目录发现的 Libredirect 官方网站，建议人工确认后收录。	https://libredirect.github.io	是
Adblock Tester	Adblock Tester	工具	其他	Adblock Tester在线服务	从公开精选目录发现的 Adblock Tester 官方网站，建议人工确认后收录。	https://adblock-tester.com	是
12ft	12ft	工具	其他	12ft在线服务	从公开精选目录发现的 12ft 官方网站，建议人工确认后收录。	https://12ft.io	是
Incoggo	Incoggo	工具	其他	Incoggo在线服务	从公开精选目录发现的 Incoggo 官方网站，建议人工确认后收录。	https://incoggo.com	是
Burnermail	Burnermail	AI	AI	Burnermail在线服务	从公开精选目录发现的 Burnermail 官方网站，建议人工确认后收录。	https://burnermail.io	是
Kill The Newsletter	Kill The Newsletter	工具	其他	Kill The Newsletter在线服务	从公开精选目录发现的 Kill The Newsletter 官方网站，建议人工确认后收录。	https://kill-the-newsletter.com	是
Deadmansswitch	Deadmansswitch	工具	其他	Deadmansswitch在线服务	从公开精选目录发现的 Deadmansswitch 官方网站，建议人工确认后收录。	https://www.deadmansswitch.net	是
Yamm	Yamm	工具	其他	Yamm在线服务	从公开精选目录发现的 Yamm 官方网站，建议人工确认后收录。	https://yamm.com	是
Erine	Erine	AI	AI	Erine在线服务	从公开精选目录发现的 Erine 官方网站，建议人工确认后收录。	https://erine.email	是
Maildrop	Maildrop	AI	AI	Maildrop在线服务	从公开精选目录发现的 Maildrop 官方网站，建议人工确认后收录。	https://maildrop.cc	是
Mailsac	Mailsac	AI	AI	Mailsac在线服务	从公开精选目录发现的 Mailsac 官方网站，建议人工确认后收录。	https://mailsac.com	是
Inboxkitten	Inboxkitten	工具	其他	Inboxkitten在线服务	从公开精选目录发现的 Inboxkitten 官方网站，建议人工确认后收录。	https://inboxkitten.com	是
Guerrillamail	Guerrillamail	AI	AI	Guerrillamail在线服务	从公开精选目录发现的 Guerrillamail 官方网站，建议人工确认后收录。	https://www.guerrillamail.com/inbox	是
Emaildrop	Emaildrop	AI	AI	Emaildrop在线服务	从公开精选目录发现的 Emaildrop 官方网站，建议人工确认后收录。	https://www.emaildrop.io	是
Getnada	Getnada	工具	其他	Getnada在线服务	从公开精选目录发现的 Getnada 官方网站，建议人工确认后收录。	https://getnada.com	是
Getnotify	Getnotify	工具	其他	Getnotify在线服务	从公开精选目录发现的 Getnotify 官方网站，建议人工确认后收录。	https://www.getnotify.com	是
Postale	Postale	工具	其他	Postale在线服务	从公开精选目录发现的 Postale 官方网站，建议人工确认后收录。	https://postale.io	是
Tempmailto	Tempmailto	AI	AI	Tempmailto在线服务	从公开精选目录发现的 Tempmailto 官方网站，建议人工确认后收录。	https://tempmailto.online	是
Tineye	Tineye	工具	其他	Tineye在线服务	从公开精选目录发现的 Tineye 官方网站，建议人工确认后收录。	https://tineye.com	是
Ipleak	Ipleak	工具	其他	Ipleak在线服务	从公开精选目录发现的 Ipleak 官方网站，建议人工确认后收录。	https://ipleak.net	是
Coveryourtracks	Coveryourtracks	工具	其他	Coveryourtracks在线服务	从公开精选目录发现的 Coveryourtracks 官方网站，建议人工确认后收录。	https://coveryourtracks.eff.org	是
Amifloced	Amifloced	工具	其他	Amifloced在线服务	从公开精选目录发现的 Amifloced 官方网站，建议人工确认后收录。	https://amifloced.org	是
Neeva	Neeva	工具	其他	Neeva在线服务	从公开精选目录发现的 Neeva 官方网站，建议人工确认后收录。	https://neeva.com	是
Andisearch	Andisearch	工具	其他	Andisearch在线服务	从公开精选目录发现的 Andisearch 官方网站，建议人工确认后收录。	https://andisearch.com	是
Plex	Plex	工具	其他	Plex在线服务	从公开精选目录发现的 Plex 官方网站，建议人工确认后收录。	https://plex.page	是
Search	Search	工具	其他	Search在线服务	从公开精选目录发现的 Search 官方网站，建议人工确认后收录。	https://search.marginalia.nu	是
Unlistedvideos	Unlistedvideos	工具	其他	Unlistedvideos在线服务	从公开精选目录发现的 Unlistedvideos 官方网站，建议人工确认后收录。	https://unlistedvideos.com	是
Filmot	Filmot	工具	其他	Filmot在线服务	从公开精选目录发现的 Filmot 官方网站，建议人工确认后收录。	https://filmot.com	是
Xn 1 Zfa	Xn 1 Zfa	工具	其他	Xn 1 Zfa在线服务	从公开精选目录发现的 Xn 1 Zfa 官方网站，建议人工确认后收录。	https://xn--1-zfa.com	是
Seekr	Seekr	工具	其他	Seekr在线服务	从公开精选目录发现的 Seekr 官方网站，建议人工确认后收录。	https://www.seekr.com	是
Millionshort	Millionshort	工具	其他	Millionshort在线服务	从公开精选目录发现的 Millionshort 官方网站，建议人工确认后收录。	https://millionshort.com	是
Nothumansearch	Nothumansearch	AI	AI	Nothumansearch在线服务	从公开精选目录发现的 Nothumansearch 官方网站，建议人工确认后收录。	https://nothumansearch.ai	是
Internetlivestats	Internetlivestats	工具	其他	Internetlivestats在线服务	从公开精选目录发现的 Internetlivestats 官方网站，建议人工确认后收录。	https://www.internetlivestats.com	是
Internet Map	Internet Map	工具	其他	Internet Map在线服务	从公开精选目录发现的 Internet Map 官方网站，建议人工确认后收录。	https://internet-map.net	是
Test Ipv6	Test Ipv6	工具	其他	Test Ipv6在线服务	从公开精选目录发现的 Test Ipv6 官方网站，建议人工确认后收录。	https://test-ipv6.com	是
Tls12	Tls12	工具	其他	Tls12在线服务	从公开精选目录发现的 Tls12 官方网站，建议人工确认后收录。	https://tls12.xargs.org	是
Cidr	Cidr	工具	其他	Cidr在线服务	从公开精选目录发现的 Cidr 官方网站，建议人工确认后收录。	https://cidr.xyz	是
Icanhazip	Icanhazip	工具	其他	Icanhazip在线服务	从公开精选目录发现的 Icanhazip 官方网站，建议人工确认后收录。	https://icanhazip.com	是
Iplocation	Iplocation	工具	其他	Iplocation在线服务	从公开精选目录发现的 Iplocation 官方网站，建议人工确认后收录。	https://iplocation.io	是
Ifconfig	Ifconfig	工具	其他	Ifconfig在线服务	从公开精选目录发现的 Ifconfig 官方网站，建议人工确认后收录。	https://ifconfig.co	是
Ipinfo	Ipinfo	工具	其他	Ipinfo在线服务	从公开精选目录发现的 Ipinfo 官方网站，建议人工确认后收录。	https://ipinfo.io	是
Davidc	Davidc	工具	其他	Davidc在线服务	从公开精选目录发现的 Davidc 官方网站，建议人工确认后收录。	https://www.davidc.net/sites/default/subnets/subnets.html	是
Meter	Meter	工具	其他	Meter在线服务	从公开精选目录发现的 Meter 官方网站，建议人工确认后收录。	https://www.meter.net/ping-test	是
Librespeed	Librespeed	工具	其他	Librespeed在线服务	从公开精选目录发现的 Librespeed 官方网站，建议人工确认后收录。	https://librespeed.org	是
Howdns	Howdns	工具	效率工具	Howdns在线服务	从公开精选目录发现的 Howdns 官方网站，建议人工确认后收录。	https://howdns.works	是
Dnschecker	Dnschecker	工具	其他	Dnschecker在线服务	从公开精选目录发现的 Dnschecker 官方网站，建议人工确认后收录。	https://dnschecker.org	是
Kb	Kb	工具	其他	Kb在线服务	从公开精选目录发现的 Kb 官方网站，建议人工确认后收录。	https://kb.adguard.com/en/general/dns-providers	是
Dnsspeedtest	Dnsspeedtest	工具	其他	Dnsspeedtest在线服务	从公开精选目录发现的 Dnsspeedtest 官方网站，建议人工确认后收录。	https://dnsspeedtest.online	是
Shrtco	Shrtco	工具	其他	Shrtco在线服务	从公开精选目录发现的 Shrtco 官方网站，建议人工确认后收录。	https://shrtco.de/tools	是
Onelink	Onelink	工具	其他	Onelink在线服务	从公开精选目录发现的 Onelink 官方网站，建议人工确认后收录。	https://www.onelink.to	是
Freecodetools	Freecodetools	开发	编程开发	Freecodetools在线服务	从公开精选目录发现的 Freecodetools 官方网站，建议人工确认后收录。	https://freecodetools.org/qr-code-generator	是
Appopener	Appopener	工具	其他	Appopener在线服务	从公开精选目录发现的 Appopener 官方网站，建议人工确认后收录。	https://appopener.com	是
Digital	Digital	开发	编程开发	Digital在线服务	从公开精选目录发现的 Digital 官方网站，建议人工确认后收录。	https://digital.com/best-web-hosting/who-is	是
Webhook	Webhook	工具	其他	Webhook在线服务	从公开精选目录发现的 Webhook 官方网站，建议人工确认后收录。	https://webhook.site	是
Goqr	Goqr	工具	其他	Goqr在线服务	从公开精选目录发现的 Goqr 官方网站，建议人工确认后收录。	https://goqr.me	是
Freecodetools	Freecodetools	开发	编程开发	Freecodetools在线服务	从公开精选目录发现的 Freecodetools 官方网站，建议人工确认后收录。	https://freecodetools.org/ogp	是
Rebrandly	Rebrandly	工具	其他	Rebrandly在线服务	从公开精选目录发现的 Rebrandly 官方网站，建议人工确认后收录。	https://www.rebrandly.com	是
Bit	Bit	工具	其他	Bit在线服务	从公开精选目录发现的 Bit 官方网站，建议人工确认后收录。	https://bit.do	是
Home	Home	工具	其他	Home在线服务	从公开精选目录发现的 Home 官方网站，建议人工确认后收录。	https://home.s.id	是
Tinyurl	Tinyurl	工具	其他	Tinyurl在线服务	从公开精选目录发现的 Tinyurl 官方网站，建议人工确认后收录。	https://tinyurl.com/app	是
Tiny	Tiny	工具	其他	Tiny在线服务	从公开精选目录发现的 Tiny 官方网站，建议人工确认后收录。	https://tiny.cc	是
Iplogger	Iplogger	工具	其他	Iplogger在线服务	从公开精选目录发现的 Iplogger 官方网站，建议人工确认后收录。	https://iplogger.org	是
Cutr	Cutr	工具	其他	Cutr在线服务	从公开精选目录发现的 Cutr 官方网站，建议人工确认后收录。	https://cutr.ml	是
Is	Is	工具	其他	Is在线服务	从公开精选目录发现的 Is 官方网站，建议人工确认后收录。	https://is.gd	是
Gg	Gg	工具	其他	Gg在线服务	从公开精选目录发现的 Gg 官方网站，建议人工确认后收录。	https://gg.gg	是
Shrunken	Shrunken	工具	其他	Shrunken在线服务	从公开精选目录发现的 Shrunken 官方网站，建议人工确认后收录。	https://www.shrunken.com	是
Healthypasswords	Healthypasswords	工具	其他	Healthypasswords在线服务	从公开精选目录发现的 Healthypasswords 官方网站，建议人工确认后收录。	https://www.healthypasswords.com/index-2.html	是
Random Password Gen	Random Password Gen	工具	其他	Random Password Gen在线服务	从公开精选目录发现的 Random Password Gen 官方网站，建议人工确认后收录。	https://random-password-gen.web.app	是
Security	Security	工具	其他	Security在线服务	从公开精选目录发现的 Security 官方网站，建议人工确认后收录。	https://www.security.org/how-secure-is-my-password	是
Freecodetools	Freecodetools	开发	编程开发	Freecodetools在线服务	从公开精选目录发现的 Freecodetools 官方网站，建议人工确认后收录。	https://freecodetools.org/password-generator	是
Oldergeeks	Oldergeeks	工具	其他	Oldergeeks在线服务	从公开精选目录发现的 Oldergeeks 官方网站，建议人工确认后收录。	https://oldergeeks.com	是
Alternativeto	Alternativeto	工具	其他	Alternativeto在线服务	从公开精选目录发现的 Alternativeto 官方网站，建议人工确认后收录。	https://alternativeto.net	是
Opensourcealternative	Opensourcealternative	工具	其他	Opensourcealternative在线服务	从公开精选目录发现的 Opensourcealternative 官方网站，建议人工确认后收录。	https://www.opensourcealternative.to	是
Darkmodelist	Darkmodelist	AI	AI	Darkmodelist在线服务	从公开精选目录发现的 Darkmodelist 官方网站，建议人工确认后收录。	https://darkmodelist.com	是
Localstack	Localstack	开发	编程开发	Localstack在线服务	从公开精选目录发现的 Localstack 官方网站，建议人工确认后收录。	https://localstack.cloud	是
Markwhen	Markwhen	工具	其他	Markwhen在线服务	从公开精选目录发现的 Markwhen 官方网站，建议人工确认后收录。	https://markwhen.com	是
Guacamole	Guacamole	工具	其他	Guacamole在线服务	从公开精选目录发现的 Guacamole 官方网站，建议人工确认后收录。	https://guacamole.apache.org	是
Dockerswarm	Dockerswarm	开发	编程开发	Dockerswarm在线服务	从公开精选目录发现的 Dockerswarm 官方网站，建议人工确认后收录。	https://dockerswarm.rocks	是
Easycron	Easycron	工具	其他	Easycron在线服务	从公开精选目录发现的 Easycron 官方网站，建议人工确认后收录。	https://www.easycron.com	是
Cdecl	Cdecl	工具	其他	Cdecl在线服务	从公开精选目录发现的 Cdecl 官方网站，建议人工确认后收录。	https://cdecl.org	是
Nirsoft	Nirsoft	工具	其他	Nirsoft在线服务	从公开精选目录发现的 Nirsoft 官方网站，建议人工确认后收录。	https://www.nirsoft.net	是
Ninite	Ninite	工具	其他	Ninite在线服务	从公开精选目录发现的 Ninite 官方网站，建议人工确认后收录。	https://ninite.com	是
App	App	工具	其他	App在线服务	从公开精选目录发现的 App 官方网站，建议人工确认后收录。	https://app.readwok.com/lib	是
Bitwisecmd	Bitwisecmd	工具	其他	Bitwisecmd在线服务	从公开精选目录发现的 Bitwisecmd 官方网站，建议人工确认后收录。	https://bitwisecmd.com	是
Commands	Commands	开发	编程开发	Commands在线服务	从公开精选目录发现的 Commands 官方网站，建议人工确认后收录。	https://www.commands.dev	是
Sourceforge	Sourceforge	工具	其他	Sourceforge在线服务	从公开精选目录发现的 Sourceforge 官方网站，建议人工确认后收录。	https://sourceforge.net	是
Codeclippet	Codeclippet	开发	编程开发	Codeclippet在线服务	从公开精选目录发现的 Codeclippet 官方网站，建议人工确认后收录。	https://codeclippet.com	是
Kod	Kod	工具	其他	Kod在线服务	从公开精选目录发现的 Kod 官方网站，建议人工确认后收录。	https://kod.so	是
Codepng	Codepng	开发	编程开发	Codepng在线服务	从公开精选目录发现的 Codepng 官方网站，建议人工确认后收录。	https://www.codepng.app	是
Codemyui	Codemyui	开发	编程开发	Codemyui在线服务	从公开精选目录发现的 Codemyui 官方网站，建议人工确认后收录。	https://codemyui.com	是
30secondsofcode	30secondsofcode	开发	编程开发	30secondsofcode在线服务	从公开精选目录发现的 30secondsofcode 官方网站，建议人工确认后收录。	https://www.30secondsofcode.org/list/p/1	是
W3schools	W3schools	教育	在线学习	W3schools在线服务	从公开精选目录发现的 W3schools 官方网站，建议人工确认后收录。	https://www.w3schools.com/howto/default.asp	是
Snipplr	Snipplr	工具	其他	Snipplr在线服务	从公开精选目录发现的 Snipplr 官方网站，建议人工确认后收录。	https://snipplr.com	是
Littlesnippets	Littlesnippets	工具	其他	Littlesnippets在线服务	从公开精选目录发现的 Littlesnippets 官方网站，建议人工确认后收录。	https://littlesnippets.net	是
Codetogo	Codetogo	开发	编程开发	Codetogo在线服务	从公开精选目录发现的 Codetogo 官方网站，建议人工确认后收录。	https://codetogo.io	是
Tweetsnippet	Tweetsnippet	工具	其他	Tweetsnippet在线服务	从公开精选目录发现的 Tweetsnippet 官方网站，建议人工确认后收录。	https://tweetsnippet.com	是
Css Tricks	Css Tricks	工具	其他	Css Tricks在线服务	从公开精选目录发现的 Css Tricks 官方网站，建议人工确认后收录。	https://css-tricks.com/snippets	是
Crontab	Crontab	工具	其他	Crontab在线服务	从公开精选目录发现的 Crontab 官方网站，建议人工确认后收录。	https://crontab.guru	是
Crontab Generator	Crontab Generator	工具	其他	Crontab Generator在线服务	从公开精选目录发现的 Crontab Generator 官方网站，建议人工确认后收录。	https://crontab-generator.org	是
Fromlatest	Fromlatest	工具	其他	Fromlatest在线服务	从公开精选目录发现的 Fromlatest 官方网站，建议人工确认后收录。	https://www.fromlatest.io	是
Yamllint	Yamllint	工具	其他	Yamllint在线服务	从公开精选目录发现的 Yamllint 官方网站，建议人工确认后收录。	https://www.yamllint.com	是
K8syaml	K8syaml	工具	其他	K8syaml在线服务	从公开精选目录发现的 K8syaml 官方网站，建议人工确认后收录。	https://k8syaml.com	是
Validate	Validate	工具	其他	Validate在线服务	从公开精选目录发现的 Validate 官方网站，建议人工确认后收录。	https://validate.puppet.com	是
Shellcheck	Shellcheck	工具	其他	Shellcheck在线服务	从公开精选目录发现的 Shellcheck 官方网站，建议人工确认后收录。	https://www.shellcheck.net	是
Beautifier	Beautifier	工具	其他	Beautifier在线服务	从公开精选目录发现的 Beautifier 官方网站，建议人工确认后收录。	https://beautifier.io	是
Jsonlint	Jsonlint	工具	其他	Jsonlint在线服务	从公开精选目录发现的 Jsonlint 官方网站，建议人工确认后收录。	https://jsonlint.com	是
Algorithm Visualizer	Algorithm Visualizer	工具	其他	Algorithm Visualizer在线服务	从公开精选目录发现的 Algorithm Visualizer 官方网站，建议人工确认后收录。	https://algorithm-visualizer.org	是
Showthedocs	Showthedocs	工具	其他	Showthedocs在线服务	从公开精选目录发现的 Showthedocs 官方网站，建议人工确认后收录。	https://showthedocs.com	是
Mango Slra1 Ckwssph7iq Ue	Mango Slra1 Ckwssph7iq Ue	工具	其他	Mango Slra1 Ckwssph7iq Ue在线服务	从公开精选目录发现的 Mango Slra1 Ckwssph7iq Ue 官方网站，建议人工确认后收录。	https://mango-slra1-ckwssph7iq-ue.a.run.app/readme	是
Freecodetools	Freecodetools	开发	编程开发	Freecodetools在线服务	从公开精选目录发现的 Freecodetools 官方网站，建议人工确认后收录。	https://freecodetools.org/minifier	是
Freecodetools	Freecodetools	开发	编程开发	Freecodetools在线服务	从公开精选目录发现的 Freecodetools 官方网站，建议人工确认后收录。	https://freecodetools.org/markdown-preview	是
Freecodetools	Freecodetools	开发	编程开发	Freecodetools在线服务	从公开精选目录发现的 Freecodetools 官方网站，建议人工确认后收录。	https://freecodetools.org/beautifier	是
Codepad	Codepad	开发	编程开发	Codepad在线服务	从公开精选目录发现的 Codepad 官方网站，建议人工确认后收录。	https://codepad.org	是
Jsonformatter	Jsonformatter	工具	其他	Jsonformatter在线服务	从公开精选目录发现的 Jsonformatter 官方网站，建议人工确认后收录。	https://jsonformatter.org/json-parser	是
Formatjsononline	Formatjsononline	工具	其他	Formatjsononline在线服务	从公开精选目录发现的 Formatjsononline 官方网站，建议人工确认后收录。	https://formatjsononline.com/sql-formatter	是
Owasp	Owasp	工具	其他	Owasp在线服务	从公开精选目录发现的 Owasp 官方网站，建议人工确认后收录。	https://owasp.org/www-community/fuzzing	是
Dev	Dev	开发	编程开发	Dev在线服务	从公开精选目录发现的 Dev 官方网站，建议人工确认后收录。	https://dev.to/emmabostian/regex-cheat-sheet-2j2a	是
Regexr	Regexr	工具	其他	Regexr在线服务	从公开精选目录发现的 Regexr 官方网站，建议人工确认后收录。	https://regexr.com	是
Jex	Jex	工具	其他	Jex在线服务	从公开精选目录发现的 Jex 官方网站，建议人工确认后收录。	https://jex.im/regulex	是
Uibakery	Uibakery	工具	其他	Uibakery在线服务	从公开精选目录发现的 Uibakery 官方网站，建议人工确认后收录。	https://uibakery.io/regex-library	是
Pythonium	Pythonium	工具	其他	Pythonium在线服务	从公开精选目录发现的 Pythonium 官方网站，建议人工确认后收录。	https://pythonium.net/regex	是
Nocodelist	Nocodelist	开发	编程开发	Nocodelist在线服务	从公开精选目录发现的 Nocodelist 官方网站，建议人工确认后收录。	https://nocodelist.co	是
Spacebarcounter	Spacebarcounter	工具	其他	Spacebarcounter在线服务	从公开精选目录发现的 Spacebarcounter 官方网站，建议人工确认后收录。	https://www.spacebarcounter.net/no-code-tools	是
Choosealicense	Choosealicense	工具	其他	Choosealicense在线服务	从公开精选目录发现的 Choosealicense 官方网站，建议人工确认后收录。	https://choosealicense.com/appendix	是
Ufal	Ufal	开发	编程开发	Ufal在线服务	从公开精选目录发现的 Ufal 官方网站，建议人工确认后收录。	https://ufal.github.io/public-license-selector	是
Creativecommons	Creativecommons	工具	其他	Creativecommons在线服务	从公开精选目录发现的 Creativecommons 官方网站，建议人工确认后收录。	https://creativecommons.org/choose	是
Licensebuttons	Licensebuttons	工具	其他	Licensebuttons在线服务	从公开精选目录发现的 Licensebuttons 官方网站，建议人工确认后收录。	https://licensebuttons.net	是
Shields	Shields	工具	其他	Shields在线服务	从公开精选目录发现的 Shields 官方网站，建议人工确认后收录。	https://shields.io	是
Codecademy	Codecademy	开发	编程开发	Codecademy在线服务	从公开精选目录发现的 Codecademy 官方网站，建议人工确认后收录。	https://www.codecademy.com/catalog	是
Learnxinyminutes	Learnxinyminutes	教育	在线学习	Learnxinyminutes在线服务	从公开精选目录发现的 Learnxinyminutes 官方网站，建议人工确认后收录。	https://learnxinyminutes.com	是
Ecomputernotes	Ecomputernotes	工具	效率工具	Ecomputernotes在线服务	从公开精选目录发现的 Ecomputernotes 官方网站，建议人工确认后收录。	https://ecomputernotes.com	是
Libraries	Libraries	工具	其他	Libraries在线服务	从公开精选目录发现的 Libraries 官方网站，建议人工确认后收录。	https://libraries.io	是
Learnbyexample	Learnbyexample	教育	在线学习	Learnbyexample在线服务	从公开精选目录发现的 Learnbyexample 官方网站，建议人工确认后收录。	https://www.learnbyexample.org	是
Pythontutor	Pythontutor	工具	其他	Pythontutor在线服务	从公开精选目录发现的 Pythontutor 官方网站，建议人工确认后收录。	https://pythontutor.com	是
Cs	Cs	教育	在线学习	Cs在线服务	从公开精选目录发现的 Cs 官方网站，建议人工确认后收录。	https://www.cs.cmu.edu/~crary/819-f09	是
Guides	Guides	工具	其他	Guides在线服务	从公开精选目录发现的 Guides 官方网站，建议人工确认后收录。	https://guides.rubygems.org	是
Learnyouahaskell	Learnyouahaskell	教育	在线学习	Learnyouahaskell在线服务	从公开精选目录发现的 Learnyouahaskell 官方网站，建议人工确认后收录。	https://learnyouahaskell.github.io/chapters.html	是
Book	Book	工具	其他	Book在线服务	从公开精选目录发现的 Book 官方网站，建议人工确认后收录。	https://book.realworldhaskell.org/read	是
Seas	Seas	教育	在线学习	Seas在线服务	从公开精选目录发现的 Seas 官方网站，建议人工确认后收录。	https://www.seas.upenn.edu/~cis1940/spring13/lectures.html	是
Docs	Docs	工具	其他	Docs在线服务	从公开精选目录发现的 Docs 官方网站，建议人工确认后收录。	https://docs.python.org/3	是
Wiki	Wiki	工具	其他	Wiki在线服务	从公开精选目录发现的 Wiki 官方网站，建议人工确认后收录。	https://wiki.python.org/moin/frontpage	是
Projectpython	Projectpython	工具	其他	Projectpython在线服务	从公开精选目录发现的 Projectpython 官方网站，建议人工确认后收录。	https://projectpython.net	是
Learnpython	Learnpython	教育	在线学习	Learnpython在线服务	从公开精选目录发现的 Learnpython 官方网站，建议人工确认后收录。	https://www.learnpython.org	是
Cscircles	Cscircles	工具	其他	Cscircles在线服务	从公开精选目录发现的 Cscircles 官方网站，建议人工确认后收录。	https://cscircles.cemc.uwaterloo.ca	是
Pythonbasics	Pythonbasics	工具	其他	Pythonbasics在线服务	从公开精选目录发现的 Pythonbasics 官方网站，建议人工确认后收录。	https://pythonbasics.org	是
Majyori	Majyori	工具	其他	Majyori在线服务	从公开精选目录发现的 Majyori 官方网站，建议人工确认后收录。	https://www.majyori.com	是
Pyformat	Pyformat	工具	其他	Pyformat在线服务	从公开精选目录发现的 Pyformat 官方网站，建议人工确认后收录。	https://pyformat.info	是
Learnbyexample	Learnbyexample	教育	在线学习	Learnbyexample在线服务	从公开精选目录发现的 Learnbyexample 官方网站，建议人工确认后收录。	https://learnbyexample.github.io/py_resources	是
Datatofish	Datatofish	工具	其他	Datatofish在线服务	从公开精选目录发现的 Datatofish 官方网站，建议人工确认后收录。	https://datatofish.com/python-tutorials	是
Notion	Notion	工具	其他	Notion在线服务	从公开精选目录发现的 Notion 官方网站，建议人工确认后收录。	https://www.notion.so/programming-course-4d4331de1a0c4ae894133cb1ca1e9315	是
Learncpp	Learncpp	教育	在线学习	Learncpp在线服务	从公开精选目录发现的 Learncpp 官方网站，建议人工确认后收录。	https://www.learncpp.com	是
Neetcode	Neetcode	开发	编程开发	Neetcode在线服务	从公开精选目录发现的 Neetcode 官方网站，建议人工确认后收录。	https://neetcode.io	是
Hackerrank	Hackerrank	工具	其他	Hackerrank在线服务	从公开精选目录发现的 Hackerrank 官方网站，建议人工确认后收录。	https://www.hackerrank.com/dashboard	是
Projecteuler	Projecteuler	工具	其他	Projecteuler在线服务	从公开精选目录发现的 Projecteuler 官方网站，建议人工确认后收录。	https://projecteuler.net/about	是
Unh Cpc	Unh Cpc	开发	编程开发	Unh Cpc在线服务	从公开精选目录发现的 Unh Cpc 官方网站，建议人工确认后收录。	https://unh-cpc.github.io/kattisguide.html	是
Algoleague	Algoleague	工具	其他	Algoleague在线服务	从公开精选目录发现的 Algoleague 官方网站，建议人工确认后收录。	https://www.algoleague.com	是
Interviewbit	Interviewbit	工具	其他	Interviewbit在线服务	从公开精选目录发现的 Interviewbit 官方网站，建议人工确认后收录。	https://www.interviewbit.com/coding-interview-questions	是
Clist	Clist	工具	其他	Clist在线服务	从公开精选目录发现的 Clist 官方网站，建议人工确认后收录。	https://clist.by	是
Codeply	Codeply	开发	编程开发	Codeply在线服务	从公开精选目录发现的 Codeply 官方网站，建议人工确认后收录。	https://www.codeply.com	是
Urionlinejudge	Urionlinejudge	工具	其他	Urionlinejudge在线服务	从公开精选目录发现的 Urionlinejudge 官方网站，建议人工确认后收录。	https://www.urionlinejudge.com.br/judge/en/login	是
Rosalind	Rosalind	工具	其他	Rosalind在线服务	从公开精选目录发现的 Rosalind 官方网站，建议人工确认后收录。	https://rosalind.info/problems/locations	是
Open	Open	工具	其他	Open在线服务	从公开精选目录发现的 Open 官方网站，建议人工确认后收录。	https://open.kattis.com	是
Exercism	Exercism	工具	其他	Exercism在线服务	从公开精选目录发现的 Exercism 官方网站，建议人工确认后收录。	https://exercism.org/tracks	是
Codility	Codility	工具	其他	Codility在线服务	从公开精选目录发现的 Codility 官方网站，建议人工确认后收录。	https://codility.com/programmers/challenges	是
Reddit	Reddit	工具	其他	Reddit在线服务	从公开精选目录发现的 Reddit 官方网站，建议人工确认后收录。	https://www.reddit.com/r/dailyprogrammer	是
Dailycodingproblem	Dailycodingproblem	AI	AI	Dailycodingproblem在线服务	从公开精选目录发现的 Dailycodingproblem 官方网站，建议人工确认后收录。	https://www.dailycodingproblem.com	是
Coderbyte	Coderbyte	开发	编程开发	Coderbyte在线服务	从公开精选目录发现的 Coderbyte 官方网站，建议人工确认后收录。	https://coderbyte.com	是
Codingame	Codingame	工具	其他	Codingame在线服务	从公开精选目录发现的 Codingame 官方网站，建议人工确认后收录。	https://www.codingame.com/start	是
A2oj	A2oj	工具	其他	A2oj在线服务	从公开精选目录发现的 A2oj 官方网站，建议人工确认后收录。	https://a2oj.netlify.app	是
Codechef	Codechef	开发	编程开发	Codechef在线服务	从公开精选目录发现的 Codechef 官方网站，建议人工确认后收录。	https://www.codechef.com	是
Usaco	Usaco	工具	其他	Usaco在线服务	从公开精选目录发现的 Usaco 官方网站，建议人工确认后收录。	http://usaco.org/index.php	是
Usaco	Usaco	工具	其他	Usaco在线服务	从公开精选目录发现的 Usaco 官方网站，建议人工确认后收录。	https://usaco.guide	是
Joincpi	Joincpi	工具	其他	Joincpi在线服务	从公开精选目录发现的 Joincpi 官方网站，建议人工确认后收录。	https://joincpi.org	是
Cp Algorithms	Cp Algorithms	工具	其他	Cp Algorithms在线服务	从公开精选目录发现的 Cp Algorithms 官方网站，建议人工确认后收录。	https://cp-algorithms.com	是
Cssbattle	Cssbattle	开发	编程开发	Cssbattle在线服务	从公开精选目录发现的 Cssbattle 官方网站，建议人工确认后收录。	https://cssbattle.dev	是
Javascriptquiz	Javascriptquiz	工具	其他	Javascriptquiz在线服务	从公开精选目录发现的 Javascriptquiz 官方网站，建议人工确认后收录。	https://javascriptquiz.com	是
Play	Play	工具	其他	Play在线服务	从公开精选目录发现的 Play 官方网站，建议人工确认后收录。	https://play.elevatorsaga.com	是
Deep Ml	Deep Ml	工具	其他	Deep Ml在线服务	从公开精选目录发现的 Deep Ml 官方网站，建议人工确认后收录。	https://www.deep-ml.com	是
Ctf101	Ctf101	工具	其他	Ctf101在线服务	从公开精选目录发现的 Ctf101 官方网站，建议人工确认后收录。	https://ctf101.org	是
Meusec	Meusec	工具	其他	Meusec在线服务	从公开精选目录发现的 Meusec 官方网站，建议人工确认后收录。	https://www.meusec.com/ctf/capture-the-flags-in-cybersecurity	是
Projecthub	Projecthub	工具	其他	Projecthub在线服务	从公开精选目录发现的 Projecthub 官方网站，建议人工确认后收录。	https://projecthub.arduino.cc	是
Projectsinnetworking	Projectsinnetworking	工具	效率工具	Projectsinnetworking在线服务	从公开精选目录发现的 Projectsinnetworking 官方网站，建议人工确认后收录。	https://projectsinnetworking.com	是
Libhunt	Libhunt	工具	其他	Libhunt在线服务	从公开精选目录发现的 Libhunt 官方网站，建议人工确认后收录。	https://www.libhunt.com	是
Awesomeopensource	Awesomeopensource	工具	其他	Awesomeopensource在线服务	从公开精选目录发现的 Awesomeopensource 官方网站，建议人工确认后收录。	https://awesomeopensource.com	是
Opensourcelibs	Opensourcelibs	工具	其他	Opensourcelibs在线服务	从公开精选目录发现的 Opensourcelibs 官方网站，建议人工确认后收录。	https://opensourcelibs.com	是
Codetriage	Codetriage	开发	编程开发	Codetriage在线服务	从公开精选目录发现的 Codetriage 官方网站，建议人工确认后收录。	https://www.codetriage.com	是
Opensource	Opensource	工具	其他	Opensource在线服务	从公开精选目录发现的 Opensource 官方网站，建议人工确认后收录。	https://opensource.guide	是
Aosabook	Aosabook	工具	其他	Aosabook在线服务	从公开精选目录发现的 Aosabook 官方网站，建议人工确认后收录。	https://aosabook.org/en/index.html	是
Oss	Oss	工具	其他	Oss在线服务	从公开精选目录发现的 Oss 官方网站，建议人工确认后收录。	https://oss.gallery	是
Devpost	Devpost	开发	编程开发	Devpost在线服务	从公开精选目录发现的 Devpost 官方网站，建议人工确认后收录。	https://devpost.com/hackathons	是
Hackathons	Hackathons	工具	其他	Hackathons在线服务	从公开精选目录发现的 Hackathons 官方网站，建议人工确认后收录。	https://hackathons.hackclub.com	是
Events	Events	AI	AI	Events在线服务	从公开精选目录发现的 Events 官方网站，建议人工确认后收录。	https://events.cerebralvalley.ai	是
Devhints	Devhints	开发	编程开发	Devhints在线服务	从公开精选目录发现的 Devhints 官方网站，建议人工确认后收录。	https://devhints.io	是
Cheatography	Cheatography	工具	其他	Cheatography在线服务	从公开精选目录发现的 Cheatography 官方网站，建议人工确认后收录。	https://cheatography.com	是
Panthema	Panthema	工具	其他	Panthema在线服务	从公开精选目录发现的 Panthema 官方网站，建议人工确认后收录。	https://panthema.net/2013/sound-of-sorting/sos-cheatsheet.pdf	是
Sans	Sans	工具	其他	Sans在线服务	从公开精选目录发现的 Sans 官方网站，建议人工确认后收录。	https://www.sans.org/blog/the-ultimate-list-of-sans-cheat-sheets	是
Codecademy	Codecademy	开发	编程开发	Codecademy在线服务	从公开精选目录发现的 Codecademy 官方网站，建议人工确认后收录。	https://www.codecademy.com/resources/cheatsheets/all	是
Lecoupa	Lecoupa	开发	编程开发	Lecoupa在线服务	从公开精选目录发现的 Lecoupa 官方网站，建议人工确认后收录。	https://lecoupa.github.io/awesome-cheatsheets	是
Overapi	Overapi	开发	编程开发	Overapi在线服务	从公开精选目录发现的 Overapi 官方网站，建议人工确认后收录。	https://overapi.com	是
Nota Lang	Nota Lang	工具	其他	Nota Lang在线服务	从公开精选目录发现的 Nota Lang 官方网站，建议人工确认后收录。	https://nota-lang.org	是
Cheat Sheets	Cheat Sheets	工具	其他	Cheat Sheets在线服务	从公开精选目录发现的 Cheat Sheets 官方网站，建议人工确认后收录。	https://www.cheat-sheets.org	是
Speedsheet	Speedsheet	工具	其他	Speedsheet在线服务	从公开精选目录发现的 Speedsheet 官方网站，建议人工确认后收录。	https://speedsheet.io	是
Pythoncheatsheet	Pythoncheatsheet	工具	其他	Pythoncheatsheet在线服务	从公开精选目录发现的 Pythoncheatsheet 官方网站，建议人工确认后收录。	https://www.pythoncheatsheet.org	是
Zerotomastery	Zerotomastery	工具	其他	Zerotomastery在线服务	从公开精选目录发现的 Zerotomastery 官方网站，建议人工确认后收录。	https://zerotomastery.io/cheatsheets/python-cheat-sheet	是
Easings	Easings	工具	其他	Easings在线服务	从公开精选目录发现的 Easings 官方网站，建议人工确认后收录。	https://easings.net/en	是
Webcode	Webcode	开发	编程开发	Webcode在线服务	从公开精选目录发现的 Webcode 官方网站，建议人工确认后收录。	https://webcode.tools	是
Marksheet	Marksheet	工具	其他	Marksheet在线服务	从公开精选目录发现的 Marksheet 官方网站，建议人工确认后收录。	https://marksheet.io	是
Xul	Xul	工具	其他	Xul在线服务	从公开精选目录发现的 Xul 官方网站，建议人工确认后收录。	https://www.xul.fr/en	是
Docs	Docs	工具	其他	Docs在线服务	从公开精选目录发现的 Docs 官方网站，建议人工确认后收录。	https://docs.emmet.io/cheat-sheet	是
Htmlcheatsheet	Htmlcheatsheet	工具	其他	Htmlcheatsheet在线服务	从公开精选目录发现的 Htmlcheatsheet 官方网站，建议人工确认后收录。	https://htmlcheatsheet.com	是
Html5doctor	Html5doctor	工具	其他	Html5doctor在线服务	从公开精选目录发现的 Html5doctor 官方网站，建议人工确认后收录。	https://html5doctor.com/element-index	是
Simon	Simon	工具	其他	Simon在线服务	从公开精选目录发现的 Simon 官方网站，建议人工确认后收录。	https://simon.html5.org/dump/html5-canvas-cheat-sheet.html	是
Apps	Apps	工具	效率工具	Apps在线服务	从公开精选目录发现的 Apps 官方网站，建议人工确认后收录。	https://apps.workflower.fi/vocabs/html/en	是
Htmlreference	Htmlreference	工具	其他	Htmlreference在线服务	从公开精选目录发现的 Htmlreference 官方网站，建议人工确认后收录。	https://htmlreference.io	是
Cssreference	Cssreference	工具	其他	Cssreference在线服务	从公开精选目录发现的 Cssreference 官方网站，建议人工确认后收录。	https://cssreference.io	是
Grid	Grid	工具	其他	Grid在线服务	从公开精选目录发现的 Grid 官方网站，建议人工确认后收录。	https://grid.malven.co	是
Flexbox	Flexbox	工具	其他	Flexbox在线服务	从公开精选目录发现的 Flexbox 官方网站，建议人工确认后收录。	https://flexbox.malven.co	是
Justinaguilar	Justinaguilar	工具	其他	Justinaguilar在线服务	从公开精选目录发现的 Justinaguilar 官方网站，建议人工确认后收录。	https://www.justinaguilar.com/animations	是
Alialaa	Alialaa	开发	编程开发	Alialaa在线服务	从公开精选目录发现的 Alialaa 官方网站，建议人工确认后收录。	https://alialaa.github.io/css-grid-cheat-sheet	是
Adam Marsden	Adam Marsden	工具	其他	Adam Marsden在线服务	从公开精选目录发现的 Adam Marsden 官方网站，建议人工确认后收录。	https://adam-marsden.co.uk/css-cheat-sheet	是
Uxpin	Uxpin	工具	其他	Uxpin在线服务	从公开精选目录发现的 Uxpin 官方网站，建议人工确认后收录。	https://uxpin.s3.amazonaws.com/responsive_web_design_cheatsheet.pdf	是
Mac Blog	Mac Blog	工具	其他	Mac Blog在线服务	从公开精选目录发现的 Mac Blog 官方网站，建议人工确认后收录。	https://mac-blog.org.ua/css-3-media-queries-cheat-sheet	是
Bootsnipp	Bootsnipp	工具	其他	Bootsnipp在线服务	从公开精选目录发现的 Bootsnipp 官方网站，建议人工确认后收录。	https://bootsnipp.com	是
Hackerthemes	Hackerthemes	工具	其他	Hackerthemes在线服务	从公开精选目录发现的 Hackerthemes 官方网站，建议人工确认后收录。	https://hackerthemes.com/bootstrap-cheatsheet	是
Hackerthemes	Hackerthemes	工具	其他	Hackerthemes在线服务	从公开精选目录发现的 Hackerthemes 官方网站，建议人工确认后收录。	https://hackerthemes.com	是
Pcpartpicker	Pcpartpicker	工具	其他	Pcpartpicker在线服务	从公开精选目录发现的 Pcpartpicker 官方网站，建议人工确认后收录。	https://pcpartpicker.com/list	是
Pcbuilder	Pcbuilder	工具	其他	Pcbuilder在线服务	从公开精选目录发现的 Pcbuilder 官方网站，建议人工确认后收录。	https://pcbuilder.net/list	是
Pc Builds	Pc Builds	工具	其他	Pc Builds在线服务	从公开精选目录发现的 Pc Builds 官方网站，建议人工确认后收录。	https://pc-builds.com	是
Linearmouse	Linearmouse	工具	其他	Linearmouse在线服务	从公开精选目录发现的 Linearmouse 官方网站，建议人工确认后收录。	https://linearmouse.app	是
Mechanicalkeyboards	Mechanicalkeyboards	工具	其他	Mechanicalkeyboards在线服务	从公开精选目录发现的 Mechanicalkeyboards 官方网站，建议人工确认后收录。	https://mechanicalkeyboards.com/index.php	是
Keycaps	Keycaps	工具	其他	Keycaps在线服务	从公开精选目录发现的 Keycaps 官方网站，建议人工确认后收录。	https://www.keycaps.info	是
Keybr	Keybr	工具	其他	Keybr在线服务	从公开精选目录发现的 Keybr 官方网站，建议人工确认后收录。	https://www.keybr.com	是
Pairtype	Pairtype	AI	AI	Pairtype在线服务	从公开精选目录发现的 Pairtype 官方网站，建议人工确认后收录。	https://www.pairtype.com	是
Keycombiner	Keycombiner	工具	其他	Keycombiner在线服务	从公开精选目录发现的 Keycombiner 官方网站，建议人工确认后收录。	https://keycombiner.com	是
Yip Yip	Yip Yip	工具	其他	Yip Yip在线服务	从公开精选目录发现的 Yip Yip 官方网站，建议人工确认后收录。	https://www.yip-yip.com	是
Keebmaker	Keebmaker	工具	其他	Keebmaker在线服务	从公开精选目录发现的 Keebmaker 官方网站，建议人工确认后收录。	https://keebmaker.com	是
Colemak	Colemak	工具	其他	Colemak在线服务	从公开精选目录发现的 Colemak 官方网站，建议人工确认后收录。	https://colemak.com/learn	是
Typefast	Typefast	工具	其他	Typefast在线服务	从公开精选目录发现的 Typefast 官方网站，建议人工确认后收录。	https://typefast.io	是
10fastfingers	10fastfingers	工具	其他	10fastfingers在线服务	从公开精选目录发现的 10fastfingers 官方网站，建议人工确认后收录。	https://10fastfingers.com/typing-test/english	是
Typingclub	Typingclub	工具	其他	Typingclub在线服务	从公开精选目录发现的 Typingclub 官方网站，建议人工确认后收录。	https://www.typingclub.com	是
Typing	Typing	工具	其他	Typing在线服务	从公开精选目录发现的 Typing 官方网站，建议人工确认后收录。	https://www.typing.com	是
Usethekeyboard	Usethekeyboard	工具	其他	Usethekeyboard在线服务	从公开精选目录发现的 Usethekeyboard 官方网站，建议人工确认后收录。	https://usethekeyboard.com	是
Ascii Tables	Ascii Tables	工具	其他	Ascii Tables在线服务	从公开精选目录发现的 Ascii Tables 官方网站，建议人工确认后收录。	https://ascii-tables.com	是
Shortcutfoo	Shortcutfoo	工具	其他	Shortcutfoo在线服务	从公开精选目录发现的 Shortcutfoo 官方网站，建议人工确认后收录。	https://www.shortcutfoo.com	是
Support	Support	工具	其他	Support在线服务	从公开精选目录发现的 Support 官方网站，建议人工确认后收录。	https://support.microsoft.com/en-us/office/keyboard-shortcuts-in-word-95ef89dd-7142-4b50-afb2-f762f663ceb2	是
Stumbled	Stumbled	工具	其他	Stumbled在线服务	从公开精选目录发现的 Stumbled 官方网站，建议人工确认后收录。	https://stumbled.to	是
5000best	5000best	工具	其他	5000best在线服务	从公开精选目录发现的 5000best 官方网站，建议人工确认后收录。	https://5000best.com/websites	是
Neal	Neal	工具	其他	Neal在线服务	从公开精选目录发现的 Neal 官方网站，建议人工确认后收录。	https://neal.fun	是
Tennessine	Tennessine	工具	其他	Tennessine在线服务	从公开精选目录发现的 Tennessine 官方网站，建议人工确认后收录。	https://tennessine.co.uk	是
Blakeir	Blakeir	工具	其他	Blakeir在线服务	从公开精选目录发现的 Blakeir 官方网站，建议人工确认后收录。	https://blakeir.com/blog/smart-youtube	是
Awesomeopensource	Awesomeopensource	工具	其他	Awesomeopensource在线服务	从公开精选目录发现的 Awesomeopensource 官方网站，建议人工确认后收录。	https://awesomeopensource.com/project/jivoi/awesome-osint	是
Hackr	Hackr	工具	其他	Hackr在线服务	从公开精选目录发现的 Hackr 官方网站，建议人工确认后收录。	https://hackr.io	是
Limnology	Limnology	工具	其他	Limnology在线服务	从公开精选目录发现的 Limnology 官方网站，建议人工确认后收录。	https://limnology.co/en	是
Tech Blogs	Tech Blogs	开发	编程开发	Tech Blogs在线服务	从公开精选目录发现的 Tech Blogs 官方网站，建议人工确认后收录。	https://tech-blogs.dev	是
Projects	Projects	工具	其他	Projects在线服务	从公开精选目录发现的 Projects 官方网站，建议人工确认后收录。	https://projects.kwon.nyc/internet-is-fun	是
Wiby	Wiby	工具	其他	Wiby在线服务	从公开精选目录发现的 Wiby 官方网站，建议人工确认后收录。	https://wiby.me	是
Virustotal	Virustotal	工具	其他	Virustotal在线服务	从公开精选目录发现的 Virustotal 官方网站，建议人工确认后收录。	https://www.virustotal.com/gui/home	是
Img	Img	工具	其他	Img在线服务	从公开精选目录发现的 Img 官方网站，建议人工确认后收录。	https://img.shields.io/badge/license-cc0-lightgrey.svg	是
Codeshot	Codeshot	开发	编程开发	Codeshot在线服务	从公开精选目录发现的 Codeshot 官方网站，建议人工确认后收录。	https://codeshot.io	是
Slugme	Slugme	工具	其他	Slugme在线服务	从公开精选目录发现的 Slugme 官方网站，建议人工确认后收录。	https://slugme.io	是
Transform	Transform	工具	其他	Transform在线服务	从公开精选目录发现的 Transform 官方网站，建议人工确认后收录。	https://transform.tools	是
Cviya	Cviya	工具	其他	Cviya在线服务	从公开精选目录发现的 Cviya 官方网站，建议人工确认后收录。	https://cviya.com	是
Cartevisite	Cartevisite	工具	其他	Cartevisite在线服务	从公开精选目录发现的 Cartevisite 官方网站，建议人工确认后收录。	https://cartevisite.io	是
Qrfast	Qrfast	工具	其他	Qrfast在线服务	从公开精选目录发现的 Qrfast 官方网站，建议人工确认后收录。	https://qrfast.io	是
Arabify	Arabify	工具	其他	Arabify在线服务	从公开精选目录发现的 Arabify 官方网站，建议人工确认后收录。	https://arabify.io	是
Khatly	Khatly	工具	其他	Khatly在线服务	从公开精选目录发现的 Khatly 官方网站，建议人工确认后收录。	https://khatly.com	是
Svgrepo	Svgrepo	工具	其他	Svgrepo在线服务	从公开精选目录发现的 Svgrepo 官方网站，建议人工确认后收录。	https://www.svgrepo.com	是
Arabizi	Arabizi	工具	其他	Arabizi在线服务	从公开精选目录发现的 Arabizi 官方网站，建议人工确认后收录。	https://arabizi.io	是
Wordcounter	Wordcounter	工具	其他	Wordcounter在线服务	从公开精选目录发现的 Wordcounter 官方网站，建议人工确认后收录。	https://wordcounter.net	是
Deepl	Deepl	工具	其他	Deepl在线服务	从公开精选目录发现的 Deepl 官方网站，建议人工确认后收录。	https://www.deepl.com/translator	是
V0	V0	开发	编程开发	V0在线服务	从公开精选目录发现的 V0 官方网站，建议人工确认后收录。	https://v0.dev	是
Pagespeed	Pagespeed	开发	编程开发	Pagespeed在线服务	从公开精选目录发现的 Pagespeed 官方网站，建议人工确认后收录。	https://pagespeed.web.dev	是
Metatags	Metatags	工具	其他	Metatags在线服务	从公开精选目录发现的 Metatags 官方网站，建议人工确认后收录。	https://metatags.io	是
Mirrors	Mirrors	工具	其他	Mirrors在线服务	从公开精选目录发现的 Mirrors 官方网站，建议人工确认后收录。	http://mirrors.creativecommons.org/presskit/buttons/88x31/svg/cc-zero.svg	是
Strokesplus	Strokesplus	工具	其他	Strokesplus在线服务	从公开精选目录发现的 Strokesplus 官方网站，建议人工确认后收录。	https://www.strokesplus.net	是
Chailotl	Chailotl	AI	AI	Chailotl在线服务	从公开精选目录发现的 Chailotl 官方网站，建议人工确认后收录。	https://chailotl.github.io/timestamp	是
Chailotl	Chailotl	AI	AI	Chailotl在线服务	从公开精选目录发现的 Chailotl 官方网站，建议人工确认后收录。	https://chailotl.github.io/wordle	是
Editor	Editor	开发	编程开发	Editor在线服务	从公开精选目录发现的 Editor 官方网站，建议人工确认后收录。	https://editor.codecogs.com	是
Wooting	Wooting	工具	其他	Wooting在线服务	从公开精选目录发现的 Wooting 官方网站，建议人工确认后收录。	https://wooting.io/wootomation	是
Svgviewer	Svgviewer	开发	编程开发	Svgviewer在线服务	从公开精选目录发现的 Svgviewer 官方网站，建议人工确认后收录。	https://www.svgviewer.dev	是
Metatags	Metatags	工具	其他	Metatags在线服务	从公开精选目录发现的 Metatags 官方网站，建议人工确认后收录。	https://metatags.io	是
Easings	Easings	工具	其他	Easings在线服务	从公开精选目录发现的 Easings 官方网站，建议人工确认后收录。	https://easings.net	是
Joshwcomeau	Joshwcomeau	工具	其他	Joshwcomeau在线服务	从公开精选目录发现的 Joshwcomeau 官方网站，建议人工确认后收录。	https://www.joshwcomeau.com/gradient-generator	是
Joshwcomeau	Joshwcomeau	工具	其他	Joshwcomeau在线服务	从公开精选目录发现的 Joshwcomeau 官方网站，建议人工确认后收录。	https://www.joshwcomeau.com/shadow-palette	是
Retrorgb	Retrorgb	工具	其他	Retrorgb在线服务	从公开精选目录发现的 Retrorgb 官方网站，建议人工确认后收录。	https://www.retrorgb.com	是
Theposterdb	Theposterdb	工具	其他	Theposterdb在线服务	从公开精选目录发现的 Theposterdb 官方网站，建议人工确认后收录。	https://theposterdb.com	是
Freshoffthegrid	Freshoffthegrid	工具	其他	Freshoffthegrid在线服务	从公开精选目录发现的 Freshoffthegrid 官方网站，建议人工确认后收录。	https://www.freshoffthegrid.com	是
Campingrecipes	Campingrecipes	工具	其他	Campingrecipes在线服务	从公开精选目录发现的 Campingrecipes 官方网站，建议人工确认后收录。	https://www.campingrecipes.com	是
Unity	Unity	工具	其他	Unity在线服务	从公开精选目录发现的 Unity 官方网站，建议人工确认后收录。	https://unity.stelabouras.com	是
Joshwcomeau	Joshwcomeau	工具	其他	Joshwcomeau在线服务	从公开精选目录发现的 Joshwcomeau 官方网站，建议人工确认后收录。	https://www.joshwcomeau.com/operator-lookup	是
Levskaya	Levskaya	开发	编程开发	Levskaya在线服务	从公开精选目录发现的 Levskaya 官方网站，建议人工确认后收录。	http://levskaya.github.io/polyhedronisme	是
Qfbox	Qfbox	工具	其他	Qfbox在线服务	从公开精选目录发现的 Qfbox 官方网站，建议人工确认后收录。	https://www.qfbox.info/4d/index	是
Dmccooey	Dmccooey	工具	其他	Dmccooey在线服务	从公开精选目录发现的 Dmccooey 官方网站，建议人工确认后收录。	http://dmccooey.com/polyhedra	是
Davidbau	Davidbau	工具	其他	Davidbau在线服务	从公开精选目录发现的 Davidbau 官方网站，建议人工确认后收录。	http://davidbau.com/conformal	是
Docs	Docs	工具	其他	Docs在线服务	从公开精选目录发现的 Docs 官方网站，建议人工确认后收录。	https://docs.google.com/document/d/1ti9rtrmob6lazo6xioy5lzkhudjmdlw6rhuispmduhw/edit	是
Docs	Docs	工具	其他	Docs在线服务	从公开精选目录发现的 Docs 官方网站，建议人工确认后收录。	https://docs.google.com/spreadsheets/d/15upi8geqv22t45ad3l1egcpb4l2tvr64adglq7xzfma	是
Vtresources	Vtresources	工具	其他	Vtresources在线服务	从公开精选目录发现的 Vtresources 官方网站，建议人工确认后收录。	https://vtresources.carrd.co	是
Learningmusic	Learningmusic	教育	在线学习	Learningmusic在线服务	从公开精选目录发现的 Learningmusic 官方网站，建议人工确认后收录。	https://learningmusic.ableton.com	是
Learningsynths	Learningsynths	教育	在线学习	Learningsynths在线服务	从公开精选目录发现的 Learningsynths 官方网站，建议人工确认后收录。	https://learningsynths.ableton.com	是
Makingmusic	Makingmusic	工具	其他	Makingmusic在线服务	从公开精选目录发现的 Makingmusic 官方网站，建议人工确认后收录。	https://makingmusic.ableton.com	是
Youtube	Youtube	工具	其他	Youtube在线服务	从公开精选目录发现的 Youtube 官方网站，建议人工确认后收录。	https://www.youtube.com/@hackmusictheory	是
Lazyslug	Lazyslug	工具	其他	Lazyslug在线服务	从公开精选目录发现的 Lazyslug 官方网站，建议人工确认后收录。	https://lazyslug.com	是
Powdertoy	Powdertoy	工具	其他	Powdertoy在线服务	从公开精选目录发现的 Powdertoy 官方网站，建议人工确认后收录。	https://powdertoy.co.uk	是
Libraryofbabel	Libraryofbabel	工具	其他	Libraryofbabel在线服务	从公开精选目录发现的 Libraryofbabel 官方网站，建议人工确认后收录。	https://libraryofbabel.info	是
Thirtydollar	Thirtydollar	工具	其他	Thirtydollar在线服务	从公开精选目录发现的 Thirtydollar 官方网站，建议人工确认后收录。	https://thirtydollar.website	是
Spyfall	Spyfall	工具	其他	Spyfall在线服务	从公开精选目录发现的 Spyfall 官方网站，建议人工确认后收录。	https://www.spyfall.app	是
Chailotl	Chailotl	AI	AI	Chailotl在线服务	从公开精选目录发现的 Chailotl 官方网站，建议人工确认后收录。	https://chailotl.github.io/zalgo	是
Chailotl	Chailotl	AI	AI	Chailotl在线服务	从公开精选目录发现的 Chailotl 官方网站，建议人工确认后收录。	https://chailotl.github.io/unicode	是
Qaz	Qaz	工具	其他	Qaz在线服务	从公开精选目录发现的 Qaz 官方网站，建议人工确认后收录。	https://qaz.wtf/u/convert.cgi	是
Chailotl	Chailotl	AI	AI	Chailotl在线服务	从公开精选目录发现的 Chailotl 官方网站，建议人工确认后收录。	https://chailotl.github.io/embed	是
Qaz	Qaz	工具	其他	Qaz在线服务	从公开精选目录发现的 Qaz 官方网站，建议人工确认后收录。	https://qaz.wtf	是
Htwins	Htwins	工具	其他	Htwins在线服务	从公开精选目录发现的 Htwins 官方网站，建议人工确认后收录。	https://htwins.net/scale2	是
Scp Wiki	Scp Wiki	工具	其他	Scp Wiki在线服务	从公开精选目录发现的 Scp Wiki 官方网站，建议人工确认后收录。	https://scp-wiki.wikidot.com	是
Lparchive	Lparchive	工具	其他	Lparchive在线服务	从公开精选目录发现的 Lparchive 官方网站，建议人工确认后收录。	https://lparchive.org/dwarf-fortress-boatmurdered	是
Tcrf	Tcrf	工具	其他	Tcrf在线服务	从公开精选目录发现的 Tcrf 官方网站，建议人工确认后收录。	https://tcrf.net/the_cutting_room_floor	是
Hiddenpalace	Hiddenpalace	工具	其他	Hiddenpalace在线服务	从公开精选目录发现的 Hiddenpalace 官方网站，建议人工确认后收录。	https://hiddenpalace.org	是
Reddit	Reddit	工具	其他	Reddit在线服务	从公开精选目录发现的 Reddit 官方网站，建议人工确认后收录。	https://reddit.com/r/wordavalanches/comments/3ogese/a_swindler_passes_by_a_bird_in_the_stairwell_of	是
Docs	Docs	工具	其他	Docs在线服务	从公开精选目录发现的 Docs 官方网站，建议人工确认后收录。	https://docs.google.com/document/d/1xsusypnhi2jpufujcxxdh2h-uhk7xshmamiq11nagoc	是
Stackoverflow	Stackoverflow	开发	编程开发	Stackoverflow在线服务	从公开精选目录发现的 Stackoverflow 官方网站，建议人工确认后收录。	https://stackoverflow.com/questions/1732348/regex-match-open-tags-except-xhtml-self-contained-tags/1732454	是
Wiki	Wiki	工具	其他	Wiki在线服务	从公开精选目录发现的 Wiki 官方网站，建议人工确认后收录。	https://wiki.teamfortress.com/wiki/team_fortress_wiki:trivia_wall_of_shame	是
Motherfuckingwebsite	Motherfuckingwebsite	工具	其他	Motherfuckingwebsite在线服务	从公开精选目录发现的 Motherfuckingwebsite 官方网站，建议人工确认后收录。	https://motherfuckingwebsite.com	是
Crouton	Crouton	工具	其他	Crouton在线服务	从公开精选目录发现的 Crouton 官方网站，建议人工确认后收录。	https://crouton.net	是
Zombo	Zombo	工具	其他	Zombo在线服务	从公开精选目录发现的 Zombo 官方网站，建议人工确认后收录。	https://zombo.com	是
Simonmoles	Simonmoles	工具	其他	Simonmoles在线服务	从公开精选目录发现的 Simonmoles 官方网站，建议人工确认后收录。	https://www.simonmoles.com/projects/spaced	是
Dopresskit	Dopresskit	工具	其他	Dopresskit在线服务	从公开精选目录发现的 Dopresskit 官方网站，建议人工确认后收录。	https://dopresskit.com	是
Catlikecoding	Catlikecoding	工具	其他	Catlikecoding在线服务	从公开精选目录发现的 Catlikecoding 官方网站，建议人工确认后收录。	https://catlikecoding.com/unity/tutorials	是
Minionsart	Minionsart	开发	编程开发	Minionsart在线服务	从公开精选目录发现的 Minionsart 官方网站，建议人工确认后收录。	https://minionsart.github.io/tutorials	是
Ronja Tutorials	Ronja Tutorials	工具	其他	Ronja Tutorials在线服务	从公开精选目录发现的 Ronja Tutorials 官方网站，建议人工确认后收录。	https://www.ronja-tutorials.com	是
Ronja Tutorials	Ronja Tutorials	工具	其他	Ronja Tutorials在线服务	从公开精选目录发现的 Ronja Tutorials 官方网站，建议人工确认后收录。	https://www.ronja-tutorials.com/basics	是
Kenney	Kenney	工具	其他	Kenney在线服务	从公开精选目录发现的 Kenney 官方网站，建议人工确认后收录。	https://kenney.nl/learn	是
Kenney	Kenney	工具	其他	Kenney在线服务	从公开精选目录发现的 Kenney 官方网站，建议人工确认后收录。	https://kenney.nl/tools	是
Beepbox	Beepbox	工具	其他	Beepbox在线服务	从公开精选目录发现的 Beepbox 官方网站，建议人工确认后收录。	https://www.beepbox.co	是
Drpetter	Drpetter	工具	其他	Drpetter在线服务	从公开精选目录发现的 Drpetter 官方网站，建议人工确认后收录。	http://www.drpetter.se/project_sfxr.html	是
Bfxr	Bfxr	工具	其他	Bfxr在线服务	从公开精选目录发现的 Bfxr 官方网站，建议人工确认后收录。	https://www.bfxr.net	是
Iznaut	Iznaut	工具	其他	Iznaut在线服务	从公开精选目录发现的 Iznaut 官方网站，建议人工确认后收录。	https://iznaut.itch.io/bfxr	是
Kenney	Kenney	工具	其他	Kenney在线服务	从公开精选目录发现的 Kenney 官方网站，建议人工确认后收录。	https://kenney.nl/assets	是
Reddit	Reddit	工具	其他	Reddit在线服务	从公开精选目录发现的 Reddit 官方网站，建议人工确认后收录。	https://www.reddit.com/r/piracy/wiki/megathread	是
Shakil Shahadat	Shakil Shahadat	开发	编程开发	Shakil Shahadat在线服务	从公开精选目录发现的 Shakil Shahadat 官方网站，建议人工确认后收录。	https://shakil-shahadat.github.io/awesome-piracy	是
Theindex	Theindex	工具	其他	Theindex在线服务	从公开精选目录发现的 Theindex 官方网站，建议人工确认后收录。	https://theindex.moe	是
Vimm	Vimm	工具	其他	Vimm在线服务	从公开精选目录发现的 Vimm 官方网站，建议人工确认后收录。	https://vimm.net	是
R Roms	R Roms	开发	编程开发	R Roms在线服务	从公开精选目录发现的 R Roms 官方网站，建议人工确认后收录。	https://r-roms.github.io	是
Archive	Archive	工具	其他	Archive在线服务	从公开精选目录发现的 Archive 官方网站，建议人工确认后收录。	https://archive.org/download/en-roms/en-roms	是
Mega	Mega	工具	其他	Mega在线服务	从公开精选目录发现的 Mega 官方网站，建议人工确认后收录。	https://mega.nz/folder/xleghq6r	是
The Eye	The Eye	工具	其他	The Eye在线服务	从公开精选目录发现的 The Eye 官方网站，建议人工确认后收录。	http://the-eye.eu/public/books/rpg.rem.uz	是
Archive	Archive	工具	其他	Archive在线服务	从公开精选目录发现的 Archive 官方网站，建议人工确认后收录。	https://archive.org/details/@colonelarcherzx	是
5e	5e	工具	其他	5e在线服务	从公开精选目录发现的 5e 官方网站，建议人工确认后收录。	https://5e.tools	是
Reqzone	Reqzone	工具	其他	Reqzone在线服务	从公开精选目录发现的 Reqzone 官方网站，建议人工确认后收录。	https://reqzone.com	是
Orteil	Orteil	工具	其他	Orteil在线服务	从公开精选目录发现的 Orteil 官方网站，建议人工确认后收录。	https://orteil.dashnet.org/cookieclicker	是
Orteil	Orteil	工具	其他	Orteil在线服务	从公开精选目录发现的 Orteil 官方网站，建议人工确认后收录。	https://orteil.dashnet.org/experiments/cookie	是
Candybox2	Candybox2	开发	编程开发	Candybox2在线服务	从公开精选目录发现的 Candybox2 官方网站，建议人工确认后收录。	https://candybox2.github.io	是
Candybox2	Candybox2	开发	编程开发	Candybox2在线服务	从公开精选目录发现的 Candybox2 官方网站，建议人工确认后收录。	https://candybox2.github.io/candybox	是
Clickingbad	Clickingbad	工具	其他	Clickingbad在线服务	从公开精选目录发现的 Clickingbad 官方网站，建议人工确认后收录。	http://clickingbad.nullism.com	是
Yal	Yal	工具	其他	Yal在线服务	从公开精选目录发现的 Yal 官方网站，建议人工确认后收录。	https://yal.cc/game-tools/terraria-research	是
Keyofw	Keyofw	工具	其他	Keyofw在线服务	从公开精选目录发现的 Keyofw 官方网站，建议人工确认后收录。	https://www.keyofw.com/baba-is-hint	是
Pastebin	Pastebin	工具	其他	Pastebin在线服务	从公开精选目录发现的 Pastebin 官方网站，建议人工确认后收录。	https://pastebin.com/putf8qfd	是
Edrefcard	Edrefcard	工具	其他	Edrefcard在线服务	从公开精选目录发现的 Edrefcard 官方网站，建议人工确认后收录。	https://edrefcard.info	是
Factoriocheatsheet	Factoriocheatsheet	工具	其他	Factoriocheatsheet在线服务	从公开精选目录发现的 Factoriocheatsheet 官方网站，建议人工确认后收录。	https://factoriocheatsheet.com	是
Thatfatkidsmom	Thatfatkidsmom	工具	其他	Thatfatkidsmom在线服务	从公开精选目录发现的 Thatfatkidsmom 官方网站，建议人工确认后收录。	https://thatfatkidsmom.gumroad.com	是
Lunesnowtail	Lunesnowtail	AI	AI	Lunesnowtail在线服务	从公开精选目录发现的 Lunesnowtail 官方网站，建议人工确认后收录。	https://lunesnowtail.gumroad.com	是
Haggets	Haggets	工具	其他	Haggets在线服务	从公开精选目录发现的 Haggets 官方网站，建议人工确认后收录。	https://haggets.gumroad.com/l/slugcat	是
Dontjinxit	Dontjinxit	工具	其他	Dontjinxit在线服务	从公开精选目录发现的 Dontjinxit 官方网站，建议人工确认后收录。	https://dontjinxit.gumroad.com	是
Ko Fi	Ko Fi	工具	其他	Ko Fi在线服务	从公开精选目录发现的 Ko Fi 官方网站，建议人工确认后收录。	https://ko-fi.com/moopdrea/shop	是
Blockbench	Blockbench	工具	其他	Blockbench在线服务	从公开精选目录发现的 Blockbench 官方网站，建议人工确认后收录。	https://www.blockbench.net/wiki/guides/minecraft-style-guide	是
Complementary	Complementary	开发	编程开发	Complementary在线服务	从公开精选目录发现的 Complementary 官方网站，建议人工确认后收录。	https://www.complementary.dev/reimagined	是
Fabricmc	Fabricmc	工具	其他	Fabricmc在线服务	从公开精选目录发现的 Fabricmc 官方网站，建议人工确认后收录。	https://fabricmc.net/develop	是
Jenkins	Jenkins	工具	其他	Jenkins在线服务	从公开精选目录发现的 Jenkins 官方网站，建议人工确认后收录。	https://jenkins.liteloader.com/view/other/job/mixin/javadoc/allclasses-frame.html	是
Homepages	Homepages	教育	在线学习	Homepages在线服务	从公开精选目录发现的 Homepages 官方网站，建议人工确认后收录。	https://homepages.bluffton.edu/~nesterd/apps/slopefields.html	是
Wecoverletters	Wecoverletters	工具	其他	Wecoverletters在线服务	从公开精选目录发现的 Wecoverletters 官方网站，建议人工确认后收录。	https://wecoverletters.com	是
Blueballfixed	Blueballfixed	工具	其他	Blueballfixed在线服务	从公开精选目录发现的 Blueballfixed 官方网站，建议人工确认后收录。	https://blueballfixed.ytmnd.com	是
Newblueballs	Newblueballs	工具	其他	Newblueballs在线服务	从公开精选目录发现的 Newblueballs 官方网站，建议人工确认后收录。	https://newblueballs.ytmnd.com	是
Blueballs2	Blueballs2	工具	其他	Blueballs2在线服务	从公开精选目录发现的 Blueballs2 官方网站，建议人工确认后收录。	https://blueballs2.ytmnd.com	是
Wooorm	Wooorm	工具	其他	Wooorm在线服务	从公开精选目录发现的 Wooorm 官方网站，建议人工确认后收录。	https://wooorm.com/write-music	是
Nestflix	Nestflix	工具	其他	Nestflix在线服务	从公开精选目录发现的 Nestflix 官方网站，建议人工确认后收录。	https://nestflix.fun	是
Joshwcomeau	Joshwcomeau	工具	其他	Joshwcomeau在线服务	从公开精选目录发现的 Joshwcomeau 官方网站，建议人工确认后收录。	https://www.joshwcomeau.com/blog/how-to-learn-stuff-quickly	是
Terminal	Terminal	工具	其他	Terminal在线服务	从公开精选目录发现的 Terminal 官方网站，建议人工确认后收录。	http://terminal.sexy	是
Theuselessweb	Theuselessweb	工具	其他	Theuselessweb在线服务	从公开精选目录发现的 Theuselessweb 官方网站，建议人工确认后收录。	https://theuselessweb.com	是
Coolors	Coolors	工具	其他	Coolors在线服务	从公开精选目录发现的 Coolors 官方网站，建议人工确认后收录。	https://coolors.co/palettes/trending	是
Orteil	Orteil	工具	其他	Orteil在线服务	从公开精选目录发现的 Orteil 官方网站，建议人工确认后收录。	https://orteil.dashnet.org	是
Dev	Dev	开发	编程开发	Dev在线服务	从公开精选目录发现的 Dev 官方网站，建议人工确认后收录。	https://dev.to/lissy93/super-useful-css-resources-1ba3	是
Flexboxfroggy	Flexboxfroggy	工具	其他	Flexboxfroggy在线服务	从公开精选目录发现的 Flexboxfroggy 官方网站，建议人工确认后收录。	https://flexboxfroggy.com	是
Cssgridgarden	Cssgridgarden	工具	其他	Cssgridgarden在线服务	从公开精选目录发现的 Cssgridgarden 官方网站，建议人工确认后收录。	https://cssgridgarden.com	是
Noclip	Noclip	工具	其他	Noclip在线服务	从公开精选目录发现的 Noclip 官方网站，建议人工确认后收录。	https://noclip.website	是
Minecraftfurniture	Minecraftfurniture	工具	其他	Minecraftfurniture在线服务	从公开精选目录发现的 Minecraftfurniture 官方网站，建议人工确认后收录。	https://minecraftfurniture.net	是
Distrochooser	Distrochooser	工具	其他	Distrochooser在线服务	从公开精选目录发现的 Distrochooser 官方网站，建议人工确认后收录。	https://distrochooser.de	是
Cht	Cht	工具	其他	Cht在线服务	从公开精选目录发现的 Cht 官方网站，建议人工确认后收录。	https://cht.sh	是
Gifcities	Gifcities	工具	其他	Gifcities在线服务	从公开精选目录发现的 Gifcities 官方网站，建议人工确认后收录。	https://gifcities.org	是
Yal	Yal	工具	其他	Yal在线服务	从公开精选目录发现的 Yal 官方网站，建议人工确认后收录。	https://yal.cc/r/20/pixelfont	是
Monkeytype	Monkeytype	工具	其他	Monkeytype在线服务	从公开精选目录发现的 Monkeytype 官方网站，建议人工确认后收录。	https://monkeytype.com	是
Animeflix	Animeflix	工具	其他	Animeflix在线服务	从公开精选目录发现的 Animeflix 官方网站，建议人工确认后收录。	https://animeflix.live	是
Physicallybased	Physicallybased	工具	其他	Physicallybased在线服务	从公开精选目录发现的 Physicallybased 官方网站，建议人工确认后收录。	https://physicallybased.info	是
Autoeq	Autoeq	工具	其他	Autoeq在线服务	从公开精选目录发现的 Autoeq 官方网站，建议人工确认后收录。	https://autoeq.app	是
Medicatusb	Medicatusb	工具	其他	Medicatusb在线服务	从公开精选目录发现的 Medicatusb 官方网站，建议人工确认后收录。	https://medicatusb.com	是
Makefrontendshitagain	Makefrontendshitagain	AI	AI	Makefrontendshitagain在线服务	从公开精选目录发现的 Makefrontendshitagain 官方网站，建议人工确认后收录。	https://makefrontendshitagain.party	是
Badssl	Badssl	工具	其他	Badssl在线服务	从公开精选目录发现的 Badssl 官方网站，建议人工确认后收录。	https://badssl.com	是
Polyhedra	Polyhedra	工具	其他	Polyhedra在线服务	从公开精选目录发现的 Polyhedra 官方网站，建议人工确认后收录。	https://polyhedra.tessera.li	是
Origamisimulator	Origamisimulator	工具	其他	Origamisimulator在线服务	从公开精选目录发现的 Origamisimulator 官方网站，建议人工确认后收录。	https://origamisimulator.org	是
Messybeast	Messybeast	工具	其他	Messybeast在线服务	从公开精选目录发现的 Messybeast 官方网站，建议人工确认后收录。	http://messybeast.com/dragonqueen/fools-errands.htm	是
Posemy	Posemy	工具	其他	Posemy在线服务	从公开精选目录发现的 Posemy 官方网站，建议人工确认后收录。	https://posemy.art	是
Revanced	Revanced	工具	其他	Revanced在线服务	从公开精选目录发现的 Revanced 官方网站，建议人工确认后收录。	https://revanced.app	是
Modernfontstacks	Modernfontstacks	设计	设计与创意	Modernfontstacks在线服务	从公开精选目录发现的 Modernfontstacks 官方网站，建议人工确认后收录。	https://modernfontstacks.com	是
